feature,feature_index,dtype_train,dtype_validation,persisted_in_train,persisted_in_validation,classification,availability_status,leakage_status,reason,source_evidence_count,source_files,source_signals
year,1,int64,int64,True,True,temporal_calendar,SAFE,NO_CONFIRMED_LEAKAGE,"Feature is a calendar/time representation. Calendar/time feature describes the prediction timestamp and does not require future observations. No confirmed future-reference, centered-window, or target-derived feature evidence was established.",0,,
month,2,int64,int64,True,True,temporal_calendar,SAFE,NO_CONFIRMED_LEAKAGE,"Feature is a calendar/time representation. Calendar/time feature describes the prediction timestamp and does not require future observations. No confirmed future-reference, centered-window, or target-derived feature evidence was established.",0,,
quarter,3,int64,int64,True,True,temporal_calendar,SAFE,NO_CONFIRMED_LEAKAGE,"Feature is a calendar/time representation. Calendar/time feature describes the prediction timestamp and does not require future observations. No confirmed future-reference, centered-window, or target-derived feature evidence was established.",0,,
day_of_month,4,int64,int64,True,True,temporal_calendar,SAFE,NO_CONFIRMED_LEAKAGE,"Feature is a calendar/time representation. Calendar/time feature describes the prediction timestamp and does not require future observations. No confirmed future-reference, centered-window, or target-derived feature evidence was established.",0,,
day_of_year,5,int64,int64,True,True,other,REVIEW,NO_CONFIRMED_LEAKAGE,"Feature could not be confidently classified by name alone. Automated classification cannot establish prediction-time availability. No confirmed future-reference, centered-window, or target-derived feature evidence was established.",0,,
week_of_year,6,int64,int64,True,True,temporal_calendar,SAFE,NO_CONFIRMED_LEAKAGE,"Feature is a calendar/time representation. Calendar/time feature describes the prediction timestamp and does not require future observations. No confirmed future-reference, centered-window, or target-derived feature evidence was established.",0,,
day_of_week,7,int64,int64,True,True,temporal_calendar,SAFE,NO_CONFIRMED_LEAKAGE,"Feature is a calendar/time representation. Calendar/time feature describes the prediction timestamp and does not require future observations. No confirmed future-reference, centered-window, or target-derived feature evidence was established.",0,,
hour,8,int64,int64,True,True,temporal_calendar,SAFE,NO_CONFIRMED_LEAKAGE,"Feature is a calendar/time representation. Calendar/time feature describes the prediction timestamp and does not require future observations. No confirmed future-reference, centered-window, or target-derived feature evidence was established.",0,,
minute,9,int64,int64,True,True,temporal_calendar,SAFE,NO_CONFIRMED_LEAKAGE,"Feature is a calendar/time representation. Calendar/time feature describes the prediction timestamp and does not require future observations. No confirmed future-reference, centered-window, or target-derived feature evidence was established.",0,,
half_hour_slot,10,int64,int64,True,True,other,REVIEW,NO_CONFIRMED_LEAKAGE,"Feature could not be confidently classified by name alone. Automated classification cannot establish prediction-time availability. No confirmed future-reference, centered-window, or target-derived feature evidence was established.",0,,
time_slot,11,int64,int64,True,True,temporal_calendar,SAFE,NO_CONFIRMED_LEAKAGE,"Feature is a calendar/time representation. Calendar/time feature describes the prediction timestamp and does not require future observations. No confirmed future-reference, centered-window, or target-derived feature evidence was established.",0,,
minutes_since_midnight,12,int64,int64,True,True,other,REVIEW,NO_CONFIRMED_LEAKAGE,"Feature could not be confidently classified by name alone. Automated classification cannot establish prediction-time availability. No confirmed future-reference, centered-window, or target-derived feature evidence was established.",0,,
minutes_since_week_start,13,int64,int64,True,True,other,REVIEW,NO_CONFIRMED_LEAKAGE,"Feature could not be confidently classified by name alone. Automated classification cannot establish prediction-time availability. No confirmed future-reference, centered-window, or target-derived feature evidence was established.",0,,
is_weekday,14,bool,bool,True,True,temporal_calendar,SAFE,NO_CONFIRMED_LEAKAGE,"Feature is a calendar/time representation. Calendar/time feature describes the prediction timestamp and does not require future observations. No confirmed future-reference, centered-window, or target-derived feature evidence was established.",0,,
is_weekend,15,bool,bool,True,True,temporal_calendar,SAFE,NO_CONFIRMED_LEAKAGE,"Feature is a calendar/time representation. Calendar/time feature describes the prediction timestamp and does not require future observations. No confirmed future-reference, centered-window, or target-derived feature evidence was established.",0,,
is_monday,16,bool,bool,True,True,other,REVIEW,NO_CONFIRMED_LEAKAGE,"Feature could not be confidently classified by name alone. Automated classification cannot establish prediction-time availability. No confirmed future-reference, centered-window, or target-derived feature evidence was established.",0,,
is_tuesday,17,bool,bool,True,True,other,REVIEW,NO_CONFIRMED_LEAKAGE,"Feature could not be confidently classified by name alone. Automated classification cannot establish prediction-time availability. No confirmed future-reference, centered-window, or target-derived feature evidence was established.",0,,
is_wednesday,18,bool,bool,True,True,other,REVIEW,NO_CONFIRMED_LEAKAGE,"Feature could not be confidently classified by name alone. Automated classification cannot establish prediction-time availability. No confirmed future-reference, centered-window, or target-derived feature evidence was established.",0,,
is_thursday,19,bool,bool,True,True,other,REVIEW,NO_CONFIRMED_LEAKAGE,"Feature could not be confidently classified by name alone. Automated classification cannot establish prediction-time availability. No confirmed future-reference, centered-window, or target-derived feature evidence was established.",0,,
is_friday,20,bool,bool,True,True,other,REVIEW,NO_CONFIRMED_LEAKAGE,"Feature could not be confidently classified by name alone. Automated classification cannot establish prediction-time availability. No confirmed future-reference, centered-window, or target-derived feature evidence was established.",0,,
is_saturday,21,bool,bool,True,True,other,REVIEW,NO_CONFIRMED_LEAKAGE,"Feature could not be confidently classified by name alone. Automated classification cannot establish prediction-time availability. No confirmed future-reference, centered-window, or target-derived feature evidence was established.",0,,
is_sunday,22,bool,bool,True,True,other,REVIEW,NO_CONFIRMED_LEAKAGE,"Feature could not be confidently classified by name alone. Automated classification cannot establish prediction-time availability. No confirmed future-reference, centered-window, or target-derived feature evidence was established.",0,,
hour_sin,23,float64,float64,True,True,other,REVIEW,NO_CONFIRMED_LEAKAGE,"Feature could not be confidently classified by name alone. Automated classification cannot establish prediction-time availability. No confirmed future-reference, centered-window, or target-derived feature evidence was established.",0,,
hour_cos,24,float64,float64,True,True,other,REVIEW,NO_CONFIRMED_LEAKAGE,"Feature could not be confidently classified by name alone. Automated classification cannot establish prediction-time availability. No confirmed future-reference, centered-window, or target-derived feature evidence was established.",0,,
day_of_week_sin,25,float64,float64,True,True,other,REVIEW,NO_CONFIRMED_LEAKAGE,"Feature could not be confidently classified by name alone. Automated classification cannot establish prediction-time availability. No confirmed future-reference, centered-window, or target-derived feature evidence was established.",0,,
day_of_week_cos,26,float64,float64,True,True,other,REVIEW,NO_CONFIRMED_LEAKAGE,"Feature could not be confidently classified by name alone. Automated classification cannot establish prediction-time availability. No confirmed future-reference, centered-window, or target-derived feature evidence was established.",0,,
day_of_year_sin,27,float64,float64,True,True,other,REVIEW,NO_CONFIRMED_LEAKAGE,"Feature could not be confidently classified by name alone. Automated classification cannot establish prediction-time availability. No confirmed future-reference, centered-window, or target-derived feature evidence was established.",0,,
day_of_year_cos,28,float64,float64,True,True,other,REVIEW,NO_CONFIRMED_LEAKAGE,"Feature could not be confidently classified by name alone. Automated classification cannot establish prediction-time availability. No confirmed future-reference, centered-window, or target-derived feature evidence was established.",0,,
month_sin,29,float64,float64,True,True,other,REVIEW,NO_CONFIRMED_LEAKAGE,"Feature could not be confidently classified by name alone. Automated classification cannot establish prediction-time availability. No confirmed future-reference, centered-window, or target-derived feature evidence was established.",0,,
month_cos,30,float64,float64,True,True,other,REVIEW,NO_CONFIRMED_LEAKAGE,"Feature could not be confidently classified by name alone. Automated classification cannot establish prediction-time availability. No confirmed future-reference, centered-window, or target-derived feature evidence was established.",0,,
calendar_year,31,int64,int64,True,True,other,REVIEW,NO_CONFIRMED_LEAKAGE,"Feature could not be confidently classified by name alone. Automated classification cannot establish prediction-time availability. No confirmed future-reference, centered-window, or target-derived feature evidence was established.",0,,
calendar_month,32,int64,int64,True,True,other,REVIEW,NO_CONFIRMED_LEAKAGE,"Feature could not be confidently classified by name alone. Automated classification cannot establish prediction-time availability. No confirmed future-reference, centered-window, or target-derived feature evidence was established.",0,,
calendar_quarter,33,int64,int64,True,True,other,REVIEW,NO_CONFIRMED_LEAKAGE,"Feature could not be confidently classified by name alone. Automated classification cannot establish prediction-time availability. No confirmed future-reference, centered-window, or target-derived feature evidence was established.",0,,
calendar_week_of_year,34,int64,int64,True,True,other,REVIEW,NO_CONFIRMED_LEAKAGE,"Feature could not be confidently classified by name alone. Automated classification cannot establish prediction-time availability. No confirmed future-reference, centered-window, or target-derived feature evidence was established.",0,,
calendar_day_of_month,35,int64,int64,True,True,other,REVIEW,NO_CONFIRMED_LEAKAGE,"Feature could not be confidently classified by name alone. Automated classification cannot establish prediction-time availability. No confirmed future-reference, centered-window, or target-derived feature evidence was established.",0,,
calendar_day_of_year,36,int64,int64,True,True,other,REVIEW,NO_CONFIRMED_LEAKAGE,"Feature could not be confidently classified by name alone. Automated classification cannot establish prediction-time availability. No confirmed future-reference, centered-window, or target-derived feature evidence was established.",0,,
calendar_day_of_week,37,int64,int64,True,True,other,REVIEW,NO_CONFIRMED_LEAKAGE,"Feature could not be confidently classified by name alone. Automated classification cannot establish prediction-time availability. No confirmed future-reference, centered-window, or target-derived feature evidence was established.",0,,
calendar_week_of_month,38,int64,int64,True,True,other,REVIEW,NO_CONFIRMED_LEAKAGE,"Feature could not be confidently classified by name alone. Automated classification cannot establish prediction-time availability. No confirmed future-reference, centered-window, or target-derived feature evidence was established.",0,,
calendar_week_of_quarter,39,int64,int64,True,True,other,REVIEW,NO_CONFIRMED_LEAKAGE,"Feature could not be confidently classified by name alone. Automated classification cannot establish prediction-time availability. No confirmed future-reference, centered-window, or target-derived feature evidence was established.",0,,
is_month_start,40,bool,bool,True,True,other,REVIEW,NO_CONFIRMED_LEAKAGE,"Feature could not be confidently classified by name alone. Automated classification cannot establish prediction-time availability. No confirmed future-reference, centered-window, or target-derived feature evidence was established.",0,,
is_month_end,41,bool,bool,True,True,other,REVIEW,NO_CONFIRMED_LEAKAGE,"Feature could not be confidently classified by name alone. Automated classification cannot establish prediction-time availability. No confirmed future-reference, centered-window, or target-derived feature evidence was established.",0,,
days_to_month_end,42,int64,int64,True,True,other,REVIEW,NO_CONFIRMED_LEAKAGE,"Feature could not be confidently classified by name alone. Automated classification cannot establish prediction-time availability. No confirmed future-reference, centered-window, or target-derived feature evidence was established.",0,,
is_quarter_start,43,bool,bool,True,True,other,REVIEW,NO_CONFIRMED_LEAKAGE,"Feature could not be confidently classified by name alone. Automated classification cannot establish prediction-time availability. No confirmed future-reference, centered-window, or target-derived feature evidence was established.",0,,
is_quarter_end,44,bool,bool,True,True,other,REVIEW,NO_CONFIRMED_LEAKAGE,"Feature could not be confidently classified by name alone. Automated classification cannot establish prediction-time availability. No confirmed future-reference, centered-window, or target-derived feature evidence was established.",0,,
is_quarter_start_month,45,bool,bool,True,True,other,REVIEW,NO_CONFIRMED_LEAKAGE,"Feature could not be confidently classified by name alone. Automated classification cannot establish prediction-time availability. No confirmed future-reference, centered-window, or target-derived feature evidence was established.",0,,
is_quarter_end_month,46,bool,bool,True,True,other,REVIEW,NO_CONFIRMED_LEAKAGE,"Feature could not be confidently classified by name alone. Automated classification cannot establish prediction-time availability. No confirmed future-reference, centered-window, or target-derived feature evidence was established.",0,,
is_year_start,47,bool,bool,True,True,other,REVIEW,NO_CONFIRMED_LEAKAGE,"Feature could not be confidently classified by name alone. Automated classification cannot establish prediction-time availability. No confirmed future-reference, centered-window, or target-derived feature evidence was established.",0,,
is_year_end,48,bool,bool,True,True,other,REVIEW,NO_CONFIRMED_LEAKAGE,"Feature could not be confidently classified by name alone. Automated classification cannot establish prediction-time availability. No confirmed future-reference, centered-window, or target-derived feature evidence was established.",0,,
calendar_month_sin,49,float64,float64,True,True,other,REVIEW,NO_CONFIRMED_LEAKAGE,"Feature could not be confidently classified by name alone. Automated classification cannot establish prediction-time availability. No confirmed future-reference, centered-window, or target-derived feature evidence was established.",0,,
calendar_month_cos,50,float64,float64,True,True,other,REVIEW,NO_CONFIRMED_LEAKAGE,"Feature could not be confidently classified by name alone. Automated classification cannot establish prediction-time availability. No confirmed future-reference, centered-window, or target-derived feature evidence was established.",0,,
calendar_day_of_week_sin,51,float64,float64,True,True,other,REVIEW,NO_CONFIRMED_LEAKAGE,"Feature could not be confidently classified by name alone. Automated classification cannot establish prediction-time availability. No confirmed future-reference, centered-window, or target-derived feature evidence was established.",0,,
calendar_day_of_week_cos,52,float64,float64,True,True,other,REVIEW,NO_CONFIRMED_LEAKAGE,"Feature could not be confidently classified by name alone. Automated classification cannot establish prediction-time availability. No confirmed future-reference, centered-window, or target-derived feature evidence was established.",0,,
calendar_day_of_year_sin,53,float64,float64,True,True,other,REVIEW,NO_CONFIRMED_LEAKAGE,"Feature could not be confidently classified by name alone. Automated classification cannot establish prediction-time availability. No confirmed future-reference, centered-window, or target-derived feature evidence was established.",0,,
calendar_day_of_year_cos,54,float64,float64,True,True,other,REVIEW,NO_CONFIRMED_LEAKAGE,"Feature could not be confidently classified by name alone. Automated classification cannot establish prediction-time availability. No confirmed future-reference, centered-window, or target-derived feature evidence was established.",0,,
calendar_quarter_sin,55,float64,float64,True,True,other,REVIEW,NO_CONFIRMED_LEAKAGE,"Feature could not be confidently classified by name alone. Automated classification cannot establish prediction-time availability. No confirmed future-reference, centered-window, or target-derived feature evidence was established.",0,,
calendar_quarter_cos,56,float64,float64,True,True,other,REVIEW,NO_CONFIRMED_LEAKAGE,"Feature could not be confidently classified by name alone. Automated classification cannot establish prediction-time availability. No confirmed future-reference, centered-window, or target-derived feature evidence was established.",0,,
capacity_utilization,57,float64,float64,True,True,current_state,CURRENT_STATE_REVIEW,NO_CONFIRMED_LEAKAGE,"Feature represents current parking occupancy, availability, demand, or a rolling state derived from current operational observations. Current parking state may legitimately be available at prediction time, but the production information cutoff must be explicitly established. No confirmed future-reference, centered-window, or target-derived feature evidence was established.",0,,
availability_rate,58,float64,float64,True,True,current_state,CURRENT_STATE_REVIEW,NO_CONFIRMED_LEAKAGE,"Feature represents current parking occupancy, availability, demand, or a rolling state derived from current operational observations. Current parking state may legitimately be available at prediction time, but the production information cutoff must be explicitly established. No confirmed future-reference, centered-window, or target-derived feature evidence was established.",0,,
occupied_ratio,59,float64,float64,True,True,current_state,CURRENT_STATE_REVIEW,NO_CONFIRMED_LEAKAGE,"Feature represents current parking occupancy, availability, demand, or a rolling state derived from current operational observations. Current parking state may legitimately be available at prediction time, but the production information cutoff must be explicitly established. No confirmed future-reference, centered-window, or target-derived feature evidence was established.",0,,
available_ratio,60,float64,float64,True,True,current_state,CURRENT_STATE_REVIEW,NO_CONFIRMED_LEAKAGE,"Feature represents current parking occupancy, availability, demand, or a rolling state derived from current operational observations. Current parking state may legitimately be available at prediction time, but the production information cutoff must be explicitly established. No confirmed future-reference, centered-window, or target-derived feature evidence was established.",0,,
vacancy_ratio,61,float64,float64,True,True,current_state,CURRENT_STATE_REVIEW,NO_CONFIRMED_LEAKAGE,"Feature represents current parking occupancy, availability, demand, or a rolling state derived from current operational observations. Current parking state may legitimately be available at prediction time, but the production information cutoff must be explicitly established. No confirmed future-reference, centered-window, or target-derived feature evidence was established.",0,,
occupancy_level,62,str,str,True,True,current_state,CURRENT_STATE_REVIEW,NO_CONFIRMED_LEAKAGE,"Feature represents current parking occupancy, availability, demand, or a rolling state derived from current operational observations. Current parking state may legitimately be available at prediction time, but the production information cutoff must be explicitly established. No confirmed future-reference, centered-window, or target-derived feature evidence was established.",0,,
is_empty,63,bool,bool,True,True,current_state,CURRENT_STATE_REVIEW,NO_CONFIRMED_LEAKAGE,"Feature represents current parking occupancy, availability, demand, or a rolling state derived from current operational observations. Current parking state may legitimately be available at prediction time, but the production information cutoff must be explicitly established. No confirmed future-reference, centered-window, or target-derived feature evidence was established.",0,,
is_low_occupancy,64,bool,bool,True,True,current_state,CURRENT_STATE_REVIEW,NO_CONFIRMED_LEAKAGE,"Feature represents current parking occupancy, availability, demand, or a rolling state derived from current operational observations. Current parking state may legitimately be available at prediction time, but the production information cutoff must be explicitly established. No confirmed future-reference, centered-window, or target-derived feature evidence was established.",0,,
is_moderate_occupancy,65,bool,bool,True,True,current_state,CURRENT_STATE_REVIEW,NO_CONFIRMED_LEAKAGE,"Feature represents current parking occupancy, availability, demand, or a rolling state derived from current operational observations. Current parking state may legitimately be available at prediction time, but the production information cutoff must be explicitly established. No confirmed future-reference, centered-window, or target-derived feature evidence was established.",0,,
is_high_occupancy,66,bool,bool,True,True,current_state,CURRENT_STATE_REVIEW,NO_CONFIRMED_LEAKAGE,"Feature represents current parking occupancy, availability, demand, or a rolling state derived from current operational observations. Current parking state may legitimately be available at prediction time, but the production information cutoff must be explicitly established. No confirmed future-reference, centered-window, or target-derived feature evidence was established.",0,,
is_near_full,67,bool,bool,True,True,current_state,CURRENT_STATE_REVIEW,NO_CONFIRMED_LEAKAGE,"Feature represents current parking occupancy, availability, demand, or a rolling state derived from current operational observations. Current parking state may legitimately be available at prediction time, but the production information cutoff must be explicitly established. No confirmed future-reference, centered-window, or target-derived feature evidence was established.",0,,
occupancy_capacity_difference,68,int64,int64,True,True,current_state,CURRENT_STATE_REVIEW,NO_CONFIRMED_LEAKAGE,"Feature represents current parking occupancy, availability, demand, or a rolling state derived from current operational observations. Current parking state may legitimately be available at prediction time, but the production information cutoff must be explicitly established. No confirmed future-reference, centered-window, or target-derived feature evidence was established.",0,,
occupancy_within_capacity,69,bool,bool,True,True,current_state,CURRENT_STATE_REVIEW,NO_CONFIRMED_LEAKAGE,"Feature represents current parking occupancy, availability, demand, or a rolling state derived from current operational observations. Current parking state may legitimately be available at prediction time, but the production information cutoff must be explicitly established. No confirmed future-reference, centered-window, or target-derived feature evidence was established.",0,,
occupancy_state_valid,70,bool,bool,True,True,current_state,CURRENT_STATE_REVIEW,NO_CONFIRMED_LEAKAGE,"Feature represents current parking occupancy, availability, demand, or a rolling state derived from current operational observations. Current parking state may legitimately be available at prediction time, but the production information cutoff must be explicitly established. No confirmed future-reference, centered-window, or target-derived feature evidence was established.",0,,
demand_level,71,float64,float64,True,True,current_state,CURRENT_STATE_REVIEW,NO_CONFIRMED_LEAKAGE,"Feature represents current parking occupancy, availability, demand, or a rolling state derived from current operational observations. Current parking state may legitimately be available at prediction time, but the production information cutoff must be explicitly established. No confirmed future-reference, centered-window, or target-derived feature evidence was established.",0,,
calculated_demand_level,72,float64,float64,True,True,current_state,CURRENT_STATE_REVIEW,NO_CONFIRMED_LEAKAGE,"Feature represents current parking occupancy, availability, demand, or a rolling state derived from current operational observations. Current parking state may legitimately be available at prediction time, but the production information cutoff must be explicitly established. No confirmed future-reference, centered-window, or target-derived feature evidence was established.",0,,
demand_pressure,73,float64,float64,True,True,current_state,CURRENT_STATE_REVIEW,NO_CONFIRMED_LEAKAGE,"Feature represents current parking occupancy, availability, demand, or a rolling state derived from current operational observations. Current parking state may legitimately be available at prediction time, but the production information cutoff must be explicitly established. No confirmed future-reference, centered-window, or target-derived feature evidence was established.",0,,
demand_excess_pressure,74,float64,float64,True,True,current_state,CURRENT_STATE_REVIEW,NO_CONFIRMED_LEAKAGE,"Feature represents current parking occupancy, availability, demand, or a rolling state derived from current operational observations. Current parking state may legitimately be available at prediction time, but the production information cutoff must be explicitly established. No confirmed future-reference, centered-window, or target-derived feature evidence was established.",0,,
remaining_capacity_ratio,75,float64,float64,True,True,current_state,CURRENT_STATE_REVIEW,NO_CONFIRMED_LEAKAGE,"Feature represents current parking occupancy, availability, demand, or a rolling state derived from current operational observations. Current parking state may legitimately be available at prediction time, but the production information cutoff must be explicitly established. No confirmed future-reference, centered-window, or target-derived feature evidence was established.",0,,
availability_pressure,76,float64,float64,True,True,current_state,CURRENT_STATE_REVIEW,NO_CONFIRMED_LEAKAGE,"Feature represents current parking occupancy, availability, demand, or a rolling state derived from current operational observations. Current parking state may legitimately be available at prediction time, but the production information cutoff must be explicitly established. No confirmed future-reference, centered-window, or target-derived feature evidence was established.",0,,
is_low_availability,77,bool,bool,True,True,current_state,CURRENT_STATE_REVIEW,NO_CONFIRMED_LEAKAGE,"Feature represents current parking occupancy, availability, demand, or a rolling state derived from current operational observations. Current parking state may legitimately be available at prediction time, but the production information cutoff must be explicitly established. No confirmed future-reference, centered-window, or target-derived feature evidence was established.",0,,
is_critical_availability,78,bool,bool,True,True,current_state,CURRENT_STATE_REVIEW,NO_CONFIRMED_LEAKAGE,"Feature represents current parking occupancy, availability, demand, or a rolling state derived from current operational observations. Current parking state may legitimately be available at prediction time, but the production information cutoff must be explicitly established. No confirmed future-reference, centered-window, or target-derived feature evidence was established.",0,,
is_full,79,bool,bool,True,True,current_state,CURRENT_STATE_REVIEW,NO_CONFIRMED_LEAKAGE,"Feature represents current parking occupancy, availability, demand, or a rolling state derived from current operational observations. Current parking state may legitimately be available at prediction time, but the production information cutoff must be explicitly established. No confirmed future-reference, centered-window, or target-derived feature evidence was established.",0,,
is_zero_capacity,80,bool,bool,True,True,current_state,CURRENT_STATE_REVIEW,NO_CONFIRMED_LEAKAGE,"Feature represents current parking occupancy, availability, demand, or a rolling state derived from current operational observations. Current parking state may legitimately be available at prediction time, but the production information cutoff must be explicitly established. No confirmed future-reference, centered-window, or target-derived feature evidence was established.",0,,
is_capacity_exceeded,81,bool,bool,True,True,current_state,CURRENT_STATE_REVIEW,NO_CONFIRMED_LEAKAGE,"Feature represents current parking occupancy, availability, demand, or a rolling state derived from current operational observations. Current parking state may legitimately be available at prediction time, but the production information cutoff must be explicitly established. No confirmed future-reference, centered-window, or target-derived feature evidence was established.",0,,
demand_class,82,str,str,True,True,current_state,CURRENT_STATE_REVIEW,NO_CONFIRMED_LEAKAGE,"Feature represents current parking occupancy, availability, demand, or a rolling state derived from current operational observations. Current parking state may legitimately be available at prediction time, but the production information cutoff must be explicitly established. No confirmed future-reference, centered-window, or target-derived feature evidence was established.",0,,
demand_class_code,83,int64,int64,True,True,current_state,CURRENT_STATE_REVIEW,NO_CONFIRMED_LEAKAGE,"Feature represents current parking occupancy, availability, demand, or a rolling state derived from current operational observations. Current parking state may legitimately be available at prediction time, but the production information cutoff must be explicitly established. No confirmed future-reference, centered-window, or target-derived feature evidence was established.",0,,
is_low_demand,84,bool,bool,True,True,current_state,CURRENT_STATE_REVIEW,NO_CONFIRMED_LEAKAGE,"Feature represents current parking occupancy, availability, demand, or a rolling state derived from current operational observations. Current parking state may legitimately be available at prediction time, but the production information cutoff must be explicitly established. No confirmed future-reference, centered-window, or target-derived feature evidence was established.",0,,
is_moderate_demand,85,bool,bool,True,True,current_state,CURRENT_STATE_REVIEW,NO_CONFIRMED_LEAKAGE,"Feature represents current parking occupancy, availability, demand, or a rolling state derived from current operational observations. Current parking state may legitimately be available at prediction time, but the production information cutoff must be explicitly established. No confirmed future-reference, centered-window, or target-derived feature evidence was established.",0,,
is_high_demand,86,bool,bool,True,True,current_state,CURRENT_STATE_REVIEW,NO_CONFIRMED_LEAKAGE,"Feature represents current parking occupancy, availability, demand, or a rolling state derived from current operational observations. Current parking state may legitimately be available at prediction time, but the production information cutoff must be explicitly established. No confirmed future-reference, centered-window, or target-derived feature evidence was established.",0,,
is_very_high_demand,87,bool,bool,True,True,current_state,CURRENT_STATE_REVIEW,NO_CONFIRMED_LEAKAGE,"Feature represents current parking occupancy, availability, demand, or a rolling state derived from current operational observations. Current parking state may legitimately be available at prediction time, but the production information cutoff must be explicitly established. No confirmed future-reference, centered-window, or target-derived feature evidence was established.",0,,
is_critical_demand,88,bool,bool,True,True,current_state,CURRENT_STATE_REVIEW,NO_CONFIRMED_LEAKAGE,"Feature represents current parking occupancy, availability, demand, or a rolling state derived from current operational observations. Current parking state may legitimately be available at prediction time, but the production information cutoff must be explicitly established. No confirmed future-reference, centered-window, or target-derived feature evidence was established.",0,,
occupancy_rate_consistent,89,bool,bool,True,True,current_state,CURRENT_STATE_REVIEW,NO_CONFIRMED_LEAKAGE,"Feature represents current parking occupancy, availability, demand, or a rolling state derived from current operational observations. Current parking state may legitimately be available at prediction time, but the production information cutoff must be explicitly established. No confirmed future-reference, centered-window, or target-derived feature evidence was established.",0,,
space_count_consistent,90,bool,bool,True,True,other,REVIEW,NO_CONFIRMED_LEAKAGE,"Feature could not be confidently classified by name alone. Automated classification cannot establish prediction-time availability. No confirmed future-reference, centered-window, or target-derived feature evidence was established.",0,,
has_valid_capacity,91,bool,bool,True,True,other,REVIEW,NO_CONFIRMED_LEAKAGE,"Feature could not be confidently classified by name alone. Automated classification cannot establish prediction-time availability. No confirmed future-reference, centered-window, or target-derived feature evidence was established.",0,,
has_valid_occupancy,92,bool,bool,True,True,other,REVIEW,NO_CONFIRMED_LEAKAGE,"Feature could not be confidently classified by name alone. Automated classification cannot establish prediction-time availability. No confirmed future-reference, centered-window, or target-derived feature evidence was established.",0,,
has_negative_values,93,bool,bool,True,True,other,REVIEW,NO_CONFIRMED_LEAKAGE,"Feature could not be confidently classified by name alone. Automated classification cannot establish prediction-time availability. No confirmed future-reference, centered-window, or target-derived feature evidence was established.",0,,
has_capacity_violation,94,bool,bool,True,True,other,REVIEW,NO_CONFIRMED_LEAKAGE,"Feature could not be confidently classified by name alone. Automated classification cannot establish prediction-time availability. No confirmed future-reference, centered-window, or target-derived feature evidence was established.",0,,
has_consistency_issue,95,bool,bool,True,True,other,REVIEW,NO_CONFIRMED_LEAKAGE,"Feature could not be confidently classified by name alone. Automated classification cannot establish prediction-time availability. No confirmed future-reference, centered-window, or target-derived feature evidence was established.",0,,
occupancy_rate_lag_30m,96,float64,float64,True,True,historical_lag,SAFE_IF_GENERATED_CAUSALLY,NO_CONFIRMED_LEAKAGE,"Feature name explicitly identifies a historical lag. Historical lag is temporally safe provided its source series is ordered by time and no future rows are used. No confirmed future-reference, centered-window, or target-derived feature evidence was established.",0,,
occupancy_rate_lag_1h,97,float64,float64,True,True,historical_lag,SAFE_IF_GENERATED_CAUSALLY,NO_CONFIRMED_LEAKAGE,"Feature name explicitly identifies a historical lag. Historical lag is temporally safe provided its source series is ordered by time and no future rows are used. No confirmed future-reference, centered-window, or target-derived feature evidence was established.",0,,
occupancy_rate_lag_2h,98,float64,float64,True,True,historical_lag,SAFE_IF_GENERATED_CAUSALLY,NO_CONFIRMED_LEAKAGE,"Feature name explicitly identifies a historical lag. Historical lag is temporally safe provided its source series is ordered by time and no future rows are used. No confirmed future-reference, centered-window, or target-derived feature evidence was established.",0,,
occupancy_rate_lag_3h,99,float64,float64,True,True,historical_lag,SAFE_IF_GENERATED_CAUSALLY,NO_CONFIRMED_LEAKAGE,"Feature name explicitly identifies a historical lag. Historical lag is temporally safe provided its source series is ordered by time and no future rows are used. No confirmed future-reference, centered-window, or target-derived feature evidence was established.",0,,
occupancy_rate_lag_6h,100,float64,float64,True,True,historical_lag,SAFE_IF_GENERATED_CAUSALLY,NO_CONFIRMED_LEAKAGE,"Feature name explicitly identifies a historical lag. Historical lag is temporally safe provided its source series is ordered by time and no future rows are used. No confirmed future-reference, centered-window, or target-derived feature evidence was established.",0,,
occupancy_rate_lag_12h,101,float64,float64,True,True,historical_lag,SAFE_IF_GENERATED_CAUSALLY,NO_CONFIRMED_LEAKAGE,"Feature name explicitly identifies a historical lag. Historical lag is temporally safe provided its source series is ordered by time and no future rows are used. No confirmed future-reference, centered-window, or target-derived feature evidence was established.",0,,
occupancy_rate_lag_1d,102,float64,float64,True,True,historical_lag,SAFE_IF_GENERATED_CAUSALLY,NO_CONFIRMED_LEAKAGE,"Feature name explicitly identifies a historical lag. Historical lag is temporally safe provided its source series is ordered by time and no future rows are used. No confirmed future-reference, centered-window, or target-derived feature evidence was established.",0,,
occupied_spaces_lag_30m,103,float64,float64,True,True,historical_lag,SAFE_IF_GENERATED_CAUSALLY,NO_CONFIRMED_LEAKAGE,"Feature name explicitly identifies a historical lag. Historical lag is temporally safe provided its source series is ordered by time and no future rows are used. No confirmed future-reference, centered-window, or target-derived feature evidence was established.",0,,
occupied_spaces_lag_1h,104,float64,float64,True,True,historical_lag,SAFE_IF_GENERATED_CAUSALLY,NO_CONFIRMED_LEAKAGE,"Feature name explicitly identifies a historical lag. Historical lag is temporally safe provided its source series is ordered by time and no future rows are used. No confirmed future-reference, centered-window, or target-derived feature evidence was established.",0,,
occupied_spaces_lag_2h,105,float64,float64,True,True,historical_lag,SAFE_IF_GENERATED_CAUSALLY,NO_CONFIRMED_LEAKAGE,"Feature name explicitly identifies a historical lag. Historical lag is temporally safe provided its source series is ordered by time and no future rows are used. No confirmed future-reference, centered-window, or target-derived feature evidence was established.",0,,
occupied_spaces_lag_3h,106,float64,float64,True,True,historical_lag,SAFE_IF_GENERATED_CAUSALLY,NO_CONFIRMED_LEAKAGE,"Feature name explicitly identifies a historical lag. Historical lag is temporally safe provided its source series is ordered by time and no future rows are used. No confirmed future-reference, centered-window, or target-derived feature evidence was established.",0,,
occupied_spaces_lag_6h,107,float64,float64,True,True,historical_lag,SAFE_IF_GENERATED_CAUSALLY,NO_CONFIRMED_LEAKAGE,"Feature name explicitly identifies a historical lag. Historical lag is temporally safe provided its source series is ordered by time and no future rows are used. No confirmed future-reference, centered-window, or target-derived feature evidence was established.",0,,
occupied_spaces_lag_12h,108,float64,float64,True,True,historical_lag,SAFE_IF_GENERATED_CAUSALLY,NO_CONFIRMED_LEAKAGE,"Feature name explicitly identifies a historical lag. Historical lag is temporally safe provided its source series is ordered by time and no future rows are used. No confirmed future-reference, centered-window, or target-derived feature evidence was established.",0,,
occupied_spaces_lag_1d,109,float64,float64,True,True,historical_lag,SAFE_IF_GENERATED_CAUSALLY,NO_CONFIRMED_LEAKAGE,"Feature name explicitly identifies a historical lag. Historical lag is temporally safe provided its source series is ordered by time and no future rows are used. No confirmed future-reference, centered-window, or target-derived feature evidence was established.",0,,
available_spaces_lag_30m,110,float64,float64,True,True,historical_lag,SAFE_IF_GENERATED_CAUSALLY,NO_CONFIRMED_LEAKAGE,"Feature name explicitly identifies a historical lag. Historical lag is temporally safe provided its source series is ordered by time and no future rows are used. No confirmed future-reference, centered-window, or target-derived feature evidence was established.",0,,
available_spaces_lag_1h,111,float64,float64,True,True,historical_lag,SAFE_IF_GENERATED_CAUSALLY,NO_CONFIRMED_LEAKAGE,"Feature name explicitly identifies a historical lag. Historical lag is temporally safe provided its source series is ordered by time and no future rows are used. No confirmed future-reference, centered-window, or target-derived feature evidence was established.",0,,
available_spaces_lag_2h,112,float64,float64,True,True,historical_lag,SAFE_IF_GENERATED_CAUSALLY,NO_CONFIRMED_LEAKAGE,"Feature name explicitly identifies a historical lag. Historical lag is temporally safe provided its source series is ordered by time and no future rows are used. No confirmed future-reference, centered-window, or target-derived feature evidence was established.",0,,
available_spaces_lag_3h,113,float64,float64,True,True,historical_lag,SAFE_IF_GENERATED_CAUSALLY,NO_CONFIRMED_LEAKAGE,"Feature name explicitly identifies a historical lag. Historical lag is temporally safe provided its source series is ordered by time and no future rows are used. No confirmed future-reference, centered-window, or target-derived feature evidence was established.",0,,
available_spaces_lag_6h,114,float64,float64,True,True,historical_lag,SAFE_IF_GENERATED_CAUSALLY,NO_CONFIRMED_LEAKAGE,"Feature name explicitly identifies a historical lag. Historical lag is temporally safe provided its source series is ordered by time and no future rows are used. No confirmed future-reference, centered-window, or target-derived feature evidence was established.",0,,
available_spaces_lag_12h,115,float64,float64,True,True,historical_lag,SAFE_IF_GENERATED_CAUSALLY,NO_CONFIRMED_LEAKAGE,"Feature name explicitly identifies a historical lag. Historical lag is temporally safe provided its source series is ordered by time and no future rows are used. No confirmed future-reference, centered-window, or target-derived feature evidence was established.",0,,
available_spaces_lag_1d,116,float64,float64,True,True,historical_lag,SAFE_IF_GENERATED_CAUSALLY,NO_CONFIRMED_LEAKAGE,"Feature name explicitly identifies a historical lag. Historical lag is temporally safe provided its source series is ordered by time and no future rows are used. No confirmed future-reference, centered-window, or target-derived feature evidence was established.",0,,
occupancy_rate_roll_mean_1h,117,float64,float64,True,True,current_state,CURRENT_STATE_REVIEW,NO_CONFIRMED_LEAKAGE,"Feature represents current parking occupancy, availability, demand, or a rolling state derived from current operational observations. Current parking state may legitimately be available at prediction time, but the production information cutoff must be explicitly established. No confirmed future-reference, centered-window, or target-derived feature evidence was established.",0,,
occupancy_rate_roll_std_1h,118,float64,float64,True,True,current_state,CURRENT_STATE_REVIEW,NO_CONFIRMED_LEAKAGE,"Feature represents current parking occupancy, availability, demand, or a rolling state derived from current operational observations. Current parking state may legitimately be available at prediction time, but the production information cutoff must be explicitly established. No confirmed future-reference, centered-window, or target-derived feature evidence was established.",0,,
occupancy_rate_roll_min_1h,119,float64,float64,True,True,current_state,CURRENT_STATE_REVIEW,NO_CONFIRMED_LEAKAGE,"Feature represents current parking occupancy, availability, demand, or a rolling state derived from current operational observations. Current parking state may legitimately be available at prediction time, but the production information cutoff must be explicitly established. No confirmed future-reference, centered-window, or target-derived feature evidence was established.",0,,
occupancy_rate_roll_max_1h,120,float64,float64,True,True,current_state,CURRENT_STATE_REVIEW,NO_CONFIRMED_LEAKAGE,"Feature represents current parking occupancy, availability, demand, or a rolling state derived from current operational observations. Current parking state may legitimately be available at prediction time, but the production information cutoff must be explicitly established. No confirmed future-reference, centered-window, or target-derived feature evidence was established.",0,,
occupancy_rate_roll_median_1h,121,float64,float64,True,True,current_state,CURRENT_STATE_REVIEW,NO_CONFIRMED_LEAKAGE,"Feature represents current parking occupancy, availability, demand, or a rolling state derived from current operational observations. Current parking state may legitimately be available at prediction time, but the production information cutoff must be explicitly established. No confirmed future-reference, centered-window, or target-derived feature evidence was established.",0,,
occupancy_rate_roll_trend_1h,122,float64,float64,True,True,current_state,CURRENT_STATE_REVIEW,NO_CONFIRMED_LEAKAGE,"Feature represents current parking occupancy, availability, demand, or a rolling state derived from current operational observations. Current parking state may legitimately be available at prediction time, but the production information cutoff must be explicitly established. No confirmed future-reference, centered-window, or target-derived feature evidence was established.",0,,
occupancy_rate_roll_count_1h,123,int64,int64,True,True,current_state,CURRENT_STATE_REVIEW,NO_CONFIRMED_LEAKAGE,"Feature represents current parking occupancy, availability, demand, or a rolling state derived from current operational observations. Current parking state may legitimately be available at prediction time, but the production information cutoff must be explicitly established. No confirmed future-reference, centered-window, or target-derived feature evidence was established.",0,,
occupancy_rate_roll_missing_1h,124,int64,int64,True,True,current_state,CURRENT_STATE_REVIEW,NO_CONFIRMED_LEAKAGE,"Feature represents current parking occupancy, availability, demand, or a rolling state derived from current operational observations. Current parking state may legitimately be available at prediction time, but the production information cutoff must be explicitly established. No confirmed future-reference, centered-window, or target-derived feature evidence was established.",0,,
occupancy_rate_roll_coverage_ratio_1h,125,float64,float64,True,True,current_state,CURRENT_STATE_REVIEW,NO_CONFIRMED_LEAKAGE,"Feature represents current parking occupancy, availability, demand, or a rolling state derived from current operational observations. Current parking state may legitimately be available at prediction time, but the production information cutoff must be explicitly established. No confirmed future-reference, centered-window, or target-derived feature evidence was established.",0,,
occupancy_rate_roll_1h_available,126,bool,bool,True,True,current_state,CURRENT_STATE_REVIEW,NO_CONFIRMED_LEAKAGE,"Feature represents current parking occupancy, availability, demand, or a rolling state derived from current operational observations. Current parking state may legitimately be available at prediction time, but the production information cutoff must be explicitly established. No confirmed future-reference, centered-window, or target-derived feature evidence was established.",0,,
occupancy_rate_roll_mean_2h,127,float64,float64,True,True,current_state,CURRENT_STATE_REVIEW,NO_CONFIRMED_LEAKAGE,"Feature represents current parking occupancy, availability, demand, or a rolling state derived from current operational observations. Current parking state may legitimately be available at prediction time, but the production information cutoff must be explicitly established. No confirmed future-reference, centered-window, or target-derived feature evidence was established.",0,,
occupancy_rate_roll_std_2h,128,float64,float64,True,True,current_state,CURRENT_STATE_REVIEW,NO_CONFIRMED_LEAKAGE,"Feature represents current parking occupancy, availability, demand, or a rolling state derived from current operational observations. Current parking state may legitimately be available at prediction time, but the production information cutoff must be explicitly established. No confirmed future-reference, centered-window, or target-derived feature evidence was established.",0,,
occupancy_rate_roll_min_2h,129,float64,float64,True,True,current_state,CURRENT_STATE_REVIEW,NO_CONFIRMED_LEAKAGE,"Feature represents current parking occupancy, availability, demand, or a rolling state derived from current operational observations. Current parking state may legitimately be available at prediction time, but the production information cutoff must be explicitly established. No confirmed future-reference, centered-window, or target-derived feature evidence was established.",0,,
occupancy_rate_roll_max_2h,130,float64,float64,True,True,current_state,CURRENT_STATE_REVIEW,NO_CONFIRMED_LEAKAGE,"Feature represents current parking occupancy, availability, demand, or a rolling state derived from current operational observations. Current parking state may legitimately be available at prediction time, but the production information cutoff must be explicitly established. No confirmed future-reference, centered-window, or target-derived feature evidence was established.",0,,
occupancy_rate_roll_median_2h,131,float64,float64,True,True,current_state,CURRENT_STATE_REVIEW,NO_CONFIRMED_LEAKAGE,"Feature represents current parking occupancy, availability, demand, or a rolling state derived from current operational observations. Current parking state may legitimately be available at prediction time, but the production information cutoff must be explicitly established. No confirmed future-reference, centered-window, or target-derived feature evidence was established.",0,,
occupancy_rate_roll_trend_2h,132,float64,float64,True,True,current_state,CURRENT_STATE_REVIEW,NO_CONFIRMED_LEAKAGE,"Feature represents current parking occupancy, availability, demand, or a rolling state derived from current operational observations. Current parking state may legitimately be available at prediction time, but the production information cutoff must be explicitly established. No confirmed future-reference, centered-window, or target-derived feature evidence was established.",0,,
occupancy_rate_roll_count_2h,133,int64,int64,True,True,current_state,CURRENT_STATE_REVIEW,NO_CONFIRMED_LEAKAGE,"Feature represents current parking occupancy, availability, demand, or a rolling state derived from current operational observations. Current parking state may legitimately be available at prediction time, but the production information cutoff must be explicitly established. No confirmed future-reference, centered-window, or target-derived feature evidence was established.",0,,
occupancy_rate_roll_missing_2h,134,int64,int64,True,True,current_state,CURRENT_STATE_REVIEW,NO_CONFIRMED_LEAKAGE,"Feature represents current parking occupancy, availability, demand, or a rolling state derived from current operational observations. Current parking state may legitimately be available at prediction time, but the production information cutoff must be explicitly established. No confirmed future-reference, centered-window, or target-derived feature evidence was established.",0,,
occupancy_rate_roll_coverage_ratio_2h,135,float64,float64,True,True,current_state,CURRENT_STATE_REVIEW,NO_CONFIRMED_LEAKAGE,"Feature represents current parking occupancy, availability, demand, or a rolling state derived from current operational observations. Current parking state may legitimately be available at prediction time, but the production information cutoff must be explicitly established. No confirmed future-reference, centered-window, or target-derived feature evidence was established.",0,,
occupancy_rate_roll_2h_available,136,bool,bool,True,True,current_state,CURRENT_STATE_REVIEW,NO_CONFIRMED_LEAKAGE,"Feature represents current parking occupancy, availability, demand, or a rolling state derived from current operational observations. Current parking state may legitimately be available at prediction time, but the production information cutoff must be explicitly established. No confirmed future-reference, centered-window, or target-derived feature evidence was established.",0,,
occupancy_rate_roll_mean_3h,137,float64,float64,True,True,current_state,CURRENT_STATE_REVIEW,NO_CONFIRMED_LEAKAGE,"Feature represents current parking occupancy, availability, demand, or a rolling state derived from current operational observations. Current parking state may legitimately be available at prediction time, but the production information cutoff must be explicitly established. No confirmed future-reference, centered-window, or target-derived feature evidence was established.",0,,
occupancy_rate_roll_std_3h,138,float64,float64,True,True,current_state,CURRENT_STATE_REVIEW,NO_CONFIRMED_LEAKAGE,"Feature represents current parking occupancy, availability, demand, or a rolling state derived from current operational observations. Current parking state may legitimately be available at prediction time, but the production information cutoff must be explicitly established. No confirmed future-reference, centered-window, or target-derived feature evidence was established.",0,,
occupancy_rate_roll_min_3h,139,float64,float64,True,True,current_state,CURRENT_STATE_REVIEW,NO_CONFIRMED_LEAKAGE,"Feature represents current parking occupancy, availability, demand, or a rolling state derived from current operational observations. Current parking state may legitimately be available at prediction time, but the production information cutoff must be explicitly established. No confirmed future-reference, centered-window, or target-derived feature evidence was established.",0,,
occupancy_rate_roll_max_3h,140,float64,float64,True,True,current_state,CURRENT_STATE_REVIEW,NO_CONFIRMED_LEAKAGE,"Feature represents current parking occupancy, availability, demand, or a rolling state derived from current operational observations. Current parking state may legitimately be available at prediction time, but the production information cutoff must be explicitly established. No confirmed future-reference, centered-window, or target-derived feature evidence was established.",0,,
occupancy_rate_roll_median_3h,141,float64,float64,True,True,current_state,CURRENT_STATE_REVIEW,NO_CONFIRMED_LEAKAGE,"Feature represents current parking occupancy, availability, demand, or a rolling state derived from current operational observations. Current parking state may legitimately be available at prediction time, but the production information cutoff must be explicitly established. No confirmed future-reference, centered-window, or target-derived feature evidence was established.",0,,
occupancy_rate_roll_trend_3h,142,float64,float64,True,True,current_state,CURRENT_STATE_REVIEW,NO_CONFIRMED_LEAKAGE,"Feature represents current parking occupancy, availability, demand, or a rolling state derived from current operational observations. Current parking state may legitimately be available at prediction time, but the production information cutoff must be explicitly established. No confirmed future-reference, centered-window, or target-derived feature evidence was established.",0,,
occupancy_rate_roll_count_3h,143,int64,int64,True,True,current_state,CURRENT_STATE_REVIEW,NO_CONFIRMED_LEAKAGE,"Feature represents current parking occupancy, availability, demand, or a rolling state derived from current operational observations. Current parking state may legitimately be available at prediction time, but the production information cutoff must be explicitly established. No confirmed future-reference, centered-window, or target-derived feature evidence was established.",0,,
occupancy_rate_roll_missing_3h,144,int64,int64,True,True,current_state,CURRENT_STATE_REVIEW,NO_CONFIRMED_LEAKAGE,"Feature represents current parking occupancy, availability, demand, or a rolling state derived from current operational observations. Current parking state may legitimately be available at prediction time, but the production information cutoff must be explicitly established. No confirmed future-reference, centered-window, or target-derived feature evidence was established.",0,,
occupancy_rate_roll_coverage_ratio_3h,145,float64,float64,True,True,current_state,CURRENT_STATE_REVIEW,NO_CONFIRMED_LEAKAGE,"Feature represents current parking occupancy, availability, demand, or a rolling state derived from current operational observations. Current parking state may legitimately be available at prediction time, but the production information cutoff must be explicitly established. No confirmed future-reference, centered-window, or target-derived feature evidence was established.",0,,
occupancy_rate_roll_3h_available,146,bool,bool,True,True,current_state,CURRENT_STATE_REVIEW,NO_CONFIRMED_LEAKAGE,"Feature represents current parking occupancy, availability, demand, or a rolling state derived from current operational observations. Current parking state may legitimately be available at prediction time, but the production information cutoff must be explicitly established. No confirmed future-reference, centered-window, or target-derived feature evidence was established.",0,,
occupancy_rate_roll_mean_6h,147,float64,float64,True,True,current_state,CURRENT_STATE_REVIEW,NO_CONFIRMED_LEAKAGE,"Feature represents current parking occupancy, availability, demand, or a rolling state derived from current operational observations. Current parking state may legitimately be available at prediction time, but the production information cutoff must be explicitly established. No confirmed future-reference, centered-window, or target-derived feature evidence was established.",0,,
occupancy_rate_roll_std_6h,148,float64,float64,True,True,current_state,CURRENT_STATE_REVIEW,NO_CONFIRMED_LEAKAGE,"Feature represents current parking occupancy, availability, demand, or a rolling state derived from current operational observations. Current parking state may legitimately be available at prediction time, but the production information cutoff must be explicitly established. No confirmed future-reference, centered-window, or target-derived feature evidence was established.",0,,
occupancy_rate_roll_min_6h,149,float64,float64,True,True,current_state,CURRENT_STATE_REVIEW,NO_CONFIRMED_LEAKAGE,"Feature represents current parking occupancy, availability, demand, or a rolling state derived from current operational observations. Current parking state may legitimately be available at prediction time, but the production information cutoff must be explicitly established. No confirmed future-reference, centered-window, or target-derived feature evidence was established.",0,,
occupancy_rate_roll_max_6h,150,float64,float64,True,True,current_state,CURRENT_STATE_REVIEW,NO_CONFIRMED_LEAKAGE,"Feature represents current parking occupancy, availability, demand, or a rolling state derived from current operational observations. Current parking state may legitimately be available at prediction time, but the production information cutoff must be explicitly established. No confirmed future-reference, centered-window, or target-derived feature evidence was established.",0,,
occupancy_rate_roll_median_6h,151,float64,float64,True,True,current_state,CURRENT_STATE_REVIEW,NO_CONFIRMED_LEAKAGE,"Feature represents current parking occupancy, availability, demand, or a rolling state derived from current operational observations. Current parking state may legitimately be available at prediction time, but the production information cutoff must be explicitly established. No confirmed future-reference, centered-window, or target-derived feature evidence was established.",0,,
occupancy_rate_roll_trend_6h,152,float64,float64,True,True,current_state,CURRENT_STATE_REVIEW,NO_CONFIRMED_LEAKAGE,"Feature represents current parking occupancy, availability, demand, or a rolling state derived from current operational observations. Current parking state may legitimately be available at prediction time, but the production information cutoff must be explicitly established. No confirmed future-reference, centered-window, or target-derived feature evidence was established.",0,,
occupancy_rate_roll_count_6h,153,int64,int64,True,True,current_state,CURRENT_STATE_REVIEW,NO_CONFIRMED_LEAKAGE,"Feature represents current parking occupancy, availability, demand, or a rolling state derived from current operational observations. Current parking state may legitimately be available at prediction time, but the production information cutoff must be explicitly established. No confirmed future-reference, centered-window, or target-derived feature evidence was established.",0,,
occupancy_rate_roll_missing_6h,154,int64,int64,True,True,current_state,CURRENT_STATE_REVIEW,NO_CONFIRMED_LEAKAGE,"Feature represents current parking occupancy, availability, demand, or a rolling state derived from current operational observations. Current parking state may legitimately be available at prediction time, but the production information cutoff must be explicitly established. No confirmed future-reference, centered-window, or target-derived feature evidence was established.",0,,
occupancy_rate_roll_coverage_ratio_6h,155,float64,float64,True,True,current_state,CURRENT_STATE_REVIEW,NO_CONFIRMED_LEAKAGE,"Feature represents current parking occupancy, availability, demand, or a rolling state derived from current operational observations. Current parking state may legitimately be available at prediction time, but the production information cutoff must be explicitly established. No confirmed future-reference, centered-window, or target-derived feature evidence was established.",0,,
occupancy_rate_roll_6h_available,156,bool,bool,True,True,current_state,CURRENT_STATE_REVIEW,NO_CONFIRMED_LEAKAGE,"Feature represents current parking occupancy, availability, demand, or a rolling state derived from current operational observations. Current parking state may legitimately be available at prediction time, but the production information cutoff must be explicitly established. No confirmed future-reference, centered-window, or target-derived feature evidence was established.",0,,
occupancy_rate_roll_mean_12h,157,float64,float64,True,True,current_state,CURRENT_STATE_REVIEW,NO_CONFIRMED_LEAKAGE,"Feature represents current parking occupancy, availability, demand, or a rolling state derived from current operational observations. Current parking state may legitimately be available at prediction time, but the production information cutoff must be explicitly established. No confirmed future-reference, centered-window, or target-derived feature evidence was established.",0,,
occupancy_rate_roll_std_12h,158,float64,float64,True,True,current_state,CURRENT_STATE_REVIEW,NO_CONFIRMED_LEAKAGE,"Feature represents current parking occupancy, availability, demand, or a rolling state derived from current operational observations. Current parking state may legitimately be available at prediction time, but the production information cutoff must be explicitly established. No confirmed future-reference, centered-window, or target-derived feature evidence was established.",0,,
occupancy_rate_roll_min_12h,159,float64,float64,True,True,current_state,CURRENT_STATE_REVIEW,NO_CONFIRMED_LEAKAGE,"Feature represents current parking occupancy, availability, demand, or a rolling state derived from current operational observations. Current parking state may legitimately be available at prediction time, but the production information cutoff must be explicitly established. No confirmed future-reference, centered-window, or target-derived feature evidence was established.",0,,
occupancy_rate_roll_max_12h,160,float64,float64,True,True,current_state,CURRENT_STATE_REVIEW,NO_CONFIRMED_LEAKAGE,"Feature represents current parking occupancy, availability, demand, or a rolling state derived from current operational observations. Current parking state may legitimately be available at prediction time, but the production information cutoff must be explicitly established. No confirmed future-reference, centered-window, or target-derived feature evidence was established.",0,,
occupancy_rate_roll_median_12h,161,float64,float64,True,True,current_state,CURRENT_STATE_REVIEW,NO_CONFIRMED_LEAKAGE,"Feature represents current parking occupancy, availability, demand, or a rolling state derived from current operational observations. Current parking state may legitimately be available at prediction time, but the production information cutoff must be explicitly established. No confirmed future-reference, centered-window, or target-derived feature evidence was established.",0,,
occupancy_rate_roll_trend_12h,162,float64,float64,True,True,current_state,CURRENT_STATE_REVIEW,NO_CONFIRMED_LEAKAGE,"Feature represents current parking occupancy, availability, demand, or a rolling state derived from current operational observations. Current parking state may legitimately be available at prediction time, but the production information cutoff must be explicitly established. No confirmed future-reference, centered-window, or target-derived feature evidence was established.",0,,
occupancy_rate_roll_count_12h,163,int64,int64,True,True,current_state,CURRENT_STATE_REVIEW,NO_CONFIRMED_LEAKAGE,"Feature represents current parking occupancy, availability, demand, or a rolling state derived from current operational observations. Current parking state may legitimately be available at prediction time, but the production information cutoff must be explicitly established. No confirmed future-reference, centered-window, or target-derived feature evidence was established.",0,,
occupancy_rate_roll_missing_12h,164,int64,int64,True,True,current_state,CURRENT_STATE_REVIEW,NO_CONFIRMED_LEAKAGE,"Feature represents current parking occupancy, availability, demand, or a rolling state derived from current operational observations. Current parking state may legitimately be available at prediction time, but the production information cutoff must be explicitly established. No confirmed future-reference, centered-window, or target-derived feature evidence was established.",0,,
occupancy_rate_roll_coverage_ratio_12h,165,float64,float64,True,True,current_state,CURRENT_STATE_REVIEW,NO_CONFIRMED_LEAKAGE,"Feature represents current parking occupancy, availability, demand, or a rolling state derived from current operational observations. Current parking state may legitimately be available at prediction time, but the production information cutoff must be explicitly established. No confirmed future-reference, centered-window, or target-derived feature evidence was established.",0,,
occupancy_rate_roll_12h_available,166,bool,bool,True,True,current_state,CURRENT_STATE_REVIEW,NO_CONFIRMED_LEAKAGE,"Feature represents current parking occupancy, availability, demand, or a rolling state derived from current operational observations. Current parking state may legitimately be available at prediction time, but the production information cutoff must be explicitly established. No confirmed future-reference, centered-window, or target-derived feature evidence was established.",0,,
occupancy_rate_roll_mean_1d,167,float64,float64,True,True,current_state,CURRENT_STATE_REVIEW,NO_CONFIRMED_LEAKAGE,"Feature represents current parking occupancy, availability, demand, or a rolling state derived from current operational observations. Current parking state may legitimately be available at prediction time, but the production information cutoff must be explicitly established. No confirmed future-reference, centered-window, or target-derived feature evidence was established.",0,,
occupancy_rate_roll_std_1d,168,float64,float64,True,True,current_state,CURRENT_STATE_REVIEW,NO_CONFIRMED_LEAKAGE,"Feature represents current parking occupancy, availability, demand, or a rolling state derived from current operational observations. Current parking state may legitimately be available at prediction time, but the production information cutoff must be explicitly established. No confirmed future-reference, centered-window, or target-derived feature evidence was established.",0,,
occupancy_rate_roll_min_1d,169,float64,float64,True,True,current_state,CURRENT_STATE_REVIEW,NO_CONFIRMED_LEAKAGE,"Feature represents current parking occupancy, availability, demand, or a rolling state derived from current operational observations. Current parking state may legitimately be available at prediction time, but the production information cutoff must be explicitly established. No confirmed future-reference, centered-window, or target-derived feature evidence was established.",0,,
occupancy_rate_roll_max_1d,170,float64,float64,True,True,current_state,CURRENT_STATE_REVIEW,NO_CONFIRMED_LEAKAGE,"Feature represents current parking occupancy, availability, demand, or a rolling state derived from current operational observations. Current parking state may legitimately be available at prediction time, but the production information cutoff must be explicitly established. No confirmed future-reference, centered-window, or target-derived feature evidence was established.",0,,
occupancy_rate_roll_median_1d,171,float64,float64,True,True,current_state,CURRENT_STATE_REVIEW,NO_CONFIRMED_LEAKAGE,"Feature represents current parking occupancy, availability, demand, or a rolling state derived from current operational observations. Current parking state may legitimately be available at prediction time, but the production information cutoff must be explicitly established. No confirmed future-reference, centered-window, or target-derived feature evidence was established.",0,,
occupancy_rate_roll_trend_1d,172,float64,float64,True,True,current_state,CURRENT_STATE_REVIEW,NO_CONFIRMED_LEAKAGE,"Feature represents current parking occupancy, availability, demand, or a rolling state derived from current operational observations. Current parking state may legitimately be available at prediction time, but the production information cutoff must be explicitly established. No confirmed future-reference, centered-window, or target-derived feature evidence was established.",0,,
occupancy_rate_roll_count_1d,173,int64,int64,True,True,current_state,CURRENT_STATE_REVIEW,NO_CONFIRMED_LEAKAGE,"Feature represents current parking occupancy, availability, demand, or a rolling state derived from current operational observations. Current parking state may legitimately be available at prediction time, but the production information cutoff must be explicitly established. No confirmed future-reference, centered-window, or target-derived feature evidence was established.",0,,
occupancy_rate_roll_missing_1d,174,int64,int64,True,True,current_state,CURRENT_STATE_REVIEW,NO_CONFIRMED_LEAKAGE,"Feature represents current parking occupancy, availability, demand, or a rolling state derived from current operational observations. Current parking state may legitimately be available at prediction time, but the production information cutoff must be explicitly established. No confirmed future-reference, centered-window, or target-derived feature evidence was established.",0,,
occupancy_rate_roll_coverage_ratio_1d,175,float64,float64,True,True,current_state,CURRENT_STATE_REVIEW,NO_CONFIRMED_LEAKAGE,"Feature represents current parking occupancy, availability, demand, or a rolling state derived from current operational observations. Current parking state may legitimately be available at prediction time, but the production information cutoff must be explicitly established. No confirmed future-reference, centered-window, or target-derived feature evidence was established.",0,,
occupancy_rate_roll_1d_available,176,bool,bool,True,True,current_state,CURRENT_STATE_REVIEW,NO_CONFIRMED_LEAKAGE,"Feature represents current parking occupancy, availability, demand, or a rolling state derived from current operational observations. Current parking state may legitimately be available at prediction time, but the production information cutoff must be explicitly established. No confirmed future-reference, centered-window, or target-derived feature evidence was established.",0,,
occupied_spaces_roll_mean_1h,177,float64,float64,True,True,current_state,CURRENT_STATE_REVIEW,NO_CONFIRMED_LEAKAGE,"Feature represents current parking occupancy, availability, demand, or a rolling state derived from current operational observations. Current parking state may legitimately be available at prediction time, but the production information cutoff must be explicitly established. No confirmed future-reference, centered-window, or target-derived feature evidence was established.",0,,
occupied_spaces_roll_std_1h,178,float64,float64,True,True,current_state,CURRENT_STATE_REVIEW,NO_CONFIRMED_LEAKAGE,"Feature represents current parking occupancy, availability, demand, or a rolling state derived from current operational observations. Current parking state may legitimately be available at prediction time, but the production information cutoff must be explicitly established. No confirmed future-reference, centered-window, or target-derived feature evidence was established.",0,,
occupied_spaces_roll_min_1h,179,float64,float64,True,True,current_state,CURRENT_STATE_REVIEW,NO_CONFIRMED_LEAKAGE,"Feature represents current parking occupancy, availability, demand, or a rolling state derived from current operational observations. Current parking state may legitimately be available at prediction time, but the production information cutoff must be explicitly established. No confirmed future-reference, centered-window, or target-derived feature evidence was established.",0,,
occupied_spaces_roll_max_1h,180,float64,float64,True,True,current_state,CURRENT_STATE_REVIEW,NO_CONFIRMED_LEAKAGE,"Feature represents current parking occupancy, availability, demand, or a rolling state derived from current operational observations. Current parking state may legitimately be available at prediction time, but the production information cutoff must be explicitly established. No confirmed future-reference, centered-window, or target-derived feature evidence was established.",0,,
occupied_spaces_roll_median_1h,181,float64,float64,True,True,current_state,CURRENT_STATE_REVIEW,NO_CONFIRMED_LEAKAGE,"Feature represents current parking occupancy, availability, demand, or a rolling state derived from current operational observations. Current parking state may legitimately be available at prediction time, but the production information cutoff must be explicitly established. No confirmed future-reference, centered-window, or target-derived feature evidence was established.",0,,
occupied_spaces_roll_trend_1h,182,float64,float64,True,True,current_state,CURRENT_STATE_REVIEW,NO_CONFIRMED_LEAKAGE,"Feature represents current parking occupancy, availability, demand, or a rolling state derived from current operational observations. Current parking state may legitimately be available at prediction time, but the production information cutoff must be explicitly established. No confirmed future-reference, centered-window, or target-derived feature evidence was established.",0,,
occupied_spaces_roll_count_1h,183,int64,int64,True,True,current_state,CURRENT_STATE_REVIEW,NO_CONFIRMED_LEAKAGE,"Feature represents current parking occupancy, availability, demand, or a rolling state derived from current operational observations. Current parking state may legitimately be available at prediction time, but the production information cutoff must be explicitly established. No confirmed future-reference, centered-window, or target-derived feature evidence was established.",0,,
occupied_spaces_roll_missing_1h,184,int64,int64,True,True,current_state,CURRENT_STATE_REVIEW,NO_CONFIRMED_LEAKAGE,"Feature represents current parking occupancy, availability, demand, or a rolling state derived from current operational observations. Current parking state may legitimately be available at prediction time, but the production information cutoff must be explicitly established. No confirmed future-reference, centered-window, or target-derived feature evidence was established.",0,,
occupied_spaces_roll_coverage_ratio_1h,185,float64,float64,True,True,current_state,CURRENT_STATE_REVIEW,NO_CONFIRMED_LEAKAGE,"Feature represents current parking occupancy, availability, demand, or a rolling state derived from current operational observations. Current parking state may legitimately be available at prediction time, but the production information cutoff must be explicitly established. No confirmed future-reference, centered-window, or target-derived feature evidence was established.",0,,
occupied_spaces_roll_1h_available,186,bool,bool,True,True,current_state,CURRENT_STATE_REVIEW,NO_CONFIRMED_LEAKAGE,"Feature represents current parking occupancy, availability, demand, or a rolling state derived from current operational observations. Current parking state may legitimately be available at prediction time, but the production information cutoff must be explicitly established. No confirmed future-reference, centered-window, or target-derived feature evidence was established.",0,,
occupied_spaces_roll_mean_2h,187,float64,float64,True,True,current_state,CURRENT_STATE_REVIEW,NO_CONFIRMED_LEAKAGE,"Feature represents current parking occupancy, availability, demand, or a rolling state derived from current operational observations. Current parking state may legitimately be available at prediction time, but the production information cutoff must be explicitly established. No confirmed future-reference, centered-window, or target-derived feature evidence was established.",0,,
occupied_spaces_roll_std_2h,188,float64,float64,True,True,current_state,CURRENT_STATE_REVIEW,NO_CONFIRMED_LEAKAGE,"Feature represents current parking occupancy, availability, demand, or a rolling state derived from current operational observations. Current parking state may legitimately be available at prediction time, but the production information cutoff must be explicitly established. No confirmed future-reference, centered-window, or target-derived feature evidence was established.",0,,
occupied_spaces_roll_min_2h,189,float64,float64,True,True,current_state,CURRENT_STATE_REVIEW,NO_CONFIRMED_LEAKAGE,"Feature represents current parking occupancy, availability, demand, or a rolling state derived from current operational observations. Current parking state may legitimately be available at prediction time, but the production information cutoff must be explicitly established. No confirmed future-reference, centered-window, or target-derived feature evidence was established.",0,,
occupied_spaces_roll_max_2h,190,float64,float64,True,True,current_state,CURRENT_STATE_REVIEW,NO_CONFIRMED_LEAKAGE,"Feature represents current parking occupancy, availability, demand, or a rolling state derived from current operational observations. Current parking state may legitimately be available at prediction time, but the production information cutoff must be explicitly established. No confirmed future-reference, centered-window, or target-derived feature evidence was established.",0,,
occupied_spaces_roll_median_2h,191,float64,float64,True,True,current_state,CURRENT_STATE_REVIEW,NO_CONFIRMED_LEAKAGE,"Feature represents current parking occupancy, availability, demand, or a rolling state derived from current operational observations. Current parking state may legitimately be available at prediction time, but the production information cutoff must be explicitly established. No confirmed future-reference, centered-window, or target-derived feature evidence was established.",0,,
occupied_spaces_roll_trend_2h,192,float64,float64,True,True,current_state,CURRENT_STATE_REVIEW,NO_CONFIRMED_LEAKAGE,"Feature represents current parking occupancy, availability, demand, or a rolling state derived from current operational observations. Current parking state may legitimately be available at prediction time, but the production information cutoff must be explicitly established. No confirmed future-reference, centered-window, or target-derived feature evidence was established.",0,,
occupied_spaces_roll_count_2h,193,int64,int64,True,True,current_state,CURRENT_STATE_REVIEW,NO_CONFIRMED_LEAKAGE,"Feature represents current parking occupancy, availability, demand, or a rolling state derived from current operational observations. Current parking state may legitimately be available at prediction time, but the production information cutoff must be explicitly established. No confirmed future-reference, centered-window, or target-derived feature evidence was established.",0,,
occupied_spaces_roll_missing_2h,194,int64,int64,True,True,current_state,CURRENT_STATE_REVIEW,NO_CONFIRMED_LEAKAGE,"Feature represents current parking occupancy, availability, demand, or a rolling state derived from current operational observations. Current parking state may legitimately be available at prediction time, but the production information cutoff must be explicitly established. No confirmed future-reference, centered-window, or target-derived feature evidence was established.",0,,
occupied_spaces_roll_coverage_ratio_2h,195,float64,float64,True,True,current_state,CURRENT_STATE_REVIEW,NO_CONFIRMED_LEAKAGE,"Feature represents current parking occupancy, availability, demand, or a rolling state derived from current operational observations. Current parking state may legitimately be available at prediction time, but the production information cutoff must be explicitly established. No confirmed future-reference, centered-window, or target-derived feature evidence was established.",0,,
occupied_spaces_roll_2h_available,196,bool,bool,True,True,current_state,CURRENT_STATE_REVIEW,NO_CONFIRMED_LEAKAGE,"Feature represents current parking occupancy, availability, demand, or a rolling state derived from current operational observations. Current parking state may legitimately be available at prediction time, but the production information cutoff must be explicitly established. No confirmed future-reference, centered-window, or target-derived feature evidence was established.",0,,
occupied_spaces_roll_mean_3h,197,float64,float64,True,True,current_state,CURRENT_STATE_REVIEW,NO_CONFIRMED_LEAKAGE,"Feature represents current parking occupancy, availability, demand, or a rolling state derived from current operational observations. Current parking state may legitimately be available at prediction time, but the production information cutoff must be explicitly established. No confirmed future-reference, centered-window, or target-derived feature evidence was established.",0,,
occupied_spaces_roll_std_3h,198,float64,float64,True,True,current_state,CURRENT_STATE_REVIEW,NO_CONFIRMED_LEAKAGE,"Feature represents current parking occupancy, availability, demand, or a rolling state derived from current operational observations. Current parking state may legitimately be available at prediction time, but the production information cutoff must be explicitly established. No confirmed future-reference, centered-window, or target-derived feature evidence was established.",0,,
occupied_spaces_roll_min_3h,199,float64,float64,True,True,current_state,CURRENT_STATE_REVIEW,NO_CONFIRMED_LEAKAGE,"Feature represents current parking occupancy, availability, demand, or a rolling state derived from current operational observations. Current parking state may legitimately be available at prediction time, but the production information cutoff must be explicitly established. No confirmed future-reference, centered-window, or target-derived feature evidence was established.",0,,
occupied_spaces_roll_max_3h,200,float64,float64,True,True,current_state,CURRENT_STATE_REVIEW,NO_CONFIRMED_LEAKAGE,"Feature represents current parking occupancy, availability, demand, or a rolling state derived from current operational observations. Current parking state may legitimately be available at prediction time, but the production information cutoff must be explicitly established. No confirmed future-reference, centered-window, or target-derived feature evidence was established.",0,,
occupied_spaces_roll_median_3h,201,float64,float64,True,True,current_state,CURRENT_STATE_REVIEW,NO_CONFIRMED_LEAKAGE,"Feature represents current parking occupancy, availability, demand, or a rolling state derived from current operational observations. Current parking state may legitimately be available at prediction time, but the production information cutoff must be explicitly established. No confirmed future-reference, centered-window, or target-derived feature evidence was established.",0,,
occupied_spaces_roll_trend_3h,202,float64,float64,True,True,current_state,CURRENT_STATE_REVIEW,NO_CONFIRMED_LEAKAGE,"Feature represents current parking occupancy, availability, demand, or a rolling state derived from current operational observations. Current parking state may legitimately be available at prediction time, but the production information cutoff must be explicitly established. No confirmed future-reference, centered-window, or target-derived feature evidence was established.",0,,
occupied_spaces_roll_count_3h,203,int64,int64,True,True,current_state,CURRENT_STATE_REVIEW,NO_CONFIRMED_LEAKAGE,"Feature represents current parking occupancy, availability, demand, or a rolling state derived from current operational observations. Current parking state may legitimately be available at prediction time, but the production information cutoff must be explicitly established. No confirmed future-reference, centered-window, or target-derived feature evidence was established.",0,,
occupied_spaces_roll_missing_3h,204,int64,int64,True,True,current_state,CURRENT_STATE_REVIEW,NO_CONFIRMED_LEAKAGE,"Feature represents current parking occupancy, availability, demand, or a rolling state derived from current operational observations. Current parking state may legitimately be available at prediction time, but the production information cutoff must be explicitly established. No confirmed future-reference, centered-window, or target-derived feature evidence was established.",0,,
occupied_spaces_roll_coverage_ratio_3h,205,float64,float64,True,True,current_state,CURRENT_STATE_REVIEW,NO_CONFIRMED_LEAKAGE,"Feature represents current parking occupancy, availability, demand, or a rolling state derived from current operational observations. Current parking state may legitimately be available at prediction time, but the production information cutoff must be explicitly established. No confirmed future-reference, centered-window, or target-derived feature evidence was established.",0,,
occupied_spaces_roll_3h_available,206,bool,bool,True,True,current_state,CURRENT_STATE_REVIEW,NO_CONFIRMED_LEAKAGE,"Feature represents current parking occupancy, availability, demand, or a rolling state derived from current operational observations. Current parking state may legitimately be available at prediction time, but the production information cutoff must be explicitly established. No confirmed future-reference, centered-window, or target-derived feature evidence was established.",0,,
occupied_spaces_roll_mean_6h,207,float64,float64,True,True,current_state,CURRENT_STATE_REVIEW,NO_CONFIRMED_LEAKAGE,"Feature represents current parking occupancy, availability, demand, or a rolling state derived from current operational observations. Current parking state may legitimately be available at prediction time, but the production information cutoff must be explicitly established. No confirmed future-reference, centered-window, or target-derived feature evidence was established.",0,,
occupied_spaces_roll_std_6h,208,float64,float64,True,True,current_state,CURRENT_STATE_REVIEW,NO_CONFIRMED_LEAKAGE,"Feature represents current parking occupancy, availability, demand, or a rolling state derived from current operational observations. Current parking state may legitimately be available at prediction time, but the production information cutoff must be explicitly established. No confirmed future-reference, centered-window, or target-derived feature evidence was established.",0,,
occupied_spaces_roll_min_6h,209,float64,float64,True,True,current_state,CURRENT_STATE_REVIEW,NO_CONFIRMED_LEAKAGE,"Feature represents current parking occupancy, availability, demand, or a rolling state derived from current operational observations. Current parking state may legitimately be available at prediction time, but the production information cutoff must be explicitly established. No confirmed future-reference, centered-window, or target-derived feature evidence was established.",0,,
occupied_spaces_roll_max_6h,210,float64,float64,True,True,current_state,CURRENT_STATE_REVIEW,NO_CONFIRMED_LEAKAGE,"Feature represents current parking occupancy, availability, demand, or a rolling state derived from current operational observations. Current parking state may legitimately be available at prediction time, but the production information cutoff must be explicitly established. No confirmed future-reference, centered-window, or target-derived feature evidence was established.",0,,
occupied_spaces_roll_median_6h,211,float64,float64,True,True,current_state,CURRENT_STATE_REVIEW,NO_CONFIRMED_LEAKAGE,"Feature represents current parking occupancy, availability, demand, or a rolling state derived from current operational observations. Current parking state may legitimately be available at prediction time, but the production information cutoff must be explicitly established. No confirmed future-reference, centered-window, or target-derived feature evidence was established.",0,,
occupied_spaces_roll_trend_6h,212,float64,float64,True,True,current_state,CURRENT_STATE_REVIEW,NO_CONFIRMED_LEAKAGE,"Feature represents current parking occupancy, availability, demand, or a rolling state derived from current operational observations. Current parking state may legitimately be available at prediction time, but the production information cutoff must be explicitly established. No confirmed future-reference, centered-window, or target-derived feature evidence was established.",0,,
occupied_spaces_roll_count_6h,213,int64,int64,True,True,current_state,CURRENT_STATE_REVIEW,NO_CONFIRMED_LEAKAGE,"Feature represents current parking occupancy, availability, demand, or a rolling state derived from current operational observations. Current parking state may legitimately be available at prediction time, but the production information cutoff must be explicitly established. No confirmed future-reference, centered-window, or target-derived feature evidence was established.",0,,
occupied_spaces_roll_missing_6h,214,int64,int64,True,True,current_state,CURRENT_STATE_REVIEW,NO_CONFIRMED_LEAKAGE,"Feature represents current parking occupancy, availability, demand, or a rolling state derived from current operational observations. Current parking state may legitimately be available at prediction time, but the production information cutoff must be explicitly established. No confirmed future-reference, centered-window, or target-derived feature evidence was established.",0,,
occupied_spaces_roll_coverage_ratio_6h,215,float64,float64,True,True,current_state,CURRENT_STATE_REVIEW,NO_CONFIRMED_LEAKAGE,"Feature represents current parking occupancy, availability, demand, or a rolling state derived from current operational observations. Current parking state may legitimately be available at prediction time, but the production information cutoff must be explicitly established. No confirmed future-reference, centered-window, or target-derived feature evidence was established.",0,,
occupied_spaces_roll_6h_available,216,bool,bool,True,True,current_state,CURRENT_STATE_REVIEW,NO_CONFIRMED_LEAKAGE,"Feature represents current parking occupancy, availability, demand, or a rolling state derived from current operational observations. Current parking state may legitimately be available at prediction time, but the production information cutoff must be explicitly established. No confirmed future-reference, centered-window, or target-derived feature evidence was established.",0,,
occupied_spaces_roll_mean_12h,217,float64,float64,True,True,current_state,CURRENT_STATE_REVIEW,NO_CONFIRMED_LEAKAGE,"Feature represents current parking occupancy, availability, demand, or a rolling state derived from current operational observations. Current parking state may legitimately be available at prediction time, but the production information cutoff must be explicitly established. No confirmed future-reference, centered-window, or target-derived feature evidence was established.",0,,
occupied_spaces_roll_std_12h,218,float64,float64,True,True,current_state,CURRENT_STATE_REVIEW,NO_CONFIRMED_LEAKAGE,"Feature represents current parking occupancy, availability, demand, or a rolling state derived from current operational observations. Current parking state may legitimately be available at prediction time, but the production information cutoff must be explicitly established. No confirmed future-reference, centered-window, or target-derived feature evidence was established.",0,,
occupied_spaces_roll_min_12h,219,float64,float64,True,True,current_state,CURRENT_STATE_REVIEW,NO_CONFIRMED_LEAKAGE,"Feature represents current parking occupancy, availability, demand, or a rolling state derived from current operational observations. Current parking state may legitimately be available at prediction time, but the production information cutoff must be explicitly established. No confirmed future-reference, centered-window, or target-derived feature evidence was established.",0,,
occupied_spaces_roll_max_12h,220,float64,float64,True,True,current_state,CURRENT_STATE_REVIEW,NO_CONFIRMED_LEAKAGE,"Feature represents current parking occupancy, availability, demand, or a rolling state derived from current operational observations. Current parking state may legitimately be available at prediction time, but the production information cutoff must be explicitly established. No confirmed future-reference, centered-window, or target-derived feature evidence was established.",0,,
occupied_spaces_roll_median_12h,221,float64,float64,True,True,current_state,CURRENT_STATE_REVIEW,NO_CONFIRMED_LEAKAGE,"Feature represents current parking occupancy, availability, demand, or a rolling state derived from current operational observations. Current parking state may legitimately be available at prediction time, but the production information cutoff must be explicitly established. No confirmed future-reference, centered-window, or target-derived feature evidence was established.",0,,
occupied_spaces_roll_trend_12h,222,float64,float64,True,True,current_state,CURRENT_STATE_REVIEW,NO_CONFIRMED_LEAKAGE,"Feature represents current parking occupancy, availability, demand, or a rolling state derived from current operational observations. Current parking state may legitimately be available at prediction time, but the production information cutoff must be explicitly established. No confirmed future-reference, centered-window, or target-derived feature evidence was established.",0,,
occupied_spaces_roll_count_12h,223,int64,int64,True,True,current_state,CURRENT_STATE_REVIEW,NO_CONFIRMED_LEAKAGE,"Feature represents current parking occupancy, availability, demand, or a rolling state derived from current operational observations. Current parking state may legitimately be available at prediction time, but the production information cutoff must be explicitly established. No confirmed future-reference, centered-window, or target-derived feature evidence was established.",0,,
occupied_spaces_roll_missing_12h,224,int64,int64,True,True,current_state,CURRENT_STATE_REVIEW,NO_CONFIRMED_LEAKAGE,"Feature represents current parking occupancy, availability, demand, or a rolling state derived from current operational observations. Current parking state may legitimately be available at prediction time, but the production information cutoff must be explicitly established. No confirmed future-reference, centered-window, or target-derived feature evidence was established.",0,,
occupied_spaces_roll_coverage_ratio_12h,225,float64,float64,True,True,current_state,CURRENT_STATE_REVIEW,NO_CONFIRMED_LEAKAGE,"Feature represents current parking occupancy, availability, demand, or a rolling state derived from current operational observations. Current parking state may legitimately be available at prediction time, but the production information cutoff must be explicitly established. No confirmed future-reference, centered-window, or target-derived feature evidence was established.",0,,
occupied_spaces_roll_12h_available,226,bool,bool,True,True,current_state,CURRENT_STATE_REVIEW,NO_CONFIRMED_LEAKAGE,"Feature represents current parking occupancy, availability, demand, or a rolling state derived from current operational observations. Current parking state may legitimately be available at prediction time, but the production information cutoff must be explicitly established. No confirmed future-reference, centered-window, or target-derived feature evidence was established.",0,,
occupied_spaces_roll_mean_1d,227,float64,float64,True,True,current_state,CURRENT_STATE_REVIEW,NO_CONFIRMED_LEAKAGE,"Feature represents current parking occupancy, availability, demand, or a rolling state derived from current operational observations. Current parking state may legitimately be available at prediction time, but the production information cutoff must be explicitly established. No confirmed future-reference, centered-window, or target-derived feature evidence was established.",0,,
occupied_spaces_roll_std_1d,228,float64,float64,True,True,current_state,CURRENT_STATE_REVIEW,NO_CONFIRMED_LEAKAGE,"Feature represents current parking occupancy, availability, demand, or a rolling state derived from current operational observations. Current parking state may legitimately be available at prediction time, but the production information cutoff must be explicitly established. No confirmed future-reference, centered-window, or target-derived feature evidence was established.",0,,
occupied_spaces_roll_min_1d,229,float64,float64,True,True,current_state,CURRENT_STATE_REVIEW,NO_CONFIRMED_LEAKAGE,"Feature represents current parking occupancy, availability, demand, or a rolling state derived from current operational observations. Current parking state may legitimately be available at prediction time, but the production information cutoff must be explicitly established. No confirmed future-reference, centered-window, or target-derived feature evidence was established.",0,,
occupied_spaces_roll_max_1d,230,float64,float64,True,True,current_state,CURRENT_STATE_REVIEW,NO_CONFIRMED_LEAKAGE,"Feature represents current parking occupancy, availability, demand, or a rolling state derived from current operational observations. Current parking state may legitimately be available at prediction time, but the production information cutoff must be explicitly established. No confirmed future-reference, centered-window, or target-derived feature evidence was established.",0,,
occupied_spaces_roll_median_1d,231,float64,float64,True,True,current_state,CURRENT_STATE_REVIEW,NO_CONFIRMED_LEAKAGE,"Feature represents current parking occupancy, availability, demand, or a rolling state derived from current operational observations. Current parking state may legitimately be available at prediction time, but the production information cutoff must be explicitly established. No confirmed future-reference, centered-window, or target-derived feature evidence was established.",0,,
occupied_spaces_roll_trend_1d,232,float64,float64,True,True,current_state,CURRENT_STATE_REVIEW,NO_CONFIRMED_LEAKAGE,"Feature represents current parking occupancy, availability, demand, or a rolling state derived from current operational observations. Current parking state may legitimately be available at prediction time, but the production information cutoff must be explicitly established. No confirmed future-reference, centered-window, or target-derived feature evidence was established.",0,,
occupied_spaces_roll_count_1d,233,int64,int64,True,True,current_state,CURRENT_STATE_REVIEW,NO_CONFIRMED_LEAKAGE,"Feature represents current parking occupancy, availability, demand, or a rolling state derived from current operational observations. Current parking state may legitimately be available at prediction time, but the production information cutoff must be explicitly established. No confirmed future-reference, centered-window, or target-derived feature evidence was established.",0,,
occupied_spaces_roll_missing_1d,234,int64,int64,True,True,current_state,CURRENT_STATE_REVIEW,NO_CONFIRMED_LEAKAGE,"Feature represents current parking occupancy, availability, demand, or a rolling state derived from current operational observations. Current parking state may legitimately be available at prediction time, but the production information cutoff must be explicitly established. No confirmed future-reference, centered-window, or target-derived feature evidence was established.",0,,
occupied_spaces_roll_coverage_ratio_1d,235,float64,float64,True,True,current_state,CURRENT_STATE_REVIEW,NO_CONFIRMED_LEAKAGE,"Feature represents current parking occupancy, availability, demand, or a rolling state derived from current operational observations. Current parking state may legitimately be available at prediction time, but the production information cutoff must be explicitly established. No confirmed future-reference, centered-window, or target-derived feature evidence was established.",0,,
occupied_spaces_roll_1d_available,236,bool,bool,True,True,current_state,CURRENT_STATE_REVIEW,NO_CONFIRMED_LEAKAGE,"Feature represents current parking occupancy, availability, demand, or a rolling state derived from current operational observations. Current parking state may legitimately be available at prediction time, but the production information cutoff must be explicitly established. No confirmed future-reference, centered-window, or target-derived feature evidence was established.",0,,
available_spaces_roll_mean_1h,237,float64,float64,True,True,current_state,CURRENT_STATE_REVIEW,NO_CONFIRMED_LEAKAGE,"Feature represents current parking occupancy, availability, demand, or a rolling state derived from current operational observations. Current parking state may legitimately be available at prediction time, but the production information cutoff must be explicitly established. No confirmed future-reference, centered-window, or target-derived feature evidence was established.",0,,
available_spaces_roll_std_1h,238,float64,float64,True,True,current_state,CURRENT_STATE_REVIEW,NO_CONFIRMED_LEAKAGE,"Feature represents current parking occupancy, availability, demand, or a rolling state derived from current operational observations. Current parking state may legitimately be available at prediction time, but the production information cutoff must be explicitly established. No confirmed future-reference, centered-window, or target-derived feature evidence was established.",0,,
available_spaces_roll_min_1h,239,float64,float64,True,True,current_state,CURRENT_STATE_REVIEW,NO_CONFIRMED_LEAKAGE,"Feature represents current parking occupancy, availability, demand, or a rolling state derived from current operational observations. Current parking state may legitimately be available at prediction time, but the production information cutoff must be explicitly established. No confirmed future-reference, centered-window, or target-derived feature evidence was established.",0,,
available_spaces_roll_max_1h,240,float64,float64,True,True,current_state,CURRENT_STATE_REVIEW,NO_CONFIRMED_LEAKAGE,"Feature represents current parking occupancy, availability, demand, or a rolling state derived from current operational observations. Current parking state may legitimately be available at prediction time, but the production information cutoff must be explicitly established. No confirmed future-reference, centered-window, or target-derived feature evidence was established.",0,,
available_spaces_roll_median_1h,241,float64,float64,True,True,current_state,CURRENT_STATE_REVIEW,NO_CONFIRMED_LEAKAGE,"Feature represents current parking occupancy, availability, demand, or a rolling state derived from current operational observations. Current parking state may legitimately be available at prediction time, but the production information cutoff must be explicitly established. No confirmed future-reference, centered-window, or target-derived feature evidence was established.",0,,
available_spaces_roll_trend_1h,242,float64,float64,True,True,current_state,CURRENT_STATE_REVIEW,NO_CONFIRMED_LEAKAGE,"Feature represents current parking occupancy, availability, demand, or a rolling state derived from current operational observations. Current parking state may legitimately be available at prediction time, but the production information cutoff must be explicitly established. No confirmed future-reference, centered-window, or target-derived feature evidence was established.",0,,
available_spaces_roll_count_1h,243,int64,int64,True,True,current_state,CURRENT_STATE_REVIEW,NO_CONFIRMED_LEAKAGE,"Feature represents current parking occupancy, availability, demand, or a rolling state derived from current operational observations. Current parking state may legitimately be available at prediction time, but the production information cutoff must be explicitly established. No confirmed future-reference, centered-window, or target-derived feature evidence was established.",0,,
available_spaces_roll_missing_1h,244,int64,int64,True,True,current_state,CURRENT_STATE_REVIEW,NO_CONFIRMED_LEAKAGE,"Feature represents current parking occupancy, availability, demand, or a rolling state derived from current operational observations. Current parking state may legitimately be available at prediction time, but the production information cutoff must be explicitly established. No confirmed future-reference, centered-window, or target-derived feature evidence was established.",0,,
available_spaces_roll_coverage_ratio_1h,245,float64,float64,True,True,current_state,CURRENT_STATE_REVIEW,NO_CONFIRMED_LEAKAGE,"Feature represents current parking occupancy, availability, demand, or a rolling state derived from current operational observations. Current parking state may legitimately be available at prediction time, but the production information cutoff must be explicitly established. No confirmed future-reference, centered-window, or target-derived feature evidence was established.",0,,
available_spaces_roll_1h_available,246,bool,bool,True,True,current_state,CURRENT_STATE_REVIEW,NO_CONFIRMED_LEAKAGE,"Feature represents current parking occupancy, availability, demand, or a rolling state derived from current operational observations. Current parking state may legitimately be available at prediction time, but the production information cutoff must be explicitly established. No confirmed future-reference, centered-window, or target-derived feature evidence was established.",0,,
available_spaces_roll_mean_2h,247,float64,float64,True,True,current_state,CURRENT_STATE_REVIEW,NO_CONFIRMED_LEAKAGE,"Feature represents current parking occupancy, availability, demand, or a rolling state derived from current operational observations. Current parking state may legitimately be available at prediction time, but the production information cutoff must be explicitly established. No confirmed future-reference, centered-window, or target-derived feature evidence was established.",0,,
available_spaces_roll_std_2h,248,float64,float64,True,True,current_state,CURRENT_STATE_REVIEW,NO_CONFIRMED_LEAKAGE,"Feature represents current parking occupancy, availability, demand, or a rolling state derived from current operational observations. Current parking state may legitimately be available at prediction time, but the production information cutoff must be explicitly established. No confirmed future-reference, centered-window, or target-derived feature evidence was established.",0,,
available_spaces_roll_min_2h,249,float64,float64,True,True,current_state,CURRENT_STATE_REVIEW,NO_CONFIRMED_LEAKAGE,"Feature represents current parking occupancy, availability, demand, or a rolling state derived from current operational observations. Current parking state may legitimately be available at prediction time, but the production information cutoff must be explicitly established. No confirmed future-reference, centered-window, or target-derived feature evidence was established.",0,,
available_spaces_roll_max_2h,250,float64,float64,True,True,current_state,CURRENT_STATE_REVIEW,NO_CONFIRMED_LEAKAGE,"Feature represents current parking occupancy, availability, demand, or a rolling state derived from current operational observations. Current parking state may legitimately be available at prediction time, but the production information cutoff must be explicitly established. No confirmed future-reference, centered-window, or target-derived feature evidence was established.",0,,
available_spaces_roll_median_2h,251,float64,float64,True,True,current_state,CURRENT_STATE_REVIEW,NO_CONFIRMED_LEAKAGE,"Feature represents current parking occupancy, availability, demand, or a rolling state derived from current operational observations. Current parking state may legitimately be available at prediction time, but the production information cutoff must be explicitly established. No confirmed future-reference, centered-window, or target-derived feature evidence was established.",0,,
available_spaces_roll_trend_2h,252,float64,float64,True,True,current_state,CURRENT_STATE_REVIEW,NO_CONFIRMED_LEAKAGE,"Feature represents current parking occupancy, availability, demand, or a rolling state derived from current operational observations. Current parking state may legitimately be available at prediction time, but the production information cutoff must be explicitly established. No confirmed future-reference, centered-window, or target-derived feature evidence was established.",0,,
available_spaces_roll_count_2h,253,int64,int64,True,True,current_state,CURRENT_STATE_REVIEW,NO_CONFIRMED_LEAKAGE,"Feature represents current parking occupancy, availability, demand, or a rolling state derived from current operational observations. Current parking state may legitimately be available at prediction time, but the production information cutoff must be explicitly established. No confirmed future-reference, centered-window, or target-derived feature evidence was established.",0,,
available_spaces_roll_missing_2h,254,int64,int64,True,True,current_state,CURRENT_STATE_REVIEW,NO_CONFIRMED_LEAKAGE,"Feature represents current parking occupancy, availability, demand, or a rolling state derived from current operational observations. Current parking state may legitimately be available at prediction time, but the production information cutoff must be explicitly established. No confirmed future-reference, centered-window, or target-derived feature evidence was established.",0,,
available_spaces_roll_coverage_ratio_2h,255,float64,float64,True,True,current_state,CURRENT_STATE_REVIEW,NO_CONFIRMED_LEAKAGE,"Feature represents current parking occupancy, availability, demand, or a rolling state derived from current operational observations. Current parking state may legitimately be available at prediction time, but the production information cutoff must be explicitly established. No confirmed future-reference, centered-window, or target-derived feature evidence was established.",0,,
available_spaces_roll_2h_available,256,bool,bool,True,True,current_state,CURRENT_STATE_REVIEW,NO_CONFIRMED_LEAKAGE,"Feature represents current parking occupancy, availability, demand, or a rolling state derived from current operational observations. Current parking state may legitimately be available at prediction time, but the production information cutoff must be explicitly established. No confirmed future-reference, centered-window, or target-derived feature evidence was established.",0,,
available_spaces_roll_mean_3h,257,float64,float64,True,True,current_state,CURRENT_STATE_REVIEW,NO_CONFIRMED_LEAKAGE,"Feature represents current parking occupancy, availability, demand, or a rolling state derived from current operational observations. Current parking state may legitimately be available at prediction time, but the production information cutoff must be explicitly established. No confirmed future-reference, centered-window, or target-derived feature evidence was established.",0,,
available_spaces_roll_std_3h,258,float64,float64,True,True,current_state,CURRENT_STATE_REVIEW,NO_CONFIRMED_LEAKAGE,"Feature represents current parking occupancy, availability, demand, or a rolling state derived from current operational observations. Current parking state may legitimately be available at prediction time, but the production information cutoff must be explicitly established. No confirmed future-reference, centered-window, or target-derived feature evidence was established.",0,,
available_spaces_roll_min_3h,259,float64,float64,True,True,current_state,CURRENT_STATE_REVIEW,NO_CONFIRMED_LEAKAGE,"Feature represents current parking occupancy, availability, demand, or a rolling state derived from current operational observations. Current parking state may legitimately be available at prediction time, but the production information cutoff must be explicitly established. No confirmed future-reference, centered-window, or target-derived feature evidence was established.",0,,
available_spaces_roll_max_3h,260,float64,float64,True,True,current_state,CURRENT_STATE_REVIEW,NO_CONFIRMED_LEAKAGE,"Feature represents current parking occupancy, availability, demand, or a rolling state derived from current operational observations. Current parking state may legitimately be available at prediction time, but the production information cutoff must be explicitly established. No confirmed future-reference, centered-window, or target-derived feature evidence was established.",0,,
available_spaces_roll_median_3h,261,float64,float64,True,True,current_state,CURRENT_STATE_REVIEW,NO_CONFIRMED_LEAKAGE,"Feature represents current parking occupancy, availability, demand, or a rolling state derived from current operational observations. Current parking state may legitimately be available at prediction time, but the production information cutoff must be explicitly established. No confirmed future-reference, centered-window, or target-derived feature evidence was established.",0,,
available_spaces_roll_trend_3h,262,float64,float64,True,True,current_state,CURRENT_STATE_REVIEW,NO_CONFIRMED_LEAKAGE,"Feature represents current parking occupancy, availability, demand, or a rolling state derived from current operational observations. Current parking state may legitimately be available at prediction time, but the production information cutoff must be explicitly established. No confirmed future-reference, centered-window, or target-derived feature evidence was established.",0,,
available_spaces_roll_count_3h,263,int64,int64,True,True,current_state,CURRENT_STATE_REVIEW,NO_CONFIRMED_LEAKAGE,"Feature represents current parking occupancy, availability, demand, or a rolling state derived from current operational observations. Current parking state may legitimately be available at prediction time, but the production information cutoff must be explicitly established. No confirmed future-reference, centered-window, or target-derived feature evidence was established.",0,,
available_spaces_roll_missing_3h,264,int64,int64,True,True,current_state,CURRENT_STATE_REVIEW,NO_CONFIRMED_LEAKAGE,"Feature represents current parking occupancy, availability, demand, or a rolling state derived from current operational observations. Current parking state may legitimately be available at prediction time, but the production information cutoff must be explicitly established. No confirmed future-reference, centered-window, or target-derived feature evidence was established.",0,,
available_spaces_roll_coverage_ratio_3h,265,float64,float64,True,True,current_state,CURRENT_STATE_REVIEW,NO_CONFIRMED_LEAKAGE,"Feature represents current parking occupancy, availability, demand, or a rolling state derived from current operational observations. Current parking state may legitimately be available at prediction time, but the production information cutoff must be explicitly established. No confirmed future-reference, centered-window, or target-derived feature evidence was established.",0,,
available_spaces_roll_3h_available,266,bool,bool,True,True,current_state,CURRENT_STATE_REVIEW,NO_CONFIRMED_LEAKAGE,"Feature represents current parking occupancy, availability, demand, or a rolling state derived from current operational observations. Current parking state may legitimately be available at prediction time, but the production information cutoff must be explicitly established. No confirmed future-reference, centered-window, or target-derived feature evidence was established.",0,,
available_spaces_roll_mean_6h,267,float64,float64,True,True,current_state,CURRENT_STATE_REVIEW,NO_CONFIRMED_LEAKAGE,"Feature represents current parking occupancy, availability, demand, or a rolling state derived from current operational observations. Current parking state may legitimately be available at prediction time, but the production information cutoff must be explicitly established. No confirmed future-reference, centered-window, or target-derived feature evidence was established.",0,,
available_spaces_roll_std_6h,268,float64,float64,True,True,current_state,CURRENT_STATE_REVIEW,NO_CONFIRMED_LEAKAGE,"Feature represents current parking occupancy, availability, demand, or a rolling state derived from current operational observations. Current parking state may legitimately be available at prediction time, but the production information cutoff must be explicitly established. No confirmed future-reference, centered-window, or target-derived feature evidence was established.",0,,
available_spaces_roll_min_6h,269,float64,float64,True,True,current_state,CURRENT_STATE_REVIEW,NO_CONFIRMED_LEAKAGE,"Feature represents current parking occupancy, availability, demand, or a rolling state derived from current operational observations. Current parking state may legitimately be available at prediction time, but the production information cutoff must be explicitly established. No confirmed future-reference, centered-window, or target-derived feature evidence was established.",0,,
available_spaces_roll_max_6h,270,float64,float64,True,True,current_state,CURRENT_STATE_REVIEW,NO_CONFIRMED_LEAKAGE,"Feature represents current parking occupancy, availability, demand, or a rolling state derived from current operational observations. Current parking state may legitimately be available at prediction time, but the production information cutoff must be explicitly established. No confirmed future-reference, centered-window, or target-derived feature evidence was established.",0,,
available_spaces_roll_median_6h,271,float64,float64,True,True,current_state,CURRENT_STATE_REVIEW,NO_CONFIRMED_LEAKAGE,"Feature represents current parking occupancy, availability, demand, or a rolling state derived from current operational observations. Current parking state may legitimately be available at prediction time, but the production information cutoff must be explicitly established. No confirmed future-reference, centered-window, or target-derived feature evidence was established.",0,,
available_spaces_roll_trend_6h,272,float64,float64,True,True,current_state,CURRENT_STATE_REVIEW,NO_CONFIRMED_LEAKAGE,"Feature represents current parking occupancy, availability, demand, or a rolling state derived from current operational observations. Current parking state may legitimately be available at prediction time, but the production information cutoff must be explicitly established. No confirmed future-reference, centered-window, or target-derived feature evidence was established.",0,,
available_spaces_roll_count_6h,273,int64,int64,True,True,current_state,CURRENT_STATE_REVIEW,NO_CONFIRMED_LEAKAGE,"Feature represents current parking occupancy, availability, demand, or a rolling state derived from current operational observations. Current parking state may legitimately be available at prediction time, but the production information cutoff must be explicitly established. No confirmed future-reference, centered-window, or target-derived feature evidence was established.",0,,
available_spaces_roll_missing_6h,274,int64,int64,True,True,current_state,CURRENT_STATE_REVIEW,NO_CONFIRMED_LEAKAGE,"Feature represents current parking occupancy, availability, demand, or a rolling state derived from current operational observations. Current parking state may legitimately be available at prediction time, but the production information cutoff must be explicitly established. No confirmed future-reference, centered-window, or target-derived feature evidence was established.",0,,
available_spaces_roll_coverage_ratio_6h,275,float64,float64,True,True,current_state,CURRENT_STATE_REVIEW,NO_CONFIRMED_LEAKAGE,"Feature represents current parking occupancy, availability, demand, or a rolling state derived from current operational observations. Current parking state may legitimately be available at prediction time, but the production information cutoff must be explicitly established. No confirmed future-reference, centered-window, or target-derived feature evidence was established.",0,,
available_spaces_roll_6h_available,276,bool,bool,True,True,current_state,CURRENT_STATE_REVIEW,NO_CONFIRMED_LEAKAGE,"Feature represents current parking occupancy, availability, demand, or a rolling state derived from current operational observations. Current parking state may legitimately be available at prediction time, but the production information cutoff must be explicitly established. No confirmed future-reference, centered-window, or target-derived feature evidence was established.",0,,
available_spaces_roll_mean_12h,277,float64,float64,True,True,current_state,CURRENT_STATE_REVIEW,NO_CONFIRMED_LEAKAGE,"Feature represents current parking occupancy, availability, demand, or a rolling state derived from current operational observations. Current parking state may legitimately be available at prediction time, but the production information cutoff must be explicitly established. No confirmed future-reference, centered-window, or target-derived feature evidence was established.",0,,
available_spaces_roll_std_12h,278,float64,float64,True,True,current_state,CURRENT_STATE_REVIEW,NO_CONFIRMED_LEAKAGE,"Feature represents current parking occupancy, availability, demand, or a rolling state derived from current operational observations. Current parking state may legitimately be available at prediction time, but the production information cutoff must be explicitly established. No confirmed future-reference, centered-window, or target-derived feature evidence was established.",0,,
available_spaces_roll_min_12h,279,float64,float64,True,True,current_state,CURRENT_STATE_REVIEW,NO_CONFIRMED_LEAKAGE,"Feature represents current parking occupancy, availability, demand, or a rolling state derived from current operational observations. Current parking state may legitimately be available at prediction time, but the production information cutoff must be explicitly established. No confirmed future-reference, centered-window, or target-derived feature evidence was established.",0,,
available_spaces_roll_max_12h,280,float64,float64,True,True,current_state,CURRENT_STATE_REVIEW,NO_CONFIRMED_LEAKAGE,"Feature represents current parking occupancy, availability, demand, or a rolling state derived from current operational observations. Current parking state may legitimately be available at prediction time, but the production information cutoff must be explicitly established. No confirmed future-reference, centered-window, or target-derived feature evidence was established.",0,,
available_spaces_roll_median_12h,281,float64,float64,True,True,current_state,CURRENT_STATE_REVIEW,NO_CONFIRMED_LEAKAGE,"Feature represents current parking occupancy, availability, demand, or a rolling state derived from current operational observations. Current parking state may legitimately be available at prediction time, but the production information cutoff must be explicitly established. No confirmed future-reference, centered-window, or target-derived feature evidence was established.",0,,
available_spaces_roll_trend_12h,282,float64,float64,True,True,current_state,CURRENT_STATE_REVIEW,NO_CONFIRMED_LEAKAGE,"Feature represents current parking occupancy, availability, demand, or a rolling state derived from current operational observations. Current parking state may legitimately be available at prediction time, but the production information cutoff must be explicitly established. No confirmed future-reference, centered-window, or target-derived feature evidence was established.",0,,
available_spaces_roll_count_12h,283,int64,int64,True,True,current_state,CURRENT_STATE_REVIEW,NO_CONFIRMED_LEAKAGE,"Feature represents current parking occupancy, availability, demand, or a rolling state derived from current operational observations. Current parking state may legitimately be available at prediction time, but the production information cutoff must be explicitly established. No confirmed future-reference, centered-window, or target-derived feature evidence was established.",0,,
available_spaces_roll_missing_12h,284,int64,int64,True,True,current_state,CURRENT_STATE_REVIEW,NO_CONFIRMED_LEAKAGE,"Feature represents current parking occupancy, availability, demand, or a rolling state derived from current operational observations. Current parking state may legitimately be available at prediction time, but the production information cutoff must be explicitly established. No confirmed future-reference, centered-window, or target-derived feature evidence was established.",0,,
available_spaces_roll_coverage_ratio_12h,285,float64,float64,True,True,current_state,CURRENT_STATE_REVIEW,NO_CONFIRMED_LEAKAGE,"Feature represents current parking occupancy, availability, demand, or a rolling state derived from current operational observations. Current parking state may legitimately be available at prediction time, but the production information cutoff must be explicitly established. No confirmed future-reference, centered-window, or target-derived feature evidence was established.",0,,
available_spaces_roll_12h_available,286,bool,bool,True,True,current_state,CURRENT_STATE_REVIEW,NO_CONFIRMED_LEAKAGE,"Feature represents current parking occupancy, availability, demand, or a rolling state derived from current operational observations. Current parking state may legitimately be available at prediction time, but the production information cutoff must be explicitly established. No confirmed future-reference, centered-window, or target-derived feature evidence was established.",0,,
available_spaces_roll_mean_1d,287,float64,float64,True,True,current_state,CURRENT_STATE_REVIEW,NO_CONFIRMED_LEAKAGE,"Feature represents current parking occupancy, availability, demand, or a rolling state derived from current operational observations. Current parking state may legitimately be available at prediction time, but the production information cutoff must be explicitly established. No confirmed future-reference, centered-window, or target-derived feature evidence was established.",0,,
available_spaces_roll_std_1d,288,float64,float64,True,True,current_state,CURRENT_STATE_REVIEW,NO_CONFIRMED_LEAKAGE,"Feature represents current parking occupancy, availability, demand, or a rolling state derived from current operational observations. Current parking state may legitimately be available at prediction time, but the production information cutoff must be explicitly established. No confirmed future-reference, centered-window, or target-derived feature evidence was established.",0,,
available_spaces_roll_min_1d,289,float64,float64,True,True,current_state,CURRENT_STATE_REVIEW,NO_CONFIRMED_LEAKAGE,"Feature represents current parking occupancy, availability, demand, or a rolling state derived from current operational observations. Current parking state may legitimately be available at prediction time, but the production information cutoff must be explicitly established. No confirmed future-reference, centered-window, or target-derived feature evidence was established.",0,,
available_spaces_roll_max_1d,290,float64,float64,True,True,current_state,CURRENT_STATE_REVIEW,NO_CONFIRMED_LEAKAGE,"Feature represents current parking occupancy, availability, demand, or a rolling state derived from current operational observations. Current parking state may legitimately be available at prediction time, but the production information cutoff must be explicitly established. No confirmed future-reference, centered-window, or target-derived feature evidence was established.",0,,
available_spaces_roll_median_1d,291,float64,float64,True,True,current_state,CURRENT_STATE_REVIEW,NO_CONFIRMED_LEAKAGE,"Feature represents current parking occupancy, availability, demand, or a rolling state derived from current operational observations. Current parking state may legitimately be available at prediction time, but the production information cutoff must be explicitly established. No confirmed future-reference, centered-window, or target-derived feature evidence was established.",0,,
available_spaces_roll_trend_1d,292,float64,float64,True,True,current_state,CURRENT_STATE_REVIEW,NO_CONFIRMED_LEAKAGE,"Feature represents current parking occupancy, availability, demand, or a rolling state derived from current operational observations. Current parking state may legitimately be available at prediction time, but the production information cutoff must be explicitly established. No confirmed future-reference, centered-window, or target-derived feature evidence was established.",0,,
available_spaces_roll_count_1d,293,int64,int64,True,True,current_state,CURRENT_STATE_REVIEW,NO_CONFIRMED_LEAKAGE,"Feature represents current parking occupancy, availability, demand, or a rolling state derived from current operational observations. Current parking state may legitimately be available at prediction time, but the production information cutoff must be explicitly established. No confirmed future-reference, centered-window, or target-derived feature evidence was established.",0,,
available_spaces_roll_missing_1d,294,int64,int64,True,True,current_state,CURRENT_STATE_REVIEW,NO_CONFIRMED_LEAKAGE,"Feature represents current parking occupancy, availability, demand, or a rolling state derived from current operational observations. Current parking state may legitimately be available at prediction time, but the production information cutoff must be explicitly established. No confirmed future-reference, centered-window, or target-derived feature evidence was established.",0,,
available_spaces_roll_coverage_ratio_1d,295,float64,float64,True,True,current_state,CURRENT_STATE_REVIEW,NO_CONFIRMED_LEAKAGE,"Feature represents current parking occupancy, availability, demand, or a rolling state derived from current operational observations. Current parking state may legitimately be available at prediction time, but the production information cutoff must be explicitly established. No confirmed future-reference, centered-window, or target-derived feature evidence was established.",0,,
available_spaces_roll_1d_available,296,bool,bool,True,True,current_state,CURRENT_STATE_REVIEW,NO_CONFIRMED_LEAKAGE,"Feature represents current parking occupancy, availability, demand, or a rolling state derived from current operational observations. Current parking state may legitimately be available at prediction time, but the production information cutoff must be explicitly established. No confirmed future-reference, centered-window, or target-derived feature evidence was established.",0,,
