feature,family,verdict,source_evidence,source_files,source_functions,source_expressions,source_columns,temporal_operations,latest_information_boundary,availability_basis,causal_evidence,future_operation_detected,negative_shift_detected,centered_rolling_detected,forward_operation_detected,target_context_only,feature_context_future,realtime_contract_required,causal_review_required,potential_leakage,confidence,notes
year,temporal_calendar,PRODUCTION_SAFE,True,"[""C:\\agano\\Oshwal\\docs\\Project\\smart-parking-system\\backend\\app\\ml\\features\\calendar_features.py"", ""C:\\agano\\Oshwal\\docs\\Project\\smart-parking-system\\backend\\app\\ml\\features\\temporal_features.py"", ""features\\calendar_features.py"", ""features\\temporal_features.py""]","[""_add_calendar_features"", ""transform""]","[""\""year\"","", ""\""year\"":"", ""['year', 'week_of_year', 'day_of_year', 'add_year: bool = True', 'add_week_of_year: bool = True', 'add_day_of_year: bool = True', 'add_year_boundaries: bool = True', 'if self._config.add_year:', '\""calendar_year\"",', 'timestamp.dt.year', 'if self._config.add_week_of_year:', '\""calendar_week_of_year\"",', 'if self._config.add_day_of_year:', '\""calendar_day_of_year\"",', 'timestamp.dt.dayofyear', '\""year\"":', 'timestamp.dt.year,', '# Year boundaries', 'if self._config.add_year_boundaries:', 'is_year_start = (', 'timestamp.dt.is_year_start', 'is_year_end = (', 'timestamp.dt.is_year_end', '\""is_year_start\"",', 'is_year_start.astype(', '\""is_year_end\"",', 'is_year_end.astype(', '# Day of year.', '# across the year boundary.', 'day_of_year = (', '\""calendar_day_of_year_sin\"",', 'day_of_year - 1,', '\""calendar_day_of_year_cos\"",', 'if config.add_year:', 'add(\""calendar_year\"")', 'if config.add_week_of_year:', 'add(\""calendar_week_of_year\"")', 'if config.add_day_of_year:', 'add(\""calendar_day_of_year\"")', 'if config.add_year_boundaries:', 'add(\""is_year_start\"")', 'add(\""is_year_end\"")', 'add(\""calendar_day_of_year_sin\"")', 'add(\""calendar_day_of_year_cos\"")', 'add_year=True,', 'add_week_of_year=True,', 'add_day_of_year=True,', 'add_year_boundaries=True,', 'day_of_year_sin', 'day_of_year_cos', 'iso_year', '\""year\"",', '\""day_of_year\"",', '\""week_of_year\"",', '\""day_of_year_sin\"",', '\""day_of_year_cos\"",', 'dataframe[\""year\""] = (', 'timestamp.dt.year.astype(', 'dataframe[\""day_of_year\""] = (', 'timestamp.dt.dayofyear.astype(', 'dataframe[\""week_of_year\""] = (', '# Day of year', '# We use 365/366 dynamically so leap years are', 'days_in_year = np.where(', 'timestamp.dt.is_leap_year,', 'day_of_year_angle = (', '/ days_in_year', '\""day_of_year_sin\""', 'day_of_year_angle', '\""day_of_year_cos\""']"", ""dataframe[\""year\""] = ("", ""timestamp.dt.year"", ""timestamp.dt.year,"", ""timestamp.dt.year.astype("", ""year""]",[],[],T,Calendar/time feature derived from T or known calendar state.,Temporal/calendar features are deterministic at T when derived solely from T.,False,False,False,False,False,False,False,False,False,HIGH,[]
month,temporal_calendar,PRODUCTION_SAFE,True,"[""C:\\agano\\Oshwal\\docs\\Project\\smart-parking-system\\backend\\app\\ml\\features\\calendar_features.py"", ""C:\\agano\\Oshwal\\docs\\Project\\smart-parking-system\\backend\\app\\ml\\features\\temporal_features.py"", ""features\\calendar_features.py"", ""features\\temporal_features.py""]","[""_add_calendar_features"", ""_add_cyclical_features"", ""transform""]","[""\""month\"","", ""\""month\"":"", ""['month', 'day_of_month', 'month boundaries', 'add_month: bool = True', 'add_day_of_month: bool = True', 'add_week_of_month: bool = True', 'add_month_boundaries: bool = True', 'unique_months: int', 'if self._config.add_month:', '\""calendar_month\"",', 'timestamp.dt.month', 'if self._config.add_day_of_month:', '\""calendar_day_of_month\"",', '# Week of month', 'if self._config.add_week_of_month:', '# Week number within the month.', 'week_of_month = (', '\""calendar_week_of_month\"",', 'week_of_month', 'quarter_start_month = (', '\""month\"":', 'quarter_start_month,', '# Month boundaries', 'if self._config.add_month_boundaries:', 'month_start = (', 'timestamp.dt.is_month_start', 'month_end = (', 'timestamp.dt.is_month_end', '\""is_month_start\"",', '\""is_month_end\"",', '] = month_start.astype(', '] = month_end.astype(', '# Days remaining in month.', 'month_end_date = (', '+ pd.offsets.MonthEnd(0)', 'days_to_month_end = (', 'month_end_date', '\""days_to_month_end\"",', 'days_to_month_end', 'month = timestamp.dt.month', 'is_quarter_start_month = (', 'month.isin(', 'is_quarter_end_month = (', '\""is_quarter_start_month\"",', 'is_quarter_start_month', '\""is_quarter_end_month\"",', 'is_quarter_end_month', '# Month', 'month = (', '\""calendar_month_sin\"",', 'month - 1,', '\""calendar_month_cos\"",', 'unique_months = 0', 'unique_months = int(', 'unique_months=', 'unique_months,', 'if config.add_month:', 'add(\""calendar_month\"")', 'if config.add_day_of_month:', 'add(\""calendar_day_of_month\"")', 'if config.add_week_of_month:', 'add(\""calendar_week_of_month\"")', 'if config.add_month_boundaries:', 'add(\""is_month_start\"")', 'add(\""is_month_end\"")', 'add(\""days_to_month_end\"")', 'add(\""is_quarter_start_month\"")', 'add(\""is_quarter_end_month\"")', 'add(\""calendar_month_sin\"")', 'add(\""calendar_month_cos\"")', 'add_month=True,', 'add_day_of_month=True,', 'add_week_of_month=True,', 'add_month_boundaries=True,', 'month_sin', 'month_cos', '\""month\"",', '\""day_of_month\"",', '\""month_sin\"",', '\""month_cos\"",', 'dataframe[\""month\""] = (', 'timestamp.dt.month.astype(', 'dataframe[\""day_of_month\""] = (', 'month_angle = (', 'month - 1', '\""month_sin\""', 'month_angle', '\""month_cos\""']"", ""dataframe[\""month\""] = ("", ""month"", ""month = timestamp.dt.month"", ""month.isin("", ""timestamp.dt.month"", ""timestamp.dt.month.astype(""]",[],[],T,Calendar/time feature derived from T or known calendar state.,Temporal/calendar features are deterministic at T when derived solely from T.,False,False,False,False,False,False,False,False,False,HIGH,[]
quarter,temporal_calendar,PRODUCTION_SAFE,True,"[""C:\\agano\\Oshwal\\docs\\Project\\smart-parking-system\\backend\\app\\ml\\features\\calendar_features.py"", ""C:\\agano\\Oshwal\\docs\\Project\\smart-parking-system\\backend\\app\\ml\\features\\temporal_features.py"", ""features\\calendar_features.py"", ""features\\temporal_features.py""]","[""_add_calendar_features"", ""transform""]","[""\""quarter\"","", ""['quarter', 'quarter boundaries', 'add_quarter: bool = True', 'add_week_of_quarter: bool = True', 'add_quarter_boundaries: bool = True', 'unique_quarters: int', 'if self._config.add_quarter:', '\""calendar_quarter\"",', 'timestamp.dt.quarter', '# Week of quarter', 'if self._config.add_week_of_quarter:', 'quarter_start_month = (', 'quarter_start = pd.to_datetime(', 'quarter_start_month,', 'days_since_quarter_start = (', '- quarter_start', 'week_of_quarter = (', 'days_since_quarter_start', '\""calendar_week_of_quarter\"",', 'week_of_quarter', '# Quarter boundaries', 'if self._config.add_quarter_boundaries:', 'is_quarter_start_month = (', 'is_quarter_end_month = (', 'quarter_start_date = (', 'quarter_end_date = (', 'quarter_start_date', '+ pd.offsets.QuarterEnd(', '\""is_quarter_start\"",', '== quarter_start_date', '\""is_quarter_end\"",', '== quarter_end_date', '\""is_quarter_start_month\"",', 'is_quarter_start_month', '\""is_quarter_end_month\"",', 'is_quarter_end_month', '# Quarter', 'quarter = (', '\""calendar_quarter_sin\"",', 'quarter - 1,', '\""calendar_quarter_cos\"",', 'unique_quarters = 0', 'unique_quarters = int(', 'unique_quarters=', 'unique_quarters,', 'if config.add_quarter:', 'add(\""calendar_quarter\"")', 'if config.add_week_of_quarter:', 'add(\""calendar_week_of_quarter\"")', 'if config.add_quarter_boundaries:', 'add(\""is_quarter_start\"")', 'add(\""is_quarter_end\"")', 'add(\""is_quarter_start_month\"")', 'add(\""is_quarter_end_month\"")', 'add(\""calendar_quarter_sin\"")', 'add(\""calendar_quarter_cos\"")', 'add_quarter=True,', 'add_week_of_quarter=True,', 'add_quarter_boundaries=True,', '\""quarter\"",', 'dataframe[\""quarter\""] = (', 'timestamp.dt.quarter.astype(']"", ""dataframe[\""quarter\""] = ("", ""quarter"", ""timestamp.dt.quarter"", ""timestamp.dt.quarter.astype(""]",[],[],T,Calendar/time feature derived from T or known calendar state.,Temporal/calendar features are deterministic at T when derived solely from T.,False,False,False,False,False,False,False,False,False,HIGH,[]
day_of_month,temporal_calendar,PRODUCTION_SAFE,True,"[""C:\\agano\\Oshwal\\docs\\Project\\smart-parking-system\\backend\\app\\ml\\features\\calendar_features.py"", ""C:\\agano\\Oshwal\\docs\\Project\\smart-parking-system\\backend\\app\\ml\\features\\temporal_features.py"", ""features\\calendar_features.py"", ""features\\temporal_features.py""]","[""_add_calendar_features""]","[""\""day_of_month\"","", ""['day_of_month', 'add_day_of_month: bool = True', 'if self._config.add_day_of_month:', '\""calendar_day_of_month\"",', 'if config.add_day_of_month:', 'add(\""calendar_day_of_month\"")', 'add_day_of_month=True,', '\""day_of_month\"",', 'dataframe[\""day_of_month\""] = (']"", ""dataframe[\""day_of_month\""] = ("", ""day_of_month""]",[],[],T,Calendar/time feature derived from T or known calendar state.,Temporal/calendar features are deterministic at T when derived solely from T.,False,False,False,False,False,False,False,False,False,HIGH,[]
day_of_year,temporal_calendar,PRODUCTION_SAFE,True,"[""C:\\agano\\Oshwal\\docs\\Project\\smart-parking-system\\backend\\app\\ml\\features\\calendar_features.py"", ""C:\\agano\\Oshwal\\docs\\Project\\smart-parking-system\\backend\\app\\ml\\features\\temporal_features.py"", ""features\\calendar_features.py"", ""features\\temporal_features.py""]","[""_add_calendar_features"", ""_add_cyclical_features""]","[""\""day_of_year\"","", ""['day_of_year', 'add_day_of_year: bool = True', 'if self._config.add_day_of_year:', '\""calendar_day_of_year\"",', 'day_of_year = (', '\""calendar_day_of_year_sin\"",', 'day_of_year - 1,', '\""calendar_day_of_year_cos\"",', 'if config.add_day_of_year:', 'add(\""calendar_day_of_year\"")', 'add(\""calendar_day_of_year_sin\"")', 'add(\""calendar_day_of_year_cos\"")', 'add_day_of_year=True,', 'day_of_year_sin', 'day_of_year_cos', '\""day_of_year\"",', '\""day_of_year_sin\"",', '\""day_of_year_cos\"",', 'dataframe[\""day_of_year\""] = (', 'day_of_year_angle = (', '\""day_of_year_sin\""', 'day_of_year_angle', '\""day_of_year_cos\""']"", ""dataframe[\""day_of_year\""] = ("", ""day_of_year""]",[],[],T,Calendar/time feature derived from T or known calendar state.,Temporal/calendar features are deterministic at T when derived solely from T.,False,False,False,False,False,False,False,False,False,HIGH,[]
week_of_year,temporal_calendar,PRODUCTION_SAFE,True,"[""C:\\agano\\Oshwal\\docs\\Project\\smart-parking-system\\backend\\app\\ml\\features\\calendar_features.py"", ""C:\\agano\\Oshwal\\docs\\Project\\smart-parking-system\\backend\\app\\ml\\features\\temporal_features.py"", ""features\\calendar_features.py"", ""features\\temporal_features.py""]","[""_add_calendar_features""]","[""\""week_of_year\"","", ""['week_of_year', 'add_week_of_year: bool = True', 'if self._config.add_week_of_year:', '\""calendar_week_of_year\"",', 'if config.add_week_of_year:', 'add(\""calendar_week_of_year\"")', 'add_week_of_year=True,', '\""week_of_year\"",', 'dataframe[\""week_of_year\""] = (']"", ""dataframe[\""week_of_year\""] = ("", ""week_of_year""]",[],[],T,Calendar/time feature derived from T or known calendar state.,Temporal/calendar features are deterministic at T when derived solely from T.,False,False,False,False,False,False,False,False,False,HIGH,[]
day_of_week,temporal_calendar,PRODUCTION_SAFE,True,"[""C:\\agano\\Oshwal\\docs\\Project\\smart-parking-system\\backend\\app\\ml\\features\\calendar_features.py"", ""C:\\agano\\Oshwal\\docs\\Project\\smart-parking-system\\backend\\app\\ml\\features\\temporal_features.py"", ""features\\calendar_features.py"", ""features\\temporal_features.py""]","[""_add_calendar_features"", ""transform"", ""validate_temporal_features""]","[""\""day_of_week\"""", ""\""day_of_week\"","", ""['day_of_week', 'add_day_of_week: bool = True', 'if self._config.add_day_of_week:', '\""calendar_day_of_week\"",', 'day_of_week = (', 'day_of_week < 5', 'day_of_week >= 5', '\""calendar_day_of_week_sin\"",', 'day_of_week,', '\""calendar_day_of_week_cos\"",', 'if config.add_day_of_week:', 'add(\""calendar_day_of_week\"")', 'add(\""calendar_day_of_week_sin\"")', 'add(\""calendar_day_of_week_cos\"")', 'add_day_of_week=True,', 'day_of_week_sin', 'day_of_week_cos', '\""day_of_week\"",', '\""day_of_week_sin\"",', '\""day_of_week_cos\"",', 'dataframe[\""day_of_week\""] = (', 'day_of_week == 0', 'day_of_week == 1', 'day_of_week == 2', 'day_of_week == 3', 'day_of_week == 4', 'day_of_week == 5', 'day_of_week == 6', '* day_of_week', '\""day_of_week_sin\""', '\""day_of_week_cos\""', '\""day_of_week\""', '\""day_of_week contains values outside \""']"", ""dataframe[\""day_of_week\""] = ("", ""day_of_week"", ""day_of_week,""]",[],[],T,Calendar/time feature derived from T or known calendar state.,Temporal/calendar features are deterministic at T when derived solely from T.,False,False,False,False,False,False,False,False,False,HIGH,[]
hour,temporal_calendar,PRODUCTION_SAFE,True,"[""C:\\agano\\Oshwal\\docs\\Project\\smart-parking-system\\backend\\app\\ml\\data\\dataset_audit.py"", ""C:\\agano\\Oshwal\\docs\\Project\\smart-parking-system\\backend\\app\\ml\\data\\dataset_builder.py"", ""C:\\agano\\Oshwal\\docs\\Project\\smart-parking-system\\backend\\app\\ml\\data\\temporal.py"", ""C:\\agano\\Oshwal\\docs\\Project\\smart-parking-system\\backend\\app\\ml\\data\\temporal_normalizer.py"", ""C:\\agano\\Oshwal\\docs\\Project\\smart-parking-system\\backend\\app\\ml\\features\\calendar_features.py"", ""C:\\agano\\Oshwal\\docs\\Project\\smart-parking-system\\backend\\app\\ml\\features\\rolling_features.py"", ""C:\\agano\\Oshwal\\docs\\Project\\smart-parking-system\\backend\\app\\ml\\features\\temporal_features.py"", ""C:\\agano\\Oshwal\\docs\\Project\\smart-parking-system\\backend\\app\\ml\\ml_models\\baseline_model.py"", ""data\\dataset_audit.py"", ""data\\dataset_builder.py"", ""data\\temporal_normalizer.py"", ""features\\calendar_features.py"", ""features\\temporal_features.py""]","[""_add_time_features"", ""_audit_hourly_coverage"", ""_format_time"", ""_minutes_to_hhmm"", ""transform"", ""validate_temporal_features""]","[""\""hour\"""", ""\""hour\"","", ""['- How does coverage vary by hour?', '# Hourly coverage', 'class HourlyCoverage:', '\""\""\""Coverage statistics by hour of day.\""\""\""', 'hour: int', 'hourly_coverage: tuple[', 'HourlyCoverage,', 'hourly_coverage = (', 'self._audit_hourly_coverage(', 'hourly_coverage=tuple(', 'hourly_coverage', 'def _audit_hourly_coverage(', ') -> list[HourlyCoverage]:', '\""_hour\""', '].dt.hour', 'HourlyCoverage', 'for hour in range(24):', 'working[\""_hour\""] == hour', 'HourlyCoverage(', 'hour=hour,', '\""HourlyCoverage\"",', '- creates 1-hour targets', '- creates 2-hour targets', 'HOUR_1 = \""1h\""', 'HOURS_2 = \""2h\""', '+1 hour', '+2 hours', 'tomorrow_morning_start_hour: int = 8', 'tomorrow_morning_end_hour: int = 10', 'if not 0 <= self.tomorrow_morning_start_hour <= 23:', '\""Tomorrow morning start hour must \""', 'if not 0 <= self.tomorrow_morning_end_hour <= 23:', '\""Tomorrow morning end hour must \""', 'self.tomorrow_morning_start_hour * 60', 'self.tomorrow_morning_end_hour * 60', '.tomorrow_morning_start_hour,', '.tomorrow_morning_end_hour,', '.tomorrow_morning_start_hour', '.tomorrow_morning_end_hour', 'timestamp.dt.hour * 60', 'TargetHorizon.HOUR_1.value,', 'TargetHorizon.HOURS_2.value,', 'hour: int,', 'return f\""{hour:02d}:{minute:02d}\""', 'tomorrow_morning_start_hour: int = 8,', 'tomorrow_morning_end_hour: int = 10,', 'tomorrow_morning_start_hour=(', 'tomorrow_morning_start_hour', 'tomorrow_morning_end_hour=(', 'tomorrow_morning_end_hour', 'coverage_hours: float', 'coverage_hours = (', 'coverage_hours=coverage_hours,', 'coverage_hours: float,', '\""coverage_hours\"": (', 'facility.coverage_hours', '24-hour observations for every facility.', 'timestamps.dt.hour * 60', 'hour = minutes // 60', 'hour', '1 hour', '2 hours', '3 hours', '6 hours', '12 hours', '24 hours', 'For example, at 10:00 with a 1-hour window:', 'may contribute to the 1-hour rolling feature.', '# 6-hour window', 'half_hour_slot', 'hour_sin', 'hour_cos', '\""hour\"",', '\""half_hour_slot\"",', '\""hour_sin\"",', '\""hour_cos\"",', '\""into 24 hours.\""', 'unique_hours: int', 'unique_hours = int(', 'timestamp.dt.hour.nunique()', 'unique_hours=unique_hours,', 'hour = timestamp.dt.hour', 'dataframe[\""hour\""] = (', 'hour.astype(\""int8\"")', '# Half-hour slot.', '\""half_hour_slot\""', 'hour * 60', '# Hour of day', 'hour_angle = (', '\""hour_sin\""', 'hour_angle', '\""hour_cos\""', '# Hour', '\""hour\""', '\""hour contains values outside \""', '\""half_hour_slot does not match \""', 'previous same half-hour slot', 'previous same half-hour slot one week earlier']"", ""].dt.hour"", ""dataframe[\""hour\""] = ("", ""hour"", ""hour = timestamp.dt.hour"", ""hour.astype(\""int8\"")"", ""hour: int"", ""hour: int,"", ""hour=hour,"", ""return f\""{hour:02d}:{minute:02d}\"""", ""timestamp.dt.hour.nunique()""]","[""int8""]",[],T,Calendar/time feature derived from T or known calendar state.,Temporal/calendar features are deterministic at T when derived solely from T.,False,False,False,False,False,False,False,False,False,HIGH,[]
minute,temporal_calendar,PRODUCTION_SAFE,True,"[""C:\\agano\\Oshwal\\docs\\Project\\smart-parking-system\\backend\\app\\ml\\data\\dataset_audit.py"", ""C:\\agano\\Oshwal\\docs\\Project\\smart-parking-system\\backend\\app\\ml\\data\\dataset_builder.py"", ""C:\\agano\\Oshwal\\docs\\Project\\smart-parking-system\\backend\\app\\ml\\data\\temporal.py"", ""C:\\agano\\Oshwal\\docs\\Project\\smart-parking-system\\backend\\app\\ml\\data\\temporal_normalizer.py"", ""C:\\agano\\Oshwal\\docs\\Project\\smart-parking-system\\backend\\app\\ml\\features\\calendar_features.py"", ""C:\\agano\\Oshwal\\docs\\Project\\smart-parking-system\\backend\\app\\ml\\features\\lag_features.py"", ""C:\\agano\\Oshwal\\docs\\Project\\smart-parking-system\\backend\\app\\ml\\features\\rolling_features.py"", ""C:\\agano\\Oshwal\\docs\\Project\\smart-parking-system\\backend\\app\\ml\\features\\temporal_features.py"", ""data\\dataset_builder.py"", ""data\\temporal_normalizer.py"", ""features\\calendar_features.py"", ""features\\temporal_features.py""]","[""_add_cyclical_features"", ""_add_time_features"", ""_build_operational_profile"", ""_build_tomorrow_morning_target"", ""_classify_operational_gaps"", ""_format_time"", ""_minutes_to_hhmm"", ""validate_temporal_features""]","[""\""minute\"""", ""\""minute\"","", ""+ timestamp.dt.minute"", ""+ timestamps.dt.minute"", ""None', 'intervals_0_to_15_minutes: int', 'intervals_15_to_30_minutes: int', 'intervals_30_to_45_minutes: int', 'intervals_45_to_60_minutes: int', 'intervals_over_60_minutes: int', 'intervals_over_120_minutes: int', 'exact_30_minute_intervals: int', 'approximately_30_minute_intervals: int', 'target_interval_minutes: int = 30', 'approximate_interval_tolerance_minutes: int = 10', 'large_gap_threshold_minutes: int = 60', 'very_large_gap_threshold_minutes: int = 120', 'if self.target_interval_minutes <= 0:', '\""target_interval_minutes must be greater than zero.\""', 'self.approximate_interval_tolerance_minutes', '\""approximate_interval_tolerance_minutes \""', 'if self.large_gap_threshold_minutes <= 0:', '\""large_gap_threshold_minutes must be greater \""', 'if self.very_large_gap_threshold_minutes <= 0:', '\""very_large_gap_threshold_minutes must be \""', '\""target_interval_minutes\"": (', '.target_interval_minutes', '\""approximate_tolerance_minutes\"": (', '.approximate_interval_tolerance_minutes', '\""interval_minutes\"",', '\""interval_minutes\"": intervals.to_numpy(),', 'mean_interval_minutes=(', 'median_interval_minutes=(', 'min_interval_minutes=(', 'max_interval_minutes=(', 'std_interval_minutes=(', 'intervals_0_to_15_minutes=int(', 'intervals_15_to_30_minutes=int(', 'intervals_30_to_45_minutes=int(', 'intervals_45_to_60_minutes=int(', 'intervals_over_60_minutes=int(', '.large_gap_threshold_minutes', 'intervals_over_120_minutes=int(', '.very_large_gap_threshold_minutes', 'exact_30_minute_intervals=int(', 'approximately_30_minute_intervals=int(', '\""interval_minutes\""', '\""mean_interval_minutes\"": (', 'facility.mean_interval_minutes', '\""median_interval_minutes\"": (', 'facility.median_interval_minutes', '\""min_interval_minutes\"": (', 'facility.min_interval_minutes', '\""max_interval_minutes\"": (', 'facility.max_interval_minutes', '\""std_interval_minutes\"": (', 'facility.std_interval_minutes', '\""intervals_0_to_15_minutes\"": (', '.intervals_0_to_15_minutes', '\""intervals_15_to_30_minutes\"": (', '.intervals_15_to_30_minutes', '\""intervals_30_to_45_minutes\"": (', '.intervals_30_to_45_minutes', '\""intervals_45_to_60_minutes\"": (', '.intervals_45_to_60_minutes', '\""intervals_over_60_minutes\"": (', '.intervals_over_60_minutes', '\""intervals_over_120_minutes\"": (', '.intervals_over_120_minutes', '\""exact_30_minute_intervals\"": (', '.exact_30_minute_intervals', '\""approximately_30_minute_intervals\"": (', '.approximately_30_minute_intervals', 'overall.median_interval_minutes', 'f\""{self._config.target_interval_minutes}-minute \""', 'overall.intervals_over_60_minutes', '\""than 60 minutes.\""', 'overall.intervals_over_120_minutes', '\""than 120 minutes. These may require special \""', 'overall.approximately_30_minute_intervals', 'f\""±{self._config.approximate_interval_tolerance_minutes} \""', '\""minutes of the target 30-minute interval.\""', 'target_interval_minutes: int = 30,', 'approximate_interval_tolerance_minutes: int = 10,', 'large_gap_threshold_minutes: int = 60,', 'very_large_gap_threshold_minutes: int = 120,', 'target_interval_minutes=(', 'target_interval_minutes', 'approximate_interval_tolerance_minutes=(', 'approximate_interval_tolerance_minutes', 'large_gap_threshold_minutes=(', 'large_gap_threshold_minutes', 'very_large_gap_threshold_minutes=(', 'very_large_gap_threshold_minutes', 'SmartPark AI defaults to 30 minutes.', 'TIME_DISTANCE_MINUTES_COLUMN = (', '\""source_time_distance_minutes\""', '30 minutes', '15 minutes', '> 60 minutes', '> 120 minutes', 'alignment_tolerance_minutes: int = 15', 'long_gap_threshold_minutes: int = 60', 'very_long_gap_threshold_minutes: int = 120', 'operational_gap_minimum_minutes: int = 120', 'if self.alignment_tolerance_minutes < 0:', '\""alignment_tolerance_minutes cannot be negative.\""', 'self.alignment_tolerance_minutes', '> self.target_interval_minutes / 2', '\""alignment_tolerance_minutes cannot exceed \""', '\""half of target_interval_minutes.\""', 'self.long_gap_threshold_minutes', '<= self.target_interval_minutes', '\""long_gap_threshold_minutes must be greater \""', '\""than target_interval_minutes.\""', 'self.very_long_gap_threshold_minutes', '<= self.long_gap_threshold_minutes', '\""very_long_gap_threshold_minutes must be greater \""', '\""than long_gap_threshold_minutes.\""', 'self.operational_gap_minimum_minutes', '< self.target_interval_minutes', '\""operational_gap_minimum_minutes must be at \""', 'earliest_reporting_minute: int', 'latest_reporting_minute: int', 'The default grid is 30 minutes.', '\""alignment_tolerance_minutes\"": (', '.alignment_tolerance_minutes', 'TIME_DISTANCE_MINUTES_COLUMN', '.alignment_tolerance_minutes,', 'TIME_DISTANCE_MINUTES_COLUMN,', 'f\""{self._config.target_interval_minutes}min\""', 'earliest_reporting_minute=0,', 'latest_reporting_minute=(', 'minutes_since_midnight = (', '+ timestamps.dt.minute', 'minutes_since_midnight.quantile(', 'earliest_reporting_minute=lower,', 'latest_reporting_minute=upper,', 'self._minutes_to_hhmm(', 'delta_minutes = (', '& delta_minutes.eq(', 'delta_minutes', '.long_gap_threshold_minutes', '.very_long_gap_threshold_minutes', 'minutes_since_midnight', '.earliest_reporting_minute', '.latest_reporting_minute', 'def _minutes_to_hhmm(', 'minutes = max(', 'minutes,', 'hour = minutes // 60', 'minute = minutes % 60', 'alignment_tolerance_minutes: int = 15,', 'long_gap_threshold_minutes: int = 60,', 'very_long_gap_threshold_minutes: int = 120,', 'alignment_tolerance_minutes=(', 'alignment_tolerance_minutes', 'long_gap_threshold_minutes=(', 'long_gap_threshold_minutes', 'very_long_gap_threshold_minutes=(', 'very_long_gap_threshold_minutes', '\""TIME_DISTANCE_MINUTES_COLUMN\"",', 'minute', 'The SmartPark temporal normalization layer produces a regular 30-minute', 'DEFAULT_LAG_MINUTES: tuple[int, ...] = (', 'DEFAULT_INTERVAL_MINUTES = 30', 'lag_minutes: int,', 'Convert minutes into a compact lag label.', 'if lag_minutes <= 0:', '\""lag_minutes must be greater than zero.\""', 'if lag_minutes % 1440 == 0:', 'f\""{lag_minutes // 1440}d\""', 'if lag_minutes % 60 == 0:', 'f\""{lag_minutes // 60}h\""', 'return f\""{lag_minutes}m\""', 'interval_minutes: int,', 'Convert a lag in minutes into an exact normalized-slot offset.', '120 minutes / 30 minutes = 4 slots.', 'lag_minutes', '% interval_minutes', 'f\""Lag {lag_minutes} minutes cannot be \""', 'f\""{interval_minutes}-minute interval.\""', '// interval_minutes', 'lag_minutes: tuple[int, ...] = (', 'DEFAULT_LAG_MINUTES', 'interval_minutes: int = (', 'DEFAULT_INTERVAL_MINUTES', 'self.lag_minutes', '\""lag_minutes\"",', 'for lag_minutes in normalized_lags:', 'lag_minutes,', 'self.interval_minutes,', 'With a 30-minute normalized interval:', '# normally contain one 30-minute slot per row/facility.', '.interval_minutes', 'for lag_minutes in (', 'self._config.lag_minutes', '.interval_minutes,', '\""lag_minutes\"":', 'self._config.lag_minutes,', '\""interval_minutes\"":', 'self._config.interval_minutes,', 'The 90-minute jump is counted as irregular.', 'minutes=self._config', 'config.lag_minutes', 'lag_minutes=(', 'interval_minutes=30,', '\""normalized_interval_minutes\"":', 'For the 30-minute Birmingham normalized dataset:', 'The windows are expressed in minutes rather than row counts so', 'DEFAULT_ROLLING_WINDOWS_MINUTES: tuple[int, ...] = (', 'Convert a number of minutes into a readable window label.', 'if minutes % 1440 == 0:', 'return f\""{minutes // 1440}d\""', 'if minutes % 60 == 0:', 'return f\""{minutes // 60}h\""', 'return f\""{minutes}m\""', 'windows_minutes: tuple[int, ...] = (', 'DEFAULT_ROLLING_WINDOWS_MINUTES', 'self.windows_minutes', '\""windows_minutes\"",', 'for window_minutes in (', 'self._config.windows_minutes', 'window_minutes', 'window_minutes=window_minutes,', '\""windows_minutes\"": (', 'window_minutes: int,', 'With 30-minute intervals:', '/ self._config.interval_minutes', 'window_minutes:', 'Size of the rolling time window in minutes.', 'minutes=window_minutes', '# 30-minute interval', 'config.windows_minutes', '\""DEFAULT_ROLLING_WINDOWS_MINUTES\"",', 'minutes_since_week_start', '\""minute\"",', '\""minutes_since_midnight\"",', '\""minutes_since_week_start\"",', 'interval_minutes:', 'SmartPark currently uses a 30-minute interval.', '% self.interval_minutes', '\""interval_minutes must divide evenly \""', 'minute = timestamp.dt.minute', 'dataframe[\""minute\""] = (', 'minute.astype(\""int8\"")', '+ minute', '// self._config.interval_minutes', '\""minutes_since_midnight\""', '# Minutes since Monday 00:00.', '\""minutes_since_week_start\""', '+ minutes_since_midnight', '* minutes_since_midnight', '# Minute', '\""minute\""', '\""minute contains values outside \""', 'if interval_minutes > 0:']"", ""None', 'max_interval_minutes: float"", ""None', 'median_interval_minutes: float"", ""None', 'min_interval_minutes: float"", ""None', 'std_interval_minutes: float"", ""['interval_minutes: int = 30', 'if self.interval_minutes <= 0:', '\""interval_minutes must be greater than zero.\""', '\""interval_minutes\"": (', 'self._config.interval_minutes', '- creates 30-minute targets', 'MINUTES_30 = \""30m\""', 'SmartPark AI uses a 30-minute modelling interval.', '+30 minutes', 'horizons_minutes: tuple[int, ...] = (', 'tomorrow_morning_start_minute: int = 0', 'tomorrow_morning_end_minute: int = 0', 'if not self.horizons_minutes:', 'for horizon in self.horizons_minutes', 'self.horizons_minutes', 'if not 0 <= self.tomorrow_morning_start_minute <= 59:', '\""Tomorrow morning start minute must \""', 'if not 0 <= self.tomorrow_morning_end_minute <= 59:', '\""Tomorrow morning end minute must \""', 'start_minutes = (', '+ self.tomorrow_morning_start_minute', 'end_minutes = (', '+ self.tomorrow_morning_end_minute', 'if end_minutes <= start_minutes:', '\""horizons_minutes\"": (', 'self._config.horizons_minutes', '.tomorrow_morning_start_minute,', '.tomorrow_morning_end_minute,', 'minutes=30,', 'minutes=60,', 'minutes=120,', 'minutes: int,', 'if minutes % interval != 0:', 'f\""Horizon {minutes} minutes is not \""', 'f\""compatible with the {interval}-minute \""', 'minutes // interval', '.tomorrow_morning_start_minute', '.tomorrow_morning_end_minute', 'time_minutes = (', '+ timestamp.dt.minute', 'time_minutes >= start_minutes', 'time_minutes < end_minutes', 'minutes=start_minutes', 'TargetHorizon.MINUTES_30.value,', 'minute: int,', 'return f\""{hour:02d}:{minute:02d}\""', 'interval_minutes: int = 30,', 'tomorrow_morning_start_minute: int = 0,', 'tomorrow_morning_end_minute: int = 0,', 'interval_minutes=interval_minutes,', 'tomorrow_morning_start_minute=(', 'tomorrow_morning_start_minute', 'tomorrow_morning_end_minute=(', 'tomorrow_morning_end_minute', '7. Is a 30-minute modelling grid appropriate?', 'mean_interval_minutes: float"", ""dataframe[\""minute\""] = ("", ""minute"", ""minute = timestamp.dt.minute"", ""minute.astype(\""int8\"")"", ""minute: int,"", ""return f\""{hour:02d}:{minute:02d}\""""]","[""int8""]",[],T,Calendar/time feature derived from T or known calendar state.,Temporal/calendar features are deterministic at T when derived solely from T.,False,False,False,False,False,False,False,False,False,HIGH,[]
half_hour_slot,temporal_calendar,PRODUCTION_SAFE,True,"[""C:\\agano\\Oshwal\\docs\\Project\\smart-parking-system\\backend\\app\\ml\\features\\temporal_features.py"", ""features\\temporal_features.py""]","[""_add_time_features"", ""validate_temporal_features""]","[""\""half_hour_slot\"""", ""\""half_hour_slot\"","", ""['half_hour_slot', '\""half_hour_slot\"",', '\""half_hour_slot\""', '\""half_hour_slot does not match \""']"", ""half_hour_slot""]",[],[],T,Calendar/time feature derived from T or known calendar state.,Temporal/calendar features are deterministic at T when derived solely from T.,False,False,False,False,False,False,False,False,False,HIGH,[]
time_slot,temporal_calendar,PRODUCTION_SAFE,True,"[""C:\\agano\\Oshwal\\docs\\Project\\smart-parking-system\\backend\\app\\ml\\features\\temporal_features.py"", ""features\\temporal_features.py""]","[""_add_time_features""]","[""\""time_slot\"""", ""\""time_slot\"","", ""['time_slot', '\""time_slot\"",', 'time_slot_origin:', 'time_slot_origin: int = 0', '<= self.time_slot_origin', '\""time_slot_origin must be between \""', '\""time_slot\""', '.time_slot_origin']"", ""time_slot""]",[],[],T,Calendar/time feature derived from T or known calendar state.,Temporal/calendar features are deterministic at T when derived solely from T.,False,False,False,False,False,False,False,False,False,HIGH,[]
minutes_since_midnight,temporal_calendar,PRODUCTION_SAFE,True,"[""C:\\agano\\Oshwal\\docs\\Project\\smart-parking-system\\backend\\app\\ml\\data\\temporal_normalizer.py"", ""C:\\agano\\Oshwal\\docs\\Project\\smart-parking-system\\backend\\app\\ml\\features\\temporal_features.py"", ""data\\temporal_normalizer.py"", ""features\\temporal_features.py""]","[""_add_time_features"", ""_build_operational_profile"", ""_classify_operational_gaps""]","[""\""minutes_since_midnight\"""", ""\""minutes_since_midnight\"","", ""['minutes_since_midnight = (', 'minutes_since_midnight.quantile(', 'minutes_since_midnight', '\""minutes_since_midnight\"",', '\""minutes_since_midnight\""', '+ minutes_since_midnight', '* minutes_since_midnight']"", ""minutes_since_midnight"", ""minutes_since_midnight.quantile(""]",[],[],T,Calendar/time feature derived from T or known calendar state.,Temporal/calendar features are deterministic at T when derived solely from T.,False,False,False,False,False,False,False,False,False,HIGH,[]
minutes_since_week_start,temporal_calendar,PRODUCTION_SAFE,True,"[""C:\\agano\\Oshwal\\docs\\Project\\smart-parking-system\\backend\\app\\ml\\features\\temporal_features.py"", ""features\\temporal_features.py""]","[""_add_time_features""]","[""\""minutes_since_week_start\"""", ""\""minutes_since_week_start\"","", ""['minutes_since_week_start', '\""minutes_since_week_start\"",', '\""minutes_since_week_start\""']"", ""minutes_since_week_start""]",[],[],T,Calendar/time feature derived from T or known calendar state.,Temporal/calendar features are deterministic at T when derived solely from T.,False,False,False,False,False,False,False,False,False,HIGH,[]
is_weekday,other,REQUIRES_CAUSAL_REVIEW,True,"[""C:\\agano\\Oshwal\\docs\\Project\\smart-parking-system\\backend\\app\\ml\\features\\calendar_features.py"", ""C:\\agano\\Oshwal\\docs\\Project\\smart-parking-system\\backend\\app\\ml\\features\\feature_pipeline.py"", ""C:\\agano\\Oshwal\\docs\\Project\\smart-parking-system\\backend\\app\\ml\\features\\temporal_features.py"", ""features\\calendar_features.py"", ""features\\feature_pipeline.py"", ""features\\temporal_features.py""]","[""_add_weekday_features"", ""expected_calendar_feature_columns"", ""transform"", ""validate_calendar_features""]","[""\""is_weekday\"""", ""\""is_weekday\"","", ""# calendar indicators such as `is_weekday` must not be"", ""['is_weekday = (', '\""is_weekday\"",', '] = is_weekday.astype(', 'add(\""is_weekday\"")', '\""is_weekday\""', '# calendar indicators such as `is_weekday` must not be', 'is_weekday']"", ""add(\""is_weekday\"")"", ""is_weekday""]",[],[],UNKNOWN,Insufficient static evidence for automatic causal approval.,"Feature family could not be established as deterministic calendar, current-state, or historical causal.",False,False,False,False,False,False,False,True,False,MEDIUM,"[""Manual source and timestamp verification required.""]"
is_weekend,temporal_calendar,PRODUCTION_SAFE,True,"[""C:\\agano\\Oshwal\\docs\\Project\\smart-parking-system\\backend\\app\\ml\\features\\calendar_features.py"", ""C:\\agano\\Oshwal\\docs\\Project\\smart-parking-system\\backend\\app\\ml\\features\\feature_pipeline.py"", ""C:\\agano\\Oshwal\\docs\\Project\\smart-parking-system\\backend\\app\\ml\\features\\temporal_features.py"", ""features\\calendar_features.py"", ""features\\feature_pipeline.py"", ""features\\temporal_features.py""]","[""_add_weekday_features"", ""expected_calendar_feature_columns"", ""transform"", ""validate_calendar_features""]","[""\""is_weekend\"""", ""\""is_weekend\"","", ""['is_weekend = (', '\""is_weekend\"",', '] = is_weekend.astype(', 'add(\""is_weekend\"")', '\""is_weekend\""', 'is_weekend']"", ""add(\""is_weekend\"")"", ""is_weekend""]",[],[],T,Calendar/time feature derived from T or known calendar state.,Temporal/calendar features are deterministic at T when derived solely from T.,False,False,False,False,False,False,False,False,False,HIGH,[]
is_monday,other,REQUIRES_CAUSAL_REVIEW,True,"[""C:\\agano\\Oshwal\\docs\\Project\\smart-parking-system\\backend\\app\\ml\\features\\calendar_features.py"", ""C:\\agano\\Oshwal\\docs\\Project\\smart-parking-system\\backend\\app\\ml\\features\\feature_pipeline.py"", ""C:\\agano\\Oshwal\\docs\\Project\\smart-parking-system\\backend\\app\\ml\\features\\temporal_features.py"", ""features\\calendar_features.py"", ""features\\feature_pipeline.py"", ""features\\temporal_features.py""]","[""_add_weekday_features"", ""expected_calendar_feature_columns"", ""transform""]","[""\""is_monday\"""", ""\""is_monday\"","", ""['\""is_monday\"",', 'is_monday', '\""is_monday\""']"", ""is_monday""]",[],[],UNKNOWN,Insufficient static evidence for automatic causal approval.,"Feature family could not be established as deterministic calendar, current-state, or historical causal.",False,False,False,False,False,False,False,True,False,MEDIUM,"[""Manual source and timestamp verification required.""]"
is_tuesday,other,REQUIRES_CAUSAL_REVIEW,True,"[""C:\\agano\\Oshwal\\docs\\Project\\smart-parking-system\\backend\\app\\ml\\features\\calendar_features.py"", ""C:\\agano\\Oshwal\\docs\\Project\\smart-parking-system\\backend\\app\\ml\\features\\feature_pipeline.py"", ""C:\\agano\\Oshwal\\docs\\Project\\smart-parking-system\\backend\\app\\ml\\features\\temporal_features.py"", ""features\\calendar_features.py"", ""features\\feature_pipeline.py"", ""features\\temporal_features.py""]","[""_add_weekday_features"", ""expected_calendar_feature_columns"", ""transform""]","[""\""is_tuesday\"""", ""\""is_tuesday\"","", ""['\""is_tuesday\"",', 'is_tuesday', '\""is_tuesday\""']"", ""is_tuesday""]",[],[],UNKNOWN,Insufficient static evidence for automatic causal approval.,"Feature family could not be established as deterministic calendar, current-state, or historical causal.",False,False,False,False,False,False,False,True,False,MEDIUM,"[""Manual source and timestamp verification required.""]"
is_wednesday,other,REQUIRES_CAUSAL_REVIEW,True,"[""C:\\agano\\Oshwal\\docs\\Project\\smart-parking-system\\backend\\app\\ml\\features\\calendar_features.py"", ""C:\\agano\\Oshwal\\docs\\Project\\smart-parking-system\\backend\\app\\ml\\features\\feature_pipeline.py"", ""C:\\agano\\Oshwal\\docs\\Project\\smart-parking-system\\backend\\app\\ml\\features\\temporal_features.py"", ""features\\calendar_features.py"", ""features\\feature_pipeline.py"", ""features\\temporal_features.py""]","[""_add_weekday_features"", ""expected_calendar_feature_columns"", ""transform""]","[""\""is_wednesday\"""", ""\""is_wednesday\"","", ""['\""is_wednesday\"",', 'is_wednesday', '\""is_wednesday\""']"", ""is_wednesday""]",[],[],UNKNOWN,Insufficient static evidence for automatic causal approval.,"Feature family could not be established as deterministic calendar, current-state, or historical causal.",False,False,False,False,False,False,False,True,False,MEDIUM,"[""Manual source and timestamp verification required.""]"
is_thursday,other,REQUIRES_CAUSAL_REVIEW,True,"[""C:\\agano\\Oshwal\\docs\\Project\\smart-parking-system\\backend\\app\\ml\\features\\calendar_features.py"", ""C:\\agano\\Oshwal\\docs\\Project\\smart-parking-system\\backend\\app\\ml\\features\\feature_pipeline.py"", ""C:\\agano\\Oshwal\\docs\\Project\\smart-parking-system\\backend\\app\\ml\\features\\temporal_features.py"", ""features\\calendar_features.py"", ""features\\feature_pipeline.py"", ""features\\temporal_features.py""]","[""_add_weekday_features"", ""expected_calendar_feature_columns"", ""transform""]","[""\""is_thursday\"""", ""\""is_thursday\"","", ""['\""is_thursday\"",', 'is_thursday', '\""is_thursday\""']"", ""is_thursday""]",[],[],UNKNOWN,Insufficient static evidence for automatic causal approval.,"Feature family could not be established as deterministic calendar, current-state, or historical causal.",False,False,False,False,False,False,False,True,False,MEDIUM,"[""Manual source and timestamp verification required.""]"
is_friday,other,REQUIRES_CAUSAL_REVIEW,True,"[""C:\\agano\\Oshwal\\docs\\Project\\smart-parking-system\\backend\\app\\ml\\features\\calendar_features.py"", ""C:\\agano\\Oshwal\\docs\\Project\\smart-parking-system\\backend\\app\\ml\\features\\feature_pipeline.py"", ""C:\\agano\\Oshwal\\docs\\Project\\smart-parking-system\\backend\\app\\ml\\features\\temporal_features.py"", ""features\\calendar_features.py"", ""features\\feature_pipeline.py"", ""features\\temporal_features.py""]","[""_add_weekday_features"", ""expected_calendar_feature_columns"", ""transform""]","[""\""is_friday\"""", ""\""is_friday\"","", ""['\""is_friday\"",', 'is_friday', '\""is_friday\""']"", ""is_friday""]",[],[],UNKNOWN,Insufficient static evidence for automatic causal approval.,"Feature family could not be established as deterministic calendar, current-state, or historical causal.",False,False,False,False,False,False,False,True,False,MEDIUM,"[""Manual source and timestamp verification required.""]"
is_saturday,other,REQUIRES_CAUSAL_REVIEW,True,"[""C:\\agano\\Oshwal\\docs\\Project\\smart-parking-system\\backend\\app\\ml\\features\\calendar_features.py"", ""C:\\agano\\Oshwal\\docs\\Project\\smart-parking-system\\backend\\app\\ml\\features\\feature_pipeline.py"", ""C:\\agano\\Oshwal\\docs\\Project\\smart-parking-system\\backend\\app\\ml\\features\\temporal_features.py"", ""features\\calendar_features.py"", ""features\\feature_pipeline.py"", ""features\\temporal_features.py""]","[""_add_weekday_features"", ""expected_calendar_feature_columns"", ""transform""]","[""\""is_saturday\"""", ""\""is_saturday\"","", ""['\""is_saturday\"",', 'is_saturday', '\""is_saturday\""']"", ""is_saturday""]",[],[],UNKNOWN,Insufficient static evidence for automatic causal approval.,"Feature family could not be established as deterministic calendar, current-state, or historical causal.",False,False,False,False,False,False,False,True,False,MEDIUM,"[""Manual source and timestamp verification required.""]"
is_sunday,other,REQUIRES_CAUSAL_REVIEW,True,"[""C:\\agano\\Oshwal\\docs\\Project\\smart-parking-system\\backend\\app\\ml\\features\\calendar_features.py"", ""C:\\agano\\Oshwal\\docs\\Project\\smart-parking-system\\backend\\app\\ml\\features\\feature_pipeline.py"", ""C:\\agano\\Oshwal\\docs\\Project\\smart-parking-system\\backend\\app\\ml\\features\\temporal_features.py"", ""features\\calendar_features.py"", ""features\\feature_pipeline.py"", ""features\\temporal_features.py""]","[""_add_weekday_features"", ""expected_calendar_feature_columns"", ""transform""]","[""\""is_sunday\"""", ""\""is_sunday\"","", ""['\""is_sunday\"",', 'is_sunday', '\""is_sunday\""']"", ""is_sunday""]",[],[],UNKNOWN,Insufficient static evidence for automatic causal approval.,"Feature family could not be established as deterministic calendar, current-state, or historical causal.",False,False,False,False,False,False,False,True,False,MEDIUM,"[""Manual source and timestamp verification required.""]"
hour_sin,temporal_calendar,PRODUCTION_SAFE,True,"[""C:\\agano\\Oshwal\\docs\\Project\\smart-parking-system\\backend\\app\\ml\\features\\temporal_features.py"", ""features\\temporal_features.py""]","[""_add_cyclical_features"", ""validate_temporal_features""]","[""\""hour_sin\"""", ""\""hour_sin\"","", ""['hour_sin', '\""hour_sin\"",', '\""hour_sin\""']"", ""hour_sin""]",[],[],T,Calendar/time feature derived from T or known calendar state.,Temporal/calendar features are deterministic at T when derived solely from T.,False,False,False,False,False,False,False,False,False,HIGH,[]
hour_cos,temporal_calendar,PRODUCTION_SAFE,True,"[""C:\\agano\\Oshwal\\docs\\Project\\smart-parking-system\\backend\\app\\ml\\features\\temporal_features.py"", ""features\\temporal_features.py""]","[""_add_cyclical_features"", ""validate_temporal_features""]","[""\""hour_cos\"""", ""\""hour_cos\"","", ""['hour_cos', '\""hour_cos\"",', '\""hour_cos\""']"", ""hour_cos""]",[],[],T,Calendar/time feature derived from T or known calendar state.,Temporal/calendar features are deterministic at T when derived solely from T.,False,False,False,False,False,False,False,False,False,HIGH,[]
day_of_week_sin,temporal_calendar,PRODUCTION_SAFE,True,"[""C:\\agano\\Oshwal\\docs\\Project\\smart-parking-system\\backend\\app\\ml\\features\\calendar_features.py"", ""C:\\agano\\Oshwal\\docs\\Project\\smart-parking-system\\backend\\app\\ml\\features\\temporal_features.py"", ""features\\temporal_features.py""]","[""_add_cyclical_features"", ""validate_temporal_features""]","[""\""day_of_week_sin\"""", ""\""day_of_week_sin\"","", ""['\""calendar_day_of_week_sin\"",', 'add(\""calendar_day_of_week_sin\"")', 'day_of_week_sin', '\""day_of_week_sin\"",', '\""day_of_week_sin\""']"", ""day_of_week_sin""]",[],[],T,Calendar/time feature derived from T or known calendar state.,Temporal/calendar features are deterministic at T when derived solely from T.,False,False,False,False,False,False,False,False,False,HIGH,[]
day_of_week_cos,temporal_calendar,PRODUCTION_SAFE,True,"[""C:\\agano\\Oshwal\\docs\\Project\\smart-parking-system\\backend\\app\\ml\\features\\calendar_features.py"", ""C:\\agano\\Oshwal\\docs\\Project\\smart-parking-system\\backend\\app\\ml\\features\\temporal_features.py"", ""features\\temporal_features.py""]","[""_add_cyclical_features"", ""validate_temporal_features""]","[""\""day_of_week_cos\"""", ""\""day_of_week_cos\"","", ""['\""calendar_day_of_week_cos\"",', 'add(\""calendar_day_of_week_cos\"")', 'day_of_week_cos', '\""day_of_week_cos\"",', '\""day_of_week_cos\""']"", ""day_of_week_cos""]",[],[],T,Calendar/time feature derived from T or known calendar state.,Temporal/calendar features are deterministic at T when derived solely from T.,False,False,False,False,False,False,False,False,False,HIGH,[]
day_of_year_sin,temporal_calendar,PRODUCTION_SAFE,True,"[""C:\\agano\\Oshwal\\docs\\Project\\smart-parking-system\\backend\\app\\ml\\features\\calendar_features.py"", ""C:\\agano\\Oshwal\\docs\\Project\\smart-parking-system\\backend\\app\\ml\\features\\temporal_features.py"", ""features\\temporal_features.py""]","[""_add_cyclical_features""]","[""\""day_of_year_sin\"""", ""\""day_of_year_sin\"","", ""['\""calendar_day_of_year_sin\"",', 'add(\""calendar_day_of_year_sin\"")', 'day_of_year_sin', '\""day_of_year_sin\"",', '\""day_of_year_sin\""']"", ""day_of_year_sin""]",[],[],T,Calendar/time feature derived from T or known calendar state.,Temporal/calendar features are deterministic at T when derived solely from T.,False,False,False,False,False,False,False,False,False,HIGH,[]
day_of_year_cos,temporal_calendar,PRODUCTION_SAFE,True,"[""C:\\agano\\Oshwal\\docs\\Project\\smart-parking-system\\backend\\app\\ml\\features\\calendar_features.py"", ""C:\\agano\\Oshwal\\docs\\Project\\smart-parking-system\\backend\\app\\ml\\features\\temporal_features.py"", ""features\\temporal_features.py""]","[""_add_cyclical_features""]","[""\""day_of_year_cos\"""", ""\""day_of_year_cos\"","", ""['\""calendar_day_of_year_cos\"",', 'add(\""calendar_day_of_year_cos\"")', 'day_of_year_cos', '\""day_of_year_cos\"",', '\""day_of_year_cos\""']"", ""day_of_year_cos""]",[],[],T,Calendar/time feature derived from T or known calendar state.,Temporal/calendar features are deterministic at T when derived solely from T.,False,False,False,False,False,False,False,False,False,HIGH,[]
month_sin,temporal_calendar,PRODUCTION_SAFE,True,"[""C:\\agano\\Oshwal\\docs\\Project\\smart-parking-system\\backend\\app\\ml\\features\\calendar_features.py"", ""C:\\agano\\Oshwal\\docs\\Project\\smart-parking-system\\backend\\app\\ml\\features\\temporal_features.py"", ""features\\temporal_features.py""]","[""_add_cyclical_features""]","[""\""month_sin\"""", ""\""month_sin\"","", ""['\""calendar_month_sin\"",', 'add(\""calendar_month_sin\"")', 'month_sin', '\""month_sin\"",', '\""month_sin\""']"", ""month_sin""]",[],[],T,Calendar/time feature derived from T or known calendar state.,Temporal/calendar features are deterministic at T when derived solely from T.,False,False,False,False,False,False,False,False,False,HIGH,[]
month_cos,temporal_calendar,PRODUCTION_SAFE,True,"[""C:\\agano\\Oshwal\\docs\\Project\\smart-parking-system\\backend\\app\\ml\\features\\calendar_features.py"", ""C:\\agano\\Oshwal\\docs\\Project\\smart-parking-system\\backend\\app\\ml\\features\\temporal_features.py"", ""features\\temporal_features.py""]","[""_add_cyclical_features""]","[""\""month_cos\"""", ""\""month_cos\"","", ""['\""calendar_month_cos\"",', 'add(\""calendar_month_cos\"")', 'month_cos', '\""month_cos\"",', '\""month_cos\""']"", ""month_cos""]",[],[],T,Calendar/time feature derived from T or known calendar state.,Temporal/calendar features are deterministic at T when derived solely from T.,False,False,False,False,False,False,False,False,False,HIGH,[]
calendar_year,temporal_calendar,PRODUCTION_SAFE,True,"[""C:\\agano\\Oshwal\\docs\\Project\\smart-parking-system\\backend\\app\\ml\\features\\calendar_features.py"", ""features\\calendar_features.py""]","[""expected_calendar_feature_columns"", ""transform"", ""validate_calendar_features""]","[""\""calendar_year\"","", ""['\""calendar_year\"",', 'add(\""calendar_year\"")']"", ""add(\""calendar_year\"")""]",[],[],T,Calendar/time feature derived from T or known calendar state.,Temporal/calendar features are deterministic at T when derived solely from T.,False,False,False,False,False,False,False,False,False,HIGH,[]
calendar_month,temporal_calendar,PRODUCTION_SAFE,True,"[""C:\\agano\\Oshwal\\docs\\Project\\smart-parking-system\\backend\\app\\ml\\features\\calendar_features.py"", ""features\\calendar_features.py""]","[""expected_calendar_feature_columns"", ""transform"", ""validate_calendar_features""]","[""\""calendar_month\"","", ""['\""calendar_month\"",', '\""calendar_month_sin\"",', '\""calendar_month_cos\"",', 'add(\""calendar_month\"")', 'add(\""calendar_month_sin\"")', 'add(\""calendar_month_cos\"")']"", ""add(\""calendar_month\"")""]",[],[],T,Calendar/time feature derived from T or known calendar state.,Temporal/calendar features are deterministic at T when derived solely from T.,False,False,False,False,False,False,False,False,False,HIGH,[]
calendar_quarter,temporal_calendar,PRODUCTION_SAFE,True,"[""C:\\agano\\Oshwal\\docs\\Project\\smart-parking-system\\backend\\app\\ml\\features\\calendar_features.py"", ""features\\calendar_features.py""]","[""expected_calendar_feature_columns"", ""transform"", ""validate_calendar_features""]","[""\""calendar_quarter\"","", ""['\""calendar_quarter\"",', '\""calendar_quarter_sin\"",', '\""calendar_quarter_cos\"",', 'add(\""calendar_quarter\"")', 'add(\""calendar_quarter_sin\"")', 'add(\""calendar_quarter_cos\"")']"", ""add(\""calendar_quarter\"")""]",[],[],T,Calendar/time feature derived from T or known calendar state.,Temporal/calendar features are deterministic at T when derived solely from T.,False,False,False,False,False,False,False,False,False,HIGH,[]
calendar_week_of_year,temporal_calendar,PRODUCTION_SAFE,True,"[""C:\\agano\\Oshwal\\docs\\Project\\smart-parking-system\\backend\\app\\ml\\features\\calendar_features.py"", ""features\\calendar_features.py""]","[""expected_calendar_feature_columns"", ""transform"", ""validate_calendar_features""]","[""\""calendar_week_of_year\"","", ""['\""calendar_week_of_year\"",', 'add(\""calendar_week_of_year\"")']"", ""add(\""calendar_week_of_year\"")""]",[],[],T,Calendar/time feature derived from T or known calendar state.,Temporal/calendar features are deterministic at T when derived solely from T.,False,False,False,False,False,False,False,False,False,HIGH,[]
calendar_day_of_month,temporal_calendar,PRODUCTION_SAFE,True,"[""C:\\agano\\Oshwal\\docs\\Project\\smart-parking-system\\backend\\app\\ml\\features\\calendar_features.py"", ""features\\calendar_features.py""]","[""expected_calendar_feature_columns"", ""transform"", ""validate_calendar_features""]","[""\""calendar_day_of_month\"","", ""['\""calendar_day_of_month\"",', 'add(\""calendar_day_of_month\"")']"", ""add(\""calendar_day_of_month\"")""]",[],[],T,Calendar/time feature derived from T or known calendar state.,Temporal/calendar features are deterministic at T when derived solely from T.,False,False,False,False,False,False,False,False,False,HIGH,[]
calendar_day_of_year,temporal_calendar,PRODUCTION_SAFE,True,"[""C:\\agano\\Oshwal\\docs\\Project\\smart-parking-system\\backend\\app\\ml\\features\\calendar_features.py"", ""features\\calendar_features.py""]","[""expected_calendar_feature_columns"", ""transform"", ""validate_calendar_features""]","[""\""calendar_day_of_year\"","", ""['\""calendar_day_of_year\"",', '\""calendar_day_of_year_sin\"",', '\""calendar_day_of_year_cos\"",', 'add(\""calendar_day_of_year\"")', 'add(\""calendar_day_of_year_sin\"")', 'add(\""calendar_day_of_year_cos\"")']"", ""add(\""calendar_day_of_year\"")""]",[],[],T,Calendar/time feature derived from T or known calendar state.,Temporal/calendar features are deterministic at T when derived solely from T.,False,False,False,False,False,False,False,False,False,HIGH,[]
calendar_day_of_week,temporal_calendar,PRODUCTION_SAFE,True,"[""C:\\agano\\Oshwal\\docs\\Project\\smart-parking-system\\backend\\app\\ml\\features\\calendar_features.py"", ""features\\calendar_features.py""]","[""expected_calendar_feature_columns"", ""transform"", ""validate_calendar_features""]","[""\""calendar_day_of_week\"","", ""['\""calendar_day_of_week\"",', '\""calendar_day_of_week_sin\"",', '\""calendar_day_of_week_cos\"",', 'add(\""calendar_day_of_week\"")', 'add(\""calendar_day_of_week_sin\"")', 'add(\""calendar_day_of_week_cos\"")']"", ""add(\""calendar_day_of_week\"")""]",[],[],T,Calendar/time feature derived from T or known calendar state.,Temporal/calendar features are deterministic at T when derived solely from T.,False,False,False,False,False,False,False,False,False,HIGH,[]
calendar_week_of_month,temporal_calendar,PRODUCTION_SAFE,True,"[""C:\\agano\\Oshwal\\docs\\Project\\smart-parking-system\\backend\\app\\ml\\features\\calendar_features.py"", ""features\\calendar_features.py""]","[""expected_calendar_feature_columns"", ""transform"", ""validate_calendar_features""]","[""\""calendar_week_of_month\"","", ""['\""calendar_week_of_month\"",', 'add(\""calendar_week_of_month\"")']"", ""add(\""calendar_week_of_month\"")""]",[],[],T,Calendar/time feature derived from T or known calendar state.,Temporal/calendar features are deterministic at T when derived solely from T.,False,False,False,False,False,False,False,False,False,HIGH,[]
calendar_week_of_quarter,temporal_calendar,PRODUCTION_SAFE,True,"[""C:\\agano\\Oshwal\\docs\\Project\\smart-parking-system\\backend\\app\\ml\\features\\calendar_features.py"", ""features\\calendar_features.py""]","[""expected_calendar_feature_columns"", ""transform"", ""validate_calendar_features""]","[""\""calendar_week_of_quarter\"","", ""['\""calendar_week_of_quarter\"",', 'add(\""calendar_week_of_quarter\"")']"", ""add(\""calendar_week_of_quarter\"")""]",[],[],T,Calendar/time feature derived from T or known calendar state.,Temporal/calendar features are deterministic at T when derived solely from T.,False,False,False,False,False,False,False,False,False,HIGH,[]
is_month_start,temporal_calendar,PRODUCTION_SAFE,True,"[""C:\\agano\\Oshwal\\docs\\Project\\smart-parking-system\\backend\\app\\ml\\features\\calendar_features.py"", ""features\\calendar_features.py""]","[""expected_calendar_feature_columns"", ""transform""]","[""\""is_month_start\"","", ""['timestamp.dt.is_month_start', '\""is_month_start\"",', 'add(\""is_month_start\"")']"", ""add(\""is_month_start\"")"", ""timestamp.dt.is_month_start""]",[],[],T,Calendar/time feature derived from T or known calendar state.,Temporal/calendar features are deterministic at T when derived solely from T.,False,False,False,False,False,False,False,False,False,HIGH,[]
is_month_end,temporal_calendar,PRODUCTION_SAFE,True,"[""C:\\agano\\Oshwal\\docs\\Project\\smart-parking-system\\backend\\app\\ml\\features\\calendar_features.py"", ""features\\calendar_features.py""]","[""expected_calendar_feature_columns"", ""transform""]","[""\""is_month_end\"","", ""['timestamp.dt.is_month_end', '\""is_month_end\"",', 'add(\""is_month_end\"")']"", ""add(\""is_month_end\"")"", ""timestamp.dt.is_month_end""]",[],[],T,Calendar/time feature derived from T or known calendar state.,Temporal/calendar features are deterministic at T when derived solely from T.,False,False,False,False,False,False,False,False,False,HIGH,[]
days_to_month_end,temporal_calendar,PRODUCTION_SAFE,True,"[""C:\\agano\\Oshwal\\docs\\Project\\smart-parking-system\\backend\\app\\ml\\features\\calendar_features.py"", ""features\\calendar_features.py""]","[""expected_calendar_feature_columns"", ""transform"", ""validate_calendar_features""]","[""\""days_to_month_end\"","", ""['days_to_month_end = (', '\""days_to_month_end\"",', 'days_to_month_end', 'add(\""days_to_month_end\"")']"", ""add(\""days_to_month_end\"")"", ""days_to_month_end""]",[],[],T,Calendar/time feature derived from T or known calendar state.,Temporal/calendar features are deterministic at T when derived solely from T.,False,False,False,False,False,False,False,False,False,HIGH,[]
is_quarter_start,temporal_calendar,PRODUCTION_SAFE,True,"[""C:\\agano\\Oshwal\\docs\\Project\\smart-parking-system\\backend\\app\\ml\\features\\calendar_features.py"", ""features\\calendar_features.py""]","[""expected_calendar_feature_columns"", ""transform""]","[""\""is_quarter_start\"","", ""['is_quarter_start_month = (', '\""is_quarter_start\"",', '\""is_quarter_start_month\"",', 'is_quarter_start_month', 'add(\""is_quarter_start\"")', 'add(\""is_quarter_start_month\"")']"", ""add(\""is_quarter_start\"")""]",[],[],T,Calendar/time feature derived from T or known calendar state.,Temporal/calendar features are deterministic at T when derived solely from T.,False,False,False,False,False,False,False,False,False,HIGH,[]
is_quarter_end,temporal_calendar,PRODUCTION_SAFE,True,"[""C:\\agano\\Oshwal\\docs\\Project\\smart-parking-system\\backend\\app\\ml\\features\\calendar_features.py"", ""features\\calendar_features.py""]","[""expected_calendar_feature_columns"", ""transform""]","[""\""is_quarter_end\"","", ""['is_quarter_end_month = (', '\""is_quarter_end\"",', '\""is_quarter_end_month\"",', 'is_quarter_end_month', 'add(\""is_quarter_end\"")', 'add(\""is_quarter_end_month\"")']"", ""add(\""is_quarter_end\"")""]",[],[],T,Calendar/time feature derived from T or known calendar state.,Temporal/calendar features are deterministic at T when derived solely from T.,False,False,False,False,False,False,False,False,False,HIGH,[]
is_quarter_start_month,temporal_calendar,PRODUCTION_SAFE,True,"[""C:\\agano\\Oshwal\\docs\\Project\\smart-parking-system\\backend\\app\\ml\\features\\calendar_features.py"", ""features\\calendar_features.py""]","[""expected_calendar_feature_columns"", ""transform""]","[""\""is_quarter_start_month\"","", ""['is_quarter_start_month = (', '\""is_quarter_start_month\"",', 'is_quarter_start_month', 'add(\""is_quarter_start_month\"")']"", ""add(\""is_quarter_start_month\"")"", ""is_quarter_start_month""]",[],[],T,Calendar/time feature derived from T or known calendar state.,Temporal/calendar features are deterministic at T when derived solely from T.,False,False,False,False,False,False,False,False,False,HIGH,[]
is_quarter_end_month,temporal_calendar,PRODUCTION_SAFE,True,"[""C:\\agano\\Oshwal\\docs\\Project\\smart-parking-system\\backend\\app\\ml\\features\\calendar_features.py"", ""features\\calendar_features.py""]","[""expected_calendar_feature_columns"", ""transform""]","[""\""is_quarter_end_month\"","", ""['is_quarter_end_month = (', '\""is_quarter_end_month\"",', 'is_quarter_end_month', 'add(\""is_quarter_end_month\"")']"", ""add(\""is_quarter_end_month\"")"", ""is_quarter_end_month""]",[],[],T,Calendar/time feature derived from T or known calendar state.,Temporal/calendar features are deterministic at T when derived solely from T.,False,False,False,False,False,False,False,False,False,HIGH,[]
is_year_start,temporal_calendar,PRODUCTION_SAFE,True,"[""C:\\agano\\Oshwal\\docs\\Project\\smart-parking-system\\backend\\app\\ml\\features\\calendar_features.py"", ""features\\calendar_features.py""]","[""expected_calendar_feature_columns"", ""transform""]","[""\""is_year_start\"","", ""['is_year_start = (', 'timestamp.dt.is_year_start', '\""is_year_start\"",', 'is_year_start.astype(', 'add(\""is_year_start\"")']"", ""add(\""is_year_start\"")"", ""is_year_start.astype("", ""timestamp.dt.is_year_start""]",[],[],T,Calendar/time feature derived from T or known calendar state.,Temporal/calendar features are deterministic at T when derived solely from T.,False,False,False,False,False,False,False,False,False,HIGH,[]
is_year_end,temporal_calendar,PRODUCTION_SAFE,True,"[""C:\\agano\\Oshwal\\docs\\Project\\smart-parking-system\\backend\\app\\ml\\features\\calendar_features.py"", ""features\\calendar_features.py""]","[""expected_calendar_feature_columns"", ""transform""]","[""\""is_year_end\"","", ""['is_year_end = (', 'timestamp.dt.is_year_end', '\""is_year_end\"",', 'is_year_end.astype(', 'add(\""is_year_end\"")']"", ""add(\""is_year_end\"")"", ""is_year_end.astype("", ""timestamp.dt.is_year_end""]",[],[],T,Calendar/time feature derived from T or known calendar state.,Temporal/calendar features are deterministic at T when derived solely from T.,False,False,False,False,False,False,False,False,False,HIGH,[]
calendar_month_sin,temporal_calendar,PRODUCTION_SAFE,True,"[""C:\\agano\\Oshwal\\docs\\Project\\smart-parking-system\\backend\\app\\ml\\features\\calendar_features.py"", ""features\\calendar_features.py""]","[""expected_calendar_feature_columns"", ""transform""]","[""\""calendar_month_sin\"","", ""['\""calendar_month_sin\"",', 'add(\""calendar_month_sin\"")']"", ""add(\""calendar_month_sin\"")""]",[],[],T,Calendar/time feature derived from T or known calendar state.,Temporal/calendar features are deterministic at T when derived solely from T.,False,False,False,False,False,False,False,False,False,HIGH,[]
calendar_month_cos,temporal_calendar,PRODUCTION_SAFE,True,"[""C:\\agano\\Oshwal\\docs\\Project\\smart-parking-system\\backend\\app\\ml\\features\\calendar_features.py"", ""features\\calendar_features.py""]","[""expected_calendar_feature_columns"", ""transform""]","[""\""calendar_month_cos\"","", ""['\""calendar_month_cos\"",', 'add(\""calendar_month_cos\"")']"", ""add(\""calendar_month_cos\"")""]",[],[],T,Calendar/time feature derived from T or known calendar state.,Temporal/calendar features are deterministic at T when derived solely from T.,False,False,False,False,False,False,False,False,False,HIGH,[]
calendar_day_of_week_sin,temporal_calendar,PRODUCTION_SAFE,True,"[""C:\\agano\\Oshwal\\docs\\Project\\smart-parking-system\\backend\\app\\ml\\features\\calendar_features.py"", ""features\\calendar_features.py""]","[""expected_calendar_feature_columns"", ""transform""]","[""\""calendar_day_of_week_sin\"","", ""['\""calendar_day_of_week_sin\"",', 'add(\""calendar_day_of_week_sin\"")']"", ""add(\""calendar_day_of_week_sin\"")""]",[],[],T,Calendar/time feature derived from T or known calendar state.,Temporal/calendar features are deterministic at T when derived solely from T.,False,False,False,False,False,False,False,False,False,HIGH,[]
calendar_day_of_week_cos,temporal_calendar,PRODUCTION_SAFE,True,"[""C:\\agano\\Oshwal\\docs\\Project\\smart-parking-system\\backend\\app\\ml\\features\\calendar_features.py"", ""features\\calendar_features.py""]","[""expected_calendar_feature_columns"", ""transform""]","[""\""calendar_day_of_week_cos\"","", ""['\""calendar_day_of_week_cos\"",', 'add(\""calendar_day_of_week_cos\"")']"", ""add(\""calendar_day_of_week_cos\"")""]",[],[],T,Calendar/time feature derived from T or known calendar state.,Temporal/calendar features are deterministic at T when derived solely from T.,False,False,False,False,False,False,False,False,False,HIGH,[]
calendar_day_of_year_sin,temporal_calendar,PRODUCTION_SAFE,True,"[""C:\\agano\\Oshwal\\docs\\Project\\smart-parking-system\\backend\\app\\ml\\features\\calendar_features.py"", ""features\\calendar_features.py""]","[""expected_calendar_feature_columns"", ""transform""]","[""\""calendar_day_of_year_sin\"","", ""['\""calendar_day_of_year_sin\"",', 'add(\""calendar_day_of_year_sin\"")']"", ""add(\""calendar_day_of_year_sin\"")""]",[],[],T,Calendar/time feature derived from T or known calendar state.,Temporal/calendar features are deterministic at T when derived solely from T.,False,False,False,False,False,False,False,False,False,HIGH,[]
calendar_day_of_year_cos,temporal_calendar,PRODUCTION_SAFE,True,"[""C:\\agano\\Oshwal\\docs\\Project\\smart-parking-system\\backend\\app\\ml\\features\\calendar_features.py"", ""features\\calendar_features.py""]","[""expected_calendar_feature_columns"", ""transform""]","[""\""calendar_day_of_year_cos\"","", ""['\""calendar_day_of_year_cos\"",', 'add(\""calendar_day_of_year_cos\"")']"", ""add(\""calendar_day_of_year_cos\"")""]",[],[],T,Calendar/time feature derived from T or known calendar state.,Temporal/calendar features are deterministic at T when derived solely from T.,False,False,False,False,False,False,False,False,False,HIGH,[]
calendar_quarter_sin,temporal_calendar,PRODUCTION_SAFE,True,"[""C:\\agano\\Oshwal\\docs\\Project\\smart-parking-system\\backend\\app\\ml\\features\\calendar_features.py"", ""features\\calendar_features.py""]","[""expected_calendar_feature_columns"", ""transform""]","[""\""calendar_quarter_sin\"","", ""['\""calendar_quarter_sin\"",', 'add(\""calendar_quarter_sin\"")']"", ""add(\""calendar_quarter_sin\"")""]",[],[],T,Calendar/time feature derived from T or known calendar state.,Temporal/calendar features are deterministic at T when derived solely from T.,False,False,False,False,False,False,False,False,False,HIGH,[]
calendar_quarter_cos,temporal_calendar,PRODUCTION_SAFE,True,"[""C:\\agano\\Oshwal\\docs\\Project\\smart-parking-system\\backend\\app\\ml\\features\\calendar_features.py"", ""features\\calendar_features.py""]","[""expected_calendar_feature_columns"", ""transform""]","[""\""calendar_quarter_cos\"","", ""['\""calendar_quarter_cos\"",', 'add(\""calendar_quarter_cos\"")']"", ""add(\""calendar_quarter_cos\"")""]",[],[],T,Calendar/time feature derived from T or known calendar state.,Temporal/calendar features are deterministic at T when derived solely from T.,False,False,False,False,False,False,False,False,False,HIGH,[]
capacity_utilization,current_state,PRODUCTION_SAFE_REALTIME_CONTRACT,True,"[""C:\\agano\\Oshwal\\docs\\Project\\smart-parking-system\\backend\\app\\ml\\features\\demand_features.py"", ""C:\\agano\\Oshwal\\docs\\Project\\smart-parking-system\\backend\\app\\ml\\features\\feature_pipeline.py"", ""C:\\agano\\Oshwal\\docs\\Project\\smart-parking-system\\backend\\app\\ml\\features\\occupancy_features.py"", ""features\\demand_features.py"", ""features\\feature_pipeline.py"", ""features\\occupancy_features.py""]","[""expected_demand_feature_columns"", ""transform"", ""validate_demand_features"", ""validate_occupancy_features""]","[""\""capacity_utilization\"""", ""\""capacity_utilization\"","", ""['\""capacity_utilization\"",', '\""capacity_utilization\""', 'capacity_utilization', 'capacity_utilization = (', 'capacity_utilization.clip(', '] = capacity_utilization']"", ""capacity_utilization"", ""capacity_utilization.clip(""]",[],[],T,Current-state feature may be available at prediction timestamp T.,Current-state classification with no feature-level future operation detected.,False,False,False,False,False,False,True,True,False,HIGH,"[""Production requires an explicit realtime source and freshness SLA."", ""Training availability alone does not establish production availability.""]"
availability_rate,current_state,PRODUCTION_SAFE_REALTIME_CONTRACT,True,"[""C:\\agano\\Oshwal\\docs\\Project\\smart-parking-system\\backend\\app\\ml\\data\\dataset_audit.py"", ""C:\\agano\\Oshwal\\docs\\Project\\smart-parking-system\\backend\\app\\ml\\data\\dataset_builder.py"", ""C:\\agano\\Oshwal\\docs\\Project\\smart-parking-system\\backend\\app\\ml\\features\\demand_features.py"", ""C:\\agano\\Oshwal\\docs\\Project\\smart-parking-system\\backend\\app\\ml\\features\\feature_pipeline.py"", ""C:\\agano\\Oshwal\\docs\\Project\\smart-parking-system\\backend\\app\\ml\\features\\lag_features.py"", ""C:\\agano\\Oshwal\\docs\\Project\\smart-parking-system\\backend\\app\\ml\\features\\occupancy_features.py"", ""C:\\agano\\Oshwal\\docs\\Project\\smart-parking-system\\backend\\app\\ml\\features\\rolling_features.py"", ""data\\dataset_builder.py"", ""features\\demand_features.py"", ""features\\feature_pipeline.py"", ""features\\occupancy_features.py""]","[""_build_statistics"", ""expected_demand_feature_columns"", ""transform"", ""validate_demand_features"", ""validate_occupancy_features""]","[""\""availability_rate\"""", ""\""availability_rate\"","", ""['# Target availability columns', 'availability_column: str', 'availability_ratio: float', 'availability_column,', 'availability_column', 'availability_column=(', 'availability_ratio=(', '\""TARGET_AVAILABILITY_MISMATCH\""', 'f\""{availability_column} marks \""', '\""availability_column\"": (', '\""TARGET_VALUE_WITHOUT_AVAILABILITY\""', 'f\""({target.availability_ratio:.2%})\""', '# Availability', '- records target availability', 'availability_rate: float', '# Availability flags.', 'availability_column: str,', '# target availability columns remain authoritative.', 'availability_rate = (', 'availability_rate=(', 'availability_rate', '\""availability_percentage\"": (', 'availability_rate * 100.0', 'availability_columns = [', 'availability_matrix = (', 'availability_columns', 'availability_matrix.sum(', 'low_availability_threshold: float = 0.10', 'critical_availability_threshold: float = 0.05', 'add_availability_pressure: bool = True', '\""low_availability_threshold\"",', 'self.low_availability_threshold,', '\""critical_availability_threshold\"",', 'self.critical_availability_threshold,', 'self.low_availability_threshold', '< self.critical_availability_threshold', '\""critical_availability_threshold \""', '\""must be <= low_availability_threshold.\""', 'low_availability_count: int', 'critical_availability_count: int', 'calculated_availability_rate = (', 'calculated_availability_rate', '# Availability pressure', 'if config.add_availability_pressure:', '\""availability_rate\"",', 'calculated_availability_rate,', 'availability_pressure = (', '- calculated_availability_rate', 'availability_pressure', '\""availability_pressure\"",', 'availability_pressure,', 'low_availability = (', '<= config.low_availability_threshold', 'critical_availability = (', '<= config.critical_availability_threshold', '\""is_low_availability\"",', 'low_availability.astype(', '\""is_critical_availability\"",', 'critical_availability.astype(', 'low_availability_count = int(', 'calculated_availability_rate.notna()', 'critical_availability_count = int(', '\""low_availability\"":', 'config.low_availability_threshold,', '\""critical_availability\"":', 'config.critical_availability_threshold,', 'low_availability_count=', 'low_availability_count,', 'critical_availability_count=', 'critical_availability_count,', '\""availability_rate\""', '\""availability_pressure\""', '\""is_low_availability\""', '\""is_critical_availability\""', 'bounds for availability-related ratios.', 'expected out-of-range availability values are permitted and', '#         availability_rate < 0', '#         availability_pressure > 1', '== \""availability_pressure\""', 'low_availability_threshold=0.10,', 'critical_availability_threshold=0.05,', 'add_availability_pressure=True,', 'DEFAULT_TARGET_AVAILABILITY_COLUMNS = (', 'target_availability_columns: tuple[', 'DEFAULT_TARGET_AVAILABILITY_COLUMNS', 'self.target_availability_columns', '\""target_availability_columns contains duplicates.\""', 'target_availability_count: int', 'target_availability_columns = tuple(', 'config.target_availability_columns', '# These describe target availability/exclusion but are', 'target_availability_columns', 'if availability_columns:', 'availability_frame = (', 'availability_frame.sum(', '\""target_availability_count\"":', 'target_availability_count=', 'target_availability_columns=(', 'result.target_availability_columns', '+ config.target_availability_columns', 'add_availability_features: bool = True', 'lag_availability_feature_count: int', 'availability_columns: tuple[str, ...]', 'availability_columns: list[str] = []', 'availability_name = (', 'availability_series = pd.Series(', '# Availability requires:', 'availability_series.loc[', 'availability_series = (', 'availability_series', '.add_availability_features', 'availability_name', 'availability_columns.append(', '~availability_series', '# Calculate availability statistics.', 'total_availability_features = (', '== total_availability_features', '< total_availability_features', '~availability_matrix', 'lag_availability_feature_count=', 'len(availability_columns),', 'availability_columns=tuple(', 'availability', 'add_availability_features=True,', 'availability_inconsistency_count: int', 'availability_rate.copy()', 'availability_rate.clip(', '] = availability_rate', 'availability_inconsistency_mask = (', 'availability_inconsistency_count = int(', 'availability_inconsistency_mask.sum()', '& ~availability_inconsistency_mask', 'availability_inconsistency_count=(', 'availability_inconsistency_count', 'Additional availability indicators are generated so that', 'add_availability_flags: bool = True', 'rolling_availability_feature_count: int', 'if self._config.add_availability_flags:', 'rolling_availability_feature_count=len(', 'if config.add_availability_flags:']"", ""availability_rate"", ""availability_rate.clip("", ""availability_rate.copy()"", ""availability_rate: float"", ""availability_rate=(""]",[],[],T,Current-state feature may be available at prediction timestamp T.,Current-state classification with no feature-level future operation detected.,False,False,False,False,False,False,True,True,False,HIGH,"[""Production requires an explicit realtime source and freshness SLA."", ""Training availability alone does not establish production availability.""]"
occupied_ratio,current_state,PRODUCTION_SAFE_REALTIME_CONTRACT,True,"[""C:\\agano\\Oshwal\\docs\\Project\\smart-parking-system\\backend\\app\\ml\\data\\dataset_audit.py"", ""C:\\agano\\Oshwal\\docs\\Project\\smart-parking-system\\backend\\app\\ml\\data\\dataset_builder.py"", ""C:\\agano\\Oshwal\\docs\\Project\\smart-parking-system\\backend\\app\\ml\\data\\temporal.py"", ""C:\\agano\\Oshwal\\docs\\Project\\smart-parking-system\\backend\\app\\ml\\data\\temporal_normalizer.py"", ""C:\\agano\\Oshwal\\docs\\Project\\smart-parking-system\\backend\\app\\ml\\data\\transformers.py"", ""C:\\agano\\Oshwal\\docs\\Project\\smart-parking-system\\backend\\app\\ml\\data\\validators.py"", ""C:\\agano\\Oshwal\\docs\\Project\\smart-parking-system\\backend\\app\\ml\\features\\demand_features.py"", ""C:\\agano\\Oshwal\\docs\\Project\\smart-parking-system\\backend\\app\\ml\\features\\feature_pipeline.py"", ""C:\\agano\\Oshwal\\docs\\Project\\smart-parking-system\\backend\\app\\ml\\features\\lag_features.py"", ""C:\\agano\\Oshwal\\docs\\Project\\smart-parking-system\\backend\\app\\ml\\features\\occupancy_features.py"", ""C:\\agano\\Oshwal\\docs\\Project\\smart-parking-system\\backend\\app\\ml\\features\\rolling_features.py"", ""features\\occupancy_features.py""]","[""transform"", ""validate_occupancy_features""]","[""\""occupied_ratio\"""", ""\""occupied_ratio\"","", ""['OCCUPIED_SPACES_COLUMN = \""occupied_spaces\""', '\""OCCUPIED_SPACES_COLUMN\"",', 'OCCUPANCY_COLUMN = \""occupied_spaces\""', 'OCCUPIED_SPACES_COLUMN,', 'OCCUPIED_SPACES_COLUMN', 'occupied_spaces', 'OCCUPIED_SPACES = \""occupied_spaces\""', 'CanonicalColumn.OCCUPIED_SPACES.value,', 'CanonicalColumn.OCCUPIED_SPACES.value', 'occupied_spaces / total_spaces', 'occupied / capacity', 'Occupied spaces.', 'DEFAULT_OCCUPIED_SPACES_COLUMN = (', '\""occupied_spaces\""', 'occupied_spaces_column: str = (', 'DEFAULT_OCCUPIED_SPACES_COLUMN', 'if not self.occupied_spaces_column:', '\""occupied_spaces_column cannot be empty.\""', 'negative_occupied_count: int', 'occupied_spaces = _numeric_series(', 'config.occupied_spaces_column,', 'negative_occupied = (', 'occupied_spaces < 0', '& occupied_spaces.notna()', '#   occupied + available = capacity', '# independently calculated occupied/capacity ratio.', '"", ""negative_occupied', 'negative_occupied_count=', 'negative_occupied.sum()', '.occupied_spaces_column,', '#     permitted, because occupied_spaces > total_spaces', '#     occupied_spaces > total_spaces', 'occupied_column = (', 'config.occupied_spaces_column', 'occupied_column', 'occupied_values = pd.to_numeric(', 'occupied_values.notna()', 'occupied_values', 'f\""does not agree with occupied/capacity \""', 'occupied_spaces_column=(', '\""occupied_spaces\"",', '\""occupied_spaces\"": [', 'occupied_ratio', 'DEFAULT_OCCUPIED_SPACES_COLUMN = \""occupied_spaces\""', '\""occupied_ratio\"",', 'occupied_spaces_column:', 'Column containing currently occupied spaces.', 'Whether to calculate occupancy rate from occupied/capacity', 'occupancy_rate and occupied_spaces / total_spaces.', 'self.occupied_spaces_column,', 'invalid_occupied_spaces_count: int', 'occupied_spaces = self._to_numeric(', 'self._config.occupied_spaces_column', 'invalid_occupied_spaces_count = int(', 'occupied_spaces.isna().sum()', '] = occupied_spaces', 'occupied_spaces,', 'occupied_ratio = (', 'occupied_ratio.clip(', '\""occupied_ratio\""', '] = occupied_ratio', '& (occupied_spaces >= 0)', 'invalid_occupied_spaces_count=(', 'invalid_occupied_spaces_count', 'self._config.occupied_spaces_column,', 'occupied = pd.to_numeric(', 'dataframe[\""occupied_spaces\""],', 'occupied', '\""occupied_spaces + available_spaces \""', 'occupied < 0', 'if negative_occupied.any():', '\""occupied_spaces contains negative values.\""', 'occupied > total', '\""occupied_spaces exceeds total_spaces \""', '\""DEFAULT_OCCUPIED_SPACES_COLUMN\"",']"", ""occupied_ratio"", ""occupied_ratio.clip(""]",[],[],T,Current-state feature may be available at prediction timestamp T.,Current-state classification with no feature-level future operation detected.,False,False,False,False,False,False,True,True,False,HIGH,"[""Production requires an explicit realtime source and freshness SLA."", ""Training availability alone does not establish production availability.""]"
available_ratio,current_state,PRODUCTION_SAFE_REALTIME_CONTRACT,True,"[""C:\\agano\\Oshwal\\docs\\Project\\smart-parking-system\\backend\\app\\ml\\data\\dataset_audit.py"", ""C:\\agano\\Oshwal\\docs\\Project\\smart-parking-system\\backend\\app\\ml\\data\\dataset_builder.py"", ""C:\\agano\\Oshwal\\docs\\Project\\smart-parking-system\\backend\\app\\ml\\data\\loaders.py"", ""C:\\agano\\Oshwal\\docs\\Project\\smart-parking-system\\backend\\app\\ml\\data\\sources\\local\\csv.py"", ""C:\\agano\\Oshwal\\docs\\Project\\smart-parking-system\\backend\\app\\ml\\data\\temporal_normalizer.py"", ""C:\\agano\\Oshwal\\docs\\Project\\smart-parking-system\\backend\\app\\ml\\data\\transformers.py"", ""C:\\agano\\Oshwal\\docs\\Project\\smart-parking-system\\backend\\app\\ml\\features\\demand_features.py"", ""C:\\agano\\Oshwal\\docs\\Project\\smart-parking-system\\backend\\app\\ml\\features\\feature_pipeline.py"", ""C:\\agano\\Oshwal\\docs\\Project\\smart-parking-system\\backend\\app\\ml\\features\\lag_features.py"", ""C:\\agano\\Oshwal\\docs\\Project\\smart-parking-system\\backend\\app\\ml\\features\\occupancy_features.py"", ""C:\\agano\\Oshwal\\docs\\Project\\smart-parking-system\\backend\\app\\ml\\features\\rolling_features.py"", ""C:\\agano\\Oshwal\\docs\\Project\\smart-parking-system\\backend\\app\\ml\\ml_models\\baseline_model.py"", ""features\\occupancy_features.py""]","[""transform"", ""validate_occupancy_features""]","[""\""available_ratio\"""", ""\""available_ratio\"","", ""['- Why are targets unavailable?', 'AVAILABLE_SPACES_COLUMN = \""available_spaces\""', 'TARGET_30M_AVAILABLE_COLUMN = (', '\""target_30m_available\""', 'TARGET_1H_AVAILABLE_COLUMN = (', '\""target_1h_available\""', 'TARGET_2H_AVAILABLE_COLUMN = (', '\""target_2h_available\""', 'TARGET_TOMORROW_MORNING_AVAILABLE_COLUMN = (', '\""target_tomorrow_morning_available\""', 'available_count: int', 'unavailable_count: int', 'TARGET_30M_AVAILABLE_COLUMN,', 'TARGET_1H_AVAILABLE_COLUMN,', 'TARGET_2H_AVAILABLE_COLUMN,', 'TARGET_TOMORROW_MORNING_AVAILABLE_COLUMN,', 'TARGET_30M_AVAILABLE_COLUMN', 'TARGET_1H_AVAILABLE_COLUMN', 'TARGET_2H_AVAILABLE_COLUMN', 'TARGET_TOMORROW_MORNING_AVAILABLE_COLUMN', 'available = (', 'available,', 'available_count = int(', 'available.sum()', 'unavailable_count = (', '- available_count', 'available_count / total', 'available_count=(', 'available_count', 'unavailable_count=(', 'unavailable_count', '\""available\"": (', 'inconsistent_available = int(', 'available', 'inconsistent_unavailable = int(', '~available', 'if inconsistent_available:', 'f\""{inconsistent_available} rows \""', '\""as available although the target \""', 'inconsistent_available', 'if inconsistent_unavailable:', 'f\""{inconsistent_unavailable} \""', '\""values marked as unavailable.\""', 'inconsistent_unavailable', '\""are available.\""', 'f\""{target.available_count:8,d} / \""', '\""AVAILABLE_SPACES_COLUMN\"",', '\""TARGET_30M_AVAILABLE_COLUMN\"",', '\""TARGET_1H_AVAILABLE_COLUMN\"",', '\""TARGET_2H_AVAILABLE_COLUMN\"",', '\""TARGET_TOMORROW_MORNING_AVAILABLE_COLUMN\"",', 'TOMORROW_MORNING_UNAVAILABLE = (', '\""TOMORROW_MORNING_UNAVAILABLE\""', 'available_targets: int', 'unavailable_targets: int', 'target_30m_available: int', 'target_1h_available: int', 'target_2h_available: int', 'target_tomorrow_morning_available: int', '# available.', '# Current observation unavailable.', '# Future observation unavailable.', 'target_available = (', 'target_available,', 'target_available', '# Mark unavailable tomorrow-morning targets.', 'unavailable = (', '& ~target_available', 'unavailable,', '.TOMORROW_MORNING_UNAVAILABLE', 'available_targets=(', 'unavailable_targets=(', 'available_target_count = (', 'available_target_count.eq(', 'available_target_count.gt(0)', '& available_target_count.lt(', 'available_target_count.eq(0).sum()', 'target_30m_available=int(', 'target_1h_available=int(', 'target_2h_available=int(', 'target_tomorrow_morning_available=int(', 'Registry of available source-family loaders.', 'def available_sources(', 'Return the names of available local datasets.', 'AVAILABLE_SPACES_COLUMN,', 'available_columns = [', 'available_columns', 'available_spaces', 'AVAILABLE_SPACES = \""available_spaces\""', 'CanonicalColumn.AVAILABLE_SPACES.value,', '# Available spaces', 'CanonicalColumn.AVAILABLE_SPACES.value', 'DEFAULT_AVAILABLE_SPACES_COLUMN = (', '\""available_spaces\""', 'available_spaces_column: str = (', 'DEFAULT_AVAILABLE_SPACES_COLUMN', 'if not self.available_spaces_column:', '\""available_spaces_column cannot be empty.\""', 'negative_available_count: int', 'available_spaces = _numeric_series(', 'config.available_spaces_column,', 'negative_available = (', 'available_spaces < 0', '#   occupied + available = capacity', '& available_spaces.notna()', '+ available_spaces', '"", ""available_ratio"", ""available_ratio.clip("", ""available_ratio.copy()"", ""negative_available', 'negative_available_count=', 'negative_available.sum()', '.available_spaces_column,', 'available_spaces_column=(', '\""target_30m_available\"",', '\""target_1h_available\"",', '\""target_2h_available\"",', '\""target_tomorrow_morning_available\"",', '\""available_spaces\"",', 'target_available_count = (', 'target_available_count', '\""available_spaces\"": [', '\""target_30m_available\"": [', '\""target_1h_available\"": [', '\""target_2h_available\"": [', '\""target_tomorrow_morning_available\"": [', '# when available.', 'unavailable_lag_values: int', 'fully_available_rows: int', 'partially_available_rows: int', 'f\""_lag_{label}_available\""', '# remains unavailable.', '] = available.astype(', 'available_per_row = (', 'fully_available_rows = int(', 'available_per_row', 'partially_available_rows = int(', '(available_per_row > 0)', 'unavailable_lag_values = int(', 'fully_available_rows = 0', 'partially_available_rows = 0', 'unavailable_lag_values = 0', 'unavailable_lag_values=', 'unavailable_lag_values,', 'fully_available_rows=', 'fully_available_rows,', 'partially_available_rows=', 'partially_available_rows,', '\""_available\""', 'available_ratio', 'DEFAULT_AVAILABLE_SPACES_COLUMN = \""available_spaces\""', '\""available_ratio\"",', 'available_spaces_column:', 'Column containing currently available spaces.', 'self.available_spaces_column,', 'invalid_available_spaces_count: int', 'available_spaces = self._to_numeric(', 'self._config.available_spaces_column', 'invalid_available_spaces_count = int(', 'available_spaces.isna().sum()', '] = available_spaces', 'available_spaces,', 'available_ratio = (', 'available_ratio.copy()', 'available_ratio.clip(', '\""available_ratio\""', '] = available_ratio', '# Do not count cases where either side is unavailable.', '& (available_spaces >= 0)', 'invalid_available_spaces_count=(', 'invalid_available_spaces_count', 'self._config.available_spaces_column,', 'available = pd.to_numeric(', 'dataframe[\""available_spaces\""],', '+ available', '\""occupied_spaces + available_spaces \""', '\""DEFAULT_AVAILABLE_SPACES_COLUMN\"",', 'understand how much actual historical data was available.', 'available_name = (', 'f\""_roll_{label}_available\""', 'available_name', 'Predicts using the most recent observed target/input value available', '\""Seasonal-naive history is unavailable.\""']""]",[],[],T,Current-state feature may be available at prediction timestamp T.,Current-state classification with no feature-level future operation detected.,False,False,False,False,False,False,True,True,False,HIGH,"[""Production requires an explicit realtime source and freshness SLA."", ""Training availability alone does not establish production availability.""]"
vacancy_ratio,current_state,PRODUCTION_SAFE_REALTIME_CONTRACT,True,"[""C:\\agano\\Oshwal\\docs\\Project\\smart-parking-system\\backend\\app\\ml\\features\\occupancy_features.py"", ""features\\occupancy_features.py""]","[""transform"", ""validate_occupancy_features""]","[""\""vacancy_ratio\"""", ""\""vacancy_ratio\"","", ""['vacancy_ratio', '\""vacancy_ratio\"",', 'vacancy_ratio = (', 'vacancy_ratio.clip(', '\""vacancy_ratio\""', '] = vacancy_ratio']"", ""vacancy_ratio"", ""vacancy_ratio.clip(""]",[],[],T,Current-state feature may be available at prediction timestamp T.,Current-state classification with no feature-level future operation detected.,False,False,False,False,False,False,True,True,False,HIGH,"[""Production requires an explicit realtime source and freshness SLA."", ""Training availability alone does not establish production availability.""]"
occupancy_level,current_state,PRODUCTION_SAFE_REALTIME_CONTRACT,True,"[""C:\\agano\\Oshwal\\docs\\Project\\smart-parking-system\\backend\\app\\ml\\features\\occupancy_features.py"", ""C:\\agano\\Oshwal\\docs\\Project\\smart-parking-system\\backend\\app\\ml\\ml_models\\xgboost_model.py"", ""features\\occupancy_features.py"", ""ml_models\\xgboost_model.py""]","[""transform"", ""validate_occupancy_features""]","[""\""occupancy_level\"""", ""\""occupancy_level\"","", ""['occupancy_level', '\""occupancy_level\"",', '\""occupancy_level\""', '- occupancy_level']"", ""occupancy_level""]",[],[],T,Current-state feature may be available at prediction timestamp T.,Current-state classification with no feature-level future operation detected.,False,False,False,False,False,False,True,True,False,HIGH,"[""Production requires an explicit realtime source and freshness SLA."", ""Training availability alone does not establish production availability.""]"
is_empty,current_state,PRODUCTION_SAFE_REALTIME_CONTRACT,True,"[""C:\\agano\\Oshwal\\docs\\Project\\smart-parking-system\\backend\\app\\ml\\features\\occupancy_features.py"", ""features\\occupancy_features.py""]","[""transform""]","[""\""is_empty\"""", ""\""is_empty\"","", ""['is_empty', '\""is_empty\"",', '\""is_empty\""']"", ""is_empty""]",[],[],T,Current-state feature may be available at prediction timestamp T.,Current-state classification with no feature-level future operation detected.,False,False,False,False,False,False,True,True,False,HIGH,"[""Production requires an explicit realtime source and freshness SLA."", ""Training availability alone does not establish production availability.""]"
is_low_occupancy,other,REQUIRES_CAUSAL_REVIEW,True,"[""C:\\agano\\Oshwal\\docs\\Project\\smart-parking-system\\backend\\app\\ml\\features\\occupancy_features.py"", ""features\\occupancy_features.py""]","[""transform""]","[""\""is_low_occupancy\"""", ""\""is_low_occupancy\"","", ""['is_low_occupancy', '\""is_low_occupancy\"",', '\""is_low_occupancy\""']"", ""is_low_occupancy""]",[],[],UNKNOWN,Insufficient static evidence for automatic causal approval.,"Feature family could not be established as deterministic calendar, current-state, or historical causal.",False,False,False,False,False,False,False,True,False,MEDIUM,"[""Manual source and timestamp verification required.""]"
is_moderate_occupancy,other,REQUIRES_CAUSAL_REVIEW,True,"[""C:\\agano\\Oshwal\\docs\\Project\\smart-parking-system\\backend\\app\\ml\\features\\occupancy_features.py"", ""features\\occupancy_features.py""]","[""transform""]","[""\""is_moderate_occupancy\"""", ""\""is_moderate_occupancy\"","", ""['is_moderate_occupancy', '\""is_moderate_occupancy\"",', '\""is_moderate_occupancy\""']"", ""is_moderate_occupancy""]",[],[],UNKNOWN,Insufficient static evidence for automatic causal approval.,"Feature family could not be established as deterministic calendar, current-state, or historical causal.",False,False,False,False,False,False,False,True,False,MEDIUM,"[""Manual source and timestamp verification required.""]"
is_high_occupancy,other,REQUIRES_CAUSAL_REVIEW,True,"[""C:\\agano\\Oshwal\\docs\\Project\\smart-parking-system\\backend\\app\\ml\\features\\occupancy_features.py"", ""features\\occupancy_features.py""]","[""transform""]","[""\""is_high_occupancy\"""", ""\""is_high_occupancy\"","", ""['is_high_occupancy', '\""is_high_occupancy\"",', '\""is_high_occupancy\""']"", ""is_high_occupancy""]",[],[],UNKNOWN,Insufficient static evidence for automatic causal approval.,"Feature family could not be established as deterministic calendar, current-state, or historical causal.",False,False,False,False,False,False,False,True,False,MEDIUM,"[""Manual source and timestamp verification required.""]"
is_near_full,current_state,PRODUCTION_SAFE_REALTIME_CONTRACT,True,"[""C:\\agano\\Oshwal\\docs\\Project\\smart-parking-system\\backend\\app\\ml\\features\\demand_features.py"", ""C:\\agano\\Oshwal\\docs\\Project\\smart-parking-system\\backend\\app\\ml\\features\\feature_pipeline.py"", ""C:\\agano\\Oshwal\\docs\\Project\\smart-parking-system\\backend\\app\\ml\\features\\occupancy_features.py"", ""features\\demand_features.py"", ""features\\feature_pipeline.py"", ""features\\occupancy_features.py""]","[""expected_demand_feature_columns"", ""transform""]","[""\""is_near_full\"""", ""\""is_near_full\"","", ""['\""is_near_full\"",', '\""is_near_full\""', 'is_near_full']"", ""is_near_full""]",[],[],T,Current-state feature may be available at prediction timestamp T.,Current-state classification with no feature-level future operation detected.,False,False,False,False,False,False,True,True,False,HIGH,"[""Production requires an explicit realtime source and freshness SLA."", ""Training availability alone does not establish production availability.""]"
occupancy_capacity_difference,other,REQUIRES_CAUSAL_REVIEW,True,"[""C:\\agano\\Oshwal\\docs\\Project\\smart-parking-system\\backend\\app\\ml\\features\\occupancy_features.py"", ""features\\occupancy_features.py""]","[""transform""]","[""\""occupancy_capacity_difference\"""", ""\""occupancy_capacity_difference\"","", ""['occupancy_capacity_difference', '\""occupancy_capacity_difference\"",', 'occupancy_capacity_difference = (', '\""occupancy_capacity_difference\""']"", ""occupancy_capacity_difference""]",[],[],UNKNOWN,Insufficient static evidence for automatic causal approval.,"Feature family could not be established as deterministic calendar, current-state, or historical causal.",False,False,False,False,False,False,False,True,False,MEDIUM,"[""Manual source and timestamp verification required.""]"
occupancy_within_capacity,other,REQUIRES_CAUSAL_REVIEW,True,"[""C:\\agano\\Oshwal\\docs\\Project\\smart-parking-system\\backend\\app\\ml\\features\\occupancy_features.py"", ""features\\occupancy_features.py""]","[""transform""]","[""\""occupancy_within_capacity\"""", ""\""occupancy_within_capacity\"","", ""['occupancy_within_capacity', '\""occupancy_within_capacity\"",', '\""occupancy_within_capacity\""']"", ""occupancy_within_capacity""]",[],[],UNKNOWN,Insufficient static evidence for automatic causal approval.,"Feature family could not be established as deterministic calendar, current-state, or historical causal.",False,False,False,False,False,False,False,True,False,MEDIUM,"[""Manual source and timestamp verification required.""]"
occupancy_state_valid,other,REQUIRES_CAUSAL_REVIEW,True,"[""C:\\agano\\Oshwal\\docs\\Project\\smart-parking-system\\backend\\app\\ml\\features\\occupancy_features.py"", ""features\\occupancy_features.py""]","[""transform""]","[""\""occupancy_state_valid\"""", ""\""occupancy_state_valid\"","", ""['occupancy_state_valid', '\""occupancy_state_valid\"",', '\""occupancy_state_valid\""']"", ""occupancy_state_valid""]",[],[],UNKNOWN,Insufficient static evidence for automatic causal approval.,"Feature family could not be established as deterministic calendar, current-state, or historical causal.",False,False,False,False,False,False,False,True,False,MEDIUM,"[""Manual source and timestamp verification required.""]"
demand_level,current_state,PRODUCTION_SAFE_REALTIME_CONTRACT,True,"[""C:\\agano\\Oshwal\\docs\\Project\\smart-parking-system\\backend\\app\\ml\\features\\demand_features.py"", ""features\\demand_features.py""]","[""expected_demand_feature_columns"", ""transform"", ""validate_demand_features""]","[""\""demand_level\"""", ""\""demand_level\"","", ""['add_demand_level: bool = True', 'if config.add_demand_level:', '\""demand_level\"",', '\""calculated_demand_level\"",', 'demand_level_code = (', 'demand_level_code.loc[', 'demand_level_code,', '\""demand_level\""', '\""calculated_demand_level\""', 'add_demand_level=True,']""]",[],[],T,Current-state feature may be available at prediction timestamp T.,Current-state classification with no feature-level future operation detected.,False,False,False,False,False,False,True,True,False,HIGH,"[""Production requires an explicit realtime source and freshness SLA."", ""Training availability alone does not establish production availability.""]"
calculated_demand_level,current_state,PRODUCTION_SAFE_REALTIME_CONTRACT,True,"[""C:\\agano\\Oshwal\\docs\\Project\\smart-parking-system\\backend\\app\\ml\\features\\demand_features.py"", ""features\\demand_features.py""]","[""expected_demand_feature_columns"", ""transform"", ""validate_demand_features""]","[""\""calculated_demand_level\"""", ""\""calculated_demand_level\"","", ""['\""calculated_demand_level\"",', '\""calculated_demand_level\""']""]",[],[],T,Current-state feature may be available at prediction timestamp T.,Current-state classification with no feature-level future operation detected.,False,False,False,False,False,False,True,True,False,HIGH,"[""Production requires an explicit realtime source and freshness SLA."", ""Training availability alone does not establish production availability.""]"
demand_pressure,current_state,PRODUCTION_SAFE_REALTIME_CONTRACT,True,"[""C:\\agano\\Oshwal\\docs\\Project\\smart-parking-system\\backend\\app\\ml\\features\\demand_features.py"", ""features\\demand_features.py""]","[""expected_demand_feature_columns"", ""transform"", ""validate_demand_features""]","[""\""demand_pressure\"""", ""\""demand_pressure\"","", ""['add_demand_pressure: bool = True', 'if config.add_demand_pressure:', '\""demand_pressure\"",', '\""demand_pressure\""', 'add_demand_pressure=True,']""]",[],[],T,Current-state feature may be available at prediction timestamp T.,Current-state classification with no feature-level future operation detected.,False,False,False,False,False,False,True,True,False,HIGH,"[""Production requires an explicit realtime source and freshness SLA."", ""Training availability alone does not establish production availability.""]"
demand_excess_pressure,other,REQUIRES_CAUSAL_REVIEW,True,"[""C:\\agano\\Oshwal\\docs\\Project\\smart-parking-system\\backend\\app\\ml\\features\\demand_features.py"", ""features\\demand_features.py""]","[""expected_demand_feature_columns"", ""transform"", ""validate_demand_features""]","[""\""demand_excess_pressure\"""", ""\""demand_excess_pressure\"","", ""['\""demand_excess_pressure\"",', '\""demand_excess_pressure\""']""]",[],[],UNKNOWN,Insufficient static evidence for automatic causal approval.,"Feature family could not be established as deterministic calendar, current-state, or historical causal.",False,False,False,False,False,False,False,True,False,MEDIUM,"[""Manual source and timestamp verification required.""]"
remaining_capacity_ratio,other,REQUIRES_CAUSAL_REVIEW,True,"[""C:\\agano\\Oshwal\\docs\\Project\\smart-parking-system\\backend\\app\\ml\\features\\demand_features.py"", ""features\\demand_features.py""]","[""expected_demand_feature_columns"", ""transform"", ""validate_demand_features""]","[""\""remaining_capacity_ratio\"""", ""\""remaining_capacity_ratio\"","", ""['\""remaining_capacity_ratio\"",', '\""remaining_capacity_ratio\""', '#         remaining_capacity_ratio < 0']""]",[],[],UNKNOWN,Insufficient static evidence for automatic causal approval.,"Feature family could not be established as deterministic calendar, current-state, or historical causal.",False,False,False,False,False,False,False,True,False,MEDIUM,"[""Manual source and timestamp verification required.""]"
availability_pressure,other,REQUIRES_CAUSAL_REVIEW,True,"[""C:\\agano\\Oshwal\\docs\\Project\\smart-parking-system\\backend\\app\\ml\\features\\demand_features.py"", ""features\\demand_features.py""]","[""expected_demand_feature_columns"", ""transform"", ""validate_demand_features""]","[""\""availability_pressure\"""", ""\""availability_pressure\"","", ""== \""availability_pressure\"""", ""['add_availability_pressure: bool = True', 'if config.add_availability_pressure:', 'availability_pressure = (', 'availability_pressure', '\""availability_pressure\"",', 'availability_pressure,', '\""availability_pressure\""', '#         availability_pressure > 1', '== \""availability_pressure\""', 'add_availability_pressure=True,']"", ""availability_pressure"", ""availability_pressure,""]",[],[],UNKNOWN,Insufficient static evidence for automatic causal approval.,"Feature family could not be established as deterministic calendar, current-state, or historical causal.",False,False,False,False,False,False,False,True,False,MEDIUM,"[""Manual source and timestamp verification required.""]"
is_low_availability,current_state,PRODUCTION_SAFE_REALTIME_CONTRACT,True,"[""C:\\agano\\Oshwal\\docs\\Project\\smart-parking-system\\backend\\app\\ml\\features\\demand_features.py"", ""features\\demand_features.py""]","[""expected_demand_feature_columns"", ""transform""]","[""\""is_low_availability\"""", ""\""is_low_availability\"","", ""['\""is_low_availability\"",', '\""is_low_availability\""']""]",[],[],T,Current-state feature may be available at prediction timestamp T.,Current-state classification with no feature-level future operation detected.,False,False,False,False,False,False,True,True,False,HIGH,"[""Production requires an explicit realtime source and freshness SLA."", ""Training availability alone does not establish production availability.""]"
is_critical_availability,current_state,PRODUCTION_SAFE_REALTIME_CONTRACT,True,"[""C:\\agano\\Oshwal\\docs\\Project\\smart-parking-system\\backend\\app\\ml\\features\\demand_features.py"", ""features\\demand_features.py""]","[""expected_demand_feature_columns"", ""transform""]","[""\""is_critical_availability\"""", ""\""is_critical_availability\"","", ""['\""is_critical_availability\"",', '\""is_critical_availability\""']""]",[],[],T,Current-state feature may be available at prediction timestamp T.,Current-state classification with no feature-level future operation detected.,False,False,False,False,False,False,True,True,False,HIGH,"[""Production requires an explicit realtime source and freshness SLA."", ""Training availability alone does not establish production availability.""]"
is_full,current_state,PRODUCTION_SAFE_REALTIME_CONTRACT,True,"[""C:\\agano\\Oshwal\\docs\\Project\\smart-parking-system\\backend\\app\\ml\\features\\demand_features.py"", ""features\\demand_features.py""]","[""expected_demand_feature_columns"", ""transform""]","[""\""is_full\"""", ""\""is_full\"","", ""['\""is_full\"",', '\""is_full\""']""]",[],[],T,Current-state feature may be available at prediction timestamp T.,Current-state classification with no feature-level future operation detected.,False,False,False,False,False,False,True,True,False,HIGH,"[""Production requires an explicit realtime source and freshness SLA."", ""Training availability alone does not establish production availability.""]"
is_zero_capacity,other,REQUIRES_CAUSAL_REVIEW,True,"[""C:\\agano\\Oshwal\\docs\\Project\\smart-parking-system\\backend\\app\\ml\\features\\demand_features.py"", ""features\\demand_features.py""]","[""expected_demand_feature_columns"", ""transform""]","[""\""is_zero_capacity\"""", ""\""is_zero_capacity\"","", ""['\""is_zero_capacity\"",', '\""is_zero_capacity\""']""]",[],[],UNKNOWN,Insufficient static evidence for automatic causal approval.,"Feature family could not be established as deterministic calendar, current-state, or historical causal.",False,False,False,False,False,False,False,True,False,MEDIUM,"[""Manual source and timestamp verification required.""]"
is_capacity_exceeded,current_state,PRODUCTION_SAFE_REALTIME_CONTRACT,True,"[""C:\\agano\\Oshwal\\docs\\Project\\smart-parking-system\\backend\\app\\ml\\features\\demand_features.py"", ""features\\demand_features.py""]","[""expected_demand_feature_columns"", ""transform"", ""validate_demand_features""]","[""\""is_capacity_exceeded\"""", ""\""is_capacity_exceeded\"","", ""['\""is_capacity_exceeded\"",', '\""is_capacity_exceeded\""']""]",[],[],T,Current-state feature may be available at prediction timestamp T.,Current-state classification with no feature-level future operation detected.,False,False,False,False,False,False,True,True,False,HIGH,"[""Production requires an explicit realtime source and freshness SLA."", ""Training availability alone does not establish production availability.""]"
demand_class,current_state,PRODUCTION_SAFE_REALTIME_CONTRACT,True,"[""C:\\agano\\Oshwal\\docs\\Project\\smart-parking-system\\backend\\app\\ml\\features\\demand_features.py"", ""C:\\agano\\Oshwal\\docs\\Project\\smart-parking-system\\backend\\app\\ml\\ml_models\\xgboost_model.py"", ""features\\demand_features.py"", ""ml_models\\xgboost_model.py""]","[""expected_demand_feature_columns"", ""transform"", ""validate_demand_features""]","[""\""demand_class\"""", ""\""demand_class\"","", ""['add_demand_classification: bool = True', 'missing_demand_classification_count: int', 'if config.add_demand_classification:', 'demand_class = pd.Series(', 'demand_class.loc[', '\""demand_class\"",', 'demand_class,', 'demand_class.eq(\""LOW\"")', 'demand_class.eq(\""MODERATE\"")', 'demand_class.eq(\""HIGH\"")', 'demand_class.eq(\""VERY_HIGH\"")', 'demand_class.eq(\""CRITICAL\"")', 'demand_class.eq(', '\""demand_class_code\"",', 'missing_demand_classification_count = int(', 'missing_demand_classification_count=', 'missing_demand_classification_count,', '\""demand_class\""', '\""demand_class_code\""', '\""have demand_class=\\'CAPACITY_EXCEEDED\\'. \""', 'add_demand_classification=True,', '- demand_class']"", ""demand_class,"", ""demand_class.eq("", ""demand_class.eq(\""CRITICAL\"")"", ""demand_class.eq(\""HIGH\"")"", ""demand_class.eq(\""LOW\"")"", ""demand_class.eq(\""MODERATE\"")"", ""demand_class.eq(\""VERY_HIGH\"")"", ""demand_class.loc[""]","[""CRITICAL"", ""HIGH"", ""LOW"", ""MODERATE"", ""VERY_HIGH""]",[],T,Current-state feature may be available at prediction timestamp T.,Current-state classification with no feature-level future operation detected.,False,False,False,False,False,False,True,True,False,HIGH,"[""Production requires an explicit realtime source and freshness SLA."", ""Training availability alone does not establish production availability.""]"
demand_class_code,current_state,PRODUCTION_SAFE_REALTIME_CONTRACT,True,"[""C:\\agano\\Oshwal\\docs\\Project\\smart-parking-system\\backend\\app\\ml\\features\\demand_features.py"", ""features\\demand_features.py""]","[""expected_demand_feature_columns"", ""transform"", ""validate_demand_features""]","[""\""demand_class_code\"""", ""\""demand_class_code\"","", ""['\""demand_class_code\"",', '\""demand_class_code\""']""]",[],[],T,Current-state feature may be available at prediction timestamp T.,Current-state classification with no feature-level future operation detected.,False,False,False,False,False,False,True,True,False,HIGH,"[""Production requires an explicit realtime source and freshness SLA."", ""Training availability alone does not establish production availability.""]"
is_low_demand,other,REQUIRES_CAUSAL_REVIEW,True,"[""C:\\agano\\Oshwal\\docs\\Project\\smart-parking-system\\backend\\app\\ml\\features\\demand_features.py"", ""features\\demand_features.py""]","[""expected_demand_feature_columns"", ""transform""]","[""\""is_low_demand\"""", ""\""is_low_demand\"","", ""['\""is_low_demand\"",', '\""is_low_demand\""']""]",[],[],UNKNOWN,Insufficient static evidence for automatic causal approval.,"Feature family could not be established as deterministic calendar, current-state, or historical causal.",False,False,False,False,False,False,False,True,False,MEDIUM,"[""Manual source and timestamp verification required.""]"
is_moderate_demand,other,REQUIRES_CAUSAL_REVIEW,True,"[""C:\\agano\\Oshwal\\docs\\Project\\smart-parking-system\\backend\\app\\ml\\features\\demand_features.py"", ""features\\demand_features.py""]","[""expected_demand_feature_columns"", ""transform""]","[""\""is_moderate_demand\"""", ""\""is_moderate_demand\"","", ""['\""is_moderate_demand\"",', '\""is_moderate_demand\""']""]",[],[],UNKNOWN,Insufficient static evidence for automatic causal approval.,"Feature family could not be established as deterministic calendar, current-state, or historical causal.",False,False,False,False,False,False,False,True,False,MEDIUM,"[""Manual source and timestamp verification required.""]"
is_high_demand,other,REQUIRES_CAUSAL_REVIEW,True,"[""C:\\agano\\Oshwal\\docs\\Project\\smart-parking-system\\backend\\app\\ml\\features\\demand_features.py"", ""features\\demand_features.py""]","[""expected_demand_feature_columns"", ""transform""]","[""\""is_high_demand\"""", ""\""is_high_demand\"","", ""['\""is_high_demand\"",', '\""is_high_demand\""']""]",[],[],UNKNOWN,Insufficient static evidence for automatic causal approval.,"Feature family could not be established as deterministic calendar, current-state, or historical causal.",False,False,False,False,False,False,False,True,False,MEDIUM,"[""Manual source and timestamp verification required.""]"
is_very_high_demand,other,REQUIRES_CAUSAL_REVIEW,True,"[""C:\\agano\\Oshwal\\docs\\Project\\smart-parking-system\\backend\\app\\ml\\features\\demand_features.py"", ""features\\demand_features.py""]","[""expected_demand_feature_columns"", ""transform""]","[""\""is_very_high_demand\"""", ""\""is_very_high_demand\"","", ""['\""is_very_high_demand\"",', '\""is_very_high_demand\""']""]",[],[],UNKNOWN,Insufficient static evidence for automatic causal approval.,"Feature family could not be established as deterministic calendar, current-state, or historical causal.",False,False,False,False,False,False,False,True,False,MEDIUM,"[""Manual source and timestamp verification required.""]"
is_critical_demand,other,REQUIRES_CAUSAL_REVIEW,True,"[""C:\\agano\\Oshwal\\docs\\Project\\smart-parking-system\\backend\\app\\ml\\features\\demand_features.py"", ""features\\demand_features.py""]","[""expected_demand_feature_columns"", ""transform""]","[""\""is_critical_demand\"""", ""\""is_critical_demand\"","", ""['\""is_critical_demand\"",', '\""is_critical_demand\""']""]",[],[],UNKNOWN,Insufficient static evidence for automatic causal approval.,"Feature family could not be established as deterministic calendar, current-state, or historical causal.",False,False,False,False,False,False,False,True,False,MEDIUM,"[""Manual source and timestamp verification required.""]"
occupancy_rate_consistent,other,REQUIRES_CAUSAL_REVIEW,True,"[""C:\\agano\\Oshwal\\docs\\Project\\smart-parking-system\\backend\\app\\ml\\features\\demand_features.py"", ""features\\demand_features.py""]","[""expected_demand_feature_columns"", ""transform""]","[""\""occupancy_rate_consistent\"""", ""\""occupancy_rate_consistent\"","", ""['occupancy_consistent = (', '\""occupancy_rate_consistent\"",', 'occupancy_consistent.astype(', '\""occupancy_rate_consistent\""']""]",[],[],UNKNOWN,Insufficient static evidence for automatic causal approval.,"Feature family could not be established as deterministic calendar, current-state, or historical causal.",False,False,False,False,False,False,False,True,False,MEDIUM,"[""Manual source and timestamp verification required.""]"
space_count_consistent,other,REQUIRES_CAUSAL_REVIEW,True,"[""C:\\agano\\Oshwal\\docs\\Project\\smart-parking-system\\backend\\app\\ml\\features\\demand_features.py"", ""features\\demand_features.py""]","[""expected_demand_feature_columns"", ""transform""]","[""\""space_count_consistent\"""", ""\""space_count_consistent\"","", ""['\""space_count_consistent\"",', '\""space_count_consistent\""']""]",[],[],UNKNOWN,Insufficient static evidence for automatic causal approval.,"Feature family could not be established as deterministic calendar, current-state, or historical causal.",False,False,False,False,False,False,False,True,False,MEDIUM,"[""Manual source and timestamp verification required.""]"
has_valid_capacity,other,REQUIRES_CAUSAL_REVIEW,True,"[""C:\\agano\\Oshwal\\docs\\Project\\smart-parking-system\\backend\\app\\ml\\features\\demand_features.py"", ""features\\demand_features.py""]","[""expected_demand_feature_columns"", ""transform""]","[""\""has_valid_capacity\"""", ""\""has_valid_capacity\"","", ""['\""has_valid_capacity\"",', '\""has_valid_capacity\""']""]",[],[],UNKNOWN,Insufficient static evidence for automatic causal approval.,"Feature family could not be established as deterministic calendar, current-state, or historical causal.",False,False,False,False,False,False,False,True,False,MEDIUM,"[""Manual source and timestamp verification required.""]"
has_valid_occupancy,other,REQUIRES_CAUSAL_REVIEW,True,"[""C:\\agano\\Oshwal\\docs\\Project\\smart-parking-system\\backend\\app\\ml\\features\\demand_features.py"", ""features\\demand_features.py""]","[""expected_demand_feature_columns"", ""transform""]","[""\""has_valid_occupancy\"""", ""\""has_valid_occupancy\"","", ""['\""has_valid_occupancy\"",', '\""has_valid_occupancy\""']""]",[],[],UNKNOWN,Insufficient static evidence for automatic causal approval.,"Feature family could not be established as deterministic calendar, current-state, or historical causal.",False,False,False,False,False,False,False,True,False,MEDIUM,"[""Manual source and timestamp verification required.""]"
has_negative_values,other,REQUIRES_CAUSAL_REVIEW,True,"[""C:\\agano\\Oshwal\\docs\\Project\\smart-parking-system\\backend\\app\\ml\\features\\demand_features.py"", ""features\\demand_features.py""]","[""expected_demand_feature_columns"", ""transform""]","[""\""has_negative_values\"""", ""\""has_negative_values\"","", ""['\""has_negative_values\"",', '\""has_negative_values\""']""]",[],[],UNKNOWN,Insufficient static evidence for automatic causal approval.,"Feature family could not be established as deterministic calendar, current-state, or historical causal.",False,False,False,False,False,False,False,True,False,MEDIUM,"[""Manual source and timestamp verification required.""]"
has_capacity_violation,other,REQUIRES_CAUSAL_REVIEW,True,"[""C:\\agano\\Oshwal\\docs\\Project\\smart-parking-system\\backend\\app\\ml\\features\\demand_features.py"", ""features\\demand_features.py""]","[""expected_demand_feature_columns"", ""transform""]","[""\""has_capacity_violation\"""", ""\""has_capacity_violation\"","", ""['\""has_capacity_violation\"",', '\""has_capacity_violation\""']""]",[],[],UNKNOWN,Insufficient static evidence for automatic causal approval.,"Feature family could not be established as deterministic calendar, current-state, or historical causal.",False,False,False,False,False,False,False,True,False,MEDIUM,"[""Manual source and timestamp verification required.""]"
has_consistency_issue,other,REQUIRES_CAUSAL_REVIEW,True,"[""C:\\agano\\Oshwal\\docs\\Project\\smart-parking-system\\backend\\app\\ml\\features\\demand_features.py"", ""features\\demand_features.py""]","[""expected_demand_feature_columns"", ""transform""]","[""\""has_consistency_issue\"""", ""\""has_consistency_issue\"","", ""['\""has_consistency_issue\"",', '\""has_consistency_issue\""']""]",[],[],UNKNOWN,Insufficient static evidence for automatic causal approval.,"Feature family could not be established as deterministic calendar, current-state, or historical causal.",False,False,False,False,False,False,False,True,False,MEDIUM,"[""Manual source and timestamp verification required.""]"
occupancy_rate_lag_30m,historical,PRODUCTION_SAFE_HISTORICAL,True,"[""C:\\agano\\Oshwal\\docs\\Project\\smart-parking-system\\backend\\app\\ml\\data\\dataset_audit.py"", ""C:\\agano\\Oshwal\\docs\\Project\\smart-parking-system\\backend\\app\\ml\\data\\dataset_builder.py"", ""C:\\agano\\Oshwal\\docs\\Project\\smart-parking-system\\backend\\app\\ml\\features\\feature_pipeline.py"", ""C:\\agano\\Oshwal\\docs\\Project\\smart-parking-system\\backend\\app\\ml\\ml_models\\xgboost_model.py"", ""data\\dataset_audit.py"", ""data\\dataset_builder.py"", ""data\\temporal.py"", ""data\\temporal_normalizer.py"", ""data\\transformers.py"", ""features\\demand_features.py"", ""features\\feature_pipeline.py"", ""features\\lag_features.py"", ""features\\occupancy_features.py"", ""features\\rolling_features.py"", ""ml_models\\xgboost_model.py""]","[""__post_init__"", ""_audit_facilities"", ""_build_canonical_dataset"", ""_build_empty_facility_grid"", ""_build_facility_grid"", ""_build_horizon_targets"", ""_build_tomorrow_morning_target"", ""_calculate_ml_occupancy_rate"", ""_calculate_raw_occupancy_rate"", ""_check_occupancy"", ""_classify_occupancy"", ""_derive_observation_presence"", ""_empty_output_dataframe"", ""_finalize_dataframe"", ""_handle_zero_capacity"", ""_prepare_dataframe"", ""_validate_input"", ""_validate_schema"", ""_validate_transformed_dataset"", ""add_birmingham_demand_features"", ""add_birmingham_lag_features"", ""expected_demand_feature_columns"", ""expected_pipeline_feature_columns"", ""transform"", ""validate_occupancy_features""]","[""\""Canonical occupancy_rate contains values \"""", ""\""DEFAULT_OCCUPANCY_RATE_COLUMN\"","", ""\""INVALID_OCCUPANCY_RATE\"""", ""\""OCCUPANCY_RATE_COLUMN\"","", ""\""RAW_OCCUPANCY_RATE_COLUMN\"","", ""\""derive_occupancy_rate=False.\"""", ""\""maximum_occupancy_rate must be \"""", ""\""minimum_occupancy_rate.\"""", ""\""occupancy_rate column is required when \"""", ""\""occupancy_rate\"""", ""\""occupancy_rate\"","", ""\""occupancy_rate\"": ["", ""\""occupancy_rate_column cannot be empty.\"""", ""\""occupancy_rate_consistent\"""", ""\""occupancy_rate_consistent\"","", ""\""occupancy_rate_tolerance cannot be negative.\"""", ""\""target_occupancy_rate_1h\"""", ""\""target_occupancy_rate_1h\"","", ""\""target_occupancy_rate_1h\"": ["", ""\""target_occupancy_rate_2h\"""", ""\""target_occupancy_rate_2h\"","", ""\""target_occupancy_rate_2h\"": ["", ""\""target_occupancy_rate_30m\"""", ""\""target_occupancy_rate_30m\"","", ""\""target_occupancy_rate_30m\"": [""]","[""DEFAULT_OCCUPANCY_RATE_COLUMN"", ""INVALID_OCCUPANCY_RATE"", ""OCCUPANCY_RATE_COLUMN"", ""RAW_OCCUPANCY_RATE_COLUMN"", ""occupancy_rate"", ""occupancy_rate_consistent"", ""raw_occupancy_rate"", ""target_occupancy_rate_1h"", ""target_occupancy_rate_2h"", ""target_occupancy_rate_30m"", ""target_tomorrow_morning_occupancy_rate""]",[],AT_OR_BEFORE_T,Historical/lag/rolling feature; no feature-level future operation detected.,Feature naming and source evidence indicate historical semantics.,False,False,False,False,False,False,False,True,False,HIGH,"[""Formal source timestamp verification is still recommended before production approval.""]"
occupancy_rate_lag_1h,historical,PRODUCTION_SAFE_HISTORICAL,True,"[""C:\\agano\\Oshwal\\docs\\Project\\smart-parking-system\\backend\\app\\ml\\data\\dataset_audit.py"", ""C:\\agano\\Oshwal\\docs\\Project\\smart-parking-system\\backend\\app\\ml\\data\\dataset_builder.py"", ""C:\\agano\\Oshwal\\docs\\Project\\smart-parking-system\\backend\\app\\ml\\features\\feature_pipeline.py"", ""data\\dataset_audit.py"", ""data\\dataset_builder.py"", ""data\\temporal.py"", ""data\\temporal_normalizer.py"", ""data\\transformers.py"", ""features\\demand_features.py"", ""features\\feature_pipeline.py"", ""features\\lag_features.py"", ""features\\occupancy_features.py"", ""features\\rolling_features.py"", ""ml_models\\xgboost_model.py""]","[""__post_init__"", ""_audit_facilities"", ""_build_canonical_dataset"", ""_build_empty_facility_grid"", ""_build_facility_grid"", ""_build_horizon_targets"", ""_build_tomorrow_morning_target"", ""_calculate_ml_occupancy_rate"", ""_calculate_raw_occupancy_rate"", ""_check_occupancy"", ""_classify_occupancy"", ""_derive_observation_presence"", ""_empty_output_dataframe"", ""_finalize_dataframe"", ""_handle_zero_capacity"", ""_prepare_dataframe"", ""_validate_input"", ""_validate_schema"", ""_validate_transformed_dataset"", ""add_birmingham_demand_features"", ""add_birmingham_lag_features"", ""expected_demand_feature_columns"", ""expected_pipeline_feature_columns"", ""transform"", ""validate_occupancy_features""]","[""\""Canonical occupancy_rate contains values \"""", ""\""DEFAULT_OCCUPANCY_RATE_COLUMN\"","", ""\""INVALID_OCCUPANCY_RATE\"""", ""\""OCCUPANCY_RATE_COLUMN\"","", ""\""RAW_OCCUPANCY_RATE_COLUMN\"","", ""\""derive_occupancy_rate=False.\"""", ""\""maximum_occupancy_rate must be \"""", ""\""minimum_occupancy_rate.\"""", ""\""occupancy_rate column is required when \"""", ""\""occupancy_rate\"""", ""\""occupancy_rate\"","", ""\""occupancy_rate\"": ["", ""\""occupancy_rate_column cannot be empty.\"""", ""\""occupancy_rate_consistent\"""", ""\""occupancy_rate_consistent\"","", ""\""occupancy_rate_tolerance cannot be negative.\"""", ""\""target_occupancy_rate_1h\"""", ""\""target_occupancy_rate_1h\"","", ""\""target_occupancy_rate_1h\"": ["", ""\""target_occupancy_rate_2h\"""", ""\""target_occupancy_rate_2h\"","", ""\""target_occupancy_rate_2h\"": ["", ""\""target_occupancy_rate_30m\"""", ""\""target_occupancy_rate_30m\"","", ""\""target_occupancy_rate_30m\"": [""]","[""DEFAULT_OCCUPANCY_RATE_COLUMN"", ""INVALID_OCCUPANCY_RATE"", ""OCCUPANCY_RATE_COLUMN"", ""RAW_OCCUPANCY_RATE_COLUMN"", ""occupancy_rate"", ""occupancy_rate_consistent"", ""raw_occupancy_rate"", ""target_occupancy_rate_1h"", ""target_occupancy_rate_2h"", ""target_occupancy_rate_30m"", ""target_tomorrow_morning_occupancy_rate""]",[],AT_OR_BEFORE_T,Historical/lag/rolling feature; no feature-level future operation detected.,Feature naming and source evidence indicate historical semantics.,False,False,False,False,False,False,False,True,False,HIGH,"[""Formal source timestamp verification is still recommended before production approval.""]"
occupancy_rate_lag_2h,historical,PRODUCTION_SAFE_HISTORICAL,True,"[""C:\\agano\\Oshwal\\docs\\Project\\smart-parking-system\\backend\\app\\ml\\data\\dataset_audit.py"", ""C:\\agano\\Oshwal\\docs\\Project\\smart-parking-system\\backend\\app\\ml\\data\\dataset_builder.py"", ""C:\\agano\\Oshwal\\docs\\Project\\smart-parking-system\\backend\\app\\ml\\features\\feature_pipeline.py"", ""data\\dataset_audit.py"", ""data\\dataset_builder.py"", ""data\\temporal.py"", ""data\\temporal_normalizer.py"", ""data\\transformers.py"", ""features\\demand_features.py"", ""features\\feature_pipeline.py"", ""features\\lag_features.py"", ""features\\occupancy_features.py"", ""features\\rolling_features.py"", ""ml_models\\xgboost_model.py""]","[""__post_init__"", ""_audit_facilities"", ""_build_canonical_dataset"", ""_build_empty_facility_grid"", ""_build_facility_grid"", ""_build_horizon_targets"", ""_build_tomorrow_morning_target"", ""_calculate_ml_occupancy_rate"", ""_calculate_raw_occupancy_rate"", ""_check_occupancy"", ""_classify_occupancy"", ""_derive_observation_presence"", ""_empty_output_dataframe"", ""_finalize_dataframe"", ""_handle_zero_capacity"", ""_prepare_dataframe"", ""_validate_input"", ""_validate_schema"", ""_validate_transformed_dataset"", ""add_birmingham_demand_features"", ""add_birmingham_lag_features"", ""expected_demand_feature_columns"", ""expected_pipeline_feature_columns"", ""transform"", ""validate_occupancy_features""]","[""\""Canonical occupancy_rate contains values \"""", ""\""DEFAULT_OCCUPANCY_RATE_COLUMN\"","", ""\""INVALID_OCCUPANCY_RATE\"""", ""\""OCCUPANCY_RATE_COLUMN\"","", ""\""RAW_OCCUPANCY_RATE_COLUMN\"","", ""\""derive_occupancy_rate=False.\"""", ""\""maximum_occupancy_rate must be \"""", ""\""minimum_occupancy_rate.\"""", ""\""occupancy_rate column is required when \"""", ""\""occupancy_rate\"""", ""\""occupancy_rate\"","", ""\""occupancy_rate\"": ["", ""\""occupancy_rate_column cannot be empty.\"""", ""\""occupancy_rate_consistent\"""", ""\""occupancy_rate_consistent\"","", ""\""occupancy_rate_tolerance cannot be negative.\"""", ""\""target_occupancy_rate_1h\"""", ""\""target_occupancy_rate_1h\"","", ""\""target_occupancy_rate_1h\"": ["", ""\""target_occupancy_rate_2h\"""", ""\""target_occupancy_rate_2h\"","", ""\""target_occupancy_rate_2h\"": ["", ""\""target_occupancy_rate_30m\"""", ""\""target_occupancy_rate_30m\"","", ""\""target_occupancy_rate_30m\"": [""]","[""DEFAULT_OCCUPANCY_RATE_COLUMN"", ""INVALID_OCCUPANCY_RATE"", ""OCCUPANCY_RATE_COLUMN"", ""RAW_OCCUPANCY_RATE_COLUMN"", ""occupancy_rate"", ""occupancy_rate_consistent"", ""raw_occupancy_rate"", ""target_occupancy_rate_1h"", ""target_occupancy_rate_2h"", ""target_occupancy_rate_30m"", ""target_tomorrow_morning_occupancy_rate""]",[],AT_OR_BEFORE_T,Historical/lag/rolling feature; no feature-level future operation detected.,Feature naming and source evidence indicate historical semantics.,False,False,False,False,False,False,False,True,False,HIGH,"[""Formal source timestamp verification is still recommended before production approval.""]"
occupancy_rate_lag_3h,historical,PRODUCTION_SAFE_HISTORICAL,True,"[""data\\dataset_audit.py"", ""data\\dataset_builder.py"", ""data\\temporal.py"", ""data\\temporal_normalizer.py"", ""data\\transformers.py"", ""features\\demand_features.py"", ""features\\feature_pipeline.py"", ""features\\lag_features.py"", ""features\\occupancy_features.py"", ""features\\rolling_features.py"", ""ml_models\\xgboost_model.py""]","[""__post_init__"", ""_audit_facilities"", ""_build_canonical_dataset"", ""_build_empty_facility_grid"", ""_build_facility_grid"", ""_build_horizon_targets"", ""_build_tomorrow_morning_target"", ""_calculate_ml_occupancy_rate"", ""_calculate_raw_occupancy_rate"", ""_check_occupancy"", ""_classify_occupancy"", ""_derive_observation_presence"", ""_empty_output_dataframe"", ""_finalize_dataframe"", ""_handle_zero_capacity"", ""_prepare_dataframe"", ""_validate_input"", ""_validate_schema"", ""_validate_transformed_dataset"", ""add_birmingham_demand_features"", ""add_birmingham_lag_features"", ""expected_demand_feature_columns"", ""expected_pipeline_feature_columns"", ""transform"", ""validate_occupancy_features""]","[""\""Canonical occupancy_rate contains values \"""", ""\""DEFAULT_OCCUPANCY_RATE_COLUMN\"","", ""\""INVALID_OCCUPANCY_RATE\"""", ""\""OCCUPANCY_RATE_COLUMN\"","", ""\""RAW_OCCUPANCY_RATE_COLUMN\"","", ""\""derive_occupancy_rate=False.\"""", ""\""maximum_occupancy_rate must be \"""", ""\""minimum_occupancy_rate.\"""", ""\""occupancy_rate column is required when \"""", ""\""occupancy_rate\"""", ""\""occupancy_rate\"","", ""\""occupancy_rate\"": ["", ""\""occupancy_rate_column cannot be empty.\"""", ""\""occupancy_rate_consistent\"""", ""\""occupancy_rate_consistent\"","", ""\""occupancy_rate_tolerance cannot be negative.\"""", ""\""target_occupancy_rate_1h\"""", ""\""target_occupancy_rate_1h\"","", ""\""target_occupancy_rate_1h\"": ["", ""\""target_occupancy_rate_2h\"""", ""\""target_occupancy_rate_2h\"","", ""\""target_occupancy_rate_2h\"": ["", ""\""target_occupancy_rate_30m\"""", ""\""target_occupancy_rate_30m\"","", ""\""target_occupancy_rate_30m\"": [""]","[""DEFAULT_OCCUPANCY_RATE_COLUMN"", ""INVALID_OCCUPANCY_RATE"", ""OCCUPANCY_RATE_COLUMN"", ""RAW_OCCUPANCY_RATE_COLUMN"", ""occupancy_rate"", ""occupancy_rate_consistent"", ""raw_occupancy_rate"", ""target_occupancy_rate_1h"", ""target_occupancy_rate_2h"", ""target_occupancy_rate_30m"", ""target_tomorrow_morning_occupancy_rate""]",[],AT_OR_BEFORE_T,Historical/lag/rolling feature; no feature-level future operation detected.,Feature naming and source evidence indicate historical semantics.,False,False,False,False,False,False,False,True,False,HIGH,"[""Formal source timestamp verification is still recommended before production approval.""]"
occupancy_rate_lag_6h,historical,PRODUCTION_SAFE_HISTORICAL,True,"[""data\\dataset_audit.py"", ""data\\dataset_builder.py"", ""data\\temporal.py"", ""data\\temporal_normalizer.py"", ""data\\transformers.py"", ""features\\demand_features.py"", ""features\\feature_pipeline.py"", ""features\\lag_features.py"", ""features\\occupancy_features.py"", ""features\\rolling_features.py"", ""ml_models\\xgboost_model.py""]","[""__post_init__"", ""_audit_facilities"", ""_build_canonical_dataset"", ""_build_empty_facility_grid"", ""_build_facility_grid"", ""_build_horizon_targets"", ""_build_tomorrow_morning_target"", ""_calculate_ml_occupancy_rate"", ""_calculate_raw_occupancy_rate"", ""_check_occupancy"", ""_classify_occupancy"", ""_derive_observation_presence"", ""_empty_output_dataframe"", ""_finalize_dataframe"", ""_handle_zero_capacity"", ""_prepare_dataframe"", ""_validate_input"", ""_validate_schema"", ""_validate_transformed_dataset"", ""add_birmingham_demand_features"", ""add_birmingham_lag_features"", ""expected_demand_feature_columns"", ""expected_pipeline_feature_columns"", ""transform"", ""validate_occupancy_features""]","[""\""Canonical occupancy_rate contains values \"""", ""\""DEFAULT_OCCUPANCY_RATE_COLUMN\"","", ""\""INVALID_OCCUPANCY_RATE\"""", ""\""OCCUPANCY_RATE_COLUMN\"","", ""\""RAW_OCCUPANCY_RATE_COLUMN\"","", ""\""derive_occupancy_rate=False.\"""", ""\""maximum_occupancy_rate must be \"""", ""\""minimum_occupancy_rate.\"""", ""\""occupancy_rate column is required when \"""", ""\""occupancy_rate\"""", ""\""occupancy_rate\"","", ""\""occupancy_rate\"": ["", ""\""occupancy_rate_column cannot be empty.\"""", ""\""occupancy_rate_consistent\"""", ""\""occupancy_rate_consistent\"","", ""\""occupancy_rate_tolerance cannot be negative.\"""", ""\""target_occupancy_rate_1h\"""", ""\""target_occupancy_rate_1h\"","", ""\""target_occupancy_rate_1h\"": ["", ""\""target_occupancy_rate_2h\"""", ""\""target_occupancy_rate_2h\"","", ""\""target_occupancy_rate_2h\"": ["", ""\""target_occupancy_rate_30m\"""", ""\""target_occupancy_rate_30m\"","", ""\""target_occupancy_rate_30m\"": [""]","[""DEFAULT_OCCUPANCY_RATE_COLUMN"", ""INVALID_OCCUPANCY_RATE"", ""OCCUPANCY_RATE_COLUMN"", ""RAW_OCCUPANCY_RATE_COLUMN"", ""occupancy_rate"", ""occupancy_rate_consistent"", ""raw_occupancy_rate"", ""target_occupancy_rate_1h"", ""target_occupancy_rate_2h"", ""target_occupancy_rate_30m"", ""target_tomorrow_morning_occupancy_rate""]",[],AT_OR_BEFORE_T,Historical/lag/rolling feature; no feature-level future operation detected.,Feature naming and source evidence indicate historical semantics.,False,False,False,False,False,False,False,True,False,HIGH,"[""Formal source timestamp verification is still recommended before production approval.""]"
occupancy_rate_lag_12h,historical,PRODUCTION_SAFE_HISTORICAL,True,"[""data\\dataset_audit.py"", ""data\\dataset_builder.py"", ""data\\temporal.py"", ""data\\temporal_normalizer.py"", ""data\\transformers.py"", ""features\\demand_features.py"", ""features\\feature_pipeline.py"", ""features\\lag_features.py"", ""features\\occupancy_features.py"", ""features\\rolling_features.py"", ""ml_models\\xgboost_model.py""]","[""__post_init__"", ""_audit_facilities"", ""_build_canonical_dataset"", ""_build_empty_facility_grid"", ""_build_facility_grid"", ""_build_horizon_targets"", ""_build_tomorrow_morning_target"", ""_calculate_ml_occupancy_rate"", ""_calculate_raw_occupancy_rate"", ""_check_occupancy"", ""_classify_occupancy"", ""_derive_observation_presence"", ""_empty_output_dataframe"", ""_finalize_dataframe"", ""_handle_zero_capacity"", ""_prepare_dataframe"", ""_validate_input"", ""_validate_schema"", ""_validate_transformed_dataset"", ""add_birmingham_demand_features"", ""add_birmingham_lag_features"", ""expected_demand_feature_columns"", ""expected_pipeline_feature_columns"", ""transform"", ""validate_occupancy_features""]","[""\""Canonical occupancy_rate contains values \"""", ""\""DEFAULT_OCCUPANCY_RATE_COLUMN\"","", ""\""INVALID_OCCUPANCY_RATE\"""", ""\""OCCUPANCY_RATE_COLUMN\"","", ""\""RAW_OCCUPANCY_RATE_COLUMN\"","", ""\""derive_occupancy_rate=False.\"""", ""\""maximum_occupancy_rate must be \"""", ""\""minimum_occupancy_rate.\"""", ""\""occupancy_rate column is required when \"""", ""\""occupancy_rate\"""", ""\""occupancy_rate\"","", ""\""occupancy_rate\"": ["", ""\""occupancy_rate_column cannot be empty.\"""", ""\""occupancy_rate_consistent\"""", ""\""occupancy_rate_consistent\"","", ""\""occupancy_rate_tolerance cannot be negative.\"""", ""\""target_occupancy_rate_1h\"""", ""\""target_occupancy_rate_1h\"","", ""\""target_occupancy_rate_1h\"": ["", ""\""target_occupancy_rate_2h\"""", ""\""target_occupancy_rate_2h\"","", ""\""target_occupancy_rate_2h\"": ["", ""\""target_occupancy_rate_30m\"""", ""\""target_occupancy_rate_30m\"","", ""\""target_occupancy_rate_30m\"": [""]","[""DEFAULT_OCCUPANCY_RATE_COLUMN"", ""INVALID_OCCUPANCY_RATE"", ""OCCUPANCY_RATE_COLUMN"", ""RAW_OCCUPANCY_RATE_COLUMN"", ""occupancy_rate"", ""occupancy_rate_consistent"", ""raw_occupancy_rate"", ""target_occupancy_rate_1h"", ""target_occupancy_rate_2h"", ""target_occupancy_rate_30m"", ""target_tomorrow_morning_occupancy_rate""]",[],AT_OR_BEFORE_T,Historical/lag/rolling feature; no feature-level future operation detected.,Feature naming and source evidence indicate historical semantics.,False,False,False,False,False,False,False,True,False,HIGH,"[""Formal source timestamp verification is still recommended before production approval.""]"
occupancy_rate_lag_1d,historical,PRODUCTION_SAFE_HISTORICAL,True,"[""data\\dataset_audit.py"", ""data\\dataset_builder.py"", ""data\\temporal.py"", ""data\\temporal_normalizer.py"", ""data\\transformers.py"", ""features\\demand_features.py"", ""features\\feature_pipeline.py"", ""features\\lag_features.py"", ""features\\occupancy_features.py"", ""features\\rolling_features.py"", ""ml_models\\xgboost_model.py""]","[""__post_init__"", ""_audit_facilities"", ""_build_canonical_dataset"", ""_build_empty_facility_grid"", ""_build_facility_grid"", ""_build_horizon_targets"", ""_build_tomorrow_morning_target"", ""_calculate_ml_occupancy_rate"", ""_calculate_raw_occupancy_rate"", ""_check_occupancy"", ""_classify_occupancy"", ""_derive_observation_presence"", ""_empty_output_dataframe"", ""_finalize_dataframe"", ""_handle_zero_capacity"", ""_prepare_dataframe"", ""_validate_input"", ""_validate_schema"", ""_validate_transformed_dataset"", ""add_birmingham_demand_features"", ""add_birmingham_lag_features"", ""expected_demand_feature_columns"", ""expected_pipeline_feature_columns"", ""transform"", ""validate_occupancy_features""]","[""\""Canonical occupancy_rate contains values \"""", ""\""DEFAULT_OCCUPANCY_RATE_COLUMN\"","", ""\""INVALID_OCCUPANCY_RATE\"""", ""\""OCCUPANCY_RATE_COLUMN\"","", ""\""RAW_OCCUPANCY_RATE_COLUMN\"","", ""\""derive_occupancy_rate=False.\"""", ""\""maximum_occupancy_rate must be \"""", ""\""minimum_occupancy_rate.\"""", ""\""occupancy_rate column is required when \"""", ""\""occupancy_rate\"""", ""\""occupancy_rate\"","", ""\""occupancy_rate\"": ["", ""\""occupancy_rate_column cannot be empty.\"""", ""\""occupancy_rate_consistent\"""", ""\""occupancy_rate_consistent\"","", ""\""occupancy_rate_tolerance cannot be negative.\"""", ""\""target_occupancy_rate_1h\"""", ""\""target_occupancy_rate_1h\"","", ""\""target_occupancy_rate_1h\"": ["", ""\""target_occupancy_rate_2h\"""", ""\""target_occupancy_rate_2h\"","", ""\""target_occupancy_rate_2h\"": ["", ""\""target_occupancy_rate_30m\"""", ""\""target_occupancy_rate_30m\"","", ""\""target_occupancy_rate_30m\"": [""]","[""DEFAULT_OCCUPANCY_RATE_COLUMN"", ""INVALID_OCCUPANCY_RATE"", ""OCCUPANCY_RATE_COLUMN"", ""RAW_OCCUPANCY_RATE_COLUMN"", ""occupancy_rate"", ""occupancy_rate_consistent"", ""raw_occupancy_rate"", ""target_occupancy_rate_1h"", ""target_occupancy_rate_2h"", ""target_occupancy_rate_30m"", ""target_tomorrow_morning_occupancy_rate""]",[],AT_OR_BEFORE_T,Historical/lag/rolling feature; no feature-level future operation detected.,Feature naming and source evidence indicate historical semantics.,False,False,False,False,False,False,False,True,False,HIGH,"[""Formal source timestamp verification is still recommended before production approval.""]"
occupied_spaces_lag_30m,historical,PRODUCTION_SAFE_HISTORICAL,True,"[""data\\dataset_audit.py"", ""data\\dataset_builder.py"", ""data\\temporal.py"", ""data\\temporal_normalizer.py"", ""data\\transformers.py"", ""data\\validators.py"", ""features\\demand_features.py"", ""features\\feature_pipeline.py"", ""features\\lag_features.py"", ""features\\occupancy_features.py"", ""features\\rolling_features.py""]","[""__post_init__"", ""_build_canonical_dataset"", ""_build_empty_facility_grid"", ""_build_facility_grid"", ""_calculate_raw_occupancy_rate"", ""_empty_output_dataframe"", ""_finalize_dataframe"", ""_identify_capacity_exceeded"", ""_remove_negative_occupancy"", ""_transform_numeric_columns"", ""_validate_input"", ""_validate_schema"", ""_validate_transformed_dataset"", ""add_birmingham_demand_features"", ""add_birmingham_lag_features"", ""expected_pipeline_feature_columns"", ""transform"", ""validate_demand_features"", ""validate_occupancy_features""]","[""\""DEFAULT_OCCUPIED_SPACES_COLUMN\"","", ""\""OCCUPIED_SPACES_COLUMN\"","", ""\""occupied_spaces + available_spaces \"""", ""\""occupied_spaces contains negative values.\"""", ""\""occupied_spaces exceeds total_spaces \"""", ""\""occupied_spaces\"""", ""\""occupied_spaces\"","", ""\""occupied_spaces\"": ["", ""\""occupied_spaces_column cannot be empty.\"""", ""#     occupied_spaces > total_spaces"", ""#     permitted, because occupied_spaces > total_spaces"", ""& (occupied_spaces >= 0)"", ""& occupied_spaces.notna()"", "".occupied_spaces_column,"", ""CanonicalColumn.OCCUPIED_SPACES.value"", ""CanonicalColumn.OCCUPIED_SPACES.value,"", ""Column containing currently occupied spaces."", ""DEFAULT_OCCUPIED_SPACES_COLUMN"", ""DEFAULT_OCCUPIED_SPACES_COLUMN = \""occupied_spaces\"""", ""DEFAULT_OCCUPIED_SPACES_COLUMN = ("", ""OCCUPANCY_COLUMN = \""occupied_spaces\"""", ""OCCUPIED_SPACES = \""occupied_spaces\"""", ""OCCUPIED_SPACES_COLUMN"", ""OCCUPIED_SPACES_COLUMN = \""occupied_spaces\"""", ""OCCUPIED_SPACES_COLUMN,""]","[""DEFAULT_OCCUPIED_SPACES_COLUMN"", ""OCCUPIED_SPACES_COLUMN"", ""occupied_spaces""]",[],AT_OR_BEFORE_T,Historical/lag/rolling feature; no feature-level future operation detected.,Feature naming and source evidence indicate historical semantics.,False,False,False,False,False,False,False,True,False,HIGH,"[""Formal source timestamp verification is still recommended before production approval.""]"
occupied_spaces_lag_1h,historical,PRODUCTION_SAFE_HISTORICAL,True,"[""data\\dataset_audit.py"", ""data\\dataset_builder.py"", ""data\\temporal.py"", ""data\\temporal_normalizer.py"", ""data\\transformers.py"", ""data\\validators.py"", ""features\\demand_features.py"", ""features\\feature_pipeline.py"", ""features\\lag_features.py"", ""features\\occupancy_features.py"", ""features\\rolling_features.py""]","[""__post_init__"", ""_build_canonical_dataset"", ""_build_empty_facility_grid"", ""_build_facility_grid"", ""_calculate_raw_occupancy_rate"", ""_empty_output_dataframe"", ""_finalize_dataframe"", ""_identify_capacity_exceeded"", ""_remove_negative_occupancy"", ""_transform_numeric_columns"", ""_validate_input"", ""_validate_schema"", ""_validate_transformed_dataset"", ""add_birmingham_demand_features"", ""add_birmingham_lag_features"", ""expected_pipeline_feature_columns"", ""transform"", ""validate_demand_features"", ""validate_occupancy_features""]","[""\""DEFAULT_OCCUPIED_SPACES_COLUMN\"","", ""\""OCCUPIED_SPACES_COLUMN\"","", ""\""occupied_spaces + available_spaces \"""", ""\""occupied_spaces contains negative values.\"""", ""\""occupied_spaces exceeds total_spaces \"""", ""\""occupied_spaces\"""", ""\""occupied_spaces\"","", ""\""occupied_spaces\"": ["", ""\""occupied_spaces_column cannot be empty.\"""", ""#     occupied_spaces > total_spaces"", ""#     permitted, because occupied_spaces > total_spaces"", ""& (occupied_spaces >= 0)"", ""& occupied_spaces.notna()"", "".occupied_spaces_column,"", ""CanonicalColumn.OCCUPIED_SPACES.value"", ""CanonicalColumn.OCCUPIED_SPACES.value,"", ""Column containing currently occupied spaces."", ""DEFAULT_OCCUPIED_SPACES_COLUMN"", ""DEFAULT_OCCUPIED_SPACES_COLUMN = \""occupied_spaces\"""", ""DEFAULT_OCCUPIED_SPACES_COLUMN = ("", ""OCCUPANCY_COLUMN = \""occupied_spaces\"""", ""OCCUPIED_SPACES = \""occupied_spaces\"""", ""OCCUPIED_SPACES_COLUMN"", ""OCCUPIED_SPACES_COLUMN = \""occupied_spaces\"""", ""OCCUPIED_SPACES_COLUMN,""]","[""DEFAULT_OCCUPIED_SPACES_COLUMN"", ""OCCUPIED_SPACES_COLUMN"", ""occupied_spaces""]",[],AT_OR_BEFORE_T,Historical/lag/rolling feature; no feature-level future operation detected.,Feature naming and source evidence indicate historical semantics.,False,False,False,False,False,False,False,True,False,HIGH,"[""Formal source timestamp verification is still recommended before production approval.""]"
occupied_spaces_lag_2h,historical,PRODUCTION_SAFE_HISTORICAL,True,"[""data\\dataset_audit.py"", ""data\\dataset_builder.py"", ""data\\temporal.py"", ""data\\temporal_normalizer.py"", ""data\\transformers.py"", ""data\\validators.py"", ""features\\demand_features.py"", ""features\\feature_pipeline.py"", ""features\\lag_features.py"", ""features\\occupancy_features.py"", ""features\\rolling_features.py""]","[""__post_init__"", ""_build_canonical_dataset"", ""_build_empty_facility_grid"", ""_build_facility_grid"", ""_calculate_raw_occupancy_rate"", ""_empty_output_dataframe"", ""_finalize_dataframe"", ""_identify_capacity_exceeded"", ""_remove_negative_occupancy"", ""_transform_numeric_columns"", ""_validate_input"", ""_validate_schema"", ""_validate_transformed_dataset"", ""add_birmingham_demand_features"", ""add_birmingham_lag_features"", ""expected_pipeline_feature_columns"", ""transform"", ""validate_demand_features"", ""validate_occupancy_features""]","[""\""DEFAULT_OCCUPIED_SPACES_COLUMN\"","", ""\""OCCUPIED_SPACES_COLUMN\"","", ""\""occupied_spaces + available_spaces \"""", ""\""occupied_spaces contains negative values.\"""", ""\""occupied_spaces exceeds total_spaces \"""", ""\""occupied_spaces\"""", ""\""occupied_spaces\"","", ""\""occupied_spaces\"": ["", ""\""occupied_spaces_column cannot be empty.\"""", ""#     occupied_spaces > total_spaces"", ""#     permitted, because occupied_spaces > total_spaces"", ""& (occupied_spaces >= 0)"", ""& occupied_spaces.notna()"", "".occupied_spaces_column,"", ""CanonicalColumn.OCCUPIED_SPACES.value"", ""CanonicalColumn.OCCUPIED_SPACES.value,"", ""Column containing currently occupied spaces."", ""DEFAULT_OCCUPIED_SPACES_COLUMN"", ""DEFAULT_OCCUPIED_SPACES_COLUMN = \""occupied_spaces\"""", ""DEFAULT_OCCUPIED_SPACES_COLUMN = ("", ""OCCUPANCY_COLUMN = \""occupied_spaces\"""", ""OCCUPIED_SPACES = \""occupied_spaces\"""", ""OCCUPIED_SPACES_COLUMN"", ""OCCUPIED_SPACES_COLUMN = \""occupied_spaces\"""", ""OCCUPIED_SPACES_COLUMN,""]","[""DEFAULT_OCCUPIED_SPACES_COLUMN"", ""OCCUPIED_SPACES_COLUMN"", ""occupied_spaces""]",[],AT_OR_BEFORE_T,Historical/lag/rolling feature; no feature-level future operation detected.,Feature naming and source evidence indicate historical semantics.,False,False,False,False,False,False,False,True,False,HIGH,"[""Formal source timestamp verification is still recommended before production approval.""]"
occupied_spaces_lag_3h,historical,PRODUCTION_SAFE_HISTORICAL,True,"[""data\\dataset_audit.py"", ""data\\dataset_builder.py"", ""data\\temporal.py"", ""data\\temporal_normalizer.py"", ""data\\transformers.py"", ""data\\validators.py"", ""features\\demand_features.py"", ""features\\feature_pipeline.py"", ""features\\lag_features.py"", ""features\\occupancy_features.py"", ""features\\rolling_features.py""]","[""__post_init__"", ""_build_canonical_dataset"", ""_build_empty_facility_grid"", ""_build_facility_grid"", ""_calculate_raw_occupancy_rate"", ""_empty_output_dataframe"", ""_finalize_dataframe"", ""_identify_capacity_exceeded"", ""_remove_negative_occupancy"", ""_transform_numeric_columns"", ""_validate_input"", ""_validate_schema"", ""_validate_transformed_dataset"", ""add_birmingham_demand_features"", ""add_birmingham_lag_features"", ""expected_pipeline_feature_columns"", ""transform"", ""validate_demand_features"", ""validate_occupancy_features""]","[""\""DEFAULT_OCCUPIED_SPACES_COLUMN\"","", ""\""OCCUPIED_SPACES_COLUMN\"","", ""\""occupied_spaces + available_spaces \"""", ""\""occupied_spaces contains negative values.\"""", ""\""occupied_spaces exceeds total_spaces \"""", ""\""occupied_spaces\"""", ""\""occupied_spaces\"","", ""\""occupied_spaces\"": ["", ""\""occupied_spaces_column cannot be empty.\"""", ""#     occupied_spaces > total_spaces"", ""#     permitted, because occupied_spaces > total_spaces"", ""& (occupied_spaces >= 0)"", ""& occupied_spaces.notna()"", "".occupied_spaces_column,"", ""CanonicalColumn.OCCUPIED_SPACES.value"", ""CanonicalColumn.OCCUPIED_SPACES.value,"", ""Column containing currently occupied spaces."", ""DEFAULT_OCCUPIED_SPACES_COLUMN"", ""DEFAULT_OCCUPIED_SPACES_COLUMN = \""occupied_spaces\"""", ""DEFAULT_OCCUPIED_SPACES_COLUMN = ("", ""OCCUPANCY_COLUMN = \""occupied_spaces\"""", ""OCCUPIED_SPACES = \""occupied_spaces\"""", ""OCCUPIED_SPACES_COLUMN"", ""OCCUPIED_SPACES_COLUMN = \""occupied_spaces\"""", ""OCCUPIED_SPACES_COLUMN,""]","[""DEFAULT_OCCUPIED_SPACES_COLUMN"", ""OCCUPIED_SPACES_COLUMN"", ""occupied_spaces""]",[],AT_OR_BEFORE_T,Historical/lag/rolling feature; no feature-level future operation detected.,Feature naming and source evidence indicate historical semantics.,False,False,False,False,False,False,False,True,False,HIGH,"[""Formal source timestamp verification is still recommended before production approval.""]"
occupied_spaces_lag_6h,historical,PRODUCTION_SAFE_HISTORICAL,True,"[""data\\dataset_audit.py"", ""data\\dataset_builder.py"", ""data\\temporal.py"", ""data\\temporal_normalizer.py"", ""data\\transformers.py"", ""data\\validators.py"", ""features\\demand_features.py"", ""features\\feature_pipeline.py"", ""features\\lag_features.py"", ""features\\occupancy_features.py"", ""features\\rolling_features.py""]","[""__post_init__"", ""_build_canonical_dataset"", ""_build_empty_facility_grid"", ""_build_facility_grid"", ""_calculate_raw_occupancy_rate"", ""_empty_output_dataframe"", ""_finalize_dataframe"", ""_identify_capacity_exceeded"", ""_remove_negative_occupancy"", ""_transform_numeric_columns"", ""_validate_input"", ""_validate_schema"", ""_validate_transformed_dataset"", ""add_birmingham_demand_features"", ""add_birmingham_lag_features"", ""expected_pipeline_feature_columns"", ""transform"", ""validate_demand_features"", ""validate_occupancy_features""]","[""\""DEFAULT_OCCUPIED_SPACES_COLUMN\"","", ""\""OCCUPIED_SPACES_COLUMN\"","", ""\""occupied_spaces + available_spaces \"""", ""\""occupied_spaces contains negative values.\"""", ""\""occupied_spaces exceeds total_spaces \"""", ""\""occupied_spaces\"""", ""\""occupied_spaces\"","", ""\""occupied_spaces\"": ["", ""\""occupied_spaces_column cannot be empty.\"""", ""#     occupied_spaces > total_spaces"", ""#     permitted, because occupied_spaces > total_spaces"", ""& (occupied_spaces >= 0)"", ""& occupied_spaces.notna()"", "".occupied_spaces_column,"", ""CanonicalColumn.OCCUPIED_SPACES.value"", ""CanonicalColumn.OCCUPIED_SPACES.value,"", ""Column containing currently occupied spaces."", ""DEFAULT_OCCUPIED_SPACES_COLUMN"", ""DEFAULT_OCCUPIED_SPACES_COLUMN = \""occupied_spaces\"""", ""DEFAULT_OCCUPIED_SPACES_COLUMN = ("", ""OCCUPANCY_COLUMN = \""occupied_spaces\"""", ""OCCUPIED_SPACES = \""occupied_spaces\"""", ""OCCUPIED_SPACES_COLUMN"", ""OCCUPIED_SPACES_COLUMN = \""occupied_spaces\"""", ""OCCUPIED_SPACES_COLUMN,""]","[""DEFAULT_OCCUPIED_SPACES_COLUMN"", ""OCCUPIED_SPACES_COLUMN"", ""occupied_spaces""]",[],AT_OR_BEFORE_T,Historical/lag/rolling feature; no feature-level future operation detected.,Feature naming and source evidence indicate historical semantics.,False,False,False,False,False,False,False,True,False,HIGH,"[""Formal source timestamp verification is still recommended before production approval.""]"
occupied_spaces_lag_12h,historical,PRODUCTION_SAFE_HISTORICAL,True,"[""data\\dataset_audit.py"", ""data\\dataset_builder.py"", ""data\\temporal.py"", ""data\\temporal_normalizer.py"", ""data\\transformers.py"", ""data\\validators.py"", ""features\\demand_features.py"", ""features\\feature_pipeline.py"", ""features\\lag_features.py"", ""features\\occupancy_features.py"", ""features\\rolling_features.py""]","[""__post_init__"", ""_build_canonical_dataset"", ""_build_empty_facility_grid"", ""_build_facility_grid"", ""_calculate_raw_occupancy_rate"", ""_empty_output_dataframe"", ""_finalize_dataframe"", ""_identify_capacity_exceeded"", ""_remove_negative_occupancy"", ""_transform_numeric_columns"", ""_validate_input"", ""_validate_schema"", ""_validate_transformed_dataset"", ""add_birmingham_demand_features"", ""add_birmingham_lag_features"", ""expected_pipeline_feature_columns"", ""transform"", ""validate_demand_features"", ""validate_occupancy_features""]","[""\""DEFAULT_OCCUPIED_SPACES_COLUMN\"","", ""\""OCCUPIED_SPACES_COLUMN\"","", ""\""occupied_spaces + available_spaces \"""", ""\""occupied_spaces contains negative values.\"""", ""\""occupied_spaces exceeds total_spaces \"""", ""\""occupied_spaces\"""", ""\""occupied_spaces\"","", ""\""occupied_spaces\"": ["", ""\""occupied_spaces_column cannot be empty.\"""", ""#     occupied_spaces > total_spaces"", ""#     permitted, because occupied_spaces > total_spaces"", ""& (occupied_spaces >= 0)"", ""& occupied_spaces.notna()"", "".occupied_spaces_column,"", ""CanonicalColumn.OCCUPIED_SPACES.value"", ""CanonicalColumn.OCCUPIED_SPACES.value,"", ""Column containing currently occupied spaces."", ""DEFAULT_OCCUPIED_SPACES_COLUMN"", ""DEFAULT_OCCUPIED_SPACES_COLUMN = \""occupied_spaces\"""", ""DEFAULT_OCCUPIED_SPACES_COLUMN = ("", ""OCCUPANCY_COLUMN = \""occupied_spaces\"""", ""OCCUPIED_SPACES = \""occupied_spaces\"""", ""OCCUPIED_SPACES_COLUMN"", ""OCCUPIED_SPACES_COLUMN = \""occupied_spaces\"""", ""OCCUPIED_SPACES_COLUMN,""]","[""DEFAULT_OCCUPIED_SPACES_COLUMN"", ""OCCUPIED_SPACES_COLUMN"", ""occupied_spaces""]",[],AT_OR_BEFORE_T,Historical/lag/rolling feature; no feature-level future operation detected.,Feature naming and source evidence indicate historical semantics.,False,False,False,False,False,False,False,True,False,HIGH,"[""Formal source timestamp verification is still recommended before production approval.""]"
occupied_spaces_lag_1d,historical,PRODUCTION_SAFE_HISTORICAL,True,"[""data\\dataset_audit.py"", ""data\\dataset_builder.py"", ""data\\temporal.py"", ""data\\temporal_normalizer.py"", ""data\\transformers.py"", ""data\\validators.py"", ""features\\demand_features.py"", ""features\\feature_pipeline.py"", ""features\\lag_features.py"", ""features\\occupancy_features.py"", ""features\\rolling_features.py""]","[""__post_init__"", ""_build_canonical_dataset"", ""_build_empty_facility_grid"", ""_build_facility_grid"", ""_calculate_raw_occupancy_rate"", ""_empty_output_dataframe"", ""_finalize_dataframe"", ""_identify_capacity_exceeded"", ""_remove_negative_occupancy"", ""_transform_numeric_columns"", ""_validate_input"", ""_validate_schema"", ""_validate_transformed_dataset"", ""add_birmingham_demand_features"", ""add_birmingham_lag_features"", ""expected_pipeline_feature_columns"", ""transform"", ""validate_demand_features"", ""validate_occupancy_features""]","[""\""DEFAULT_OCCUPIED_SPACES_COLUMN\"","", ""\""OCCUPIED_SPACES_COLUMN\"","", ""\""occupied_spaces + available_spaces \"""", ""\""occupied_spaces contains negative values.\"""", ""\""occupied_spaces exceeds total_spaces \"""", ""\""occupied_spaces\"""", ""\""occupied_spaces\"","", ""\""occupied_spaces\"": ["", ""\""occupied_spaces_column cannot be empty.\"""", ""#     occupied_spaces > total_spaces"", ""#     permitted, because occupied_spaces > total_spaces"", ""& (occupied_spaces >= 0)"", ""& occupied_spaces.notna()"", "".occupied_spaces_column,"", ""CanonicalColumn.OCCUPIED_SPACES.value"", ""CanonicalColumn.OCCUPIED_SPACES.value,"", ""Column containing currently occupied spaces."", ""DEFAULT_OCCUPIED_SPACES_COLUMN"", ""DEFAULT_OCCUPIED_SPACES_COLUMN = \""occupied_spaces\"""", ""DEFAULT_OCCUPIED_SPACES_COLUMN = ("", ""OCCUPANCY_COLUMN = \""occupied_spaces\"""", ""OCCUPIED_SPACES = \""occupied_spaces\"""", ""OCCUPIED_SPACES_COLUMN"", ""OCCUPIED_SPACES_COLUMN = \""occupied_spaces\"""", ""OCCUPIED_SPACES_COLUMN,""]","[""DEFAULT_OCCUPIED_SPACES_COLUMN"", ""OCCUPIED_SPACES_COLUMN"", ""occupied_spaces""]",[],AT_OR_BEFORE_T,Historical/lag/rolling feature; no feature-level future operation detected.,Feature naming and source evidence indicate historical semantics.,False,False,False,False,False,False,False,True,False,HIGH,"[""Formal source timestamp verification is still recommended before production approval.""]"
available_spaces_lag_30m,historical,PRODUCTION_SAFE_HISTORICAL,True,"[""data\\dataset_audit.py"", ""data\\dataset_builder.py"", ""data\\temporal_normalizer.py"", ""data\\transformers.py"", ""features\\demand_features.py"", ""features\\feature_pipeline.py"", ""features\\lag_features.py"", ""features\\occupancy_features.py"", ""features\\rolling_features.py""]","[""__post_init__"", ""_build_canonical_dataset"", ""_build_empty_facility_grid"", ""_build_facility_grid"", ""_empty_output_dataframe"", ""_finalize_dataframe"", ""_validate_input"", ""_validate_schema"", ""add_birmingham_demand_features"", ""add_birmingham_lag_features"", ""expected_pipeline_feature_columns"", ""transform"", ""validate_occupancy_features""]","[""\""AVAILABLE_SPACES_COLUMN\"","", ""\""DEFAULT_AVAILABLE_SPACES_COLUMN\"","", ""\""available_spaces\"""", ""\""available_spaces\"","", ""\""available_spaces\"": ["", ""\""available_spaces_column cannot be empty.\"""", ""\""occupied_spaces + available_spaces \"""", ""# Available spaces"", ""& (available_spaces >= 0)"", ""& available_spaces.notna()"", ""+ available_spaces"", "".available_spaces_column,"", ""AVAILABLE_SPACES = \""available_spaces\"""", ""AVAILABLE_SPACES_COLUMN = \""available_spaces\"""", ""AVAILABLE_SPACES_COLUMN,"", ""CanonicalColumn.AVAILABLE_SPACES.value"", ""CanonicalColumn.AVAILABLE_SPACES.value,"", ""Column containing currently available spaces."", ""DEFAULT_AVAILABLE_SPACES_COLUMN"", ""DEFAULT_AVAILABLE_SPACES_COLUMN = \""available_spaces\"""", ""DEFAULT_AVAILABLE_SPACES_COLUMN = ("", ""] = available_spaces"", ""available_spaces"", ""available_spaces < 0"", ""available_spaces = _numeric_series(""]","[""AVAILABLE_SPACES_COLUMN"", ""DEFAULT_AVAILABLE_SPACES_COLUMN"", ""available_spaces""]",[],AT_OR_BEFORE_T,Historical/lag/rolling feature; no feature-level future operation detected.,Feature naming and source evidence indicate historical semantics.,False,False,False,False,False,False,False,True,False,HIGH,"[""Formal source timestamp verification is still recommended before production approval.""]"
available_spaces_lag_1h,historical,PRODUCTION_SAFE_HISTORICAL,True,"[""data\\dataset_audit.py"", ""data\\dataset_builder.py"", ""data\\temporal_normalizer.py"", ""data\\transformers.py"", ""features\\demand_features.py"", ""features\\feature_pipeline.py"", ""features\\lag_features.py"", ""features\\occupancy_features.py"", ""features\\rolling_features.py""]","[""__post_init__"", ""_build_canonical_dataset"", ""_build_empty_facility_grid"", ""_build_facility_grid"", ""_empty_output_dataframe"", ""_finalize_dataframe"", ""_validate_input"", ""_validate_schema"", ""add_birmingham_demand_features"", ""add_birmingham_lag_features"", ""expected_pipeline_feature_columns"", ""transform"", ""validate_occupancy_features""]","[""\""AVAILABLE_SPACES_COLUMN\"","", ""\""DEFAULT_AVAILABLE_SPACES_COLUMN\"","", ""\""available_spaces\"""", ""\""available_spaces\"","", ""\""available_spaces\"": ["", ""\""available_spaces_column cannot be empty.\"""", ""\""occupied_spaces + available_spaces \"""", ""# Available spaces"", ""& (available_spaces >= 0)"", ""& available_spaces.notna()"", ""+ available_spaces"", "".available_spaces_column,"", ""AVAILABLE_SPACES = \""available_spaces\"""", ""AVAILABLE_SPACES_COLUMN = \""available_spaces\"""", ""AVAILABLE_SPACES_COLUMN,"", ""CanonicalColumn.AVAILABLE_SPACES.value"", ""CanonicalColumn.AVAILABLE_SPACES.value,"", ""Column containing currently available spaces."", ""DEFAULT_AVAILABLE_SPACES_COLUMN"", ""DEFAULT_AVAILABLE_SPACES_COLUMN = \""available_spaces\"""", ""DEFAULT_AVAILABLE_SPACES_COLUMN = ("", ""] = available_spaces"", ""available_spaces"", ""available_spaces < 0"", ""available_spaces = _numeric_series(""]","[""AVAILABLE_SPACES_COLUMN"", ""DEFAULT_AVAILABLE_SPACES_COLUMN"", ""available_spaces""]",[],AT_OR_BEFORE_T,Historical/lag/rolling feature; no feature-level future operation detected.,Feature naming and source evidence indicate historical semantics.,False,False,False,False,False,False,False,True,False,HIGH,"[""Formal source timestamp verification is still recommended before production approval.""]"
available_spaces_lag_2h,historical,PRODUCTION_SAFE_HISTORICAL,True,"[""data\\dataset_audit.py"", ""data\\dataset_builder.py"", ""data\\temporal_normalizer.py"", ""data\\transformers.py"", ""features\\demand_features.py"", ""features\\feature_pipeline.py"", ""features\\lag_features.py"", ""features\\occupancy_features.py"", ""features\\rolling_features.py""]","[""__post_init__"", ""_build_canonical_dataset"", ""_build_empty_facility_grid"", ""_build_facility_grid"", ""_empty_output_dataframe"", ""_finalize_dataframe"", ""_validate_input"", ""_validate_schema"", ""add_birmingham_demand_features"", ""add_birmingham_lag_features"", ""expected_pipeline_feature_columns"", ""transform"", ""validate_occupancy_features""]","[""\""AVAILABLE_SPACES_COLUMN\"","", ""\""DEFAULT_AVAILABLE_SPACES_COLUMN\"","", ""\""available_spaces\"""", ""\""available_spaces\"","", ""\""available_spaces\"": ["", ""\""available_spaces_column cannot be empty.\"""", ""\""occupied_spaces + available_spaces \"""", ""# Available spaces"", ""& (available_spaces >= 0)"", ""& available_spaces.notna()"", ""+ available_spaces"", "".available_spaces_column,"", ""AVAILABLE_SPACES = \""available_spaces\"""", ""AVAILABLE_SPACES_COLUMN = \""available_spaces\"""", ""AVAILABLE_SPACES_COLUMN,"", ""CanonicalColumn.AVAILABLE_SPACES.value"", ""CanonicalColumn.AVAILABLE_SPACES.value,"", ""Column containing currently available spaces."", ""DEFAULT_AVAILABLE_SPACES_COLUMN"", ""DEFAULT_AVAILABLE_SPACES_COLUMN = \""available_spaces\"""", ""DEFAULT_AVAILABLE_SPACES_COLUMN = ("", ""] = available_spaces"", ""available_spaces"", ""available_spaces < 0"", ""available_spaces = _numeric_series(""]","[""AVAILABLE_SPACES_COLUMN"", ""DEFAULT_AVAILABLE_SPACES_COLUMN"", ""available_spaces""]",[],AT_OR_BEFORE_T,Historical/lag/rolling feature; no feature-level future operation detected.,Feature naming and source evidence indicate historical semantics.,False,False,False,False,False,False,False,True,False,HIGH,"[""Formal source timestamp verification is still recommended before production approval.""]"
available_spaces_lag_3h,historical,PRODUCTION_SAFE_HISTORICAL,True,"[""data\\dataset_audit.py"", ""data\\dataset_builder.py"", ""data\\temporal_normalizer.py"", ""data\\transformers.py"", ""features\\demand_features.py"", ""features\\feature_pipeline.py"", ""features\\lag_features.py"", ""features\\occupancy_features.py"", ""features\\rolling_features.py""]","[""__post_init__"", ""_build_canonical_dataset"", ""_build_empty_facility_grid"", ""_build_facility_grid"", ""_empty_output_dataframe"", ""_finalize_dataframe"", ""_validate_input"", ""_validate_schema"", ""add_birmingham_demand_features"", ""add_birmingham_lag_features"", ""expected_pipeline_feature_columns"", ""transform"", ""validate_occupancy_features""]","[""\""AVAILABLE_SPACES_COLUMN\"","", ""\""DEFAULT_AVAILABLE_SPACES_COLUMN\"","", ""\""available_spaces\"""", ""\""available_spaces\"","", ""\""available_spaces\"": ["", ""\""available_spaces_column cannot be empty.\"""", ""\""occupied_spaces + available_spaces \"""", ""# Available spaces"", ""& (available_spaces >= 0)"", ""& available_spaces.notna()"", ""+ available_spaces"", "".available_spaces_column,"", ""AVAILABLE_SPACES = \""available_spaces\"""", ""AVAILABLE_SPACES_COLUMN = \""available_spaces\"""", ""AVAILABLE_SPACES_COLUMN,"", ""CanonicalColumn.AVAILABLE_SPACES.value"", ""CanonicalColumn.AVAILABLE_SPACES.value,"", ""Column containing currently available spaces."", ""DEFAULT_AVAILABLE_SPACES_COLUMN"", ""DEFAULT_AVAILABLE_SPACES_COLUMN = \""available_spaces\"""", ""DEFAULT_AVAILABLE_SPACES_COLUMN = ("", ""] = available_spaces"", ""available_spaces"", ""available_spaces < 0"", ""available_spaces = _numeric_series(""]","[""AVAILABLE_SPACES_COLUMN"", ""DEFAULT_AVAILABLE_SPACES_COLUMN"", ""available_spaces""]",[],AT_OR_BEFORE_T,Historical/lag/rolling feature; no feature-level future operation detected.,Feature naming and source evidence indicate historical semantics.,False,False,False,False,False,False,False,True,False,HIGH,"[""Formal source timestamp verification is still recommended before production approval.""]"
available_spaces_lag_6h,historical,PRODUCTION_SAFE_HISTORICAL,True,"[""data\\dataset_audit.py"", ""data\\dataset_builder.py"", ""data\\temporal_normalizer.py"", ""data\\transformers.py"", ""features\\demand_features.py"", ""features\\feature_pipeline.py"", ""features\\lag_features.py"", ""features\\occupancy_features.py"", ""features\\rolling_features.py""]","[""__post_init__"", ""_build_canonical_dataset"", ""_build_empty_facility_grid"", ""_build_facility_grid"", ""_empty_output_dataframe"", ""_finalize_dataframe"", ""_validate_input"", ""_validate_schema"", ""add_birmingham_demand_features"", ""add_birmingham_lag_features"", ""expected_pipeline_feature_columns"", ""transform"", ""validate_occupancy_features""]","[""\""AVAILABLE_SPACES_COLUMN\"","", ""\""DEFAULT_AVAILABLE_SPACES_COLUMN\"","", ""\""available_spaces\"""", ""\""available_spaces\"","", ""\""available_spaces\"": ["", ""\""available_spaces_column cannot be empty.\"""", ""\""occupied_spaces + available_spaces \"""", ""# Available spaces"", ""& (available_spaces >= 0)"", ""& available_spaces.notna()"", ""+ available_spaces"", "".available_spaces_column,"", ""AVAILABLE_SPACES = \""available_spaces\"""", ""AVAILABLE_SPACES_COLUMN = \""available_spaces\"""", ""AVAILABLE_SPACES_COLUMN,"", ""CanonicalColumn.AVAILABLE_SPACES.value"", ""CanonicalColumn.AVAILABLE_SPACES.value,"", ""Column containing currently available spaces."", ""DEFAULT_AVAILABLE_SPACES_COLUMN"", ""DEFAULT_AVAILABLE_SPACES_COLUMN = \""available_spaces\"""", ""DEFAULT_AVAILABLE_SPACES_COLUMN = ("", ""] = available_spaces"", ""available_spaces"", ""available_spaces < 0"", ""available_spaces = _numeric_series(""]","[""AVAILABLE_SPACES_COLUMN"", ""DEFAULT_AVAILABLE_SPACES_COLUMN"", ""available_spaces""]",[],AT_OR_BEFORE_T,Historical/lag/rolling feature; no feature-level future operation detected.,Feature naming and source evidence indicate historical semantics.,False,False,False,False,False,False,False,True,False,HIGH,"[""Formal source timestamp verification is still recommended before production approval.""]"
available_spaces_lag_12h,historical,PRODUCTION_SAFE_HISTORICAL,True,"[""data\\dataset_audit.py"", ""data\\dataset_builder.py"", ""data\\temporal_normalizer.py"", ""data\\transformers.py"", ""features\\demand_features.py"", ""features\\feature_pipeline.py"", ""features\\lag_features.py"", ""features\\occupancy_features.py"", ""features\\rolling_features.py""]","[""__post_init__"", ""_build_canonical_dataset"", ""_build_empty_facility_grid"", ""_build_facility_grid"", ""_empty_output_dataframe"", ""_finalize_dataframe"", ""_validate_input"", ""_validate_schema"", ""add_birmingham_demand_features"", ""add_birmingham_lag_features"", ""expected_pipeline_feature_columns"", ""transform"", ""validate_occupancy_features""]","[""\""AVAILABLE_SPACES_COLUMN\"","", ""\""DEFAULT_AVAILABLE_SPACES_COLUMN\"","", ""\""available_spaces\"""", ""\""available_spaces\"","", ""\""available_spaces\"": ["", ""\""available_spaces_column cannot be empty.\"""", ""\""occupied_spaces + available_spaces \"""", ""# Available spaces"", ""& (available_spaces >= 0)"", ""& available_spaces.notna()"", ""+ available_spaces"", "".available_spaces_column,"", ""AVAILABLE_SPACES = \""available_spaces\"""", ""AVAILABLE_SPACES_COLUMN = \""available_spaces\"""", ""AVAILABLE_SPACES_COLUMN,"", ""CanonicalColumn.AVAILABLE_SPACES.value"", ""CanonicalColumn.AVAILABLE_SPACES.value,"", ""Column containing currently available spaces."", ""DEFAULT_AVAILABLE_SPACES_COLUMN"", ""DEFAULT_AVAILABLE_SPACES_COLUMN = \""available_spaces\"""", ""DEFAULT_AVAILABLE_SPACES_COLUMN = ("", ""] = available_spaces"", ""available_spaces"", ""available_spaces < 0"", ""available_spaces = _numeric_series(""]","[""AVAILABLE_SPACES_COLUMN"", ""DEFAULT_AVAILABLE_SPACES_COLUMN"", ""available_spaces""]",[],AT_OR_BEFORE_T,Historical/lag/rolling feature; no feature-level future operation detected.,Feature naming and source evidence indicate historical semantics.,False,False,False,False,False,False,False,True,False,HIGH,"[""Formal source timestamp verification is still recommended before production approval.""]"
available_spaces_lag_1d,historical,PRODUCTION_SAFE_HISTORICAL,True,"[""data\\dataset_audit.py"", ""data\\dataset_builder.py"", ""data\\temporal_normalizer.py"", ""data\\transformers.py"", ""features\\demand_features.py"", ""features\\feature_pipeline.py"", ""features\\lag_features.py"", ""features\\occupancy_features.py"", ""features\\rolling_features.py""]","[""__post_init__"", ""_build_canonical_dataset"", ""_build_empty_facility_grid"", ""_build_facility_grid"", ""_empty_output_dataframe"", ""_finalize_dataframe"", ""_validate_input"", ""_validate_schema"", ""add_birmingham_demand_features"", ""add_birmingham_lag_features"", ""expected_pipeline_feature_columns"", ""transform"", ""validate_occupancy_features""]","[""\""AVAILABLE_SPACES_COLUMN\"","", ""\""DEFAULT_AVAILABLE_SPACES_COLUMN\"","", ""\""available_spaces\"""", ""\""available_spaces\"","", ""\""available_spaces\"": ["", ""\""available_spaces_column cannot be empty.\"""", ""\""occupied_spaces + available_spaces \"""", ""# Available spaces"", ""& (available_spaces >= 0)"", ""& available_spaces.notna()"", ""+ available_spaces"", "".available_spaces_column,"", ""AVAILABLE_SPACES = \""available_spaces\"""", ""AVAILABLE_SPACES_COLUMN = \""available_spaces\"""", ""AVAILABLE_SPACES_COLUMN,"", ""CanonicalColumn.AVAILABLE_SPACES.value"", ""CanonicalColumn.AVAILABLE_SPACES.value,"", ""Column containing currently available spaces."", ""DEFAULT_AVAILABLE_SPACES_COLUMN"", ""DEFAULT_AVAILABLE_SPACES_COLUMN = \""available_spaces\"""", ""DEFAULT_AVAILABLE_SPACES_COLUMN = ("", ""] = available_spaces"", ""available_spaces"", ""available_spaces < 0"", ""available_spaces = _numeric_series(""]","[""AVAILABLE_SPACES_COLUMN"", ""DEFAULT_AVAILABLE_SPACES_COLUMN"", ""available_spaces""]",[],AT_OR_BEFORE_T,Historical/lag/rolling feature; no feature-level future operation detected.,Feature naming and source evidence indicate historical semantics.,False,False,False,False,False,False,False,True,False,HIGH,"[""Formal source timestamp verification is still recommended before production approval.""]"
occupancy_rate_roll_mean_1h,other,REQUIRES_CAUSAL_REVIEW,True,"[""C:\\agano\\Oshwal\\docs\\Project\\smart-parking-system\\backend\\app\\ml\\features\\rolling_features.py"", ""features\\rolling_features.py""]",[],"[""['occupancy_rate_roll_mean_1h']"", ""occupancy_rate_roll_mean_1h""]",[],[],UNKNOWN,Insufficient static evidence for automatic causal approval.,"Feature family could not be established as deterministic calendar, current-state, or historical causal.",False,False,False,False,False,False,False,True,False,MEDIUM,"[""Manual source and timestamp verification required.""]"
occupancy_rate_roll_std_1h,other,REQUIRES_CAUSAL_REVIEW,True,"[""C:\\agano\\Oshwal\\docs\\Project\\smart-parking-system\\backend\\app\\ml\\features\\rolling_features.py"", ""features\\rolling_features.py""]",[],"[""['occupancy_rate_roll_std_1h']"", ""occupancy_rate_roll_std_1h""]",[],[],UNKNOWN,Insufficient static evidence for automatic causal approval.,"Feature family could not be established as deterministic calendar, current-state, or historical causal.",False,False,False,False,False,False,False,True,False,MEDIUM,"[""Manual source and timestamp verification required.""]"
occupancy_rate_roll_min_1h,other,REQUIRES_CAUSAL_REVIEW,True,"[""C:\\agano\\Oshwal\\docs\\Project\\smart-parking-system\\backend\\app\\ml\\features\\rolling_features.py"", ""features\\rolling_features.py""]",[],"[""['occupancy_rate_roll_min_1h']"", ""occupancy_rate_roll_min_1h""]",[],[],UNKNOWN,Insufficient static evidence for automatic causal approval.,"Feature family could not be established as deterministic calendar, current-state, or historical causal.",False,False,False,False,False,False,False,True,False,MEDIUM,"[""Manual source and timestamp verification required.""]"
occupancy_rate_roll_max_1h,other,REQUIRES_CAUSAL_REVIEW,True,"[""C:\\agano\\Oshwal\\docs\\Project\\smart-parking-system\\backend\\app\\ml\\features\\rolling_features.py"", ""features\\rolling_features.py""]",[],"[""['occupancy_rate_roll_max_1h']"", ""occupancy_rate_roll_max_1h""]",[],[],UNKNOWN,Insufficient static evidence for automatic causal approval.,"Feature family could not be established as deterministic calendar, current-state, or historical causal.",False,False,False,False,False,False,False,True,False,MEDIUM,"[""Manual source and timestamp verification required.""]"
occupancy_rate_roll_median_1h,other,REQUIRES_CAUSAL_REVIEW,True,"[""C:\\agano\\Oshwal\\docs\\Project\\smart-parking-system\\backend\\app\\ml\\features\\rolling_features.py"", ""features\\rolling_features.py""]",[],"[""['occupancy_rate_roll_median_1h']"", ""occupancy_rate_roll_median_1h""]",[],[],UNKNOWN,Insufficient static evidence for automatic causal approval.,"Feature family could not be established as deterministic calendar, current-state, or historical causal.",False,False,False,False,False,False,False,True,False,MEDIUM,"[""Manual source and timestamp verification required.""]"
occupancy_rate_roll_trend_1h,historical,PRODUCTION_SAFE_HISTORICAL,True,"[""C:\\agano\\Oshwal\\docs\\Project\\smart-parking-system\\backend\\app\\ml\\features\\rolling_features.py"", ""features\\rolling_features.py""]",[],"[""['occupancy_rate_roll_trend_1h']"", ""occupancy_rate_roll_trend_1h""]",[],[],AT_OR_BEFORE_T,Historical/lag/rolling feature; no feature-level future operation detected.,Feature naming and source evidence indicate historical semantics.,False,False,False,False,False,False,False,True,False,HIGH,"[""Formal source timestamp verification is still recommended before production approval.""]"
occupancy_rate_roll_count_1h,other,REQUIRES_CAUSAL_REVIEW,True,"[""C:\\agano\\Oshwal\\docs\\Project\\smart-parking-system\\backend\\app\\ml\\features\\rolling_features.py"", ""features\\rolling_features.py""]",[],"[""['occupancy_rate_roll_count_1h']"", ""occupancy_rate_roll_count_1h""]",[],[],UNKNOWN,Insufficient static evidence for automatic causal approval.,"Feature family could not be established as deterministic calendar, current-state, or historical causal.",False,False,False,False,False,False,False,True,False,MEDIUM,"[""Manual source and timestamp verification required.""]"
occupancy_rate_roll_missing_1h,other,REQUIRES_CAUSAL_REVIEW,True,"[""C:\\agano\\Oshwal\\docs\\Project\\smart-parking-system\\backend\\app\\ml\\features\\rolling_features.py"", ""features\\rolling_features.py""]",[],"[""['occupancy_rate_roll_missing_1h']"", ""occupancy_rate_roll_missing_1h""]",[],[],UNKNOWN,Insufficient static evidence for automatic causal approval.,"Feature family could not be established as deterministic calendar, current-state, or historical causal.",False,False,False,False,False,False,False,True,False,MEDIUM,"[""Manual source and timestamp verification required.""]"
occupancy_rate_roll_coverage_ratio_1h,other,REQUIRES_CAUSAL_REVIEW,True,"[""data\\dataset_audit.py"", ""data\\dataset_builder.py"", ""data\\temporal.py"", ""data\\temporal_normalizer.py"", ""data\\transformers.py"", ""features\\demand_features.py"", ""features\\feature_pipeline.py"", ""features\\lag_features.py"", ""features\\occupancy_features.py"", ""features\\rolling_features.py"", ""ml_models\\xgboost_model.py""]","[""__post_init__"", ""_audit_facilities"", ""_audit_targets"", ""_build_canonical_dataset"", ""_build_empty_facility_grid"", ""_build_facility_grid"", ""_build_horizon_targets"", ""_build_tomorrow_morning_target"", ""_calculate_ml_occupancy_rate"", ""_calculate_raw_occupancy_rate"", ""_check_occupancy"", ""_classify_occupancy"", ""_derive_observation_presence"", ""_empty_output_dataframe"", ""_finalize_dataframe"", ""_handle_zero_capacity"", ""_prepare_dataframe"", ""_validate_input"", ""_validate_schema"", ""_validate_transformed_dataset"", ""add_birmingham_demand_features"", ""add_birmingham_lag_features"", ""expected_demand_feature_columns"", ""expected_pipeline_feature_columns"", ""transform"", ""validate_occupancy_features"", ""validate_rolling_features""]","[""\""Canonical occupancy_rate contains values \"""", ""\""DEFAULT_OCCUPANCY_RATE_COLUMN\"","", ""\""INVALID_OCCUPANCY_RATE\"""", ""\""OCCUPANCY_RATE_COLUMN\"","", ""\""RAW_OCCUPANCY_RATE_COLUMN\"","", ""\""derive_occupancy_rate=False.\"""", ""\""maximum_occupancy_rate must be \"""", ""\""minimum_occupancy_rate.\"""", ""\""minimum_target_coverage_ratio must \"""", ""\""occupancy_rate column is required when \"""", ""\""occupancy_rate\"""", ""\""occupancy_rate\"","", ""\""occupancy_rate\"": ["", ""\""occupancy_rate_column cannot be empty.\"""", ""\""occupancy_rate_consistent\"""", ""\""occupancy_rate_consistent\"","", ""\""occupancy_rate_tolerance cannot be negative.\"""", ""\""target_occupancy_rate_1h\"""", ""\""target_occupancy_rate_1h\"","", ""\""target_occupancy_rate_1h\"": ["", ""\""target_occupancy_rate_2h\"""", ""\""target_occupancy_rate_2h\"","", ""\""target_occupancy_rate_2h\"": ["", ""\""target_occupancy_rate_30m\"""", ""\""target_occupancy_rate_30m\"",""]","[""DEFAULT_OCCUPANCY_RATE_COLUMN"", ""INVALID_OCCUPANCY_RATE"", ""OCCUPANCY_RATE_COLUMN"", ""RAW_OCCUPANCY_RATE_COLUMN"", ""occupancy_rate"", ""occupancy_rate_consistent"", ""raw_occupancy_rate"", ""target_occupancy_rate_1h"", ""target_occupancy_rate_2h"", ""target_occupancy_rate_30m"", ""target_tomorrow_morning_occupancy_rate""]",[],UNKNOWN,Insufficient static evidence for automatic causal approval.,"Feature family could not be established as deterministic calendar, current-state, or historical causal.",False,False,False,False,False,False,False,True,False,MEDIUM,"[""Manual source and timestamp verification required.""]"
occupancy_rate_roll_1h_available,other,REQUIRES_CAUSAL_REVIEW,True,"[""data\\dataset_audit.py"", ""data\\dataset_builder.py"", ""data\\temporal.py"", ""data\\temporal_normalizer.py"", ""data\\transformers.py"", ""features\\demand_features.py"", ""features\\feature_pipeline.py"", ""features\\lag_features.py"", ""features\\occupancy_features.py"", ""features\\rolling_features.py"", ""ml_models\\xgboost_model.py""]","[""__post_init__"", ""_audit_facilities"", ""_build_canonical_dataset"", ""_build_empty_facility_grid"", ""_build_facility_grid"", ""_build_horizon_targets"", ""_build_tomorrow_morning_target"", ""_calculate_ml_occupancy_rate"", ""_calculate_raw_occupancy_rate"", ""_check_occupancy"", ""_classify_occupancy"", ""_derive_observation_presence"", ""_empty_output_dataframe"", ""_finalize_dataframe"", ""_handle_zero_capacity"", ""_prepare_dataframe"", ""_validate_input"", ""_validate_schema"", ""_validate_transformed_dataset"", ""add_birmingham_demand_features"", ""add_birmingham_lag_features"", ""expected_demand_feature_columns"", ""expected_pipeline_feature_columns"", ""transform"", ""validate_occupancy_features"", ""validate_rolling_features""]","[""\""Canonical occupancy_rate contains values \"""", ""\""DEFAULT_OCCUPANCY_RATE_COLUMN\"","", ""\""INVALID_OCCUPANCY_RATE\"""", ""\""OCCUPANCY_RATE_COLUMN\"","", ""\""RAW_OCCUPANCY_RATE_COLUMN\"","", ""\""derive_occupancy_rate=False.\"""", ""\""maximum_occupancy_rate must be \"""", ""\""minimum_occupancy_rate.\"""", ""\""occupancy_rate column is required when \"""", ""\""occupancy_rate\"""", ""\""occupancy_rate\"","", ""\""occupancy_rate\"": ["", ""\""occupancy_rate_column cannot be empty.\"""", ""\""occupancy_rate_consistent\"""", ""\""occupancy_rate_consistent\"","", ""\""occupancy_rate_tolerance cannot be negative.\"""", ""\""target_occupancy_rate_1h\"""", ""\""target_occupancy_rate_1h\"","", ""\""target_occupancy_rate_1h\"": ["", ""\""target_occupancy_rate_2h\"""", ""\""target_occupancy_rate_2h\"","", ""\""target_occupancy_rate_2h\"": ["", ""\""target_occupancy_rate_30m\"""", ""\""target_occupancy_rate_30m\"","", ""\""target_occupancy_rate_30m\"": [""]","[""DEFAULT_OCCUPANCY_RATE_COLUMN"", ""INVALID_OCCUPANCY_RATE"", ""OCCUPANCY_RATE_COLUMN"", ""RAW_OCCUPANCY_RATE_COLUMN"", ""occupancy_rate"", ""occupancy_rate_consistent"", ""raw_occupancy_rate"", ""target_occupancy_rate_1h"", ""target_occupancy_rate_2h"", ""target_occupancy_rate_30m"", ""target_tomorrow_morning_occupancy_rate""]",[],UNKNOWN,Insufficient static evidence for automatic causal approval.,"Feature family could not be established as deterministic calendar, current-state, or historical causal.",False,False,False,False,False,False,False,True,False,MEDIUM,"[""Manual source and timestamp verification required.""]"
occupancy_rate_roll_mean_2h,other,REQUIRES_CAUSAL_REVIEW,True,"[""C:\\agano\\Oshwal\\docs\\Project\\smart-parking-system\\backend\\app\\ml\\features\\rolling_features.py"", ""features\\rolling_features.py""]",[],"[""['occupancy_rate_roll_mean_2h']"", ""occupancy_rate_roll_mean_2h""]",[],[],UNKNOWN,Insufficient static evidence for automatic causal approval.,"Feature family could not be established as deterministic calendar, current-state, or historical causal.",False,False,False,False,False,False,False,True,False,MEDIUM,"[""Manual source and timestamp verification required.""]"
occupancy_rate_roll_std_2h,other,REQUIRES_CAUSAL_REVIEW,True,"[""C:\\agano\\Oshwal\\docs\\Project\\smart-parking-system\\backend\\app\\ml\\features\\rolling_features.py"", ""features\\rolling_features.py""]",[],"[""['occupancy_rate_roll_std_2h']"", ""occupancy_rate_roll_std_2h""]",[],[],UNKNOWN,Insufficient static evidence for automatic causal approval.,"Feature family could not be established as deterministic calendar, current-state, or historical causal.",False,False,False,False,False,False,False,True,False,MEDIUM,"[""Manual source and timestamp verification required.""]"
occupancy_rate_roll_min_2h,other,REQUIRES_CAUSAL_REVIEW,True,"[""data\\dataset_audit.py"", ""data\\dataset_builder.py"", ""data\\temporal.py"", ""data\\temporal_normalizer.py"", ""data\\transformers.py"", ""features\\demand_features.py"", ""features\\feature_pipeline.py"", ""features\\lag_features.py"", ""features\\occupancy_features.py"", ""features\\rolling_features.py"", ""ml_models\\xgboost_model.py""]","[""__post_init__"", ""_audit_facilities"", ""_build_canonical_dataset"", ""_build_empty_facility_grid"", ""_build_facility_grid"", ""_build_horizon_targets"", ""_build_tomorrow_morning_target"", ""_calculate_ml_occupancy_rate"", ""_calculate_raw_occupancy_rate"", ""_check_occupancy"", ""_classify_occupancy"", ""_derive_observation_presence"", ""_empty_output_dataframe"", ""_finalize_dataframe"", ""_handle_zero_capacity"", ""_prepare_dataframe"", ""_validate_input"", ""_validate_schema"", ""_validate_transformed_dataset"", ""add_birmingham_demand_features"", ""add_birmingham_lag_features"", ""expected_demand_feature_columns"", ""expected_pipeline_feature_columns"", ""transform"", ""validate_occupancy_features""]","[""\""Canonical occupancy_rate contains values \"""", ""\""DEFAULT_OCCUPANCY_RATE_COLUMN\"","", ""\""INVALID_OCCUPANCY_RATE\"""", ""\""OCCUPANCY_RATE_COLUMN\"","", ""\""RAW_OCCUPANCY_RATE_COLUMN\"","", ""\""derive_occupancy_rate=False.\"""", ""\""maximum_occupancy_rate must be \"""", ""\""minimum_occupancy_rate.\"""", ""\""occupancy_rate column is required when \"""", ""\""occupancy_rate\"""", ""\""occupancy_rate\"","", ""\""occupancy_rate\"": ["", ""\""occupancy_rate_column cannot be empty.\"""", ""\""occupancy_rate_consistent\"""", ""\""occupancy_rate_consistent\"","", ""\""occupancy_rate_tolerance cannot be negative.\"""", ""\""target_occupancy_rate_1h\"""", ""\""target_occupancy_rate_1h\"","", ""\""target_occupancy_rate_1h\"": ["", ""\""target_occupancy_rate_2h\"""", ""\""target_occupancy_rate_2h\"","", ""\""target_occupancy_rate_2h\"": ["", ""\""target_occupancy_rate_30m\"""", ""\""target_occupancy_rate_30m\"","", ""\""target_occupancy_rate_30m\"": [""]","[""DEFAULT_OCCUPANCY_RATE_COLUMN"", ""INVALID_OCCUPANCY_RATE"", ""OCCUPANCY_RATE_COLUMN"", ""RAW_OCCUPANCY_RATE_COLUMN"", ""occupancy_rate"", ""occupancy_rate_consistent"", ""raw_occupancy_rate"", ""target_occupancy_rate_1h"", ""target_occupancy_rate_2h"", ""target_occupancy_rate_30m"", ""target_tomorrow_morning_occupancy_rate""]",[],UNKNOWN,Insufficient static evidence for automatic causal approval.,"Feature family could not be established as deterministic calendar, current-state, or historical causal.",False,False,False,False,False,False,False,True,False,MEDIUM,"[""Manual source and timestamp verification required.""]"
occupancy_rate_roll_max_2h,other,REQUIRES_CAUSAL_REVIEW,True,"[""data\\dataset_audit.py"", ""data\\dataset_builder.py"", ""data\\temporal.py"", ""data\\temporal_normalizer.py"", ""data\\transformers.py"", ""features\\demand_features.py"", ""features\\feature_pipeline.py"", ""features\\lag_features.py"", ""features\\occupancy_features.py"", ""features\\rolling_features.py"", ""ml_models\\xgboost_model.py""]","[""__post_init__"", ""_audit_facilities"", ""_build_canonical_dataset"", ""_build_empty_facility_grid"", ""_build_facility_grid"", ""_build_horizon_targets"", ""_build_tomorrow_morning_target"", ""_calculate_ml_occupancy_rate"", ""_calculate_raw_occupancy_rate"", ""_check_occupancy"", ""_classify_occupancy"", ""_derive_observation_presence"", ""_empty_output_dataframe"", ""_finalize_dataframe"", ""_handle_zero_capacity"", ""_prepare_dataframe"", ""_validate_input"", ""_validate_schema"", ""_validate_transformed_dataset"", ""add_birmingham_demand_features"", ""add_birmingham_lag_features"", ""expected_demand_feature_columns"", ""expected_pipeline_feature_columns"", ""transform"", ""validate_occupancy_features""]","[""\""Canonical occupancy_rate contains values \"""", ""\""DEFAULT_OCCUPANCY_RATE_COLUMN\"","", ""\""INVALID_OCCUPANCY_RATE\"""", ""\""OCCUPANCY_RATE_COLUMN\"","", ""\""RAW_OCCUPANCY_RATE_COLUMN\"","", ""\""derive_occupancy_rate=False.\"""", ""\""maximum_occupancy_rate must be \"""", ""\""minimum_occupancy_rate.\"""", ""\""occupancy_rate column is required when \"""", ""\""occupancy_rate\"""", ""\""occupancy_rate\"","", ""\""occupancy_rate\"": ["", ""\""occupancy_rate_column cannot be empty.\"""", ""\""occupancy_rate_consistent\"""", ""\""occupancy_rate_consistent\"","", ""\""occupancy_rate_tolerance cannot be negative.\"""", ""\""target_occupancy_rate_1h\"""", ""\""target_occupancy_rate_1h\"","", ""\""target_occupancy_rate_1h\"": ["", ""\""target_occupancy_rate_2h\"""", ""\""target_occupancy_rate_2h\"","", ""\""target_occupancy_rate_2h\"": ["", ""\""target_occupancy_rate_30m\"""", ""\""target_occupancy_rate_30m\"","", ""\""target_occupancy_rate_30m\"": [""]","[""DEFAULT_OCCUPANCY_RATE_COLUMN"", ""INVALID_OCCUPANCY_RATE"", ""OCCUPANCY_RATE_COLUMN"", ""RAW_OCCUPANCY_RATE_COLUMN"", ""occupancy_rate"", ""occupancy_rate_consistent"", ""raw_occupancy_rate"", ""target_occupancy_rate_1h"", ""target_occupancy_rate_2h"", ""target_occupancy_rate_30m"", ""target_tomorrow_morning_occupancy_rate""]",[],UNKNOWN,Insufficient static evidence for automatic causal approval.,"Feature family could not be established as deterministic calendar, current-state, or historical causal.",False,False,False,False,False,False,False,True,False,MEDIUM,"[""Manual source and timestamp verification required.""]"
occupancy_rate_roll_median_2h,other,REQUIRES_CAUSAL_REVIEW,True,"[""data\\dataset_audit.py"", ""data\\dataset_builder.py"", ""data\\temporal.py"", ""data\\temporal_normalizer.py"", ""data\\transformers.py"", ""features\\demand_features.py"", ""features\\feature_pipeline.py"", ""features\\lag_features.py"", ""features\\occupancy_features.py"", ""features\\rolling_features.py"", ""ml_models\\xgboost_model.py""]","[""__post_init__"", ""_audit_facilities"", ""_build_canonical_dataset"", ""_build_empty_facility_grid"", ""_build_facility_grid"", ""_build_horizon_targets"", ""_build_tomorrow_morning_target"", ""_build_window_features"", ""_calculate_ml_occupancy_rate"", ""_calculate_raw_occupancy_rate"", ""_check_occupancy"", ""_classify_occupancy"", ""_derive_observation_presence"", ""_empty_output_dataframe"", ""_finalize_dataframe"", ""_handle_zero_capacity"", ""_prepare_dataframe"", ""_validate_input"", ""_validate_schema"", ""_validate_transformed_dataset"", ""add_birmingham_demand_features"", ""add_birmingham_lag_features"", ""expected_demand_feature_columns"", ""expected_pipeline_feature_columns"", ""transform"", ""validate_occupancy_features""]","[""\""Canonical occupancy_rate contains values \"""", ""\""DEFAULT_OCCUPANCY_RATE_COLUMN\"","", ""\""INVALID_OCCUPANCY_RATE\"""", ""\""OCCUPANCY_RATE_COLUMN\"","", ""\""RAW_OCCUPANCY_RATE_COLUMN\"","", ""\""derive_occupancy_rate=False.\"""", ""\""maximum_occupancy_rate must be \"""", ""\""minimum_occupancy_rate.\"""", ""\""occupancy_rate column is required when \"""", ""\""occupancy_rate\"""", ""\""occupancy_rate\"","", ""\""occupancy_rate\"": ["", ""\""occupancy_rate_column cannot be empty.\"""", ""\""occupancy_rate_consistent\"""", ""\""occupancy_rate_consistent\"","", ""\""occupancy_rate_tolerance cannot be negative.\"""", ""\""target_occupancy_rate_1h\"""", ""\""target_occupancy_rate_1h\"","", ""\""target_occupancy_rate_1h\"": ["", ""\""target_occupancy_rate_2h\"""", ""\""target_occupancy_rate_2h\"","", ""\""target_occupancy_rate_2h\"": ["", ""\""target_occupancy_rate_30m\"""", ""\""target_occupancy_rate_30m\"","", ""\""target_occupancy_rate_30m\"": [""]","[""DEFAULT_OCCUPANCY_RATE_COLUMN"", ""INVALID_OCCUPANCY_RATE"", ""OCCUPANCY_RATE_COLUMN"", ""RAW_OCCUPANCY_RATE_COLUMN"", ""occupancy_rate"", ""occupancy_rate_consistent"", ""raw_occupancy_rate"", ""target_occupancy_rate_1h"", ""target_occupancy_rate_2h"", ""target_occupancy_rate_30m"", ""target_tomorrow_morning_occupancy_rate""]",[],UNKNOWN,Insufficient static evidence for automatic causal approval.,"Feature family could not be established as deterministic calendar, current-state, or historical causal.",False,False,False,False,False,False,False,True,False,MEDIUM,"[""Manual source and timestamp verification required.""]"
occupancy_rate_roll_trend_2h,historical,PRODUCTION_SAFE_HISTORICAL,True,"[""data\\dataset_audit.py"", ""data\\dataset_builder.py"", ""data\\temporal.py"", ""data\\temporal_normalizer.py"", ""data\\transformers.py"", ""features\\demand_features.py"", ""features\\feature_pipeline.py"", ""features\\lag_features.py"", ""features\\occupancy_features.py"", ""features\\rolling_features.py"", ""ml_models\\xgboost_model.py""]","[""__post_init__"", ""_audit_facilities"", ""_build_canonical_dataset"", ""_build_empty_facility_grid"", ""_build_facility_grid"", ""_build_horizon_targets"", ""_build_tomorrow_morning_target"", ""_build_window_features"", ""_calculate_ml_occupancy_rate"", ""_calculate_raw_occupancy_rate"", ""_check_occupancy"", ""_classify_occupancy"", ""_derive_observation_presence"", ""_empty_output_dataframe"", ""_finalize_dataframe"", ""_handle_zero_capacity"", ""_prepare_dataframe"", ""_validate_input"", ""_validate_schema"", ""_validate_transformed_dataset"", ""add_birmingham_demand_features"", ""add_birmingham_lag_features"", ""expected_demand_feature_columns"", ""expected_pipeline_feature_columns"", ""transform"", ""validate_occupancy_features""]","[""\""Canonical occupancy_rate contains values \"""", ""\""DEFAULT_OCCUPANCY_RATE_COLUMN\"","", ""\""INVALID_OCCUPANCY_RATE\"""", ""\""OCCUPANCY_RATE_COLUMN\"","", ""\""RAW_OCCUPANCY_RATE_COLUMN\"","", ""\""derive_occupancy_rate=False.\"""", ""\""maximum_occupancy_rate must be \"""", ""\""minimum_occupancy_rate.\"""", ""\""occupancy_rate column is required when \"""", ""\""occupancy_rate\"""", ""\""occupancy_rate\"","", ""\""occupancy_rate\"": ["", ""\""occupancy_rate_column cannot be empty.\"""", ""\""occupancy_rate_consistent\"""", ""\""occupancy_rate_consistent\"","", ""\""occupancy_rate_tolerance cannot be negative.\"""", ""\""target_occupancy_rate_1h\"""", ""\""target_occupancy_rate_1h\"","", ""\""target_occupancy_rate_1h\"": ["", ""\""target_occupancy_rate_2h\"""", ""\""target_occupancy_rate_2h\"","", ""\""target_occupancy_rate_2h\"": ["", ""\""target_occupancy_rate_30m\"""", ""\""target_occupancy_rate_30m\"","", ""\""target_occupancy_rate_30m\"": [""]","[""DEFAULT_OCCUPANCY_RATE_COLUMN"", ""INVALID_OCCUPANCY_RATE"", ""OCCUPANCY_RATE_COLUMN"", ""RAW_OCCUPANCY_RATE_COLUMN"", ""occupancy_rate"", ""occupancy_rate_consistent"", ""raw_occupancy_rate"", ""target_occupancy_rate_1h"", ""target_occupancy_rate_2h"", ""target_occupancy_rate_30m"", ""target_tomorrow_morning_occupancy_rate""]",[],AT_OR_BEFORE_T,Historical/lag/rolling feature; no feature-level future operation detected.,Feature naming and source evidence indicate historical semantics.,False,False,False,False,False,False,False,True,False,HIGH,"[""Formal source timestamp verification is still recommended before production approval.""]"
occupancy_rate_roll_count_2h,other,REQUIRES_CAUSAL_REVIEW,True,"[""data\\dataset_audit.py"", ""data\\dataset_builder.py"", ""data\\temporal.py"", ""data\\temporal_normalizer.py"", ""data\\transformers.py"", ""features\\demand_features.py"", ""features\\feature_pipeline.py"", ""features\\lag_features.py"", ""features\\occupancy_features.py"", ""features\\rolling_features.py"", ""ml_models\\xgboost_model.py""]","[""__post_init__"", ""_audit_facilities"", ""_build_canonical_dataset"", ""_build_empty_facility_grid"", ""_build_facility_grid"", ""_build_horizon_targets"", ""_build_tomorrow_morning_target"", ""_build_window_features"", ""_calculate_ml_occupancy_rate"", ""_calculate_raw_occupancy_rate"", ""_check_occupancy"", ""_classify_occupancy"", ""_derive_observation_presence"", ""_empty_output_dataframe"", ""_finalize_dataframe"", ""_handle_zero_capacity"", ""_prepare_dataframe"", ""_validate_input"", ""_validate_schema"", ""_validate_transformed_dataset"", ""add_birmingham_demand_features"", ""add_birmingham_lag_features"", ""expected_demand_feature_columns"", ""expected_pipeline_feature_columns"", ""transform"", ""validate_occupancy_features"", ""validate_rolling_features""]","[""\""Canonical occupancy_rate contains values \"""", ""\""DEFAULT_OCCUPANCY_RATE_COLUMN\"","", ""\""INVALID_OCCUPANCY_RATE\"""", ""\""OCCUPANCY_RATE_COLUMN\"","", ""\""RAW_OCCUPANCY_RATE_COLUMN\"","", ""\""derive_occupancy_rate=False.\"""", ""\""maximum_occupancy_rate must be \"""", ""\""minimum_occupancy_rate.\"""", ""\""occupancy_rate column is required when \"""", ""\""occupancy_rate\"""", ""\""occupancy_rate\"","", ""\""occupancy_rate\"": ["", ""\""occupancy_rate_column cannot be empty.\"""", ""\""occupancy_rate_consistent\"""", ""\""occupancy_rate_consistent\"","", ""\""occupancy_rate_tolerance cannot be negative.\"""", ""\""target_occupancy_rate_1h\"""", ""\""target_occupancy_rate_1h\"","", ""\""target_occupancy_rate_1h\"": ["", ""\""target_occupancy_rate_2h\"""", ""\""target_occupancy_rate_2h\"","", ""\""target_occupancy_rate_2h\"": ["", ""\""target_occupancy_rate_30m\"""", ""\""target_occupancy_rate_30m\"","", ""\""target_occupancy_rate_30m\"": [""]","[""DEFAULT_OCCUPANCY_RATE_COLUMN"", ""INVALID_OCCUPANCY_RATE"", ""OCCUPANCY_RATE_COLUMN"", ""RAW_OCCUPANCY_RATE_COLUMN"", ""occupancy_rate"", ""occupancy_rate_consistent"", ""raw_occupancy_rate"", ""target_occupancy_rate_1h"", ""target_occupancy_rate_2h"", ""target_occupancy_rate_30m"", ""target_tomorrow_morning_occupancy_rate""]",[],UNKNOWN,Insufficient static evidence for automatic causal approval.,"Feature family could not be established as deterministic calendar, current-state, or historical causal.",False,False,False,False,False,False,False,True,False,MEDIUM,"[""Manual source and timestamp verification required.""]"
occupancy_rate_roll_missing_2h,other,REQUIRES_CAUSAL_REVIEW,True,"[""data\\dataset_audit.py"", ""data\\dataset_builder.py"", ""data\\temporal.py"", ""data\\temporal_normalizer.py"", ""data\\transformers.py"", ""features\\demand_features.py"", ""features\\feature_pipeline.py"", ""features\\lag_features.py"", ""features\\occupancy_features.py"", ""features\\rolling_features.py"", ""ml_models\\xgboost_model.py""]","[""__post_init__"", ""_audit_facilities"", ""_build_canonical_dataset"", ""_build_empty_facility_grid"", ""_build_facility_grid"", ""_build_horizon_targets"", ""_build_tomorrow_morning_target"", ""_calculate_ml_occupancy_rate"", ""_calculate_raw_occupancy_rate"", ""_check_occupancy"", ""_classify_occupancy"", ""_derive_observation_presence"", ""_empty_output_dataframe"", ""_finalize_dataframe"", ""_handle_zero_capacity"", ""_prepare_dataframe"", ""_validate_input"", ""_validate_schema"", ""_validate_transformed_dataset"", ""add_birmingham_demand_features"", ""add_birmingham_lag_features"", ""expected_demand_feature_columns"", ""expected_pipeline_feature_columns"", ""transform"", ""validate_occupancy_features"", ""validate_rolling_features""]","[""\""\""\""Raised when required occupancy columns are missing.\""\""\"""", ""\""Canonical occupancy_rate contains values \"""", ""\""DEFAULT_OCCUPANCY_RATE_COLUMN\"","", ""\""INVALID_OCCUPANCY_RATE\"""", ""\""Missing required occupancy \"""", ""\""OCCUPANCY_RATE_COLUMN\"","", ""\""RAW_OCCUPANCY_RATE_COLUMN\"","", ""\""Required occupancy columns are missing: \"""", ""\""derive_occupancy_rate=False.\"""", ""\""maximum_occupancy_rate must be \"""", ""\""minimum_occupancy_rate.\"""", ""\""occupancy_rate column is required when \"""", ""\""occupancy_rate\"""", ""\""occupancy_rate\"","", ""\""occupancy_rate\"": ["", ""\""occupancy_rate_column cannot be empty.\"""", ""\""occupancy_rate_consistent\"""", ""\""occupancy_rate_consistent\"","", ""\""occupancy_rate_tolerance cannot be negative.\"""", ""\""target_occupancy_rate_1h\"""", ""\""target_occupancy_rate_1h\"","", ""\""target_occupancy_rate_1h\"": ["", ""\""target_occupancy_rate_2h\"""", ""\""target_occupancy_rate_2h\"","", ""\""target_occupancy_rate_2h\"": [""]","[""DEFAULT_OCCUPANCY_RATE_COLUMN"", ""INVALID_OCCUPANCY_RATE"", ""OCCUPANCY_RATE_COLUMN"", ""RAW_OCCUPANCY_RATE_COLUMN"", ""occupancy_rate"", ""occupancy_rate_consistent"", ""raw_occupancy_rate"", ""target_occupancy_rate_1h"", ""target_occupancy_rate_2h"", ""target_occupancy_rate_30m"", ""target_tomorrow_morning_occupancy_rate""]",[],UNKNOWN,Insufficient static evidence for automatic causal approval.,"Feature family could not be established as deterministic calendar, current-state, or historical causal.",False,False,False,False,False,False,False,True,False,MEDIUM,"[""Manual source and timestamp verification required.""]"
occupancy_rate_roll_coverage_ratio_2h,other,REQUIRES_CAUSAL_REVIEW,True,"[""data\\dataset_audit.py"", ""data\\dataset_builder.py"", ""data\\temporal.py"", ""data\\temporal_normalizer.py"", ""data\\transformers.py"", ""features\\demand_features.py"", ""features\\feature_pipeline.py"", ""features\\lag_features.py"", ""features\\occupancy_features.py"", ""features\\rolling_features.py"", ""ml_models\\xgboost_model.py""]","[""__post_init__"", ""_audit_facilities"", ""_audit_targets"", ""_build_canonical_dataset"", ""_build_empty_facility_grid"", ""_build_facility_grid"", ""_build_horizon_targets"", ""_build_tomorrow_morning_target"", ""_calculate_ml_occupancy_rate"", ""_calculate_raw_occupancy_rate"", ""_check_occupancy"", ""_classify_occupancy"", ""_derive_observation_presence"", ""_empty_output_dataframe"", ""_finalize_dataframe"", ""_handle_zero_capacity"", ""_prepare_dataframe"", ""_validate_input"", ""_validate_schema"", ""_validate_transformed_dataset"", ""add_birmingham_demand_features"", ""add_birmingham_lag_features"", ""expected_demand_feature_columns"", ""expected_pipeline_feature_columns"", ""transform"", ""validate_occupancy_features"", ""validate_rolling_features""]","[""\""Canonical occupancy_rate contains values \"""", ""\""DEFAULT_OCCUPANCY_RATE_COLUMN\"","", ""\""INVALID_OCCUPANCY_RATE\"""", ""\""OCCUPANCY_RATE_COLUMN\"","", ""\""RAW_OCCUPANCY_RATE_COLUMN\"","", ""\""derive_occupancy_rate=False.\"""", ""\""maximum_occupancy_rate must be \"""", ""\""minimum_occupancy_rate.\"""", ""\""minimum_target_coverage_ratio must \"""", ""\""occupancy_rate column is required when \"""", ""\""occupancy_rate\"""", ""\""occupancy_rate\"","", ""\""occupancy_rate\"": ["", ""\""occupancy_rate_column cannot be empty.\"""", ""\""occupancy_rate_consistent\"""", ""\""occupancy_rate_consistent\"","", ""\""occupancy_rate_tolerance cannot be negative.\"""", ""\""target_occupancy_rate_1h\"""", ""\""target_occupancy_rate_1h\"","", ""\""target_occupancy_rate_1h\"": ["", ""\""target_occupancy_rate_2h\"""", ""\""target_occupancy_rate_2h\"","", ""\""target_occupancy_rate_2h\"": ["", ""\""target_occupancy_rate_30m\"""", ""\""target_occupancy_rate_30m\"",""]","[""DEFAULT_OCCUPANCY_RATE_COLUMN"", ""INVALID_OCCUPANCY_RATE"", ""OCCUPANCY_RATE_COLUMN"", ""RAW_OCCUPANCY_RATE_COLUMN"", ""occupancy_rate"", ""occupancy_rate_consistent"", ""raw_occupancy_rate"", ""target_occupancy_rate_1h"", ""target_occupancy_rate_2h"", ""target_occupancy_rate_30m"", ""target_tomorrow_morning_occupancy_rate""]",[],UNKNOWN,Insufficient static evidence for automatic causal approval.,"Feature family could not be established as deterministic calendar, current-state, or historical causal.",False,False,False,False,False,False,False,True,False,MEDIUM,"[""Manual source and timestamp verification required.""]"
occupancy_rate_roll_2h_available,other,REQUIRES_CAUSAL_REVIEW,True,"[""data\\dataset_audit.py"", ""data\\dataset_builder.py"", ""data\\temporal.py"", ""data\\temporal_normalizer.py"", ""data\\transformers.py"", ""features\\demand_features.py"", ""features\\feature_pipeline.py"", ""features\\lag_features.py"", ""features\\occupancy_features.py"", ""features\\rolling_features.py"", ""ml_models\\xgboost_model.py""]","[""__post_init__"", ""_audit_facilities"", ""_build_canonical_dataset"", ""_build_empty_facility_grid"", ""_build_facility_grid"", ""_build_horizon_targets"", ""_build_tomorrow_morning_target"", ""_calculate_ml_occupancy_rate"", ""_calculate_raw_occupancy_rate"", ""_check_occupancy"", ""_classify_occupancy"", ""_derive_observation_presence"", ""_empty_output_dataframe"", ""_finalize_dataframe"", ""_handle_zero_capacity"", ""_prepare_dataframe"", ""_validate_input"", ""_validate_schema"", ""_validate_transformed_dataset"", ""add_birmingham_demand_features"", ""add_birmingham_lag_features"", ""expected_demand_feature_columns"", ""expected_pipeline_feature_columns"", ""transform"", ""validate_occupancy_features"", ""validate_rolling_features""]","[""\""Canonical occupancy_rate contains values \"""", ""\""DEFAULT_OCCUPANCY_RATE_COLUMN\"","", ""\""INVALID_OCCUPANCY_RATE\"""", ""\""OCCUPANCY_RATE_COLUMN\"","", ""\""RAW_OCCUPANCY_RATE_COLUMN\"","", ""\""derive_occupancy_rate=False.\"""", ""\""maximum_occupancy_rate must be \"""", ""\""minimum_occupancy_rate.\"""", ""\""occupancy_rate column is required when \"""", ""\""occupancy_rate\"""", ""\""occupancy_rate\"","", ""\""occupancy_rate\"": ["", ""\""occupancy_rate_column cannot be empty.\"""", ""\""occupancy_rate_consistent\"""", ""\""occupancy_rate_consistent\"","", ""\""occupancy_rate_tolerance cannot be negative.\"""", ""\""target_occupancy_rate_1h\"""", ""\""target_occupancy_rate_1h\"","", ""\""target_occupancy_rate_1h\"": ["", ""\""target_occupancy_rate_2h\"""", ""\""target_occupancy_rate_2h\"","", ""\""target_occupancy_rate_2h\"": ["", ""\""target_occupancy_rate_30m\"""", ""\""target_occupancy_rate_30m\"","", ""\""target_occupancy_rate_30m\"": [""]","[""DEFAULT_OCCUPANCY_RATE_COLUMN"", ""INVALID_OCCUPANCY_RATE"", ""OCCUPANCY_RATE_COLUMN"", ""RAW_OCCUPANCY_RATE_COLUMN"", ""occupancy_rate"", ""occupancy_rate_consistent"", ""raw_occupancy_rate"", ""target_occupancy_rate_1h"", ""target_occupancy_rate_2h"", ""target_occupancy_rate_30m"", ""target_tomorrow_morning_occupancy_rate""]",[],UNKNOWN,Insufficient static evidence for automatic causal approval.,"Feature family could not be established as deterministic calendar, current-state, or historical causal.",False,False,False,False,False,False,False,True,False,MEDIUM,"[""Manual source and timestamp verification required.""]"
occupancy_rate_roll_mean_3h,other,REQUIRES_CAUSAL_REVIEW,True,"[""C:\\agano\\Oshwal\\docs\\Project\\smart-parking-system\\backend\\app\\ml\\features\\rolling_features.py"", ""features\\rolling_features.py""]",[],"[""['occupancy_rate_roll_mean_3h']"", ""occupancy_rate_roll_mean_3h""]",[],[],UNKNOWN,Insufficient static evidence for automatic causal approval.,"Feature family could not be established as deterministic calendar, current-state, or historical causal.",False,False,False,False,False,False,False,True,False,MEDIUM,"[""Manual source and timestamp verification required.""]"
occupancy_rate_roll_std_3h,other,REQUIRES_CAUSAL_REVIEW,True,"[""data\\dataset_audit.py"", ""data\\dataset_builder.py"", ""data\\temporal.py"", ""data\\temporal_normalizer.py"", ""data\\transformers.py"", ""features\\demand_features.py"", ""features\\feature_pipeline.py"", ""features\\lag_features.py"", ""features\\occupancy_features.py"", ""features\\rolling_features.py"", ""ml_models\\xgboost_model.py""]","[""__post_init__"", ""_audit_facilities"", ""_build_canonical_dataset"", ""_build_empty_facility_grid"", ""_build_facility_grid"", ""_build_horizon_targets"", ""_build_tomorrow_morning_target"", ""_calculate_ml_occupancy_rate"", ""_calculate_raw_occupancy_rate"", ""_check_occupancy"", ""_classify_occupancy"", ""_derive_observation_presence"", ""_empty_output_dataframe"", ""_finalize_dataframe"", ""_handle_zero_capacity"", ""_prepare_dataframe"", ""_validate_input"", ""_validate_schema"", ""_validate_transformed_dataset"", ""add_birmingham_demand_features"", ""add_birmingham_lag_features"", ""expected_demand_feature_columns"", ""expected_pipeline_feature_columns"", ""transform"", ""validate_occupancy_features""]","[""\""Canonical occupancy_rate contains values \"""", ""\""DEFAULT_OCCUPANCY_RATE_COLUMN\"","", ""\""INVALID_OCCUPANCY_RATE\"""", ""\""OCCUPANCY_RATE_COLUMN\"","", ""\""RAW_OCCUPANCY_RATE_COLUMN\"","", ""\""derive_occupancy_rate=False.\"""", ""\""maximum_occupancy_rate must be \"""", ""\""minimum_occupancy_rate.\"""", ""\""occupancy_rate column is required when \"""", ""\""occupancy_rate\"""", ""\""occupancy_rate\"","", ""\""occupancy_rate\"": ["", ""\""occupancy_rate_column cannot be empty.\"""", ""\""occupancy_rate_consistent\"""", ""\""occupancy_rate_consistent\"","", ""\""occupancy_rate_tolerance cannot be negative.\"""", ""\""target_occupancy_rate_1h\"""", ""\""target_occupancy_rate_1h\"","", ""\""target_occupancy_rate_1h\"": ["", ""\""target_occupancy_rate_2h\"""", ""\""target_occupancy_rate_2h\"","", ""\""target_occupancy_rate_2h\"": ["", ""\""target_occupancy_rate_30m\"""", ""\""target_occupancy_rate_30m\"","", ""\""target_occupancy_rate_30m\"": [""]","[""DEFAULT_OCCUPANCY_RATE_COLUMN"", ""INVALID_OCCUPANCY_RATE"", ""OCCUPANCY_RATE_COLUMN"", ""RAW_OCCUPANCY_RATE_COLUMN"", ""occupancy_rate"", ""occupancy_rate_consistent"", ""raw_occupancy_rate"", ""target_occupancy_rate_1h"", ""target_occupancy_rate_2h"", ""target_occupancy_rate_30m"", ""target_tomorrow_morning_occupancy_rate""]",[],UNKNOWN,Insufficient static evidence for automatic causal approval.,"Feature family could not be established as deterministic calendar, current-state, or historical causal.",False,False,False,False,False,False,False,True,False,MEDIUM,"[""Manual source and timestamp verification required.""]"
occupancy_rate_roll_min_3h,other,REQUIRES_CAUSAL_REVIEW,True,"[""data\\dataset_audit.py"", ""data\\dataset_builder.py"", ""data\\temporal.py"", ""data\\temporal_normalizer.py"", ""data\\transformers.py"", ""features\\demand_features.py"", ""features\\feature_pipeline.py"", ""features\\lag_features.py"", ""features\\occupancy_features.py"", ""features\\rolling_features.py"", ""ml_models\\xgboost_model.py""]","[""__post_init__"", ""_audit_facilities"", ""_build_canonical_dataset"", ""_build_empty_facility_grid"", ""_build_facility_grid"", ""_build_horizon_targets"", ""_build_tomorrow_morning_target"", ""_calculate_ml_occupancy_rate"", ""_calculate_raw_occupancy_rate"", ""_check_occupancy"", ""_classify_occupancy"", ""_derive_observation_presence"", ""_empty_output_dataframe"", ""_finalize_dataframe"", ""_handle_zero_capacity"", ""_prepare_dataframe"", ""_validate_input"", ""_validate_schema"", ""_validate_transformed_dataset"", ""add_birmingham_demand_features"", ""add_birmingham_lag_features"", ""expected_demand_feature_columns"", ""expected_pipeline_feature_columns"", ""transform"", ""validate_occupancy_features""]","[""\""Canonical occupancy_rate contains values \"""", ""\""DEFAULT_OCCUPANCY_RATE_COLUMN\"","", ""\""INVALID_OCCUPANCY_RATE\"""", ""\""OCCUPANCY_RATE_COLUMN\"","", ""\""RAW_OCCUPANCY_RATE_COLUMN\"","", ""\""derive_occupancy_rate=False.\"""", ""\""maximum_occupancy_rate must be \"""", ""\""minimum_occupancy_rate.\"""", ""\""occupancy_rate column is required when \"""", ""\""occupancy_rate\"""", ""\""occupancy_rate\"","", ""\""occupancy_rate\"": ["", ""\""occupancy_rate_column cannot be empty.\"""", ""\""occupancy_rate_consistent\"""", ""\""occupancy_rate_consistent\"","", ""\""occupancy_rate_tolerance cannot be negative.\"""", ""\""target_occupancy_rate_1h\"""", ""\""target_occupancy_rate_1h\"","", ""\""target_occupancy_rate_1h\"": ["", ""\""target_occupancy_rate_2h\"""", ""\""target_occupancy_rate_2h\"","", ""\""target_occupancy_rate_2h\"": ["", ""\""target_occupancy_rate_30m\"""", ""\""target_occupancy_rate_30m\"","", ""\""target_occupancy_rate_30m\"": [""]","[""DEFAULT_OCCUPANCY_RATE_COLUMN"", ""INVALID_OCCUPANCY_RATE"", ""OCCUPANCY_RATE_COLUMN"", ""RAW_OCCUPANCY_RATE_COLUMN"", ""occupancy_rate"", ""occupancy_rate_consistent"", ""raw_occupancy_rate"", ""target_occupancy_rate_1h"", ""target_occupancy_rate_2h"", ""target_occupancy_rate_30m"", ""target_tomorrow_morning_occupancy_rate""]",[],UNKNOWN,Insufficient static evidence for automatic causal approval.,"Feature family could not be established as deterministic calendar, current-state, or historical causal.",False,False,False,False,False,False,False,True,False,MEDIUM,"[""Manual source and timestamp verification required.""]"
occupancy_rate_roll_max_3h,other,REQUIRES_CAUSAL_REVIEW,True,"[""data\\dataset_audit.py"", ""data\\dataset_builder.py"", ""data\\temporal.py"", ""data\\temporal_normalizer.py"", ""data\\transformers.py"", ""features\\demand_features.py"", ""features\\feature_pipeline.py"", ""features\\lag_features.py"", ""features\\occupancy_features.py"", ""features\\rolling_features.py"", ""ml_models\\xgboost_model.py""]","[""__post_init__"", ""_audit_facilities"", ""_build_canonical_dataset"", ""_build_empty_facility_grid"", ""_build_facility_grid"", ""_build_horizon_targets"", ""_build_tomorrow_morning_target"", ""_calculate_ml_occupancy_rate"", ""_calculate_raw_occupancy_rate"", ""_check_occupancy"", ""_classify_occupancy"", ""_derive_observation_presence"", ""_empty_output_dataframe"", ""_finalize_dataframe"", ""_handle_zero_capacity"", ""_prepare_dataframe"", ""_validate_input"", ""_validate_schema"", ""_validate_transformed_dataset"", ""add_birmingham_demand_features"", ""add_birmingham_lag_features"", ""expected_demand_feature_columns"", ""expected_pipeline_feature_columns"", ""transform"", ""validate_occupancy_features""]","[""\""Canonical occupancy_rate contains values \"""", ""\""DEFAULT_OCCUPANCY_RATE_COLUMN\"","", ""\""INVALID_OCCUPANCY_RATE\"""", ""\""OCCUPANCY_RATE_COLUMN\"","", ""\""RAW_OCCUPANCY_RATE_COLUMN\"","", ""\""derive_occupancy_rate=False.\"""", ""\""maximum_occupancy_rate must be \"""", ""\""minimum_occupancy_rate.\"""", ""\""occupancy_rate column is required when \"""", ""\""occupancy_rate\"""", ""\""occupancy_rate\"","", ""\""occupancy_rate\"": ["", ""\""occupancy_rate_column cannot be empty.\"""", ""\""occupancy_rate_consistent\"""", ""\""occupancy_rate_consistent\"","", ""\""occupancy_rate_tolerance cannot be negative.\"""", ""\""target_occupancy_rate_1h\"""", ""\""target_occupancy_rate_1h\"","", ""\""target_occupancy_rate_1h\"": ["", ""\""target_occupancy_rate_2h\"""", ""\""target_occupancy_rate_2h\"","", ""\""target_occupancy_rate_2h\"": ["", ""\""target_occupancy_rate_30m\"""", ""\""target_occupancy_rate_30m\"","", ""\""target_occupancy_rate_30m\"": [""]","[""DEFAULT_OCCUPANCY_RATE_COLUMN"", ""INVALID_OCCUPANCY_RATE"", ""OCCUPANCY_RATE_COLUMN"", ""RAW_OCCUPANCY_RATE_COLUMN"", ""occupancy_rate"", ""occupancy_rate_consistent"", ""raw_occupancy_rate"", ""target_occupancy_rate_1h"", ""target_occupancy_rate_2h"", ""target_occupancy_rate_30m"", ""target_tomorrow_morning_occupancy_rate""]",[],UNKNOWN,Insufficient static evidence for automatic causal approval.,"Feature family could not be established as deterministic calendar, current-state, or historical causal.",False,False,False,False,False,False,False,True,False,MEDIUM,"[""Manual source and timestamp verification required.""]"
occupancy_rate_roll_median_3h,other,REQUIRES_CAUSAL_REVIEW,True,"[""data\\dataset_audit.py"", ""data\\dataset_builder.py"", ""data\\temporal.py"", ""data\\temporal_normalizer.py"", ""data\\transformers.py"", ""features\\demand_features.py"", ""features\\feature_pipeline.py"", ""features\\lag_features.py"", ""features\\occupancy_features.py"", ""features\\rolling_features.py"", ""ml_models\\xgboost_model.py""]","[""__post_init__"", ""_audit_facilities"", ""_build_canonical_dataset"", ""_build_empty_facility_grid"", ""_build_facility_grid"", ""_build_horizon_targets"", ""_build_tomorrow_morning_target"", ""_build_window_features"", ""_calculate_ml_occupancy_rate"", ""_calculate_raw_occupancy_rate"", ""_check_occupancy"", ""_classify_occupancy"", ""_derive_observation_presence"", ""_empty_output_dataframe"", ""_finalize_dataframe"", ""_handle_zero_capacity"", ""_prepare_dataframe"", ""_validate_input"", ""_validate_schema"", ""_validate_transformed_dataset"", ""add_birmingham_demand_features"", ""add_birmingham_lag_features"", ""expected_demand_feature_columns"", ""expected_pipeline_feature_columns"", ""transform"", ""validate_occupancy_features""]","[""\""Canonical occupancy_rate contains values \"""", ""\""DEFAULT_OCCUPANCY_RATE_COLUMN\"","", ""\""INVALID_OCCUPANCY_RATE\"""", ""\""OCCUPANCY_RATE_COLUMN\"","", ""\""RAW_OCCUPANCY_RATE_COLUMN\"","", ""\""derive_occupancy_rate=False.\"""", ""\""maximum_occupancy_rate must be \"""", ""\""minimum_occupancy_rate.\"""", ""\""occupancy_rate column is required when \"""", ""\""occupancy_rate\"""", ""\""occupancy_rate\"","", ""\""occupancy_rate\"": ["", ""\""occupancy_rate_column cannot be empty.\"""", ""\""occupancy_rate_consistent\"""", ""\""occupancy_rate_consistent\"","", ""\""occupancy_rate_tolerance cannot be negative.\"""", ""\""target_occupancy_rate_1h\"""", ""\""target_occupancy_rate_1h\"","", ""\""target_occupancy_rate_1h\"": ["", ""\""target_occupancy_rate_2h\"""", ""\""target_occupancy_rate_2h\"","", ""\""target_occupancy_rate_2h\"": ["", ""\""target_occupancy_rate_30m\"""", ""\""target_occupancy_rate_30m\"","", ""\""target_occupancy_rate_30m\"": [""]","[""DEFAULT_OCCUPANCY_RATE_COLUMN"", ""INVALID_OCCUPANCY_RATE"", ""OCCUPANCY_RATE_COLUMN"", ""RAW_OCCUPANCY_RATE_COLUMN"", ""occupancy_rate"", ""occupancy_rate_consistent"", ""raw_occupancy_rate"", ""target_occupancy_rate_1h"", ""target_occupancy_rate_2h"", ""target_occupancy_rate_30m"", ""target_tomorrow_morning_occupancy_rate""]",[],UNKNOWN,Insufficient static evidence for automatic causal approval.,"Feature family could not be established as deterministic calendar, current-state, or historical causal.",False,False,False,False,False,False,False,True,False,MEDIUM,"[""Manual source and timestamp verification required.""]"
occupancy_rate_roll_trend_3h,historical,PRODUCTION_SAFE_HISTORICAL,True,"[""data\\dataset_audit.py"", ""data\\dataset_builder.py"", ""data\\temporal.py"", ""data\\temporal_normalizer.py"", ""data\\transformers.py"", ""features\\demand_features.py"", ""features\\feature_pipeline.py"", ""features\\lag_features.py"", ""features\\occupancy_features.py"", ""features\\rolling_features.py"", ""ml_models\\xgboost_model.py""]","[""__post_init__"", ""_audit_facilities"", ""_build_canonical_dataset"", ""_build_empty_facility_grid"", ""_build_facility_grid"", ""_build_horizon_targets"", ""_build_tomorrow_morning_target"", ""_build_window_features"", ""_calculate_ml_occupancy_rate"", ""_calculate_raw_occupancy_rate"", ""_check_occupancy"", ""_classify_occupancy"", ""_derive_observation_presence"", ""_empty_output_dataframe"", ""_finalize_dataframe"", ""_handle_zero_capacity"", ""_prepare_dataframe"", ""_validate_input"", ""_validate_schema"", ""_validate_transformed_dataset"", ""add_birmingham_demand_features"", ""add_birmingham_lag_features"", ""expected_demand_feature_columns"", ""expected_pipeline_feature_columns"", ""transform"", ""validate_occupancy_features""]","[""\""Canonical occupancy_rate contains values \"""", ""\""DEFAULT_OCCUPANCY_RATE_COLUMN\"","", ""\""INVALID_OCCUPANCY_RATE\"""", ""\""OCCUPANCY_RATE_COLUMN\"","", ""\""RAW_OCCUPANCY_RATE_COLUMN\"","", ""\""derive_occupancy_rate=False.\"""", ""\""maximum_occupancy_rate must be \"""", ""\""minimum_occupancy_rate.\"""", ""\""occupancy_rate column is required when \"""", ""\""occupancy_rate\"""", ""\""occupancy_rate\"","", ""\""occupancy_rate\"": ["", ""\""occupancy_rate_column cannot be empty.\"""", ""\""occupancy_rate_consistent\"""", ""\""occupancy_rate_consistent\"","", ""\""occupancy_rate_tolerance cannot be negative.\"""", ""\""target_occupancy_rate_1h\"""", ""\""target_occupancy_rate_1h\"","", ""\""target_occupancy_rate_1h\"": ["", ""\""target_occupancy_rate_2h\"""", ""\""target_occupancy_rate_2h\"","", ""\""target_occupancy_rate_2h\"": ["", ""\""target_occupancy_rate_30m\"""", ""\""target_occupancy_rate_30m\"","", ""\""target_occupancy_rate_30m\"": [""]","[""DEFAULT_OCCUPANCY_RATE_COLUMN"", ""INVALID_OCCUPANCY_RATE"", ""OCCUPANCY_RATE_COLUMN"", ""RAW_OCCUPANCY_RATE_COLUMN"", ""occupancy_rate"", ""occupancy_rate_consistent"", ""raw_occupancy_rate"", ""target_occupancy_rate_1h"", ""target_occupancy_rate_2h"", ""target_occupancy_rate_30m"", ""target_tomorrow_morning_occupancy_rate""]",[],AT_OR_BEFORE_T,Historical/lag/rolling feature; no feature-level future operation detected.,Feature naming and source evidence indicate historical semantics.,False,False,False,False,False,False,False,True,False,HIGH,"[""Formal source timestamp verification is still recommended before production approval.""]"
occupancy_rate_roll_count_3h,other,REQUIRES_CAUSAL_REVIEW,True,"[""data\\dataset_audit.py"", ""data\\dataset_builder.py"", ""data\\temporal.py"", ""data\\temporal_normalizer.py"", ""data\\transformers.py"", ""features\\demand_features.py"", ""features\\feature_pipeline.py"", ""features\\lag_features.py"", ""features\\occupancy_features.py"", ""features\\rolling_features.py"", ""ml_models\\xgboost_model.py""]","[""__post_init__"", ""_audit_facilities"", ""_build_canonical_dataset"", ""_build_empty_facility_grid"", ""_build_facility_grid"", ""_build_horizon_targets"", ""_build_tomorrow_morning_target"", ""_build_window_features"", ""_calculate_ml_occupancy_rate"", ""_calculate_raw_occupancy_rate"", ""_check_occupancy"", ""_classify_occupancy"", ""_derive_observation_presence"", ""_empty_output_dataframe"", ""_finalize_dataframe"", ""_handle_zero_capacity"", ""_prepare_dataframe"", ""_validate_input"", ""_validate_schema"", ""_validate_transformed_dataset"", ""add_birmingham_demand_features"", ""add_birmingham_lag_features"", ""expected_demand_feature_columns"", ""expected_pipeline_feature_columns"", ""transform"", ""validate_occupancy_features"", ""validate_rolling_features""]","[""\""Canonical occupancy_rate contains values \"""", ""\""DEFAULT_OCCUPANCY_RATE_COLUMN\"","", ""\""INVALID_OCCUPANCY_RATE\"""", ""\""OCCUPANCY_RATE_COLUMN\"","", ""\""RAW_OCCUPANCY_RATE_COLUMN\"","", ""\""derive_occupancy_rate=False.\"""", ""\""maximum_occupancy_rate must be \"""", ""\""minimum_occupancy_rate.\"""", ""\""occupancy_rate column is required when \"""", ""\""occupancy_rate\"""", ""\""occupancy_rate\"","", ""\""occupancy_rate\"": ["", ""\""occupancy_rate_column cannot be empty.\"""", ""\""occupancy_rate_consistent\"""", ""\""occupancy_rate_consistent\"","", ""\""occupancy_rate_tolerance cannot be negative.\"""", ""\""target_occupancy_rate_1h\"""", ""\""target_occupancy_rate_1h\"","", ""\""target_occupancy_rate_1h\"": ["", ""\""target_occupancy_rate_2h\"""", ""\""target_occupancy_rate_2h\"","", ""\""target_occupancy_rate_2h\"": ["", ""\""target_occupancy_rate_30m\"""", ""\""target_occupancy_rate_30m\"","", ""\""target_occupancy_rate_30m\"": [""]","[""DEFAULT_OCCUPANCY_RATE_COLUMN"", ""INVALID_OCCUPANCY_RATE"", ""OCCUPANCY_RATE_COLUMN"", ""RAW_OCCUPANCY_RATE_COLUMN"", ""occupancy_rate"", ""occupancy_rate_consistent"", ""raw_occupancy_rate"", ""target_occupancy_rate_1h"", ""target_occupancy_rate_2h"", ""target_occupancy_rate_30m"", ""target_tomorrow_morning_occupancy_rate""]",[],UNKNOWN,Insufficient static evidence for automatic causal approval.,"Feature family could not be established as deterministic calendar, current-state, or historical causal.",False,False,False,False,False,False,False,True,False,MEDIUM,"[""Manual source and timestamp verification required.""]"
occupancy_rate_roll_missing_3h,other,REQUIRES_CAUSAL_REVIEW,True,"[""data\\dataset_audit.py"", ""data\\dataset_builder.py"", ""data\\temporal.py"", ""data\\temporal_normalizer.py"", ""data\\transformers.py"", ""features\\demand_features.py"", ""features\\feature_pipeline.py"", ""features\\lag_features.py"", ""features\\occupancy_features.py"", ""features\\rolling_features.py"", ""ml_models\\xgboost_model.py""]","[""__post_init__"", ""_audit_facilities"", ""_build_canonical_dataset"", ""_build_empty_facility_grid"", ""_build_facility_grid"", ""_build_horizon_targets"", ""_build_tomorrow_morning_target"", ""_calculate_ml_occupancy_rate"", ""_calculate_raw_occupancy_rate"", ""_check_occupancy"", ""_classify_occupancy"", ""_derive_observation_presence"", ""_empty_output_dataframe"", ""_finalize_dataframe"", ""_handle_zero_capacity"", ""_prepare_dataframe"", ""_validate_input"", ""_validate_schema"", ""_validate_transformed_dataset"", ""add_birmingham_demand_features"", ""add_birmingham_lag_features"", ""expected_demand_feature_columns"", ""expected_pipeline_feature_columns"", ""transform"", ""validate_occupancy_features"", ""validate_rolling_features""]","[""\""\""\""Raised when required occupancy columns are missing.\""\""\"""", ""\""Canonical occupancy_rate contains values \"""", ""\""DEFAULT_OCCUPANCY_RATE_COLUMN\"","", ""\""INVALID_OCCUPANCY_RATE\"""", ""\""Missing required occupancy \"""", ""\""OCCUPANCY_RATE_COLUMN\"","", ""\""RAW_OCCUPANCY_RATE_COLUMN\"","", ""\""Required occupancy columns are missing: \"""", ""\""derive_occupancy_rate=False.\"""", ""\""maximum_occupancy_rate must be \"""", ""\""minimum_occupancy_rate.\"""", ""\""occupancy_rate column is required when \"""", ""\""occupancy_rate\"""", ""\""occupancy_rate\"","", ""\""occupancy_rate\"": ["", ""\""occupancy_rate_column cannot be empty.\"""", ""\""occupancy_rate_consistent\"""", ""\""occupancy_rate_consistent\"","", ""\""occupancy_rate_tolerance cannot be negative.\"""", ""\""target_occupancy_rate_1h\"""", ""\""target_occupancy_rate_1h\"","", ""\""target_occupancy_rate_1h\"": ["", ""\""target_occupancy_rate_2h\"""", ""\""target_occupancy_rate_2h\"","", ""\""target_occupancy_rate_2h\"": [""]","[""DEFAULT_OCCUPANCY_RATE_COLUMN"", ""INVALID_OCCUPANCY_RATE"", ""OCCUPANCY_RATE_COLUMN"", ""RAW_OCCUPANCY_RATE_COLUMN"", ""occupancy_rate"", ""occupancy_rate_consistent"", ""raw_occupancy_rate"", ""target_occupancy_rate_1h"", ""target_occupancy_rate_2h"", ""target_occupancy_rate_30m"", ""target_tomorrow_morning_occupancy_rate""]",[],UNKNOWN,Insufficient static evidence for automatic causal approval.,"Feature family could not be established as deterministic calendar, current-state, or historical causal.",False,False,False,False,False,False,False,True,False,MEDIUM,"[""Manual source and timestamp verification required.""]"
occupancy_rate_roll_coverage_ratio_3h,other,REQUIRES_CAUSAL_REVIEW,True,"[""data\\dataset_audit.py"", ""data\\dataset_builder.py"", ""data\\temporal.py"", ""data\\temporal_normalizer.py"", ""data\\transformers.py"", ""features\\demand_features.py"", ""features\\feature_pipeline.py"", ""features\\lag_features.py"", ""features\\occupancy_features.py"", ""features\\rolling_features.py"", ""ml_models\\xgboost_model.py""]","[""__post_init__"", ""_audit_facilities"", ""_audit_targets"", ""_build_canonical_dataset"", ""_build_empty_facility_grid"", ""_build_facility_grid"", ""_build_horizon_targets"", ""_build_tomorrow_morning_target"", ""_calculate_ml_occupancy_rate"", ""_calculate_raw_occupancy_rate"", ""_check_occupancy"", ""_classify_occupancy"", ""_derive_observation_presence"", ""_empty_output_dataframe"", ""_finalize_dataframe"", ""_handle_zero_capacity"", ""_prepare_dataframe"", ""_validate_input"", ""_validate_schema"", ""_validate_transformed_dataset"", ""add_birmingham_demand_features"", ""add_birmingham_lag_features"", ""expected_demand_feature_columns"", ""expected_pipeline_feature_columns"", ""transform"", ""validate_occupancy_features"", ""validate_rolling_features""]","[""\""Canonical occupancy_rate contains values \"""", ""\""DEFAULT_OCCUPANCY_RATE_COLUMN\"","", ""\""INVALID_OCCUPANCY_RATE\"""", ""\""OCCUPANCY_RATE_COLUMN\"","", ""\""RAW_OCCUPANCY_RATE_COLUMN\"","", ""\""derive_occupancy_rate=False.\"""", ""\""maximum_occupancy_rate must be \"""", ""\""minimum_occupancy_rate.\"""", ""\""minimum_target_coverage_ratio must \"""", ""\""occupancy_rate column is required when \"""", ""\""occupancy_rate\"""", ""\""occupancy_rate\"","", ""\""occupancy_rate\"": ["", ""\""occupancy_rate_column cannot be empty.\"""", ""\""occupancy_rate_consistent\"""", ""\""occupancy_rate_consistent\"","", ""\""occupancy_rate_tolerance cannot be negative.\"""", ""\""target_occupancy_rate_1h\"""", ""\""target_occupancy_rate_1h\"","", ""\""target_occupancy_rate_1h\"": ["", ""\""target_occupancy_rate_2h\"""", ""\""target_occupancy_rate_2h\"","", ""\""target_occupancy_rate_2h\"": ["", ""\""target_occupancy_rate_30m\"""", ""\""target_occupancy_rate_30m\"",""]","[""DEFAULT_OCCUPANCY_RATE_COLUMN"", ""INVALID_OCCUPANCY_RATE"", ""OCCUPANCY_RATE_COLUMN"", ""RAW_OCCUPANCY_RATE_COLUMN"", ""occupancy_rate"", ""occupancy_rate_consistent"", ""raw_occupancy_rate"", ""target_occupancy_rate_1h"", ""target_occupancy_rate_2h"", ""target_occupancy_rate_30m"", ""target_tomorrow_morning_occupancy_rate""]",[],UNKNOWN,Insufficient static evidence for automatic causal approval.,"Feature family could not be established as deterministic calendar, current-state, or historical causal.",False,False,False,False,False,False,False,True,False,MEDIUM,"[""Manual source and timestamp verification required.""]"
occupancy_rate_roll_3h_available,other,REQUIRES_CAUSAL_REVIEW,True,"[""data\\dataset_audit.py"", ""data\\dataset_builder.py"", ""data\\temporal.py"", ""data\\temporal_normalizer.py"", ""data\\transformers.py"", ""features\\demand_features.py"", ""features\\feature_pipeline.py"", ""features\\lag_features.py"", ""features\\occupancy_features.py"", ""features\\rolling_features.py"", ""ml_models\\xgboost_model.py""]","[""__post_init__"", ""_audit_facilities"", ""_build_canonical_dataset"", ""_build_empty_facility_grid"", ""_build_facility_grid"", ""_build_horizon_targets"", ""_build_tomorrow_morning_target"", ""_calculate_ml_occupancy_rate"", ""_calculate_raw_occupancy_rate"", ""_check_occupancy"", ""_classify_occupancy"", ""_derive_observation_presence"", ""_empty_output_dataframe"", ""_finalize_dataframe"", ""_handle_zero_capacity"", ""_prepare_dataframe"", ""_validate_input"", ""_validate_schema"", ""_validate_transformed_dataset"", ""add_birmingham_demand_features"", ""add_birmingham_lag_features"", ""expected_demand_feature_columns"", ""expected_pipeline_feature_columns"", ""transform"", ""validate_occupancy_features"", ""validate_rolling_features""]","[""\""Canonical occupancy_rate contains values \"""", ""\""DEFAULT_OCCUPANCY_RATE_COLUMN\"","", ""\""INVALID_OCCUPANCY_RATE\"""", ""\""OCCUPANCY_RATE_COLUMN\"","", ""\""RAW_OCCUPANCY_RATE_COLUMN\"","", ""\""derive_occupancy_rate=False.\"""", ""\""maximum_occupancy_rate must be \"""", ""\""minimum_occupancy_rate.\"""", ""\""occupancy_rate column is required when \"""", ""\""occupancy_rate\"""", ""\""occupancy_rate\"","", ""\""occupancy_rate\"": ["", ""\""occupancy_rate_column cannot be empty.\"""", ""\""occupancy_rate_consistent\"""", ""\""occupancy_rate_consistent\"","", ""\""occupancy_rate_tolerance cannot be negative.\"""", ""\""target_occupancy_rate_1h\"""", ""\""target_occupancy_rate_1h\"","", ""\""target_occupancy_rate_1h\"": ["", ""\""target_occupancy_rate_2h\"""", ""\""target_occupancy_rate_2h\"","", ""\""target_occupancy_rate_2h\"": ["", ""\""target_occupancy_rate_30m\"""", ""\""target_occupancy_rate_30m\"","", ""\""target_occupancy_rate_30m\"": [""]","[""DEFAULT_OCCUPANCY_RATE_COLUMN"", ""INVALID_OCCUPANCY_RATE"", ""OCCUPANCY_RATE_COLUMN"", ""RAW_OCCUPANCY_RATE_COLUMN"", ""occupancy_rate"", ""occupancy_rate_consistent"", ""raw_occupancy_rate"", ""target_occupancy_rate_1h"", ""target_occupancy_rate_2h"", ""target_occupancy_rate_30m"", ""target_tomorrow_morning_occupancy_rate""]",[],UNKNOWN,Insufficient static evidence for automatic causal approval.,"Feature family could not be established as deterministic calendar, current-state, or historical causal.",False,False,False,False,False,False,False,True,False,MEDIUM,"[""Manual source and timestamp verification required.""]"
occupancy_rate_roll_mean_6h,other,REQUIRES_CAUSAL_REVIEW,True,"[""C:\\agano\\Oshwal\\docs\\Project\\smart-parking-system\\backend\\app\\ml\\features\\rolling_features.py"", ""features\\rolling_features.py""]",[],"[""['occupancy_rate_roll_mean_6h']"", ""occupancy_rate_roll_mean_6h""]",[],[],UNKNOWN,Insufficient static evidence for automatic causal approval.,"Feature family could not be established as deterministic calendar, current-state, or historical causal.",False,False,False,False,False,False,False,True,False,MEDIUM,"[""Manual source and timestamp verification required.""]"
occupancy_rate_roll_std_6h,other,REQUIRES_CAUSAL_REVIEW,True,"[""data\\dataset_audit.py"", ""data\\dataset_builder.py"", ""data\\temporal.py"", ""data\\temporal_normalizer.py"", ""data\\transformers.py"", ""features\\demand_features.py"", ""features\\feature_pipeline.py"", ""features\\lag_features.py"", ""features\\occupancy_features.py"", ""features\\rolling_features.py"", ""ml_models\\xgboost_model.py""]","[""__post_init__"", ""_audit_facilities"", ""_build_canonical_dataset"", ""_build_empty_facility_grid"", ""_build_facility_grid"", ""_build_horizon_targets"", ""_build_tomorrow_morning_target"", ""_calculate_ml_occupancy_rate"", ""_calculate_raw_occupancy_rate"", ""_check_occupancy"", ""_classify_occupancy"", ""_derive_observation_presence"", ""_empty_output_dataframe"", ""_finalize_dataframe"", ""_handle_zero_capacity"", ""_prepare_dataframe"", ""_validate_input"", ""_validate_schema"", ""_validate_transformed_dataset"", ""add_birmingham_demand_features"", ""add_birmingham_lag_features"", ""expected_demand_feature_columns"", ""expected_pipeline_feature_columns"", ""transform"", ""validate_occupancy_features""]","[""\""Canonical occupancy_rate contains values \"""", ""\""DEFAULT_OCCUPANCY_RATE_COLUMN\"","", ""\""INVALID_OCCUPANCY_RATE\"""", ""\""OCCUPANCY_RATE_COLUMN\"","", ""\""RAW_OCCUPANCY_RATE_COLUMN\"","", ""\""derive_occupancy_rate=False.\"""", ""\""maximum_occupancy_rate must be \"""", ""\""minimum_occupancy_rate.\"""", ""\""occupancy_rate column is required when \"""", ""\""occupancy_rate\"""", ""\""occupancy_rate\"","", ""\""occupancy_rate\"": ["", ""\""occupancy_rate_column cannot be empty.\"""", ""\""occupancy_rate_consistent\"""", ""\""occupancy_rate_consistent\"","", ""\""occupancy_rate_tolerance cannot be negative.\"""", ""\""target_occupancy_rate_1h\"""", ""\""target_occupancy_rate_1h\"","", ""\""target_occupancy_rate_1h\"": ["", ""\""target_occupancy_rate_2h\"""", ""\""target_occupancy_rate_2h\"","", ""\""target_occupancy_rate_2h\"": ["", ""\""target_occupancy_rate_30m\"""", ""\""target_occupancy_rate_30m\"","", ""\""target_occupancy_rate_30m\"": [""]","[""DEFAULT_OCCUPANCY_RATE_COLUMN"", ""INVALID_OCCUPANCY_RATE"", ""OCCUPANCY_RATE_COLUMN"", ""RAW_OCCUPANCY_RATE_COLUMN"", ""occupancy_rate"", ""occupancy_rate_consistent"", ""raw_occupancy_rate"", ""target_occupancy_rate_1h"", ""target_occupancy_rate_2h"", ""target_occupancy_rate_30m"", ""target_tomorrow_morning_occupancy_rate""]",[],UNKNOWN,Insufficient static evidence for automatic causal approval.,"Feature family could not be established as deterministic calendar, current-state, or historical causal.",False,False,False,False,False,False,False,True,False,MEDIUM,"[""Manual source and timestamp verification required.""]"
occupancy_rate_roll_min_6h,other,REQUIRES_CAUSAL_REVIEW,True,"[""data\\dataset_audit.py"", ""data\\dataset_builder.py"", ""data\\temporal.py"", ""data\\temporal_normalizer.py"", ""data\\transformers.py"", ""features\\demand_features.py"", ""features\\feature_pipeline.py"", ""features\\lag_features.py"", ""features\\occupancy_features.py"", ""features\\rolling_features.py"", ""ml_models\\xgboost_model.py""]","[""__post_init__"", ""_audit_facilities"", ""_build_canonical_dataset"", ""_build_empty_facility_grid"", ""_build_facility_grid"", ""_build_horizon_targets"", ""_build_tomorrow_morning_target"", ""_calculate_ml_occupancy_rate"", ""_calculate_raw_occupancy_rate"", ""_check_occupancy"", ""_classify_occupancy"", ""_derive_observation_presence"", ""_empty_output_dataframe"", ""_finalize_dataframe"", ""_handle_zero_capacity"", ""_prepare_dataframe"", ""_validate_input"", ""_validate_schema"", ""_validate_transformed_dataset"", ""add_birmingham_demand_features"", ""add_birmingham_lag_features"", ""expected_demand_feature_columns"", ""expected_pipeline_feature_columns"", ""transform"", ""validate_occupancy_features""]","[""\""Canonical occupancy_rate contains values \"""", ""\""DEFAULT_OCCUPANCY_RATE_COLUMN\"","", ""\""INVALID_OCCUPANCY_RATE\"""", ""\""OCCUPANCY_RATE_COLUMN\"","", ""\""RAW_OCCUPANCY_RATE_COLUMN\"","", ""\""derive_occupancy_rate=False.\"""", ""\""maximum_occupancy_rate must be \"""", ""\""minimum_occupancy_rate.\"""", ""\""occupancy_rate column is required when \"""", ""\""occupancy_rate\"""", ""\""occupancy_rate\"","", ""\""occupancy_rate\"": ["", ""\""occupancy_rate_column cannot be empty.\"""", ""\""occupancy_rate_consistent\"""", ""\""occupancy_rate_consistent\"","", ""\""occupancy_rate_tolerance cannot be negative.\"""", ""\""target_occupancy_rate_1h\"""", ""\""target_occupancy_rate_1h\"","", ""\""target_occupancy_rate_1h\"": ["", ""\""target_occupancy_rate_2h\"""", ""\""target_occupancy_rate_2h\"","", ""\""target_occupancy_rate_2h\"": ["", ""\""target_occupancy_rate_30m\"""", ""\""target_occupancy_rate_30m\"","", ""\""target_occupancy_rate_30m\"": [""]","[""DEFAULT_OCCUPANCY_RATE_COLUMN"", ""INVALID_OCCUPANCY_RATE"", ""OCCUPANCY_RATE_COLUMN"", ""RAW_OCCUPANCY_RATE_COLUMN"", ""occupancy_rate"", ""occupancy_rate_consistent"", ""raw_occupancy_rate"", ""target_occupancy_rate_1h"", ""target_occupancy_rate_2h"", ""target_occupancy_rate_30m"", ""target_tomorrow_morning_occupancy_rate""]",[],UNKNOWN,Insufficient static evidence for automatic causal approval.,"Feature family could not be established as deterministic calendar, current-state, or historical causal.",False,False,False,False,False,False,False,True,False,MEDIUM,"[""Manual source and timestamp verification required.""]"
occupancy_rate_roll_max_6h,other,REQUIRES_CAUSAL_REVIEW,True,"[""data\\dataset_audit.py"", ""data\\dataset_builder.py"", ""data\\temporal.py"", ""data\\temporal_normalizer.py"", ""data\\transformers.py"", ""features\\demand_features.py"", ""features\\feature_pipeline.py"", ""features\\lag_features.py"", ""features\\occupancy_features.py"", ""features\\rolling_features.py"", ""ml_models\\xgboost_model.py""]","[""__post_init__"", ""_audit_facilities"", ""_build_canonical_dataset"", ""_build_empty_facility_grid"", ""_build_facility_grid"", ""_build_horizon_targets"", ""_build_tomorrow_morning_target"", ""_calculate_ml_occupancy_rate"", ""_calculate_raw_occupancy_rate"", ""_check_occupancy"", ""_classify_occupancy"", ""_derive_observation_presence"", ""_empty_output_dataframe"", ""_finalize_dataframe"", ""_handle_zero_capacity"", ""_prepare_dataframe"", ""_validate_input"", ""_validate_schema"", ""_validate_transformed_dataset"", ""add_birmingham_demand_features"", ""add_birmingham_lag_features"", ""expected_demand_feature_columns"", ""expected_pipeline_feature_columns"", ""transform"", ""validate_occupancy_features""]","[""\""Canonical occupancy_rate contains values \"""", ""\""DEFAULT_OCCUPANCY_RATE_COLUMN\"","", ""\""INVALID_OCCUPANCY_RATE\"""", ""\""OCCUPANCY_RATE_COLUMN\"","", ""\""RAW_OCCUPANCY_RATE_COLUMN\"","", ""\""derive_occupancy_rate=False.\"""", ""\""maximum_occupancy_rate must be \"""", ""\""minimum_occupancy_rate.\"""", ""\""occupancy_rate column is required when \"""", ""\""occupancy_rate\"""", ""\""occupancy_rate\"","", ""\""occupancy_rate\"": ["", ""\""occupancy_rate_column cannot be empty.\"""", ""\""occupancy_rate_consistent\"""", ""\""occupancy_rate_consistent\"","", ""\""occupancy_rate_tolerance cannot be negative.\"""", ""\""target_occupancy_rate_1h\"""", ""\""target_occupancy_rate_1h\"","", ""\""target_occupancy_rate_1h\"": ["", ""\""target_occupancy_rate_2h\"""", ""\""target_occupancy_rate_2h\"","", ""\""target_occupancy_rate_2h\"": ["", ""\""target_occupancy_rate_30m\"""", ""\""target_occupancy_rate_30m\"","", ""\""target_occupancy_rate_30m\"": [""]","[""DEFAULT_OCCUPANCY_RATE_COLUMN"", ""INVALID_OCCUPANCY_RATE"", ""OCCUPANCY_RATE_COLUMN"", ""RAW_OCCUPANCY_RATE_COLUMN"", ""occupancy_rate"", ""occupancy_rate_consistent"", ""raw_occupancy_rate"", ""target_occupancy_rate_1h"", ""target_occupancy_rate_2h"", ""target_occupancy_rate_30m"", ""target_tomorrow_morning_occupancy_rate""]",[],UNKNOWN,Insufficient static evidence for automatic causal approval.,"Feature family could not be established as deterministic calendar, current-state, or historical causal.",False,False,False,False,False,False,False,True,False,MEDIUM,"[""Manual source and timestamp verification required.""]"
occupancy_rate_roll_median_6h,other,REQUIRES_CAUSAL_REVIEW,True,"[""data\\dataset_audit.py"", ""data\\dataset_builder.py"", ""data\\temporal.py"", ""data\\temporal_normalizer.py"", ""data\\transformers.py"", ""features\\demand_features.py"", ""features\\feature_pipeline.py"", ""features\\lag_features.py"", ""features\\occupancy_features.py"", ""features\\rolling_features.py"", ""ml_models\\xgboost_model.py""]","[""__post_init__"", ""_audit_facilities"", ""_build_canonical_dataset"", ""_build_empty_facility_grid"", ""_build_facility_grid"", ""_build_horizon_targets"", ""_build_tomorrow_morning_target"", ""_build_window_features"", ""_calculate_ml_occupancy_rate"", ""_calculate_raw_occupancy_rate"", ""_check_occupancy"", ""_classify_occupancy"", ""_derive_observation_presence"", ""_empty_output_dataframe"", ""_finalize_dataframe"", ""_handle_zero_capacity"", ""_prepare_dataframe"", ""_validate_input"", ""_validate_schema"", ""_validate_transformed_dataset"", ""add_birmingham_demand_features"", ""add_birmingham_lag_features"", ""expected_demand_feature_columns"", ""expected_pipeline_feature_columns"", ""transform"", ""validate_occupancy_features""]","[""\""Canonical occupancy_rate contains values \"""", ""\""DEFAULT_OCCUPANCY_RATE_COLUMN\"","", ""\""INVALID_OCCUPANCY_RATE\"""", ""\""OCCUPANCY_RATE_COLUMN\"","", ""\""RAW_OCCUPANCY_RATE_COLUMN\"","", ""\""derive_occupancy_rate=False.\"""", ""\""maximum_occupancy_rate must be \"""", ""\""minimum_occupancy_rate.\"""", ""\""occupancy_rate column is required when \"""", ""\""occupancy_rate\"""", ""\""occupancy_rate\"","", ""\""occupancy_rate\"": ["", ""\""occupancy_rate_column cannot be empty.\"""", ""\""occupancy_rate_consistent\"""", ""\""occupancy_rate_consistent\"","", ""\""occupancy_rate_tolerance cannot be negative.\"""", ""\""target_occupancy_rate_1h\"""", ""\""target_occupancy_rate_1h\"","", ""\""target_occupancy_rate_1h\"": ["", ""\""target_occupancy_rate_2h\"""", ""\""target_occupancy_rate_2h\"","", ""\""target_occupancy_rate_2h\"": ["", ""\""target_occupancy_rate_30m\"""", ""\""target_occupancy_rate_30m\"","", ""\""target_occupancy_rate_30m\"": [""]","[""DEFAULT_OCCUPANCY_RATE_COLUMN"", ""INVALID_OCCUPANCY_RATE"", ""OCCUPANCY_RATE_COLUMN"", ""RAW_OCCUPANCY_RATE_COLUMN"", ""occupancy_rate"", ""occupancy_rate_consistent"", ""raw_occupancy_rate"", ""target_occupancy_rate_1h"", ""target_occupancy_rate_2h"", ""target_occupancy_rate_30m"", ""target_tomorrow_morning_occupancy_rate""]",[],UNKNOWN,Insufficient static evidence for automatic causal approval.,"Feature family could not be established as deterministic calendar, current-state, or historical causal.",False,False,False,False,False,False,False,True,False,MEDIUM,"[""Manual source and timestamp verification required.""]"
occupancy_rate_roll_trend_6h,historical,PRODUCTION_SAFE_HISTORICAL,True,"[""data\\dataset_audit.py"", ""data\\dataset_builder.py"", ""data\\temporal.py"", ""data\\temporal_normalizer.py"", ""data\\transformers.py"", ""features\\demand_features.py"", ""features\\feature_pipeline.py"", ""features\\lag_features.py"", ""features\\occupancy_features.py"", ""features\\rolling_features.py"", ""ml_models\\xgboost_model.py""]","[""__post_init__"", ""_audit_facilities"", ""_build_canonical_dataset"", ""_build_empty_facility_grid"", ""_build_facility_grid"", ""_build_horizon_targets"", ""_build_tomorrow_morning_target"", ""_build_window_features"", ""_calculate_ml_occupancy_rate"", ""_calculate_raw_occupancy_rate"", ""_check_occupancy"", ""_classify_occupancy"", ""_derive_observation_presence"", ""_empty_output_dataframe"", ""_finalize_dataframe"", ""_handle_zero_capacity"", ""_prepare_dataframe"", ""_validate_input"", ""_validate_schema"", ""_validate_transformed_dataset"", ""add_birmingham_demand_features"", ""add_birmingham_lag_features"", ""expected_demand_feature_columns"", ""expected_pipeline_feature_columns"", ""transform"", ""validate_occupancy_features""]","[""\""Canonical occupancy_rate contains values \"""", ""\""DEFAULT_OCCUPANCY_RATE_COLUMN\"","", ""\""INVALID_OCCUPANCY_RATE\"""", ""\""OCCUPANCY_RATE_COLUMN\"","", ""\""RAW_OCCUPANCY_RATE_COLUMN\"","", ""\""derive_occupancy_rate=False.\"""", ""\""maximum_occupancy_rate must be \"""", ""\""minimum_occupancy_rate.\"""", ""\""occupancy_rate column is required when \"""", ""\""occupancy_rate\"""", ""\""occupancy_rate\"","", ""\""occupancy_rate\"": ["", ""\""occupancy_rate_column cannot be empty.\"""", ""\""occupancy_rate_consistent\"""", ""\""occupancy_rate_consistent\"","", ""\""occupancy_rate_tolerance cannot be negative.\"""", ""\""target_occupancy_rate_1h\"""", ""\""target_occupancy_rate_1h\"","", ""\""target_occupancy_rate_1h\"": ["", ""\""target_occupancy_rate_2h\"""", ""\""target_occupancy_rate_2h\"","", ""\""target_occupancy_rate_2h\"": ["", ""\""target_occupancy_rate_30m\"""", ""\""target_occupancy_rate_30m\"","", ""\""target_occupancy_rate_30m\"": [""]","[""DEFAULT_OCCUPANCY_RATE_COLUMN"", ""INVALID_OCCUPANCY_RATE"", ""OCCUPANCY_RATE_COLUMN"", ""RAW_OCCUPANCY_RATE_COLUMN"", ""occupancy_rate"", ""occupancy_rate_consistent"", ""raw_occupancy_rate"", ""target_occupancy_rate_1h"", ""target_occupancy_rate_2h"", ""target_occupancy_rate_30m"", ""target_tomorrow_morning_occupancy_rate""]",[],AT_OR_BEFORE_T,Historical/lag/rolling feature; no feature-level future operation detected.,Feature naming and source evidence indicate historical semantics.,False,False,False,False,False,False,False,True,False,HIGH,"[""Formal source timestamp verification is still recommended before production approval.""]"
occupancy_rate_roll_count_6h,other,REQUIRES_CAUSAL_REVIEW,True,"[""data\\dataset_audit.py"", ""data\\dataset_builder.py"", ""data\\temporal.py"", ""data\\temporal_normalizer.py"", ""data\\transformers.py"", ""features\\demand_features.py"", ""features\\feature_pipeline.py"", ""features\\lag_features.py"", ""features\\occupancy_features.py"", ""features\\rolling_features.py"", ""ml_models\\xgboost_model.py""]","[""__post_init__"", ""_audit_facilities"", ""_build_canonical_dataset"", ""_build_empty_facility_grid"", ""_build_facility_grid"", ""_build_horizon_targets"", ""_build_tomorrow_morning_target"", ""_build_window_features"", ""_calculate_ml_occupancy_rate"", ""_calculate_raw_occupancy_rate"", ""_check_occupancy"", ""_classify_occupancy"", ""_derive_observation_presence"", ""_empty_output_dataframe"", ""_finalize_dataframe"", ""_handle_zero_capacity"", ""_prepare_dataframe"", ""_validate_input"", ""_validate_schema"", ""_validate_transformed_dataset"", ""add_birmingham_demand_features"", ""add_birmingham_lag_features"", ""expected_demand_feature_columns"", ""expected_pipeline_feature_columns"", ""transform"", ""validate_occupancy_features"", ""validate_rolling_features""]","[""\""Canonical occupancy_rate contains values \"""", ""\""DEFAULT_OCCUPANCY_RATE_COLUMN\"","", ""\""INVALID_OCCUPANCY_RATE\"""", ""\""OCCUPANCY_RATE_COLUMN\"","", ""\""RAW_OCCUPANCY_RATE_COLUMN\"","", ""\""derive_occupancy_rate=False.\"""", ""\""maximum_occupancy_rate must be \"""", ""\""minimum_occupancy_rate.\"""", ""\""occupancy_rate column is required when \"""", ""\""occupancy_rate\"""", ""\""occupancy_rate\"","", ""\""occupancy_rate\"": ["", ""\""occupancy_rate_column cannot be empty.\"""", ""\""occupancy_rate_consistent\"""", ""\""occupancy_rate_consistent\"","", ""\""occupancy_rate_tolerance cannot be negative.\"""", ""\""target_occupancy_rate_1h\"""", ""\""target_occupancy_rate_1h\"","", ""\""target_occupancy_rate_1h\"": ["", ""\""target_occupancy_rate_2h\"""", ""\""target_occupancy_rate_2h\"","", ""\""target_occupancy_rate_2h\"": ["", ""\""target_occupancy_rate_30m\"""", ""\""target_occupancy_rate_30m\"","", ""\""target_occupancy_rate_30m\"": [""]","[""DEFAULT_OCCUPANCY_RATE_COLUMN"", ""INVALID_OCCUPANCY_RATE"", ""OCCUPANCY_RATE_COLUMN"", ""RAW_OCCUPANCY_RATE_COLUMN"", ""occupancy_rate"", ""occupancy_rate_consistent"", ""raw_occupancy_rate"", ""target_occupancy_rate_1h"", ""target_occupancy_rate_2h"", ""target_occupancy_rate_30m"", ""target_tomorrow_morning_occupancy_rate""]",[],UNKNOWN,Insufficient static evidence for automatic causal approval.,"Feature family could not be established as deterministic calendar, current-state, or historical causal.",False,False,False,False,False,False,False,True,False,MEDIUM,"[""Manual source and timestamp verification required.""]"
occupancy_rate_roll_missing_6h,other,REQUIRES_CAUSAL_REVIEW,True,"[""data\\dataset_audit.py"", ""data\\dataset_builder.py"", ""data\\temporal.py"", ""data\\temporal_normalizer.py"", ""data\\transformers.py"", ""features\\demand_features.py"", ""features\\feature_pipeline.py"", ""features\\lag_features.py"", ""features\\occupancy_features.py"", ""features\\rolling_features.py"", ""ml_models\\xgboost_model.py""]","[""__post_init__"", ""_audit_facilities"", ""_build_canonical_dataset"", ""_build_empty_facility_grid"", ""_build_facility_grid"", ""_build_horizon_targets"", ""_build_tomorrow_morning_target"", ""_calculate_ml_occupancy_rate"", ""_calculate_raw_occupancy_rate"", ""_check_occupancy"", ""_classify_occupancy"", ""_derive_observation_presence"", ""_empty_output_dataframe"", ""_finalize_dataframe"", ""_handle_zero_capacity"", ""_prepare_dataframe"", ""_validate_input"", ""_validate_schema"", ""_validate_transformed_dataset"", ""add_birmingham_demand_features"", ""add_birmingham_lag_features"", ""expected_demand_feature_columns"", ""expected_pipeline_feature_columns"", ""transform"", ""validate_occupancy_features"", ""validate_rolling_features""]","[""\""\""\""Raised when required occupancy columns are missing.\""\""\"""", ""\""Canonical occupancy_rate contains values \"""", ""\""DEFAULT_OCCUPANCY_RATE_COLUMN\"","", ""\""INVALID_OCCUPANCY_RATE\"""", ""\""Missing required occupancy \"""", ""\""OCCUPANCY_RATE_COLUMN\"","", ""\""RAW_OCCUPANCY_RATE_COLUMN\"","", ""\""Required occupancy columns are missing: \"""", ""\""derive_occupancy_rate=False.\"""", ""\""maximum_occupancy_rate must be \"""", ""\""minimum_occupancy_rate.\"""", ""\""occupancy_rate column is required when \"""", ""\""occupancy_rate\"""", ""\""occupancy_rate\"","", ""\""occupancy_rate\"": ["", ""\""occupancy_rate_column cannot be empty.\"""", ""\""occupancy_rate_consistent\"""", ""\""occupancy_rate_consistent\"","", ""\""occupancy_rate_tolerance cannot be negative.\"""", ""\""target_occupancy_rate_1h\"""", ""\""target_occupancy_rate_1h\"","", ""\""target_occupancy_rate_1h\"": ["", ""\""target_occupancy_rate_2h\"""", ""\""target_occupancy_rate_2h\"","", ""\""target_occupancy_rate_2h\"": [""]","[""DEFAULT_OCCUPANCY_RATE_COLUMN"", ""INVALID_OCCUPANCY_RATE"", ""OCCUPANCY_RATE_COLUMN"", ""RAW_OCCUPANCY_RATE_COLUMN"", ""occupancy_rate"", ""occupancy_rate_consistent"", ""raw_occupancy_rate"", ""target_occupancy_rate_1h"", ""target_occupancy_rate_2h"", ""target_occupancy_rate_30m"", ""target_tomorrow_morning_occupancy_rate""]",[],UNKNOWN,Insufficient static evidence for automatic causal approval.,"Feature family could not be established as deterministic calendar, current-state, or historical causal.",False,False,False,False,False,False,False,True,False,MEDIUM,"[""Manual source and timestamp verification required.""]"
occupancy_rate_roll_coverage_ratio_6h,other,REQUIRES_CAUSAL_REVIEW,True,"[""data\\dataset_audit.py"", ""data\\dataset_builder.py"", ""data\\temporal.py"", ""data\\temporal_normalizer.py"", ""data\\transformers.py"", ""features\\demand_features.py"", ""features\\feature_pipeline.py"", ""features\\lag_features.py"", ""features\\occupancy_features.py"", ""features\\rolling_features.py"", ""ml_models\\xgboost_model.py""]","[""__post_init__"", ""_audit_facilities"", ""_audit_targets"", ""_build_canonical_dataset"", ""_build_empty_facility_grid"", ""_build_facility_grid"", ""_build_horizon_targets"", ""_build_tomorrow_morning_target"", ""_calculate_ml_occupancy_rate"", ""_calculate_raw_occupancy_rate"", ""_check_occupancy"", ""_classify_occupancy"", ""_derive_observation_presence"", ""_empty_output_dataframe"", ""_finalize_dataframe"", ""_handle_zero_capacity"", ""_prepare_dataframe"", ""_validate_input"", ""_validate_schema"", ""_validate_transformed_dataset"", ""add_birmingham_demand_features"", ""add_birmingham_lag_features"", ""expected_demand_feature_columns"", ""expected_pipeline_feature_columns"", ""transform"", ""validate_occupancy_features"", ""validate_rolling_features""]","[""\""Canonical occupancy_rate contains values \"""", ""\""DEFAULT_OCCUPANCY_RATE_COLUMN\"","", ""\""INVALID_OCCUPANCY_RATE\"""", ""\""OCCUPANCY_RATE_COLUMN\"","", ""\""RAW_OCCUPANCY_RATE_COLUMN\"","", ""\""derive_occupancy_rate=False.\"""", ""\""maximum_occupancy_rate must be \"""", ""\""minimum_occupancy_rate.\"""", ""\""minimum_target_coverage_ratio must \"""", ""\""occupancy_rate column is required when \"""", ""\""occupancy_rate\"""", ""\""occupancy_rate\"","", ""\""occupancy_rate\"": ["", ""\""occupancy_rate_column cannot be empty.\"""", ""\""occupancy_rate_consistent\"""", ""\""occupancy_rate_consistent\"","", ""\""occupancy_rate_tolerance cannot be negative.\"""", ""\""target_occupancy_rate_1h\"""", ""\""target_occupancy_rate_1h\"","", ""\""target_occupancy_rate_1h\"": ["", ""\""target_occupancy_rate_2h\"""", ""\""target_occupancy_rate_2h\"","", ""\""target_occupancy_rate_2h\"": ["", ""\""target_occupancy_rate_30m\"""", ""\""target_occupancy_rate_30m\"",""]","[""DEFAULT_OCCUPANCY_RATE_COLUMN"", ""INVALID_OCCUPANCY_RATE"", ""OCCUPANCY_RATE_COLUMN"", ""RAW_OCCUPANCY_RATE_COLUMN"", ""occupancy_rate"", ""occupancy_rate_consistent"", ""raw_occupancy_rate"", ""target_occupancy_rate_1h"", ""target_occupancy_rate_2h"", ""target_occupancy_rate_30m"", ""target_tomorrow_morning_occupancy_rate""]",[],UNKNOWN,Insufficient static evidence for automatic causal approval.,"Feature family could not be established as deterministic calendar, current-state, or historical causal.",False,False,False,False,False,False,False,True,False,MEDIUM,"[""Manual source and timestamp verification required.""]"
occupancy_rate_roll_6h_available,other,REQUIRES_CAUSAL_REVIEW,True,"[""data\\dataset_audit.py"", ""data\\dataset_builder.py"", ""data\\temporal.py"", ""data\\temporal_normalizer.py"", ""data\\transformers.py"", ""features\\demand_features.py"", ""features\\feature_pipeline.py"", ""features\\lag_features.py"", ""features\\occupancy_features.py"", ""features\\rolling_features.py"", ""ml_models\\xgboost_model.py""]","[""__post_init__"", ""_audit_facilities"", ""_build_canonical_dataset"", ""_build_empty_facility_grid"", ""_build_facility_grid"", ""_build_horizon_targets"", ""_build_tomorrow_morning_target"", ""_calculate_ml_occupancy_rate"", ""_calculate_raw_occupancy_rate"", ""_check_occupancy"", ""_classify_occupancy"", ""_derive_observation_presence"", ""_empty_output_dataframe"", ""_finalize_dataframe"", ""_handle_zero_capacity"", ""_prepare_dataframe"", ""_validate_input"", ""_validate_schema"", ""_validate_transformed_dataset"", ""add_birmingham_demand_features"", ""add_birmingham_lag_features"", ""expected_demand_feature_columns"", ""expected_pipeline_feature_columns"", ""transform"", ""validate_occupancy_features"", ""validate_rolling_features""]","[""\""Canonical occupancy_rate contains values \"""", ""\""DEFAULT_OCCUPANCY_RATE_COLUMN\"","", ""\""INVALID_OCCUPANCY_RATE\"""", ""\""OCCUPANCY_RATE_COLUMN\"","", ""\""RAW_OCCUPANCY_RATE_COLUMN\"","", ""\""derive_occupancy_rate=False.\"""", ""\""maximum_occupancy_rate must be \"""", ""\""minimum_occupancy_rate.\"""", ""\""occupancy_rate column is required when \"""", ""\""occupancy_rate\"""", ""\""occupancy_rate\"","", ""\""occupancy_rate\"": ["", ""\""occupancy_rate_column cannot be empty.\"""", ""\""occupancy_rate_consistent\"""", ""\""occupancy_rate_consistent\"","", ""\""occupancy_rate_tolerance cannot be negative.\"""", ""\""target_occupancy_rate_1h\"""", ""\""target_occupancy_rate_1h\"","", ""\""target_occupancy_rate_1h\"": ["", ""\""target_occupancy_rate_2h\"""", ""\""target_occupancy_rate_2h\"","", ""\""target_occupancy_rate_2h\"": ["", ""\""target_occupancy_rate_30m\"""", ""\""target_occupancy_rate_30m\"","", ""\""target_occupancy_rate_30m\"": [""]","[""DEFAULT_OCCUPANCY_RATE_COLUMN"", ""INVALID_OCCUPANCY_RATE"", ""OCCUPANCY_RATE_COLUMN"", ""RAW_OCCUPANCY_RATE_COLUMN"", ""occupancy_rate"", ""occupancy_rate_consistent"", ""raw_occupancy_rate"", ""target_occupancy_rate_1h"", ""target_occupancy_rate_2h"", ""target_occupancy_rate_30m"", ""target_tomorrow_morning_occupancy_rate""]",[],UNKNOWN,Insufficient static evidence for automatic causal approval.,"Feature family could not be established as deterministic calendar, current-state, or historical causal.",False,False,False,False,False,False,False,True,False,MEDIUM,"[""Manual source and timestamp verification required.""]"
occupancy_rate_roll_mean_12h,other,REQUIRES_CAUSAL_REVIEW,True,"[""C:\\agano\\Oshwal\\docs\\Project\\smart-parking-system\\backend\\app\\ml\\features\\rolling_features.py"", ""features\\rolling_features.py""]",[],"[""['occupancy_rate_roll_mean_12h']"", ""occupancy_rate_roll_mean_12h""]",[],[],UNKNOWN,Insufficient static evidence for automatic causal approval.,"Feature family could not be established as deterministic calendar, current-state, or historical causal.",False,False,False,False,False,False,False,True,False,MEDIUM,"[""Manual source and timestamp verification required.""]"
occupancy_rate_roll_std_12h,other,REQUIRES_CAUSAL_REVIEW,True,"[""data\\dataset_audit.py"", ""data\\dataset_builder.py"", ""data\\temporal.py"", ""data\\temporal_normalizer.py"", ""data\\transformers.py"", ""features\\demand_features.py"", ""features\\feature_pipeline.py"", ""features\\lag_features.py"", ""features\\occupancy_features.py"", ""features\\rolling_features.py"", ""ml_models\\xgboost_model.py""]","[""__post_init__"", ""_audit_facilities"", ""_build_canonical_dataset"", ""_build_empty_facility_grid"", ""_build_facility_grid"", ""_build_horizon_targets"", ""_build_tomorrow_morning_target"", ""_calculate_ml_occupancy_rate"", ""_calculate_raw_occupancy_rate"", ""_check_occupancy"", ""_classify_occupancy"", ""_derive_observation_presence"", ""_empty_output_dataframe"", ""_finalize_dataframe"", ""_handle_zero_capacity"", ""_prepare_dataframe"", ""_validate_input"", ""_validate_schema"", ""_validate_transformed_dataset"", ""add_birmingham_demand_features"", ""add_birmingham_lag_features"", ""expected_demand_feature_columns"", ""expected_pipeline_feature_columns"", ""transform"", ""validate_occupancy_features""]","[""\""Canonical occupancy_rate contains values \"""", ""\""DEFAULT_OCCUPANCY_RATE_COLUMN\"","", ""\""INVALID_OCCUPANCY_RATE\"""", ""\""OCCUPANCY_RATE_COLUMN\"","", ""\""RAW_OCCUPANCY_RATE_COLUMN\"","", ""\""derive_occupancy_rate=False.\"""", ""\""maximum_occupancy_rate must be \"""", ""\""minimum_occupancy_rate.\"""", ""\""occupancy_rate column is required when \"""", ""\""occupancy_rate\"""", ""\""occupancy_rate\"","", ""\""occupancy_rate\"": ["", ""\""occupancy_rate_column cannot be empty.\"""", ""\""occupancy_rate_consistent\"""", ""\""occupancy_rate_consistent\"","", ""\""occupancy_rate_tolerance cannot be negative.\"""", ""\""target_occupancy_rate_1h\"""", ""\""target_occupancy_rate_1h\"","", ""\""target_occupancy_rate_1h\"": ["", ""\""target_occupancy_rate_2h\"""", ""\""target_occupancy_rate_2h\"","", ""\""target_occupancy_rate_2h\"": ["", ""\""target_occupancy_rate_30m\"""", ""\""target_occupancy_rate_30m\"","", ""\""target_occupancy_rate_30m\"": [""]","[""DEFAULT_OCCUPANCY_RATE_COLUMN"", ""INVALID_OCCUPANCY_RATE"", ""OCCUPANCY_RATE_COLUMN"", ""RAW_OCCUPANCY_RATE_COLUMN"", ""occupancy_rate"", ""occupancy_rate_consistent"", ""raw_occupancy_rate"", ""target_occupancy_rate_1h"", ""target_occupancy_rate_2h"", ""target_occupancy_rate_30m"", ""target_tomorrow_morning_occupancy_rate""]",[],UNKNOWN,Insufficient static evidence for automatic causal approval.,"Feature family could not be established as deterministic calendar, current-state, or historical causal.",False,False,False,False,False,False,False,True,False,MEDIUM,"[""Manual source and timestamp verification required.""]"
occupancy_rate_roll_min_12h,other,REQUIRES_CAUSAL_REVIEW,True,"[""data\\dataset_audit.py"", ""data\\dataset_builder.py"", ""data\\temporal.py"", ""data\\temporal_normalizer.py"", ""data\\transformers.py"", ""features\\demand_features.py"", ""features\\feature_pipeline.py"", ""features\\lag_features.py"", ""features\\occupancy_features.py"", ""features\\rolling_features.py"", ""ml_models\\xgboost_model.py""]","[""__post_init__"", ""_audit_facilities"", ""_build_canonical_dataset"", ""_build_empty_facility_grid"", ""_build_facility_grid"", ""_build_horizon_targets"", ""_build_tomorrow_morning_target"", ""_calculate_ml_occupancy_rate"", ""_calculate_raw_occupancy_rate"", ""_check_occupancy"", ""_classify_occupancy"", ""_derive_observation_presence"", ""_empty_output_dataframe"", ""_finalize_dataframe"", ""_handle_zero_capacity"", ""_prepare_dataframe"", ""_validate_input"", ""_validate_schema"", ""_validate_transformed_dataset"", ""add_birmingham_demand_features"", ""add_birmingham_lag_features"", ""expected_demand_feature_columns"", ""expected_pipeline_feature_columns"", ""transform"", ""validate_occupancy_features""]","[""\""Canonical occupancy_rate contains values \"""", ""\""DEFAULT_OCCUPANCY_RATE_COLUMN\"","", ""\""INVALID_OCCUPANCY_RATE\"""", ""\""OCCUPANCY_RATE_COLUMN\"","", ""\""RAW_OCCUPANCY_RATE_COLUMN\"","", ""\""derive_occupancy_rate=False.\"""", ""\""maximum_occupancy_rate must be \"""", ""\""minimum_occupancy_rate.\"""", ""\""occupancy_rate column is required when \"""", ""\""occupancy_rate\"""", ""\""occupancy_rate\"","", ""\""occupancy_rate\"": ["", ""\""occupancy_rate_column cannot be empty.\"""", ""\""occupancy_rate_consistent\"""", ""\""occupancy_rate_consistent\"","", ""\""occupancy_rate_tolerance cannot be negative.\"""", ""\""target_occupancy_rate_1h\"""", ""\""target_occupancy_rate_1h\"","", ""\""target_occupancy_rate_1h\"": ["", ""\""target_occupancy_rate_2h\"""", ""\""target_occupancy_rate_2h\"","", ""\""target_occupancy_rate_2h\"": ["", ""\""target_occupancy_rate_30m\"""", ""\""target_occupancy_rate_30m\"","", ""\""target_occupancy_rate_30m\"": [""]","[""DEFAULT_OCCUPANCY_RATE_COLUMN"", ""INVALID_OCCUPANCY_RATE"", ""OCCUPANCY_RATE_COLUMN"", ""RAW_OCCUPANCY_RATE_COLUMN"", ""occupancy_rate"", ""occupancy_rate_consistent"", ""raw_occupancy_rate"", ""target_occupancy_rate_1h"", ""target_occupancy_rate_2h"", ""target_occupancy_rate_30m"", ""target_tomorrow_morning_occupancy_rate""]",[],UNKNOWN,Insufficient static evidence for automatic causal approval.,"Feature family could not be established as deterministic calendar, current-state, or historical causal.",False,False,False,False,False,False,False,True,False,MEDIUM,"[""Manual source and timestamp verification required.""]"
occupancy_rate_roll_max_12h,other,REQUIRES_CAUSAL_REVIEW,True,"[""data\\dataset_audit.py"", ""data\\dataset_builder.py"", ""data\\temporal.py"", ""data\\temporal_normalizer.py"", ""data\\transformers.py"", ""features\\demand_features.py"", ""features\\feature_pipeline.py"", ""features\\lag_features.py"", ""features\\occupancy_features.py"", ""features\\rolling_features.py"", ""ml_models\\xgboost_model.py""]","[""__post_init__"", ""_audit_facilities"", ""_build_canonical_dataset"", ""_build_empty_facility_grid"", ""_build_facility_grid"", ""_build_horizon_targets"", ""_build_tomorrow_morning_target"", ""_calculate_ml_occupancy_rate"", ""_calculate_raw_occupancy_rate"", ""_check_occupancy"", ""_classify_occupancy"", ""_derive_observation_presence"", ""_empty_output_dataframe"", ""_finalize_dataframe"", ""_handle_zero_capacity"", ""_prepare_dataframe"", ""_validate_input"", ""_validate_schema"", ""_validate_transformed_dataset"", ""add_birmingham_demand_features"", ""add_birmingham_lag_features"", ""expected_demand_feature_columns"", ""expected_pipeline_feature_columns"", ""transform"", ""validate_occupancy_features""]","[""\""Canonical occupancy_rate contains values \"""", ""\""DEFAULT_OCCUPANCY_RATE_COLUMN\"","", ""\""INVALID_OCCUPANCY_RATE\"""", ""\""OCCUPANCY_RATE_COLUMN\"","", ""\""RAW_OCCUPANCY_RATE_COLUMN\"","", ""\""derive_occupancy_rate=False.\"""", ""\""maximum_occupancy_rate must be \"""", ""\""minimum_occupancy_rate.\"""", ""\""occupancy_rate column is required when \"""", ""\""occupancy_rate\"""", ""\""occupancy_rate\"","", ""\""occupancy_rate\"": ["", ""\""occupancy_rate_column cannot be empty.\"""", ""\""occupancy_rate_consistent\"""", ""\""occupancy_rate_consistent\"","", ""\""occupancy_rate_tolerance cannot be negative.\"""", ""\""target_occupancy_rate_1h\"""", ""\""target_occupancy_rate_1h\"","", ""\""target_occupancy_rate_1h\"": ["", ""\""target_occupancy_rate_2h\"""", ""\""target_occupancy_rate_2h\"","", ""\""target_occupancy_rate_2h\"": ["", ""\""target_occupancy_rate_30m\"""", ""\""target_occupancy_rate_30m\"","", ""\""target_occupancy_rate_30m\"": [""]","[""DEFAULT_OCCUPANCY_RATE_COLUMN"", ""INVALID_OCCUPANCY_RATE"", ""OCCUPANCY_RATE_COLUMN"", ""RAW_OCCUPANCY_RATE_COLUMN"", ""occupancy_rate"", ""occupancy_rate_consistent"", ""raw_occupancy_rate"", ""target_occupancy_rate_1h"", ""target_occupancy_rate_2h"", ""target_occupancy_rate_30m"", ""target_tomorrow_morning_occupancy_rate""]",[],UNKNOWN,Insufficient static evidence for automatic causal approval.,"Feature family could not be established as deterministic calendar, current-state, or historical causal.",False,False,False,False,False,False,False,True,False,MEDIUM,"[""Manual source and timestamp verification required.""]"
occupancy_rate_roll_median_12h,other,REQUIRES_CAUSAL_REVIEW,True,"[""data\\dataset_audit.py"", ""data\\dataset_builder.py"", ""data\\temporal.py"", ""data\\temporal_normalizer.py"", ""data\\transformers.py"", ""features\\demand_features.py"", ""features\\feature_pipeline.py"", ""features\\lag_features.py"", ""features\\occupancy_features.py"", ""features\\rolling_features.py"", ""ml_models\\xgboost_model.py""]","[""__post_init__"", ""_audit_facilities"", ""_build_canonical_dataset"", ""_build_empty_facility_grid"", ""_build_facility_grid"", ""_build_horizon_targets"", ""_build_tomorrow_morning_target"", ""_build_window_features"", ""_calculate_ml_occupancy_rate"", ""_calculate_raw_occupancy_rate"", ""_check_occupancy"", ""_classify_occupancy"", ""_derive_observation_presence"", ""_empty_output_dataframe"", ""_finalize_dataframe"", ""_handle_zero_capacity"", ""_prepare_dataframe"", ""_validate_input"", ""_validate_schema"", ""_validate_transformed_dataset"", ""add_birmingham_demand_features"", ""add_birmingham_lag_features"", ""expected_demand_feature_columns"", ""expected_pipeline_feature_columns"", ""transform"", ""validate_occupancy_features""]","[""\""Canonical occupancy_rate contains values \"""", ""\""DEFAULT_OCCUPANCY_RATE_COLUMN\"","", ""\""INVALID_OCCUPANCY_RATE\"""", ""\""OCCUPANCY_RATE_COLUMN\"","", ""\""RAW_OCCUPANCY_RATE_COLUMN\"","", ""\""derive_occupancy_rate=False.\"""", ""\""maximum_occupancy_rate must be \"""", ""\""minimum_occupancy_rate.\"""", ""\""occupancy_rate column is required when \"""", ""\""occupancy_rate\"""", ""\""occupancy_rate\"","", ""\""occupancy_rate\"": ["", ""\""occupancy_rate_column cannot be empty.\"""", ""\""occupancy_rate_consistent\"""", ""\""occupancy_rate_consistent\"","", ""\""occupancy_rate_tolerance cannot be negative.\"""", ""\""target_occupancy_rate_1h\"""", ""\""target_occupancy_rate_1h\"","", ""\""target_occupancy_rate_1h\"": ["", ""\""target_occupancy_rate_2h\"""", ""\""target_occupancy_rate_2h\"","", ""\""target_occupancy_rate_2h\"": ["", ""\""target_occupancy_rate_30m\"""", ""\""target_occupancy_rate_30m\"","", ""\""target_occupancy_rate_30m\"": [""]","[""DEFAULT_OCCUPANCY_RATE_COLUMN"", ""INVALID_OCCUPANCY_RATE"", ""OCCUPANCY_RATE_COLUMN"", ""RAW_OCCUPANCY_RATE_COLUMN"", ""occupancy_rate"", ""occupancy_rate_consistent"", ""raw_occupancy_rate"", ""target_occupancy_rate_1h"", ""target_occupancy_rate_2h"", ""target_occupancy_rate_30m"", ""target_tomorrow_morning_occupancy_rate""]",[],UNKNOWN,Insufficient static evidence for automatic causal approval.,"Feature family could not be established as deterministic calendar, current-state, or historical causal.",False,False,False,False,False,False,False,True,False,MEDIUM,"[""Manual source and timestamp verification required.""]"
occupancy_rate_roll_trend_12h,historical,PRODUCTION_SAFE_HISTORICAL,True,"[""data\\dataset_audit.py"", ""data\\dataset_builder.py"", ""data\\temporal.py"", ""data\\temporal_normalizer.py"", ""data\\transformers.py"", ""features\\demand_features.py"", ""features\\feature_pipeline.py"", ""features\\lag_features.py"", ""features\\occupancy_features.py"", ""features\\rolling_features.py"", ""ml_models\\xgboost_model.py""]","[""__post_init__"", ""_audit_facilities"", ""_build_canonical_dataset"", ""_build_empty_facility_grid"", ""_build_facility_grid"", ""_build_horizon_targets"", ""_build_tomorrow_morning_target"", ""_build_window_features"", ""_calculate_ml_occupancy_rate"", ""_calculate_raw_occupancy_rate"", ""_check_occupancy"", ""_classify_occupancy"", ""_derive_observation_presence"", ""_empty_output_dataframe"", ""_finalize_dataframe"", ""_handle_zero_capacity"", ""_prepare_dataframe"", ""_validate_input"", ""_validate_schema"", ""_validate_transformed_dataset"", ""add_birmingham_demand_features"", ""add_birmingham_lag_features"", ""expected_demand_feature_columns"", ""expected_pipeline_feature_columns"", ""transform"", ""validate_occupancy_features""]","[""\""Canonical occupancy_rate contains values \"""", ""\""DEFAULT_OCCUPANCY_RATE_COLUMN\"","", ""\""INVALID_OCCUPANCY_RATE\"""", ""\""OCCUPANCY_RATE_COLUMN\"","", ""\""RAW_OCCUPANCY_RATE_COLUMN\"","", ""\""derive_occupancy_rate=False.\"""", ""\""maximum_occupancy_rate must be \"""", ""\""minimum_occupancy_rate.\"""", ""\""occupancy_rate column is required when \"""", ""\""occupancy_rate\"""", ""\""occupancy_rate\"","", ""\""occupancy_rate\"": ["", ""\""occupancy_rate_column cannot be empty.\"""", ""\""occupancy_rate_consistent\"""", ""\""occupancy_rate_consistent\"","", ""\""occupancy_rate_tolerance cannot be negative.\"""", ""\""target_occupancy_rate_1h\"""", ""\""target_occupancy_rate_1h\"","", ""\""target_occupancy_rate_1h\"": ["", ""\""target_occupancy_rate_2h\"""", ""\""target_occupancy_rate_2h\"","", ""\""target_occupancy_rate_2h\"": ["", ""\""target_occupancy_rate_30m\"""", ""\""target_occupancy_rate_30m\"","", ""\""target_occupancy_rate_30m\"": [""]","[""DEFAULT_OCCUPANCY_RATE_COLUMN"", ""INVALID_OCCUPANCY_RATE"", ""OCCUPANCY_RATE_COLUMN"", ""RAW_OCCUPANCY_RATE_COLUMN"", ""occupancy_rate"", ""occupancy_rate_consistent"", ""raw_occupancy_rate"", ""target_occupancy_rate_1h"", ""target_occupancy_rate_2h"", ""target_occupancy_rate_30m"", ""target_tomorrow_morning_occupancy_rate""]",[],AT_OR_BEFORE_T,Historical/lag/rolling feature; no feature-level future operation detected.,Feature naming and source evidence indicate historical semantics.,False,False,False,False,False,False,False,True,False,HIGH,"[""Formal source timestamp verification is still recommended before production approval.""]"
occupancy_rate_roll_count_12h,other,REQUIRES_CAUSAL_REVIEW,True,"[""data\\dataset_audit.py"", ""data\\dataset_builder.py"", ""data\\temporal.py"", ""data\\temporal_normalizer.py"", ""data\\transformers.py"", ""features\\demand_features.py"", ""features\\feature_pipeline.py"", ""features\\lag_features.py"", ""features\\occupancy_features.py"", ""features\\rolling_features.py"", ""ml_models\\xgboost_model.py""]","[""__post_init__"", ""_audit_facilities"", ""_build_canonical_dataset"", ""_build_empty_facility_grid"", ""_build_facility_grid"", ""_build_horizon_targets"", ""_build_tomorrow_morning_target"", ""_build_window_features"", ""_calculate_ml_occupancy_rate"", ""_calculate_raw_occupancy_rate"", ""_check_occupancy"", ""_classify_occupancy"", ""_derive_observation_presence"", ""_empty_output_dataframe"", ""_finalize_dataframe"", ""_handle_zero_capacity"", ""_prepare_dataframe"", ""_validate_input"", ""_validate_schema"", ""_validate_transformed_dataset"", ""add_birmingham_demand_features"", ""add_birmingham_lag_features"", ""expected_demand_feature_columns"", ""expected_pipeline_feature_columns"", ""transform"", ""validate_occupancy_features"", ""validate_rolling_features""]","[""\""Canonical occupancy_rate contains values \"""", ""\""DEFAULT_OCCUPANCY_RATE_COLUMN\"","", ""\""INVALID_OCCUPANCY_RATE\"""", ""\""OCCUPANCY_RATE_COLUMN\"","", ""\""RAW_OCCUPANCY_RATE_COLUMN\"","", ""\""derive_occupancy_rate=False.\"""", ""\""maximum_occupancy_rate must be \"""", ""\""minimum_occupancy_rate.\"""", ""\""occupancy_rate column is required when \"""", ""\""occupancy_rate\"""", ""\""occupancy_rate\"","", ""\""occupancy_rate\"": ["", ""\""occupancy_rate_column cannot be empty.\"""", ""\""occupancy_rate_consistent\"""", ""\""occupancy_rate_consistent\"","", ""\""occupancy_rate_tolerance cannot be negative.\"""", ""\""target_occupancy_rate_1h\"""", ""\""target_occupancy_rate_1h\"","", ""\""target_occupancy_rate_1h\"": ["", ""\""target_occupancy_rate_2h\"""", ""\""target_occupancy_rate_2h\"","", ""\""target_occupancy_rate_2h\"": ["", ""\""target_occupancy_rate_30m\"""", ""\""target_occupancy_rate_30m\"","", ""\""target_occupancy_rate_30m\"": [""]","[""DEFAULT_OCCUPANCY_RATE_COLUMN"", ""INVALID_OCCUPANCY_RATE"", ""OCCUPANCY_RATE_COLUMN"", ""RAW_OCCUPANCY_RATE_COLUMN"", ""occupancy_rate"", ""occupancy_rate_consistent"", ""raw_occupancy_rate"", ""target_occupancy_rate_1h"", ""target_occupancy_rate_2h"", ""target_occupancy_rate_30m"", ""target_tomorrow_morning_occupancy_rate""]",[],UNKNOWN,Insufficient static evidence for automatic causal approval.,"Feature family could not be established as deterministic calendar, current-state, or historical causal.",False,False,False,False,False,False,False,True,False,MEDIUM,"[""Manual source and timestamp verification required.""]"
occupancy_rate_roll_missing_12h,other,REQUIRES_CAUSAL_REVIEW,True,"[""data\\dataset_audit.py"", ""data\\dataset_builder.py"", ""data\\temporal.py"", ""data\\temporal_normalizer.py"", ""data\\transformers.py"", ""features\\demand_features.py"", ""features\\feature_pipeline.py"", ""features\\lag_features.py"", ""features\\occupancy_features.py"", ""features\\rolling_features.py"", ""ml_models\\xgboost_model.py""]","[""__post_init__"", ""_audit_facilities"", ""_build_canonical_dataset"", ""_build_empty_facility_grid"", ""_build_facility_grid"", ""_build_horizon_targets"", ""_build_tomorrow_morning_target"", ""_calculate_ml_occupancy_rate"", ""_calculate_raw_occupancy_rate"", ""_check_occupancy"", ""_classify_occupancy"", ""_derive_observation_presence"", ""_empty_output_dataframe"", ""_finalize_dataframe"", ""_handle_zero_capacity"", ""_prepare_dataframe"", ""_validate_input"", ""_validate_schema"", ""_validate_transformed_dataset"", ""add_birmingham_demand_features"", ""add_birmingham_lag_features"", ""expected_demand_feature_columns"", ""expected_pipeline_feature_columns"", ""transform"", ""validate_occupancy_features"", ""validate_rolling_features""]","[""\""\""\""Raised when required occupancy columns are missing.\""\""\"""", ""\""Canonical occupancy_rate contains values \"""", ""\""DEFAULT_OCCUPANCY_RATE_COLUMN\"","", ""\""INVALID_OCCUPANCY_RATE\"""", ""\""Missing required occupancy \"""", ""\""OCCUPANCY_RATE_COLUMN\"","", ""\""RAW_OCCUPANCY_RATE_COLUMN\"","", ""\""Required occupancy columns are missing: \"""", ""\""derive_occupancy_rate=False.\"""", ""\""maximum_occupancy_rate must be \"""", ""\""minimum_occupancy_rate.\"""", ""\""occupancy_rate column is required when \"""", ""\""occupancy_rate\"""", ""\""occupancy_rate\"","", ""\""occupancy_rate\"": ["", ""\""occupancy_rate_column cannot be empty.\"""", ""\""occupancy_rate_consistent\"""", ""\""occupancy_rate_consistent\"","", ""\""occupancy_rate_tolerance cannot be negative.\"""", ""\""target_occupancy_rate_1h\"""", ""\""target_occupancy_rate_1h\"","", ""\""target_occupancy_rate_1h\"": ["", ""\""target_occupancy_rate_2h\"""", ""\""target_occupancy_rate_2h\"","", ""\""target_occupancy_rate_2h\"": [""]","[""DEFAULT_OCCUPANCY_RATE_COLUMN"", ""INVALID_OCCUPANCY_RATE"", ""OCCUPANCY_RATE_COLUMN"", ""RAW_OCCUPANCY_RATE_COLUMN"", ""occupancy_rate"", ""occupancy_rate_consistent"", ""raw_occupancy_rate"", ""target_occupancy_rate_1h"", ""target_occupancy_rate_2h"", ""target_occupancy_rate_30m"", ""target_tomorrow_morning_occupancy_rate""]",[],UNKNOWN,Insufficient static evidence for automatic causal approval.,"Feature family could not be established as deterministic calendar, current-state, or historical causal.",False,False,False,False,False,False,False,True,False,MEDIUM,"[""Manual source and timestamp verification required.""]"
occupancy_rate_roll_coverage_ratio_12h,other,REQUIRES_CAUSAL_REVIEW,True,"[""data\\dataset_audit.py"", ""data\\dataset_builder.py"", ""data\\temporal.py"", ""data\\temporal_normalizer.py"", ""data\\transformers.py"", ""features\\demand_features.py"", ""features\\feature_pipeline.py"", ""features\\lag_features.py"", ""features\\occupancy_features.py"", ""features\\rolling_features.py"", ""ml_models\\xgboost_model.py""]","[""__post_init__"", ""_audit_facilities"", ""_audit_targets"", ""_build_canonical_dataset"", ""_build_empty_facility_grid"", ""_build_facility_grid"", ""_build_horizon_targets"", ""_build_tomorrow_morning_target"", ""_calculate_ml_occupancy_rate"", ""_calculate_raw_occupancy_rate"", ""_check_occupancy"", ""_classify_occupancy"", ""_derive_observation_presence"", ""_empty_output_dataframe"", ""_finalize_dataframe"", ""_handle_zero_capacity"", ""_prepare_dataframe"", ""_validate_input"", ""_validate_schema"", ""_validate_transformed_dataset"", ""add_birmingham_demand_features"", ""add_birmingham_lag_features"", ""expected_demand_feature_columns"", ""expected_pipeline_feature_columns"", ""transform"", ""validate_occupancy_features"", ""validate_rolling_features""]","[""\""Canonical occupancy_rate contains values \"""", ""\""DEFAULT_OCCUPANCY_RATE_COLUMN\"","", ""\""INVALID_OCCUPANCY_RATE\"""", ""\""OCCUPANCY_RATE_COLUMN\"","", ""\""RAW_OCCUPANCY_RATE_COLUMN\"","", ""\""derive_occupancy_rate=False.\"""", ""\""maximum_occupancy_rate must be \"""", ""\""minimum_occupancy_rate.\"""", ""\""minimum_target_coverage_ratio must \"""", ""\""occupancy_rate column is required when \"""", ""\""occupancy_rate\"""", ""\""occupancy_rate\"","", ""\""occupancy_rate\"": ["", ""\""occupancy_rate_column cannot be empty.\"""", ""\""occupancy_rate_consistent\"""", ""\""occupancy_rate_consistent\"","", ""\""occupancy_rate_tolerance cannot be negative.\"""", ""\""target_occupancy_rate_1h\"""", ""\""target_occupancy_rate_1h\"","", ""\""target_occupancy_rate_1h\"": ["", ""\""target_occupancy_rate_2h\"""", ""\""target_occupancy_rate_2h\"","", ""\""target_occupancy_rate_2h\"": ["", ""\""target_occupancy_rate_30m\"""", ""\""target_occupancy_rate_30m\"",""]","[""DEFAULT_OCCUPANCY_RATE_COLUMN"", ""INVALID_OCCUPANCY_RATE"", ""OCCUPANCY_RATE_COLUMN"", ""RAW_OCCUPANCY_RATE_COLUMN"", ""occupancy_rate"", ""occupancy_rate_consistent"", ""raw_occupancy_rate"", ""target_occupancy_rate_1h"", ""target_occupancy_rate_2h"", ""target_occupancy_rate_30m"", ""target_tomorrow_morning_occupancy_rate""]",[],UNKNOWN,Insufficient static evidence for automatic causal approval.,"Feature family could not be established as deterministic calendar, current-state, or historical causal.",False,False,False,False,False,False,False,True,False,MEDIUM,"[""Manual source and timestamp verification required.""]"
occupancy_rate_roll_12h_available,other,REQUIRES_CAUSAL_REVIEW,True,"[""data\\dataset_audit.py"", ""data\\dataset_builder.py"", ""data\\temporal.py"", ""data\\temporal_normalizer.py"", ""data\\transformers.py"", ""features\\demand_features.py"", ""features\\feature_pipeline.py"", ""features\\lag_features.py"", ""features\\occupancy_features.py"", ""features\\rolling_features.py"", ""ml_models\\xgboost_model.py""]","[""__post_init__"", ""_audit_facilities"", ""_build_canonical_dataset"", ""_build_empty_facility_grid"", ""_build_facility_grid"", ""_build_horizon_targets"", ""_build_tomorrow_morning_target"", ""_calculate_ml_occupancy_rate"", ""_calculate_raw_occupancy_rate"", ""_check_occupancy"", ""_classify_occupancy"", ""_derive_observation_presence"", ""_empty_output_dataframe"", ""_finalize_dataframe"", ""_handle_zero_capacity"", ""_prepare_dataframe"", ""_validate_input"", ""_validate_schema"", ""_validate_transformed_dataset"", ""add_birmingham_demand_features"", ""add_birmingham_lag_features"", ""expected_demand_feature_columns"", ""expected_pipeline_feature_columns"", ""transform"", ""validate_occupancy_features"", ""validate_rolling_features""]","[""\""Canonical occupancy_rate contains values \"""", ""\""DEFAULT_OCCUPANCY_RATE_COLUMN\"","", ""\""INVALID_OCCUPANCY_RATE\"""", ""\""OCCUPANCY_RATE_COLUMN\"","", ""\""RAW_OCCUPANCY_RATE_COLUMN\"","", ""\""derive_occupancy_rate=False.\"""", ""\""maximum_occupancy_rate must be \"""", ""\""minimum_occupancy_rate.\"""", ""\""occupancy_rate column is required when \"""", ""\""occupancy_rate\"""", ""\""occupancy_rate\"","", ""\""occupancy_rate\"": ["", ""\""occupancy_rate_column cannot be empty.\"""", ""\""occupancy_rate_consistent\"""", ""\""occupancy_rate_consistent\"","", ""\""occupancy_rate_tolerance cannot be negative.\"""", ""\""target_occupancy_rate_1h\"""", ""\""target_occupancy_rate_1h\"","", ""\""target_occupancy_rate_1h\"": ["", ""\""target_occupancy_rate_2h\"""", ""\""target_occupancy_rate_2h\"","", ""\""target_occupancy_rate_2h\"": ["", ""\""target_occupancy_rate_30m\"""", ""\""target_occupancy_rate_30m\"","", ""\""target_occupancy_rate_30m\"": [""]","[""DEFAULT_OCCUPANCY_RATE_COLUMN"", ""INVALID_OCCUPANCY_RATE"", ""OCCUPANCY_RATE_COLUMN"", ""RAW_OCCUPANCY_RATE_COLUMN"", ""occupancy_rate"", ""occupancy_rate_consistent"", ""raw_occupancy_rate"", ""target_occupancy_rate_1h"", ""target_occupancy_rate_2h"", ""target_occupancy_rate_30m"", ""target_tomorrow_morning_occupancy_rate""]",[],UNKNOWN,Insufficient static evidence for automatic causal approval.,"Feature family could not be established as deterministic calendar, current-state, or historical causal.",False,False,False,False,False,False,False,True,False,MEDIUM,"[""Manual source and timestamp verification required.""]"
occupancy_rate_roll_mean_1d,other,REQUIRES_CAUSAL_REVIEW,True,"[""data\\dataset_audit.py"", ""data\\dataset_builder.py"", ""data\\temporal.py"", ""data\\temporal_normalizer.py"", ""data\\transformers.py"", ""features\\demand_features.py"", ""features\\feature_pipeline.py"", ""features\\lag_features.py"", ""features\\occupancy_features.py"", ""features\\rolling_features.py"", ""ml_models\\xgboost_model.py""]","[""__post_init__"", ""_audit_facilities"", ""_build_canonical_dataset"", ""_build_empty_facility_grid"", ""_build_facility_grid"", ""_build_horizon_targets"", ""_build_tomorrow_morning_target"", ""_build_window_features"", ""_calculate_ml_occupancy_rate"", ""_calculate_raw_occupancy_rate"", ""_check_occupancy"", ""_classify_occupancy"", ""_derive_observation_presence"", ""_empty_output_dataframe"", ""_finalize_dataframe"", ""_handle_zero_capacity"", ""_prepare_dataframe"", ""_validate_input"", ""_validate_schema"", ""_validate_transformed_dataset"", ""add_birmingham_demand_features"", ""add_birmingham_lag_features"", ""expected_demand_feature_columns"", ""expected_pipeline_feature_columns"", ""transform"", ""validate_occupancy_features""]","[""\""Canonical occupancy_rate contains values \"""", ""\""DEFAULT_OCCUPANCY_RATE_COLUMN\"","", ""\""INVALID_OCCUPANCY_RATE\"""", ""\""OCCUPANCY_RATE_COLUMN\"","", ""\""RAW_OCCUPANCY_RATE_COLUMN\"","", ""\""derive_occupancy_rate=False.\"""", ""\""maximum_occupancy_rate must be \"""", ""\""minimum_occupancy_rate.\"""", ""\""occupancy_rate column is required when \"""", ""\""occupancy_rate\"""", ""\""occupancy_rate\"","", ""\""occupancy_rate\"": ["", ""\""occupancy_rate_column cannot be empty.\"""", ""\""occupancy_rate_consistent\"""", ""\""occupancy_rate_consistent\"","", ""\""occupancy_rate_tolerance cannot be negative.\"""", ""\""target_occupancy_rate_1h\"""", ""\""target_occupancy_rate_1h\"","", ""\""target_occupancy_rate_1h\"": ["", ""\""target_occupancy_rate_2h\"""", ""\""target_occupancy_rate_2h\"","", ""\""target_occupancy_rate_2h\"": ["", ""\""target_occupancy_rate_30m\"""", ""\""target_occupancy_rate_30m\"","", ""\""target_occupancy_rate_30m\"": [""]","[""DEFAULT_OCCUPANCY_RATE_COLUMN"", ""INVALID_OCCUPANCY_RATE"", ""OCCUPANCY_RATE_COLUMN"", ""RAW_OCCUPANCY_RATE_COLUMN"", ""occupancy_rate"", ""occupancy_rate_consistent"", ""raw_occupancy_rate"", ""target_occupancy_rate_1h"", ""target_occupancy_rate_2h"", ""target_occupancy_rate_30m"", ""target_tomorrow_morning_occupancy_rate""]",[],UNKNOWN,Insufficient static evidence for automatic causal approval.,"Feature family could not be established as deterministic calendar, current-state, or historical causal.",False,False,False,False,False,False,False,True,False,MEDIUM,"[""Manual source and timestamp verification required.""]"
occupancy_rate_roll_std_1d,other,REQUIRES_CAUSAL_REVIEW,True,"[""data\\dataset_audit.py"", ""data\\dataset_builder.py"", ""data\\temporal.py"", ""data\\temporal_normalizer.py"", ""data\\transformers.py"", ""features\\demand_features.py"", ""features\\feature_pipeline.py"", ""features\\lag_features.py"", ""features\\occupancy_features.py"", ""features\\rolling_features.py"", ""ml_models\\xgboost_model.py""]","[""__post_init__"", ""_audit_facilities"", ""_build_canonical_dataset"", ""_build_empty_facility_grid"", ""_build_facility_grid"", ""_build_horizon_targets"", ""_build_tomorrow_morning_target"", ""_calculate_ml_occupancy_rate"", ""_calculate_raw_occupancy_rate"", ""_check_occupancy"", ""_classify_occupancy"", ""_derive_observation_presence"", ""_empty_output_dataframe"", ""_finalize_dataframe"", ""_handle_zero_capacity"", ""_prepare_dataframe"", ""_validate_input"", ""_validate_schema"", ""_validate_transformed_dataset"", ""add_birmingham_demand_features"", ""add_birmingham_lag_features"", ""expected_demand_feature_columns"", ""expected_pipeline_feature_columns"", ""transform"", ""validate_occupancy_features""]","[""\""Canonical occupancy_rate contains values \"""", ""\""DEFAULT_OCCUPANCY_RATE_COLUMN\"","", ""\""INVALID_OCCUPANCY_RATE\"""", ""\""OCCUPANCY_RATE_COLUMN\"","", ""\""RAW_OCCUPANCY_RATE_COLUMN\"","", ""\""derive_occupancy_rate=False.\"""", ""\""maximum_occupancy_rate must be \"""", ""\""minimum_occupancy_rate.\"""", ""\""occupancy_rate column is required when \"""", ""\""occupancy_rate\"""", ""\""occupancy_rate\"","", ""\""occupancy_rate\"": ["", ""\""occupancy_rate_column cannot be empty.\"""", ""\""occupancy_rate_consistent\"""", ""\""occupancy_rate_consistent\"","", ""\""occupancy_rate_tolerance cannot be negative.\"""", ""\""target_occupancy_rate_1h\"""", ""\""target_occupancy_rate_1h\"","", ""\""target_occupancy_rate_1h\"": ["", ""\""target_occupancy_rate_2h\"""", ""\""target_occupancy_rate_2h\"","", ""\""target_occupancy_rate_2h\"": ["", ""\""target_occupancy_rate_30m\"""", ""\""target_occupancy_rate_30m\"","", ""\""target_occupancy_rate_30m\"": [""]","[""DEFAULT_OCCUPANCY_RATE_COLUMN"", ""INVALID_OCCUPANCY_RATE"", ""OCCUPANCY_RATE_COLUMN"", ""RAW_OCCUPANCY_RATE_COLUMN"", ""occupancy_rate"", ""occupancy_rate_consistent"", ""raw_occupancy_rate"", ""target_occupancy_rate_1h"", ""target_occupancy_rate_2h"", ""target_occupancy_rate_30m"", ""target_tomorrow_morning_occupancy_rate""]",[],UNKNOWN,Insufficient static evidence for automatic causal approval.,"Feature family could not be established as deterministic calendar, current-state, or historical causal.",False,False,False,False,False,False,False,True,False,MEDIUM,"[""Manual source and timestamp verification required.""]"
occupancy_rate_roll_min_1d,other,REQUIRES_CAUSAL_REVIEW,True,"[""data\\dataset_audit.py"", ""data\\dataset_builder.py"", ""data\\temporal.py"", ""data\\temporal_normalizer.py"", ""data\\transformers.py"", ""features\\demand_features.py"", ""features\\feature_pipeline.py"", ""features\\lag_features.py"", ""features\\occupancy_features.py"", ""features\\rolling_features.py"", ""ml_models\\xgboost_model.py""]","[""__post_init__"", ""_audit_facilities"", ""_build_canonical_dataset"", ""_build_empty_facility_grid"", ""_build_facility_grid"", ""_build_horizon_targets"", ""_build_tomorrow_morning_target"", ""_calculate_ml_occupancy_rate"", ""_calculate_raw_occupancy_rate"", ""_check_occupancy"", ""_classify_occupancy"", ""_derive_observation_presence"", ""_empty_output_dataframe"", ""_finalize_dataframe"", ""_handle_zero_capacity"", ""_prepare_dataframe"", ""_validate_input"", ""_validate_schema"", ""_validate_transformed_dataset"", ""add_birmingham_demand_features"", ""add_birmingham_lag_features"", ""expected_demand_feature_columns"", ""expected_pipeline_feature_columns"", ""transform"", ""validate_occupancy_features""]","[""\""Canonical occupancy_rate contains values \"""", ""\""DEFAULT_OCCUPANCY_RATE_COLUMN\"","", ""\""INVALID_OCCUPANCY_RATE\"""", ""\""OCCUPANCY_RATE_COLUMN\"","", ""\""RAW_OCCUPANCY_RATE_COLUMN\"","", ""\""derive_occupancy_rate=False.\"""", ""\""maximum_occupancy_rate must be \"""", ""\""minimum_occupancy_rate.\"""", ""\""occupancy_rate column is required when \"""", ""\""occupancy_rate\"""", ""\""occupancy_rate\"","", ""\""occupancy_rate\"": ["", ""\""occupancy_rate_column cannot be empty.\"""", ""\""occupancy_rate_consistent\"""", ""\""occupancy_rate_consistent\"","", ""\""occupancy_rate_tolerance cannot be negative.\"""", ""\""target_occupancy_rate_1h\"""", ""\""target_occupancy_rate_1h\"","", ""\""target_occupancy_rate_1h\"": ["", ""\""target_occupancy_rate_2h\"""", ""\""target_occupancy_rate_2h\"","", ""\""target_occupancy_rate_2h\"": ["", ""\""target_occupancy_rate_30m\"""", ""\""target_occupancy_rate_30m\"","", ""\""target_occupancy_rate_30m\"": [""]","[""DEFAULT_OCCUPANCY_RATE_COLUMN"", ""INVALID_OCCUPANCY_RATE"", ""OCCUPANCY_RATE_COLUMN"", ""RAW_OCCUPANCY_RATE_COLUMN"", ""occupancy_rate"", ""occupancy_rate_consistent"", ""raw_occupancy_rate"", ""target_occupancy_rate_1h"", ""target_occupancy_rate_2h"", ""target_occupancy_rate_30m"", ""target_tomorrow_morning_occupancy_rate""]",[],UNKNOWN,Insufficient static evidence for automatic causal approval.,"Feature family could not be established as deterministic calendar, current-state, or historical causal.",False,False,False,False,False,False,False,True,False,MEDIUM,"[""Manual source and timestamp verification required.""]"
occupancy_rate_roll_max_1d,other,REQUIRES_CAUSAL_REVIEW,True,"[""data\\dataset_audit.py"", ""data\\dataset_builder.py"", ""data\\temporal.py"", ""data\\temporal_normalizer.py"", ""data\\transformers.py"", ""features\\demand_features.py"", ""features\\feature_pipeline.py"", ""features\\lag_features.py"", ""features\\occupancy_features.py"", ""features\\rolling_features.py"", ""ml_models\\xgboost_model.py""]","[""__post_init__"", ""_audit_facilities"", ""_build_canonical_dataset"", ""_build_empty_facility_grid"", ""_build_facility_grid"", ""_build_horizon_targets"", ""_build_tomorrow_morning_target"", ""_calculate_ml_occupancy_rate"", ""_calculate_raw_occupancy_rate"", ""_check_occupancy"", ""_classify_occupancy"", ""_derive_observation_presence"", ""_empty_output_dataframe"", ""_finalize_dataframe"", ""_handle_zero_capacity"", ""_prepare_dataframe"", ""_validate_input"", ""_validate_schema"", ""_validate_transformed_dataset"", ""add_birmingham_demand_features"", ""add_birmingham_lag_features"", ""expected_demand_feature_columns"", ""expected_pipeline_feature_columns"", ""transform"", ""validate_occupancy_features""]","[""\""Canonical occupancy_rate contains values \"""", ""\""DEFAULT_OCCUPANCY_RATE_COLUMN\"","", ""\""INVALID_OCCUPANCY_RATE\"""", ""\""OCCUPANCY_RATE_COLUMN\"","", ""\""RAW_OCCUPANCY_RATE_COLUMN\"","", ""\""derive_occupancy_rate=False.\"""", ""\""maximum_occupancy_rate must be \"""", ""\""minimum_occupancy_rate.\"""", ""\""occupancy_rate column is required when \"""", ""\""occupancy_rate\"""", ""\""occupancy_rate\"","", ""\""occupancy_rate\"": ["", ""\""occupancy_rate_column cannot be empty.\"""", ""\""occupancy_rate_consistent\"""", ""\""occupancy_rate_consistent\"","", ""\""occupancy_rate_tolerance cannot be negative.\"""", ""\""target_occupancy_rate_1h\"""", ""\""target_occupancy_rate_1h\"","", ""\""target_occupancy_rate_1h\"": ["", ""\""target_occupancy_rate_2h\"""", ""\""target_occupancy_rate_2h\"","", ""\""target_occupancy_rate_2h\"": ["", ""\""target_occupancy_rate_30m\"""", ""\""target_occupancy_rate_30m\"","", ""\""target_occupancy_rate_30m\"": [""]","[""DEFAULT_OCCUPANCY_RATE_COLUMN"", ""INVALID_OCCUPANCY_RATE"", ""OCCUPANCY_RATE_COLUMN"", ""RAW_OCCUPANCY_RATE_COLUMN"", ""occupancy_rate"", ""occupancy_rate_consistent"", ""raw_occupancy_rate"", ""target_occupancy_rate_1h"", ""target_occupancy_rate_2h"", ""target_occupancy_rate_30m"", ""target_tomorrow_morning_occupancy_rate""]",[],UNKNOWN,Insufficient static evidence for automatic causal approval.,"Feature family could not be established as deterministic calendar, current-state, or historical causal.",False,False,False,False,False,False,False,True,False,MEDIUM,"[""Manual source and timestamp verification required.""]"
occupancy_rate_roll_median_1d,other,REQUIRES_CAUSAL_REVIEW,True,"[""data\\dataset_audit.py"", ""data\\dataset_builder.py"", ""data\\temporal.py"", ""data\\temporal_normalizer.py"", ""data\\transformers.py"", ""features\\demand_features.py"", ""features\\feature_pipeline.py"", ""features\\lag_features.py"", ""features\\occupancy_features.py"", ""features\\rolling_features.py"", ""ml_models\\xgboost_model.py""]","[""__post_init__"", ""_audit_facilities"", ""_build_canonical_dataset"", ""_build_empty_facility_grid"", ""_build_facility_grid"", ""_build_horizon_targets"", ""_build_tomorrow_morning_target"", ""_build_window_features"", ""_calculate_ml_occupancy_rate"", ""_calculate_raw_occupancy_rate"", ""_check_occupancy"", ""_classify_occupancy"", ""_derive_observation_presence"", ""_empty_output_dataframe"", ""_finalize_dataframe"", ""_handle_zero_capacity"", ""_prepare_dataframe"", ""_validate_input"", ""_validate_schema"", ""_validate_transformed_dataset"", ""add_birmingham_demand_features"", ""add_birmingham_lag_features"", ""expected_demand_feature_columns"", ""expected_pipeline_feature_columns"", ""transform"", ""validate_occupancy_features""]","[""\""Canonical occupancy_rate contains values \"""", ""\""DEFAULT_OCCUPANCY_RATE_COLUMN\"","", ""\""INVALID_OCCUPANCY_RATE\"""", ""\""OCCUPANCY_RATE_COLUMN\"","", ""\""RAW_OCCUPANCY_RATE_COLUMN\"","", ""\""derive_occupancy_rate=False.\"""", ""\""maximum_occupancy_rate must be \"""", ""\""minimum_occupancy_rate.\"""", ""\""occupancy_rate column is required when \"""", ""\""occupancy_rate\"""", ""\""occupancy_rate\"","", ""\""occupancy_rate\"": ["", ""\""occupancy_rate_column cannot be empty.\"""", ""\""occupancy_rate_consistent\"""", ""\""occupancy_rate_consistent\"","", ""\""occupancy_rate_tolerance cannot be negative.\"""", ""\""target_occupancy_rate_1h\"""", ""\""target_occupancy_rate_1h\"","", ""\""target_occupancy_rate_1h\"": ["", ""\""target_occupancy_rate_2h\"""", ""\""target_occupancy_rate_2h\"","", ""\""target_occupancy_rate_2h\"": ["", ""\""target_occupancy_rate_30m\"""", ""\""target_occupancy_rate_30m\"","", ""\""target_occupancy_rate_30m\"": [""]","[""DEFAULT_OCCUPANCY_RATE_COLUMN"", ""INVALID_OCCUPANCY_RATE"", ""OCCUPANCY_RATE_COLUMN"", ""RAW_OCCUPANCY_RATE_COLUMN"", ""occupancy_rate"", ""occupancy_rate_consistent"", ""raw_occupancy_rate"", ""target_occupancy_rate_1h"", ""target_occupancy_rate_2h"", ""target_occupancy_rate_30m"", ""target_tomorrow_morning_occupancy_rate""]",[],UNKNOWN,Insufficient static evidence for automatic causal approval.,"Feature family could not be established as deterministic calendar, current-state, or historical causal.",False,False,False,False,False,False,False,True,False,MEDIUM,"[""Manual source and timestamp verification required.""]"
occupancy_rate_roll_trend_1d,historical,PRODUCTION_SAFE_HISTORICAL,True,"[""data\\dataset_audit.py"", ""data\\dataset_builder.py"", ""data\\temporal.py"", ""data\\temporal_normalizer.py"", ""data\\transformers.py"", ""features\\demand_features.py"", ""features\\feature_pipeline.py"", ""features\\lag_features.py"", ""features\\occupancy_features.py"", ""features\\rolling_features.py"", ""ml_models\\xgboost_model.py""]","[""__post_init__"", ""_audit_facilities"", ""_build_canonical_dataset"", ""_build_empty_facility_grid"", ""_build_facility_grid"", ""_build_horizon_targets"", ""_build_tomorrow_morning_target"", ""_build_window_features"", ""_calculate_ml_occupancy_rate"", ""_calculate_raw_occupancy_rate"", ""_check_occupancy"", ""_classify_occupancy"", ""_derive_observation_presence"", ""_empty_output_dataframe"", ""_finalize_dataframe"", ""_handle_zero_capacity"", ""_prepare_dataframe"", ""_validate_input"", ""_validate_schema"", ""_validate_transformed_dataset"", ""add_birmingham_demand_features"", ""add_birmingham_lag_features"", ""expected_demand_feature_columns"", ""expected_pipeline_feature_columns"", ""transform"", ""validate_occupancy_features""]","[""\""Canonical occupancy_rate contains values \"""", ""\""DEFAULT_OCCUPANCY_RATE_COLUMN\"","", ""\""INVALID_OCCUPANCY_RATE\"""", ""\""OCCUPANCY_RATE_COLUMN\"","", ""\""RAW_OCCUPANCY_RATE_COLUMN\"","", ""\""derive_occupancy_rate=False.\"""", ""\""maximum_occupancy_rate must be \"""", ""\""minimum_occupancy_rate.\"""", ""\""occupancy_rate column is required when \"""", ""\""occupancy_rate\"""", ""\""occupancy_rate\"","", ""\""occupancy_rate\"": ["", ""\""occupancy_rate_column cannot be empty.\"""", ""\""occupancy_rate_consistent\"""", ""\""occupancy_rate_consistent\"","", ""\""occupancy_rate_tolerance cannot be negative.\"""", ""\""target_occupancy_rate_1h\"""", ""\""target_occupancy_rate_1h\"","", ""\""target_occupancy_rate_1h\"": ["", ""\""target_occupancy_rate_2h\"""", ""\""target_occupancy_rate_2h\"","", ""\""target_occupancy_rate_2h\"": ["", ""\""target_occupancy_rate_30m\"""", ""\""target_occupancy_rate_30m\"","", ""\""target_occupancy_rate_30m\"": [""]","[""DEFAULT_OCCUPANCY_RATE_COLUMN"", ""INVALID_OCCUPANCY_RATE"", ""OCCUPANCY_RATE_COLUMN"", ""RAW_OCCUPANCY_RATE_COLUMN"", ""occupancy_rate"", ""occupancy_rate_consistent"", ""raw_occupancy_rate"", ""target_occupancy_rate_1h"", ""target_occupancy_rate_2h"", ""target_occupancy_rate_30m"", ""target_tomorrow_morning_occupancy_rate""]",[],AT_OR_BEFORE_T,Historical/lag/rolling feature; no feature-level future operation detected.,Feature naming and source evidence indicate historical semantics.,False,False,False,False,False,False,False,True,False,HIGH,"[""Formal source timestamp verification is still recommended before production approval.""]"
occupancy_rate_roll_count_1d,other,REQUIRES_CAUSAL_REVIEW,True,"[""data\\dataset_audit.py"", ""data\\dataset_builder.py"", ""data\\temporal.py"", ""data\\temporal_normalizer.py"", ""data\\transformers.py"", ""features\\demand_features.py"", ""features\\feature_pipeline.py"", ""features\\lag_features.py"", ""features\\occupancy_features.py"", ""features\\rolling_features.py"", ""ml_models\\xgboost_model.py""]","[""__post_init__"", ""_audit_facilities"", ""_build_canonical_dataset"", ""_build_empty_facility_grid"", ""_build_facility_grid"", ""_build_horizon_targets"", ""_build_tomorrow_morning_target"", ""_build_window_features"", ""_calculate_ml_occupancy_rate"", ""_calculate_raw_occupancy_rate"", ""_check_occupancy"", ""_classify_occupancy"", ""_derive_observation_presence"", ""_empty_output_dataframe"", ""_finalize_dataframe"", ""_handle_zero_capacity"", ""_prepare_dataframe"", ""_validate_input"", ""_validate_schema"", ""_validate_transformed_dataset"", ""add_birmingham_demand_features"", ""add_birmingham_lag_features"", ""expected_demand_feature_columns"", ""expected_pipeline_feature_columns"", ""transform"", ""validate_occupancy_features"", ""validate_rolling_features""]","[""\""Canonical occupancy_rate contains values \"""", ""\""DEFAULT_OCCUPANCY_RATE_COLUMN\"","", ""\""INVALID_OCCUPANCY_RATE\"""", ""\""OCCUPANCY_RATE_COLUMN\"","", ""\""RAW_OCCUPANCY_RATE_COLUMN\"","", ""\""derive_occupancy_rate=False.\"""", ""\""maximum_occupancy_rate must be \"""", ""\""minimum_occupancy_rate.\"""", ""\""occupancy_rate column is required when \"""", ""\""occupancy_rate\"""", ""\""occupancy_rate\"","", ""\""occupancy_rate\"": ["", ""\""occupancy_rate_column cannot be empty.\"""", ""\""occupancy_rate_consistent\"""", ""\""occupancy_rate_consistent\"","", ""\""occupancy_rate_tolerance cannot be negative.\"""", ""\""target_occupancy_rate_1h\"""", ""\""target_occupancy_rate_1h\"","", ""\""target_occupancy_rate_1h\"": ["", ""\""target_occupancy_rate_2h\"""", ""\""target_occupancy_rate_2h\"","", ""\""target_occupancy_rate_2h\"": ["", ""\""target_occupancy_rate_30m\"""", ""\""target_occupancy_rate_30m\"","", ""\""target_occupancy_rate_30m\"": [""]","[""DEFAULT_OCCUPANCY_RATE_COLUMN"", ""INVALID_OCCUPANCY_RATE"", ""OCCUPANCY_RATE_COLUMN"", ""RAW_OCCUPANCY_RATE_COLUMN"", ""occupancy_rate"", ""occupancy_rate_consistent"", ""raw_occupancy_rate"", ""target_occupancy_rate_1h"", ""target_occupancy_rate_2h"", ""target_occupancy_rate_30m"", ""target_tomorrow_morning_occupancy_rate""]",[],UNKNOWN,Insufficient static evidence for automatic causal approval.,"Feature family could not be established as deterministic calendar, current-state, or historical causal.",False,False,False,False,False,False,False,True,False,MEDIUM,"[""Manual source and timestamp verification required.""]"
occupancy_rate_roll_missing_1d,other,REQUIRES_CAUSAL_REVIEW,True,"[""data\\dataset_audit.py"", ""data\\dataset_builder.py"", ""data\\temporal.py"", ""data\\temporal_normalizer.py"", ""data\\transformers.py"", ""features\\demand_features.py"", ""features\\feature_pipeline.py"", ""features\\lag_features.py"", ""features\\occupancy_features.py"", ""features\\rolling_features.py"", ""ml_models\\xgboost_model.py""]","[""__post_init__"", ""_audit_facilities"", ""_build_canonical_dataset"", ""_build_empty_facility_grid"", ""_build_facility_grid"", ""_build_horizon_targets"", ""_build_tomorrow_morning_target"", ""_calculate_ml_occupancy_rate"", ""_calculate_raw_occupancy_rate"", ""_check_occupancy"", ""_classify_occupancy"", ""_derive_observation_presence"", ""_empty_output_dataframe"", ""_finalize_dataframe"", ""_handle_zero_capacity"", ""_prepare_dataframe"", ""_validate_input"", ""_validate_schema"", ""_validate_transformed_dataset"", ""add_birmingham_demand_features"", ""add_birmingham_lag_features"", ""expected_demand_feature_columns"", ""expected_pipeline_feature_columns"", ""transform"", ""validate_occupancy_features"", ""validate_rolling_features""]","[""\""\""\""Raised when required occupancy columns are missing.\""\""\"""", ""\""Canonical occupancy_rate contains values \"""", ""\""DEFAULT_OCCUPANCY_RATE_COLUMN\"","", ""\""INVALID_OCCUPANCY_RATE\"""", ""\""Missing required occupancy \"""", ""\""OCCUPANCY_RATE_COLUMN\"","", ""\""RAW_OCCUPANCY_RATE_COLUMN\"","", ""\""Required occupancy columns are missing: \"""", ""\""derive_occupancy_rate=False.\"""", ""\""maximum_occupancy_rate must be \"""", ""\""minimum_occupancy_rate.\"""", ""\""occupancy_rate column is required when \"""", ""\""occupancy_rate\"""", ""\""occupancy_rate\"","", ""\""occupancy_rate\"": ["", ""\""occupancy_rate_column cannot be empty.\"""", ""\""occupancy_rate_consistent\"""", ""\""occupancy_rate_consistent\"","", ""\""occupancy_rate_tolerance cannot be negative.\"""", ""\""target_occupancy_rate_1h\"""", ""\""target_occupancy_rate_1h\"","", ""\""target_occupancy_rate_1h\"": ["", ""\""target_occupancy_rate_2h\"""", ""\""target_occupancy_rate_2h\"","", ""\""target_occupancy_rate_2h\"": [""]","[""DEFAULT_OCCUPANCY_RATE_COLUMN"", ""INVALID_OCCUPANCY_RATE"", ""OCCUPANCY_RATE_COLUMN"", ""RAW_OCCUPANCY_RATE_COLUMN"", ""occupancy_rate"", ""occupancy_rate_consistent"", ""raw_occupancy_rate"", ""target_occupancy_rate_1h"", ""target_occupancy_rate_2h"", ""target_occupancy_rate_30m"", ""target_tomorrow_morning_occupancy_rate""]",[],UNKNOWN,Insufficient static evidence for automatic causal approval.,"Feature family could not be established as deterministic calendar, current-state, or historical causal.",False,False,False,False,False,False,False,True,False,MEDIUM,"[""Manual source and timestamp verification required.""]"
occupancy_rate_roll_coverage_ratio_1d,other,REQUIRES_CAUSAL_REVIEW,True,"[""data\\dataset_audit.py"", ""data\\dataset_builder.py"", ""data\\temporal.py"", ""data\\temporal_normalizer.py"", ""data\\transformers.py"", ""features\\demand_features.py"", ""features\\feature_pipeline.py"", ""features\\lag_features.py"", ""features\\occupancy_features.py"", ""features\\rolling_features.py"", ""ml_models\\xgboost_model.py""]","[""__post_init__"", ""_audit_facilities"", ""_audit_targets"", ""_build_canonical_dataset"", ""_build_empty_facility_grid"", ""_build_facility_grid"", ""_build_horizon_targets"", ""_build_tomorrow_morning_target"", ""_calculate_ml_occupancy_rate"", ""_calculate_raw_occupancy_rate"", ""_check_occupancy"", ""_classify_occupancy"", ""_derive_observation_presence"", ""_empty_output_dataframe"", ""_finalize_dataframe"", ""_handle_zero_capacity"", ""_prepare_dataframe"", ""_validate_input"", ""_validate_schema"", ""_validate_transformed_dataset"", ""add_birmingham_demand_features"", ""add_birmingham_lag_features"", ""expected_demand_feature_columns"", ""expected_pipeline_feature_columns"", ""transform"", ""validate_occupancy_features"", ""validate_rolling_features""]","[""\""Canonical occupancy_rate contains values \"""", ""\""DEFAULT_OCCUPANCY_RATE_COLUMN\"","", ""\""INVALID_OCCUPANCY_RATE\"""", ""\""OCCUPANCY_RATE_COLUMN\"","", ""\""RAW_OCCUPANCY_RATE_COLUMN\"","", ""\""derive_occupancy_rate=False.\"""", ""\""maximum_occupancy_rate must be \"""", ""\""minimum_occupancy_rate.\"""", ""\""minimum_target_coverage_ratio must \"""", ""\""occupancy_rate column is required when \"""", ""\""occupancy_rate\"""", ""\""occupancy_rate\"","", ""\""occupancy_rate\"": ["", ""\""occupancy_rate_column cannot be empty.\"""", ""\""occupancy_rate_consistent\"""", ""\""occupancy_rate_consistent\"","", ""\""occupancy_rate_tolerance cannot be negative.\"""", ""\""target_occupancy_rate_1h\"""", ""\""target_occupancy_rate_1h\"","", ""\""target_occupancy_rate_1h\"": ["", ""\""target_occupancy_rate_2h\"""", ""\""target_occupancy_rate_2h\"","", ""\""target_occupancy_rate_2h\"": ["", ""\""target_occupancy_rate_30m\"""", ""\""target_occupancy_rate_30m\"",""]","[""DEFAULT_OCCUPANCY_RATE_COLUMN"", ""INVALID_OCCUPANCY_RATE"", ""OCCUPANCY_RATE_COLUMN"", ""RAW_OCCUPANCY_RATE_COLUMN"", ""occupancy_rate"", ""occupancy_rate_consistent"", ""raw_occupancy_rate"", ""target_occupancy_rate_1h"", ""target_occupancy_rate_2h"", ""target_occupancy_rate_30m"", ""target_tomorrow_morning_occupancy_rate""]",[],UNKNOWN,Insufficient static evidence for automatic causal approval.,"Feature family could not be established as deterministic calendar, current-state, or historical causal.",False,False,False,False,False,False,False,True,False,MEDIUM,"[""Manual source and timestamp verification required.""]"
occupancy_rate_roll_1d_available,other,REQUIRES_CAUSAL_REVIEW,True,"[""data\\dataset_audit.py"", ""data\\dataset_builder.py"", ""data\\temporal.py"", ""data\\temporal_normalizer.py"", ""data\\transformers.py"", ""features\\demand_features.py"", ""features\\feature_pipeline.py"", ""features\\lag_features.py"", ""features\\occupancy_features.py"", ""features\\rolling_features.py"", ""ml_models\\xgboost_model.py""]","[""__post_init__"", ""_audit_facilities"", ""_build_canonical_dataset"", ""_build_empty_facility_grid"", ""_build_facility_grid"", ""_build_horizon_targets"", ""_build_tomorrow_morning_target"", ""_calculate_ml_occupancy_rate"", ""_calculate_raw_occupancy_rate"", ""_check_occupancy"", ""_classify_occupancy"", ""_derive_observation_presence"", ""_empty_output_dataframe"", ""_finalize_dataframe"", ""_handle_zero_capacity"", ""_prepare_dataframe"", ""_validate_input"", ""_validate_schema"", ""_validate_transformed_dataset"", ""add_birmingham_demand_features"", ""add_birmingham_lag_features"", ""expected_demand_feature_columns"", ""expected_pipeline_feature_columns"", ""transform"", ""validate_occupancy_features"", ""validate_rolling_features""]","[""\""Canonical occupancy_rate contains values \"""", ""\""DEFAULT_OCCUPANCY_RATE_COLUMN\"","", ""\""INVALID_OCCUPANCY_RATE\"""", ""\""OCCUPANCY_RATE_COLUMN\"","", ""\""RAW_OCCUPANCY_RATE_COLUMN\"","", ""\""derive_occupancy_rate=False.\"""", ""\""maximum_occupancy_rate must be \"""", ""\""minimum_occupancy_rate.\"""", ""\""occupancy_rate column is required when \"""", ""\""occupancy_rate\"""", ""\""occupancy_rate\"","", ""\""occupancy_rate\"": ["", ""\""occupancy_rate_column cannot be empty.\"""", ""\""occupancy_rate_consistent\"""", ""\""occupancy_rate_consistent\"","", ""\""occupancy_rate_tolerance cannot be negative.\"""", ""\""target_occupancy_rate_1h\"""", ""\""target_occupancy_rate_1h\"","", ""\""target_occupancy_rate_1h\"": ["", ""\""target_occupancy_rate_2h\"""", ""\""target_occupancy_rate_2h\"","", ""\""target_occupancy_rate_2h\"": ["", ""\""target_occupancy_rate_30m\"""", ""\""target_occupancy_rate_30m\"","", ""\""target_occupancy_rate_30m\"": [""]","[""DEFAULT_OCCUPANCY_RATE_COLUMN"", ""INVALID_OCCUPANCY_RATE"", ""OCCUPANCY_RATE_COLUMN"", ""RAW_OCCUPANCY_RATE_COLUMN"", ""occupancy_rate"", ""occupancy_rate_consistent"", ""raw_occupancy_rate"", ""target_occupancy_rate_1h"", ""target_occupancy_rate_2h"", ""target_occupancy_rate_30m"", ""target_tomorrow_morning_occupancy_rate""]",[],UNKNOWN,Insufficient static evidence for automatic causal approval.,"Feature family could not be established as deterministic calendar, current-state, or historical causal.",False,False,False,False,False,False,False,True,False,MEDIUM,"[""Manual source and timestamp verification required.""]"
occupied_spaces_roll_mean_1h,other,REQUIRES_CAUSAL_REVIEW,True,"[""data\\dataset_audit.py"", ""data\\dataset_builder.py"", ""data\\temporal.py"", ""data\\temporal_normalizer.py"", ""data\\transformers.py"", ""data\\validators.py"", ""features\\demand_features.py"", ""features\\feature_pipeline.py"", ""features\\lag_features.py"", ""features\\occupancy_features.py"", ""features\\rolling_features.py""]","[""__post_init__"", ""_build_canonical_dataset"", ""_build_empty_facility_grid"", ""_build_facility_grid"", ""_build_window_features"", ""_calculate_raw_occupancy_rate"", ""_empty_output_dataframe"", ""_finalize_dataframe"", ""_identify_capacity_exceeded"", ""_remove_negative_occupancy"", ""_transform_numeric_columns"", ""_validate_input"", ""_validate_schema"", ""_validate_transformed_dataset"", ""add_birmingham_demand_features"", ""add_birmingham_lag_features"", ""expected_pipeline_feature_columns"", ""transform"", ""validate_demand_features"", ""validate_occupancy_features""]","[""\""DEFAULT_OCCUPIED_SPACES_COLUMN\"","", ""\""OCCUPIED_SPACES_COLUMN\"","", ""\""occupied_spaces + available_spaces \"""", ""\""occupied_spaces contains negative values.\"""", ""\""occupied_spaces exceeds total_spaces \"""", ""\""occupied_spaces\"""", ""\""occupied_spaces\"","", ""\""occupied_spaces\"": ["", ""\""occupied_spaces_column cannot be empty.\"""", ""#     occupied_spaces > total_spaces"", ""#     permitted, because occupied_spaces > total_spaces"", ""& (occupied_spaces >= 0)"", ""& occupied_spaces.notna()"", "".occupied_spaces_column,"", ""CanonicalColumn.OCCUPIED_SPACES.value"", ""CanonicalColumn.OCCUPIED_SPACES.value,"", ""Column containing currently occupied spaces."", ""DEFAULT_OCCUPIED_SPACES_COLUMN"", ""DEFAULT_OCCUPIED_SPACES_COLUMN = \""occupied_spaces\"""", ""DEFAULT_OCCUPIED_SPACES_COLUMN = ("", ""OCCUPANCY_COLUMN = \""occupied_spaces\"""", ""OCCUPIED_SPACES = \""occupied_spaces\"""", ""OCCUPIED_SPACES_COLUMN"", ""OCCUPIED_SPACES_COLUMN = \""occupied_spaces\"""", ""OCCUPIED_SPACES_COLUMN,""]","[""DEFAULT_OCCUPIED_SPACES_COLUMN"", ""OCCUPIED_SPACES_COLUMN"", ""occupied_spaces""]",[],UNKNOWN,Insufficient static evidence for automatic causal approval.,"Feature family could not be established as deterministic calendar, current-state, or historical causal.",False,False,False,False,False,False,False,True,False,MEDIUM,"[""Manual source and timestamp verification required.""]"
occupied_spaces_roll_std_1h,other,REQUIRES_CAUSAL_REVIEW,True,"[""data\\dataset_audit.py"", ""data\\dataset_builder.py"", ""data\\temporal.py"", ""data\\temporal_normalizer.py"", ""data\\transformers.py"", ""data\\validators.py"", ""features\\demand_features.py"", ""features\\feature_pipeline.py"", ""features\\lag_features.py"", ""features\\occupancy_features.py"", ""features\\rolling_features.py""]","[""__post_init__"", ""_build_canonical_dataset"", ""_build_empty_facility_grid"", ""_build_facility_grid"", ""_calculate_raw_occupancy_rate"", ""_empty_output_dataframe"", ""_finalize_dataframe"", ""_identify_capacity_exceeded"", ""_remove_negative_occupancy"", ""_transform_numeric_columns"", ""_validate_input"", ""_validate_schema"", ""_validate_transformed_dataset"", ""add_birmingham_demand_features"", ""add_birmingham_lag_features"", ""expected_pipeline_feature_columns"", ""transform"", ""validate_demand_features"", ""validate_occupancy_features""]","[""\""DEFAULT_OCCUPIED_SPACES_COLUMN\"","", ""\""OCCUPIED_SPACES_COLUMN\"","", ""\""occupied_spaces + available_spaces \"""", ""\""occupied_spaces contains negative values.\"""", ""\""occupied_spaces exceeds total_spaces \"""", ""\""occupied_spaces\"""", ""\""occupied_spaces\"","", ""\""occupied_spaces\"": ["", ""\""occupied_spaces_column cannot be empty.\"""", ""#     occupied_spaces > total_spaces"", ""#     permitted, because occupied_spaces > total_spaces"", ""& (occupied_spaces >= 0)"", ""& occupied_spaces.notna()"", "".occupied_spaces_column,"", ""CanonicalColumn.OCCUPIED_SPACES.value"", ""CanonicalColumn.OCCUPIED_SPACES.value,"", ""Column containing currently occupied spaces."", ""DEFAULT_OCCUPIED_SPACES_COLUMN"", ""DEFAULT_OCCUPIED_SPACES_COLUMN = \""occupied_spaces\"""", ""DEFAULT_OCCUPIED_SPACES_COLUMN = ("", ""OCCUPANCY_COLUMN = \""occupied_spaces\"""", ""OCCUPIED_SPACES = \""occupied_spaces\"""", ""OCCUPIED_SPACES_COLUMN"", ""OCCUPIED_SPACES_COLUMN = \""occupied_spaces\"""", ""OCCUPIED_SPACES_COLUMN,""]","[""DEFAULT_OCCUPIED_SPACES_COLUMN"", ""OCCUPIED_SPACES_COLUMN"", ""occupied_spaces""]",[],UNKNOWN,Insufficient static evidence for automatic causal approval.,"Feature family could not be established as deterministic calendar, current-state, or historical causal.",False,False,False,False,False,False,False,True,False,MEDIUM,"[""Manual source and timestamp verification required.""]"
occupied_spaces_roll_min_1h,other,REQUIRES_CAUSAL_REVIEW,True,"[""data\\dataset_audit.py"", ""data\\dataset_builder.py"", ""data\\temporal.py"", ""data\\temporal_normalizer.py"", ""data\\transformers.py"", ""data\\validators.py"", ""features\\demand_features.py"", ""features\\feature_pipeline.py"", ""features\\lag_features.py"", ""features\\occupancy_features.py"", ""features\\rolling_features.py""]","[""__post_init__"", ""_build_canonical_dataset"", ""_build_empty_facility_grid"", ""_build_facility_grid"", ""_calculate_raw_occupancy_rate"", ""_empty_output_dataframe"", ""_finalize_dataframe"", ""_identify_capacity_exceeded"", ""_remove_negative_occupancy"", ""_transform_numeric_columns"", ""_validate_input"", ""_validate_schema"", ""_validate_transformed_dataset"", ""add_birmingham_demand_features"", ""add_birmingham_lag_features"", ""expected_pipeline_feature_columns"", ""transform"", ""validate_demand_features"", ""validate_occupancy_features""]","[""\""DEFAULT_OCCUPIED_SPACES_COLUMN\"","", ""\""OCCUPIED_SPACES_COLUMN\"","", ""\""occupied_spaces + available_spaces \"""", ""\""occupied_spaces contains negative values.\"""", ""\""occupied_spaces exceeds total_spaces \"""", ""\""occupied_spaces\"""", ""\""occupied_spaces\"","", ""\""occupied_spaces\"": ["", ""\""occupied_spaces_column cannot be empty.\"""", ""#     occupied_spaces > total_spaces"", ""#     permitted, because occupied_spaces > total_spaces"", ""& (occupied_spaces >= 0)"", ""& occupied_spaces.notna()"", "".occupied_spaces_column,"", ""CanonicalColumn.OCCUPIED_SPACES.value"", ""CanonicalColumn.OCCUPIED_SPACES.value,"", ""Column containing currently occupied spaces."", ""DEFAULT_OCCUPIED_SPACES_COLUMN"", ""DEFAULT_OCCUPIED_SPACES_COLUMN = \""occupied_spaces\"""", ""DEFAULT_OCCUPIED_SPACES_COLUMN = ("", ""OCCUPANCY_COLUMN = \""occupied_spaces\"""", ""OCCUPIED_SPACES = \""occupied_spaces\"""", ""OCCUPIED_SPACES_COLUMN"", ""OCCUPIED_SPACES_COLUMN = \""occupied_spaces\"""", ""OCCUPIED_SPACES_COLUMN,""]","[""DEFAULT_OCCUPIED_SPACES_COLUMN"", ""OCCUPIED_SPACES_COLUMN"", ""occupied_spaces""]",[],UNKNOWN,Insufficient static evidence for automatic causal approval.,"Feature family could not be established as deterministic calendar, current-state, or historical causal.",False,False,False,False,False,False,False,True,False,MEDIUM,"[""Manual source and timestamp verification required.""]"
occupied_spaces_roll_max_1h,other,REQUIRES_CAUSAL_REVIEW,True,"[""data\\dataset_audit.py"", ""data\\dataset_builder.py"", ""data\\temporal.py"", ""data\\temporal_normalizer.py"", ""data\\transformers.py"", ""data\\validators.py"", ""features\\demand_features.py"", ""features\\feature_pipeline.py"", ""features\\lag_features.py"", ""features\\occupancy_features.py"", ""features\\rolling_features.py""]","[""__post_init__"", ""_build_canonical_dataset"", ""_build_empty_facility_grid"", ""_build_facility_grid"", ""_calculate_raw_occupancy_rate"", ""_empty_output_dataframe"", ""_finalize_dataframe"", ""_identify_capacity_exceeded"", ""_remove_negative_occupancy"", ""_transform_numeric_columns"", ""_validate_input"", ""_validate_schema"", ""_validate_transformed_dataset"", ""add_birmingham_demand_features"", ""add_birmingham_lag_features"", ""expected_pipeline_feature_columns"", ""transform"", ""validate_demand_features"", ""validate_occupancy_features""]","[""\""DEFAULT_OCCUPIED_SPACES_COLUMN\"","", ""\""OCCUPIED_SPACES_COLUMN\"","", ""\""occupied_spaces + available_spaces \"""", ""\""occupied_spaces contains negative values.\"""", ""\""occupied_spaces exceeds total_spaces \"""", ""\""occupied_spaces\"""", ""\""occupied_spaces\"","", ""\""occupied_spaces\"": ["", ""\""occupied_spaces_column cannot be empty.\"""", ""#     occupied_spaces > total_spaces"", ""#     permitted, because occupied_spaces > total_spaces"", ""& (occupied_spaces >= 0)"", ""& occupied_spaces.notna()"", "".occupied_spaces_column,"", ""CanonicalColumn.OCCUPIED_SPACES.value"", ""CanonicalColumn.OCCUPIED_SPACES.value,"", ""Column containing currently occupied spaces."", ""DEFAULT_OCCUPIED_SPACES_COLUMN"", ""DEFAULT_OCCUPIED_SPACES_COLUMN = \""occupied_spaces\"""", ""DEFAULT_OCCUPIED_SPACES_COLUMN = ("", ""OCCUPANCY_COLUMN = \""occupied_spaces\"""", ""OCCUPIED_SPACES = \""occupied_spaces\"""", ""OCCUPIED_SPACES_COLUMN"", ""OCCUPIED_SPACES_COLUMN = \""occupied_spaces\"""", ""OCCUPIED_SPACES_COLUMN,""]","[""DEFAULT_OCCUPIED_SPACES_COLUMN"", ""OCCUPIED_SPACES_COLUMN"", ""occupied_spaces""]",[],UNKNOWN,Insufficient static evidence for automatic causal approval.,"Feature family could not be established as deterministic calendar, current-state, or historical causal.",False,False,False,False,False,False,False,True,False,MEDIUM,"[""Manual source and timestamp verification required.""]"
occupied_spaces_roll_median_1h,other,REQUIRES_CAUSAL_REVIEW,True,"[""data\\dataset_audit.py"", ""data\\dataset_builder.py"", ""data\\temporal.py"", ""data\\temporal_normalizer.py"", ""data\\transformers.py"", ""data\\validators.py"", ""features\\demand_features.py"", ""features\\feature_pipeline.py"", ""features\\lag_features.py"", ""features\\occupancy_features.py"", ""features\\rolling_features.py""]","[""__post_init__"", ""_build_canonical_dataset"", ""_build_empty_facility_grid"", ""_build_facility_grid"", ""_build_window_features"", ""_calculate_raw_occupancy_rate"", ""_empty_output_dataframe"", ""_finalize_dataframe"", ""_identify_capacity_exceeded"", ""_remove_negative_occupancy"", ""_transform_numeric_columns"", ""_validate_input"", ""_validate_schema"", ""_validate_transformed_dataset"", ""add_birmingham_demand_features"", ""add_birmingham_lag_features"", ""expected_pipeline_feature_columns"", ""transform"", ""validate_demand_features"", ""validate_occupancy_features""]","[""\""DEFAULT_OCCUPIED_SPACES_COLUMN\"","", ""\""OCCUPIED_SPACES_COLUMN\"","", ""\""occupied_spaces + available_spaces \"""", ""\""occupied_spaces contains negative values.\"""", ""\""occupied_spaces exceeds total_spaces \"""", ""\""occupied_spaces\"""", ""\""occupied_spaces\"","", ""\""occupied_spaces\"": ["", ""\""occupied_spaces_column cannot be empty.\"""", ""#     occupied_spaces > total_spaces"", ""#     permitted, because occupied_spaces > total_spaces"", ""& (occupied_spaces >= 0)"", ""& occupied_spaces.notna()"", "".occupied_spaces_column,"", ""CanonicalColumn.OCCUPIED_SPACES.value"", ""CanonicalColumn.OCCUPIED_SPACES.value,"", ""Column containing currently occupied spaces."", ""DEFAULT_OCCUPIED_SPACES_COLUMN"", ""DEFAULT_OCCUPIED_SPACES_COLUMN = \""occupied_spaces\"""", ""DEFAULT_OCCUPIED_SPACES_COLUMN = ("", ""OCCUPANCY_COLUMN = \""occupied_spaces\"""", ""OCCUPIED_SPACES = \""occupied_spaces\"""", ""OCCUPIED_SPACES_COLUMN"", ""OCCUPIED_SPACES_COLUMN = \""occupied_spaces\"""", ""OCCUPIED_SPACES_COLUMN,""]","[""DEFAULT_OCCUPIED_SPACES_COLUMN"", ""OCCUPIED_SPACES_COLUMN"", ""occupied_spaces""]",[],UNKNOWN,Insufficient static evidence for automatic causal approval.,"Feature family could not be established as deterministic calendar, current-state, or historical causal.",False,False,False,False,False,False,False,True,False,MEDIUM,"[""Manual source and timestamp verification required.""]"
occupied_spaces_roll_trend_1h,historical,PRODUCTION_SAFE_HISTORICAL,True,"[""data\\dataset_audit.py"", ""data\\dataset_builder.py"", ""data\\temporal.py"", ""data\\temporal_normalizer.py"", ""data\\transformers.py"", ""data\\validators.py"", ""features\\demand_features.py"", ""features\\feature_pipeline.py"", ""features\\lag_features.py"", ""features\\occupancy_features.py"", ""features\\rolling_features.py""]","[""__post_init__"", ""_build_canonical_dataset"", ""_build_empty_facility_grid"", ""_build_facility_grid"", ""_build_window_features"", ""_calculate_raw_occupancy_rate"", ""_empty_output_dataframe"", ""_finalize_dataframe"", ""_identify_capacity_exceeded"", ""_remove_negative_occupancy"", ""_transform_numeric_columns"", ""_validate_input"", ""_validate_schema"", ""_validate_transformed_dataset"", ""add_birmingham_demand_features"", ""add_birmingham_lag_features"", ""expected_pipeline_feature_columns"", ""transform"", ""validate_demand_features"", ""validate_occupancy_features""]","[""\""DEFAULT_OCCUPIED_SPACES_COLUMN\"","", ""\""OCCUPIED_SPACES_COLUMN\"","", ""\""occupied_spaces + available_spaces \"""", ""\""occupied_spaces contains negative values.\"""", ""\""occupied_spaces exceeds total_spaces \"""", ""\""occupied_spaces\"""", ""\""occupied_spaces\"","", ""\""occupied_spaces\"": ["", ""\""occupied_spaces_column cannot be empty.\"""", ""#     occupied_spaces > total_spaces"", ""#     permitted, because occupied_spaces > total_spaces"", ""& (occupied_spaces >= 0)"", ""& occupied_spaces.notna()"", "".occupied_spaces_column,"", ""CanonicalColumn.OCCUPIED_SPACES.value"", ""CanonicalColumn.OCCUPIED_SPACES.value,"", ""Column containing currently occupied spaces."", ""DEFAULT_OCCUPIED_SPACES_COLUMN"", ""DEFAULT_OCCUPIED_SPACES_COLUMN = \""occupied_spaces\"""", ""DEFAULT_OCCUPIED_SPACES_COLUMN = ("", ""OCCUPANCY_COLUMN = \""occupied_spaces\"""", ""OCCUPIED_SPACES = \""occupied_spaces\"""", ""OCCUPIED_SPACES_COLUMN"", ""OCCUPIED_SPACES_COLUMN = \""occupied_spaces\"""", ""OCCUPIED_SPACES_COLUMN,""]","[""DEFAULT_OCCUPIED_SPACES_COLUMN"", ""OCCUPIED_SPACES_COLUMN"", ""occupied_spaces""]",[],AT_OR_BEFORE_T,Historical/lag/rolling feature; no feature-level future operation detected.,Feature naming and source evidence indicate historical semantics.,False,False,False,False,False,False,False,True,False,HIGH,"[""Formal source timestamp verification is still recommended before production approval.""]"
occupied_spaces_roll_count_1h,other,REQUIRES_CAUSAL_REVIEW,True,"[""data\\dataset_audit.py"", ""data\\dataset_builder.py"", ""data\\temporal.py"", ""data\\temporal_normalizer.py"", ""data\\transformers.py"", ""data\\validators.py"", ""features\\demand_features.py"", ""features\\feature_pipeline.py"", ""features\\lag_features.py"", ""features\\occupancy_features.py"", ""features\\rolling_features.py""]","[""__post_init__"", ""_build_canonical_dataset"", ""_build_empty_facility_grid"", ""_build_facility_grid"", ""_build_window_features"", ""_calculate_raw_occupancy_rate"", ""_empty_output_dataframe"", ""_finalize_dataframe"", ""_identify_capacity_exceeded"", ""_remove_negative_occupancy"", ""_transform_numeric_columns"", ""_validate_input"", ""_validate_schema"", ""_validate_transformed_dataset"", ""add_birmingham_demand_features"", ""add_birmingham_lag_features"", ""expected_pipeline_feature_columns"", ""transform"", ""validate_demand_features"", ""validate_occupancy_features"", ""validate_rolling_features""]","[""\""DEFAULT_OCCUPIED_SPACES_COLUMN\"","", ""\""OCCUPIED_SPACES_COLUMN\"","", ""\""occupied_spaces + available_spaces \"""", ""\""occupied_spaces contains negative values.\"""", ""\""occupied_spaces exceeds total_spaces \"""", ""\""occupied_spaces\"""", ""\""occupied_spaces\"","", ""\""occupied_spaces\"": ["", ""\""occupied_spaces_column cannot be empty.\"""", ""#     occupied_spaces > total_spaces"", ""#     permitted, because occupied_spaces > total_spaces"", ""& (occupied_spaces >= 0)"", ""& occupied_spaces.notna()"", "".occupied_spaces_column,"", ""CanonicalColumn.OCCUPIED_SPACES.value"", ""CanonicalColumn.OCCUPIED_SPACES.value,"", ""Column containing currently occupied spaces."", ""DEFAULT_OCCUPIED_SPACES_COLUMN"", ""DEFAULT_OCCUPIED_SPACES_COLUMN = \""occupied_spaces\"""", ""DEFAULT_OCCUPIED_SPACES_COLUMN = ("", ""OCCUPANCY_COLUMN = \""occupied_spaces\"""", ""OCCUPIED_SPACES = \""occupied_spaces\"""", ""OCCUPIED_SPACES_COLUMN"", ""OCCUPIED_SPACES_COLUMN = \""occupied_spaces\"""", ""OCCUPIED_SPACES_COLUMN,""]","[""DEFAULT_OCCUPIED_SPACES_COLUMN"", ""OCCUPIED_SPACES_COLUMN"", ""occupied_spaces""]",[],UNKNOWN,Insufficient static evidence for automatic causal approval.,"Feature family could not be established as deterministic calendar, current-state, or historical causal.",False,False,False,False,False,False,False,True,False,MEDIUM,"[""Manual source and timestamp verification required.""]"
occupied_spaces_roll_missing_1h,other,REQUIRES_CAUSAL_REVIEW,True,"[""data\\dataset_audit.py"", ""data\\dataset_builder.py"", ""data\\temporal.py"", ""data\\temporal_normalizer.py"", ""data\\transformers.py"", ""data\\validators.py"", ""features\\demand_features.py"", ""features\\feature_pipeline.py"", ""features\\lag_features.py"", ""features\\occupancy_features.py"", ""features\\rolling_features.py""]","[""__post_init__"", ""_build_canonical_dataset"", ""_build_empty_facility_grid"", ""_build_facility_grid"", ""_calculate_raw_occupancy_rate"", ""_empty_output_dataframe"", ""_finalize_dataframe"", ""_identify_capacity_exceeded"", ""_remove_negative_occupancy"", ""_transform_numeric_columns"", ""_validate_input"", ""_validate_schema"", ""_validate_transformed_dataset"", ""add_birmingham_demand_features"", ""add_birmingham_lag_features"", ""expected_pipeline_feature_columns"", ""transform"", ""validate_demand_features"", ""validate_occupancy_features"", ""validate_rolling_features""]","[""\""DEFAULT_OCCUPIED_SPACES_COLUMN\"","", ""\""OCCUPIED_SPACES_COLUMN\"","", ""\""occupied_spaces + available_spaces \"""", ""\""occupied_spaces contains negative values.\"""", ""\""occupied_spaces exceeds total_spaces \"""", ""\""occupied_spaces\"""", ""\""occupied_spaces\"","", ""\""occupied_spaces\"": ["", ""\""occupied_spaces_column cannot be empty.\"""", ""#     occupied_spaces > total_spaces"", ""#     permitted, because occupied_spaces > total_spaces"", ""& (occupied_spaces >= 0)"", ""& occupied_spaces.notna()"", "".occupied_spaces_column,"", ""CanonicalColumn.OCCUPIED_SPACES.value"", ""CanonicalColumn.OCCUPIED_SPACES.value,"", ""Column containing currently occupied spaces."", ""DEFAULT_OCCUPIED_SPACES_COLUMN"", ""DEFAULT_OCCUPIED_SPACES_COLUMN = \""occupied_spaces\"""", ""DEFAULT_OCCUPIED_SPACES_COLUMN = ("", ""OCCUPANCY_COLUMN = \""occupied_spaces\"""", ""OCCUPIED_SPACES = \""occupied_spaces\"""", ""OCCUPIED_SPACES_COLUMN"", ""OCCUPIED_SPACES_COLUMN = \""occupied_spaces\"""", ""OCCUPIED_SPACES_COLUMN,""]","[""DEFAULT_OCCUPIED_SPACES_COLUMN"", ""OCCUPIED_SPACES_COLUMN"", ""occupied_spaces""]",[],UNKNOWN,Insufficient static evidence for automatic causal approval.,"Feature family could not be established as deterministic calendar, current-state, or historical causal.",False,False,False,False,False,False,False,True,False,MEDIUM,"[""Manual source and timestamp verification required.""]"
occupied_spaces_roll_coverage_ratio_1h,other,REQUIRES_CAUSAL_REVIEW,True,"[""data\\dataset_audit.py"", ""data\\dataset_builder.py"", ""data\\temporal.py"", ""data\\temporal_normalizer.py"", ""data\\transformers.py"", ""data\\validators.py"", ""features\\demand_features.py"", ""features\\feature_pipeline.py"", ""features\\lag_features.py"", ""features\\occupancy_features.py"", ""features\\rolling_features.py""]","[""__post_init__"", ""_audit_targets"", ""_build_canonical_dataset"", ""_build_empty_facility_grid"", ""_build_facility_grid"", ""_calculate_raw_occupancy_rate"", ""_empty_output_dataframe"", ""_finalize_dataframe"", ""_identify_capacity_exceeded"", ""_remove_negative_occupancy"", ""_transform_numeric_columns"", ""_validate_input"", ""_validate_schema"", ""_validate_transformed_dataset"", ""add_birmingham_demand_features"", ""add_birmingham_lag_features"", ""expected_pipeline_feature_columns"", ""transform"", ""validate_demand_features"", ""validate_occupancy_features"", ""validate_rolling_features""]","[""\""DEFAULT_OCCUPIED_SPACES_COLUMN\"","", ""\""OCCUPIED_SPACES_COLUMN\"","", ""\""minimum_target_coverage_ratio must \"""", ""\""occupied_ratio\"""", ""\""occupied_ratio\"","", ""\""occupied_spaces + available_spaces \"""", ""\""occupied_spaces contains negative values.\"""", ""\""occupied_spaces exceeds total_spaces \"""", ""\""occupied_spaces\"""", ""\""occupied_spaces\"","", ""\""occupied_spaces\"": ["", ""\""occupied_spaces_column cannot be empty.\"""", ""#     occupied_spaces > total_spaces"", ""#     permitted, because occupied_spaces > total_spaces"", ""# independently calculated occupied/capacity ratio."", ""& (occupied_spaces >= 0)"", ""& occupied_spaces.notna()"", "".minimum_target_coverage_ratio"", "".occupied_spaces_column,"", ""<= self.minimum_target_coverage_ratio"", ""CanonicalColumn.OCCUPIED_SPACES.value"", ""CanonicalColumn.OCCUPIED_SPACES.value,"", ""Column containing currently occupied spaces."", ""DEFAULT_OCCUPIED_SPACES_COLUMN"", ""DEFAULT_OCCUPIED_SPACES_COLUMN = \""occupied_spaces\""""]","[""DEFAULT_OCCUPIED_SPACES_COLUMN"", ""OCCUPIED_SPACES_COLUMN"", ""occupied_ratio"", ""occupied_spaces""]",[],UNKNOWN,Insufficient static evidence for automatic causal approval.,"Feature family could not be established as deterministic calendar, current-state, or historical causal.",False,False,False,False,False,False,False,True,False,MEDIUM,"[""Manual source and timestamp verification required.""]"
occupied_spaces_roll_1h_available,other,REQUIRES_CAUSAL_REVIEW,True,"[""data\\dataset_audit.py"", ""data\\dataset_builder.py"", ""data\\temporal.py"", ""data\\temporal_normalizer.py"", ""data\\transformers.py"", ""data\\validators.py"", ""features\\demand_features.py"", ""features\\feature_pipeline.py"", ""features\\lag_features.py"", ""features\\occupancy_features.py"", ""features\\rolling_features.py""]","[""__post_init__"", ""_build_canonical_dataset"", ""_build_empty_facility_grid"", ""_build_facility_grid"", ""_calculate_raw_occupancy_rate"", ""_empty_output_dataframe"", ""_finalize_dataframe"", ""_identify_capacity_exceeded"", ""_remove_negative_occupancy"", ""_transform_numeric_columns"", ""_validate_input"", ""_validate_schema"", ""_validate_transformed_dataset"", ""add_birmingham_demand_features"", ""add_birmingham_lag_features"", ""expected_pipeline_feature_columns"", ""transform"", ""validate_demand_features"", ""validate_occupancy_features"", ""validate_rolling_features""]","[""\""AVAILABLE_SPACES_COLUMN\"","", ""\""DEFAULT_AVAILABLE_SPACES_COLUMN\"","", ""\""DEFAULT_OCCUPIED_SPACES_COLUMN\"","", ""\""OCCUPIED_SPACES_COLUMN\"","", ""\""available_spaces\"""", ""\""available_spaces\"","", ""\""available_spaces\"": ["", ""\""available_spaces_column cannot be empty.\"""", ""\""occupied_spaces + available_spaces \"""", ""\""occupied_spaces contains negative values.\"""", ""\""occupied_spaces exceeds total_spaces \"""", ""\""occupied_spaces\"""", ""\""occupied_spaces\"","", ""\""occupied_spaces\"": ["", ""\""occupied_spaces_column cannot be empty.\"""", ""#     occupied_spaces > total_spaces"", ""#     permitted, because occupied_spaces > total_spaces"", ""#   occupied + available = capacity"", ""# Available spaces"", ""& (available_spaces >= 0)"", ""& (occupied_spaces >= 0)"", ""& available_spaces.notna()"", ""& occupied_spaces.notna()"", ""+ available_spaces"", "".available_spaces_column,""]","[""AVAILABLE_SPACES_COLUMN"", ""DEFAULT_AVAILABLE_SPACES_COLUMN"", ""DEFAULT_OCCUPIED_SPACES_COLUMN"", ""OCCUPIED_SPACES_COLUMN"", ""available_spaces"", ""occupied_spaces""]",[],UNKNOWN,Insufficient static evidence for automatic causal approval.,"Feature family could not be established as deterministic calendar, current-state, or historical causal.",False,False,False,False,False,False,False,True,False,MEDIUM,"[""Manual source and timestamp verification required.""]"
occupied_spaces_roll_mean_2h,other,REQUIRES_CAUSAL_REVIEW,True,"[""data\\dataset_audit.py"", ""data\\dataset_builder.py"", ""data\\temporal.py"", ""data\\temporal_normalizer.py"", ""data\\transformers.py"", ""data\\validators.py"", ""features\\demand_features.py"", ""features\\feature_pipeline.py"", ""features\\lag_features.py"", ""features\\occupancy_features.py"", ""features\\rolling_features.py""]","[""__post_init__"", ""_build_canonical_dataset"", ""_build_empty_facility_grid"", ""_build_facility_grid"", ""_build_window_features"", ""_calculate_raw_occupancy_rate"", ""_empty_output_dataframe"", ""_finalize_dataframe"", ""_identify_capacity_exceeded"", ""_remove_negative_occupancy"", ""_transform_numeric_columns"", ""_validate_input"", ""_validate_schema"", ""_validate_transformed_dataset"", ""add_birmingham_demand_features"", ""add_birmingham_lag_features"", ""expected_pipeline_feature_columns"", ""transform"", ""validate_demand_features"", ""validate_occupancy_features""]","[""\""DEFAULT_OCCUPIED_SPACES_COLUMN\"","", ""\""OCCUPIED_SPACES_COLUMN\"","", ""\""occupied_spaces + available_spaces \"""", ""\""occupied_spaces contains negative values.\"""", ""\""occupied_spaces exceeds total_spaces \"""", ""\""occupied_spaces\"""", ""\""occupied_spaces\"","", ""\""occupied_spaces\"": ["", ""\""occupied_spaces_column cannot be empty.\"""", ""#     occupied_spaces > total_spaces"", ""#     permitted, because occupied_spaces > total_spaces"", ""& (occupied_spaces >= 0)"", ""& occupied_spaces.notna()"", "".occupied_spaces_column,"", ""CanonicalColumn.OCCUPIED_SPACES.value"", ""CanonicalColumn.OCCUPIED_SPACES.value,"", ""Column containing currently occupied spaces."", ""DEFAULT_OCCUPIED_SPACES_COLUMN"", ""DEFAULT_OCCUPIED_SPACES_COLUMN = \""occupied_spaces\"""", ""DEFAULT_OCCUPIED_SPACES_COLUMN = ("", ""OCCUPANCY_COLUMN = \""occupied_spaces\"""", ""OCCUPIED_SPACES = \""occupied_spaces\"""", ""OCCUPIED_SPACES_COLUMN"", ""OCCUPIED_SPACES_COLUMN = \""occupied_spaces\"""", ""OCCUPIED_SPACES_COLUMN,""]","[""DEFAULT_OCCUPIED_SPACES_COLUMN"", ""OCCUPIED_SPACES_COLUMN"", ""occupied_spaces""]",[],UNKNOWN,Insufficient static evidence for automatic causal approval.,"Feature family could not be established as deterministic calendar, current-state, or historical causal.",False,False,False,False,False,False,False,True,False,MEDIUM,"[""Manual source and timestamp verification required.""]"
occupied_spaces_roll_std_2h,other,REQUIRES_CAUSAL_REVIEW,True,"[""data\\dataset_audit.py"", ""data\\dataset_builder.py"", ""data\\temporal.py"", ""data\\temporal_normalizer.py"", ""data\\transformers.py"", ""data\\validators.py"", ""features\\demand_features.py"", ""features\\feature_pipeline.py"", ""features\\lag_features.py"", ""features\\occupancy_features.py"", ""features\\rolling_features.py""]","[""__post_init__"", ""_build_canonical_dataset"", ""_build_empty_facility_grid"", ""_build_facility_grid"", ""_calculate_raw_occupancy_rate"", ""_empty_output_dataframe"", ""_finalize_dataframe"", ""_identify_capacity_exceeded"", ""_remove_negative_occupancy"", ""_transform_numeric_columns"", ""_validate_input"", ""_validate_schema"", ""_validate_transformed_dataset"", ""add_birmingham_demand_features"", ""add_birmingham_lag_features"", ""expected_pipeline_feature_columns"", ""transform"", ""validate_demand_features"", ""validate_occupancy_features""]","[""\""DEFAULT_OCCUPIED_SPACES_COLUMN\"","", ""\""OCCUPIED_SPACES_COLUMN\"","", ""\""occupied_spaces + available_spaces \"""", ""\""occupied_spaces contains negative values.\"""", ""\""occupied_spaces exceeds total_spaces \"""", ""\""occupied_spaces\"""", ""\""occupied_spaces\"","", ""\""occupied_spaces\"": ["", ""\""occupied_spaces_column cannot be empty.\"""", ""#     occupied_spaces > total_spaces"", ""#     permitted, because occupied_spaces > total_spaces"", ""& (occupied_spaces >= 0)"", ""& occupied_spaces.notna()"", "".occupied_spaces_column,"", ""CanonicalColumn.OCCUPIED_SPACES.value"", ""CanonicalColumn.OCCUPIED_SPACES.value,"", ""Column containing currently occupied spaces."", ""DEFAULT_OCCUPIED_SPACES_COLUMN"", ""DEFAULT_OCCUPIED_SPACES_COLUMN = \""occupied_spaces\"""", ""DEFAULT_OCCUPIED_SPACES_COLUMN = ("", ""OCCUPANCY_COLUMN = \""occupied_spaces\"""", ""OCCUPIED_SPACES = \""occupied_spaces\"""", ""OCCUPIED_SPACES_COLUMN"", ""OCCUPIED_SPACES_COLUMN = \""occupied_spaces\"""", ""OCCUPIED_SPACES_COLUMN,""]","[""DEFAULT_OCCUPIED_SPACES_COLUMN"", ""OCCUPIED_SPACES_COLUMN"", ""occupied_spaces""]",[],UNKNOWN,Insufficient static evidence for automatic causal approval.,"Feature family could not be established as deterministic calendar, current-state, or historical causal.",False,False,False,False,False,False,False,True,False,MEDIUM,"[""Manual source and timestamp verification required.""]"
occupied_spaces_roll_min_2h,other,REQUIRES_CAUSAL_REVIEW,True,"[""data\\dataset_audit.py"", ""data\\dataset_builder.py"", ""data\\temporal.py"", ""data\\temporal_normalizer.py"", ""data\\transformers.py"", ""data\\validators.py"", ""features\\demand_features.py"", ""features\\feature_pipeline.py"", ""features\\lag_features.py"", ""features\\occupancy_features.py"", ""features\\rolling_features.py""]","[""__post_init__"", ""_build_canonical_dataset"", ""_build_empty_facility_grid"", ""_build_facility_grid"", ""_calculate_raw_occupancy_rate"", ""_empty_output_dataframe"", ""_finalize_dataframe"", ""_identify_capacity_exceeded"", ""_remove_negative_occupancy"", ""_transform_numeric_columns"", ""_validate_input"", ""_validate_schema"", ""_validate_transformed_dataset"", ""add_birmingham_demand_features"", ""add_birmingham_lag_features"", ""expected_pipeline_feature_columns"", ""transform"", ""validate_demand_features"", ""validate_occupancy_features""]","[""\""DEFAULT_OCCUPIED_SPACES_COLUMN\"","", ""\""OCCUPIED_SPACES_COLUMN\"","", ""\""occupied_spaces + available_spaces \"""", ""\""occupied_spaces contains negative values.\"""", ""\""occupied_spaces exceeds total_spaces \"""", ""\""occupied_spaces\"""", ""\""occupied_spaces\"","", ""\""occupied_spaces\"": ["", ""\""occupied_spaces_column cannot be empty.\"""", ""#     occupied_spaces > total_spaces"", ""#     permitted, because occupied_spaces > total_spaces"", ""& (occupied_spaces >= 0)"", ""& occupied_spaces.notna()"", "".occupied_spaces_column,"", ""CanonicalColumn.OCCUPIED_SPACES.value"", ""CanonicalColumn.OCCUPIED_SPACES.value,"", ""Column containing currently occupied spaces."", ""DEFAULT_OCCUPIED_SPACES_COLUMN"", ""DEFAULT_OCCUPIED_SPACES_COLUMN = \""occupied_spaces\"""", ""DEFAULT_OCCUPIED_SPACES_COLUMN = ("", ""OCCUPANCY_COLUMN = \""occupied_spaces\"""", ""OCCUPIED_SPACES = \""occupied_spaces\"""", ""OCCUPIED_SPACES_COLUMN"", ""OCCUPIED_SPACES_COLUMN = \""occupied_spaces\"""", ""OCCUPIED_SPACES_COLUMN,""]","[""DEFAULT_OCCUPIED_SPACES_COLUMN"", ""OCCUPIED_SPACES_COLUMN"", ""occupied_spaces""]",[],UNKNOWN,Insufficient static evidence for automatic causal approval.,"Feature family could not be established as deterministic calendar, current-state, or historical causal.",False,False,False,False,False,False,False,True,False,MEDIUM,"[""Manual source and timestamp verification required.""]"
occupied_spaces_roll_max_2h,other,REQUIRES_CAUSAL_REVIEW,True,"[""data\\dataset_audit.py"", ""data\\dataset_builder.py"", ""data\\temporal.py"", ""data\\temporal_normalizer.py"", ""data\\transformers.py"", ""data\\validators.py"", ""features\\demand_features.py"", ""features\\feature_pipeline.py"", ""features\\lag_features.py"", ""features\\occupancy_features.py"", ""features\\rolling_features.py""]","[""__post_init__"", ""_build_canonical_dataset"", ""_build_empty_facility_grid"", ""_build_facility_grid"", ""_calculate_raw_occupancy_rate"", ""_empty_output_dataframe"", ""_finalize_dataframe"", ""_identify_capacity_exceeded"", ""_remove_negative_occupancy"", ""_transform_numeric_columns"", ""_validate_input"", ""_validate_schema"", ""_validate_transformed_dataset"", ""add_birmingham_demand_features"", ""add_birmingham_lag_features"", ""expected_pipeline_feature_columns"", ""transform"", ""validate_demand_features"", ""validate_occupancy_features""]","[""\""DEFAULT_OCCUPIED_SPACES_COLUMN\"","", ""\""OCCUPIED_SPACES_COLUMN\"","", ""\""occupied_spaces + available_spaces \"""", ""\""occupied_spaces contains negative values.\"""", ""\""occupied_spaces exceeds total_spaces \"""", ""\""occupied_spaces\"""", ""\""occupied_spaces\"","", ""\""occupied_spaces\"": ["", ""\""occupied_spaces_column cannot be empty.\"""", ""#     occupied_spaces > total_spaces"", ""#     permitted, because occupied_spaces > total_spaces"", ""& (occupied_spaces >= 0)"", ""& occupied_spaces.notna()"", "".occupied_spaces_column,"", ""CanonicalColumn.OCCUPIED_SPACES.value"", ""CanonicalColumn.OCCUPIED_SPACES.value,"", ""Column containing currently occupied spaces."", ""DEFAULT_OCCUPIED_SPACES_COLUMN"", ""DEFAULT_OCCUPIED_SPACES_COLUMN = \""occupied_spaces\"""", ""DEFAULT_OCCUPIED_SPACES_COLUMN = ("", ""OCCUPANCY_COLUMN = \""occupied_spaces\"""", ""OCCUPIED_SPACES = \""occupied_spaces\"""", ""OCCUPIED_SPACES_COLUMN"", ""OCCUPIED_SPACES_COLUMN = \""occupied_spaces\"""", ""OCCUPIED_SPACES_COLUMN,""]","[""DEFAULT_OCCUPIED_SPACES_COLUMN"", ""OCCUPIED_SPACES_COLUMN"", ""occupied_spaces""]",[],UNKNOWN,Insufficient static evidence for automatic causal approval.,"Feature family could not be established as deterministic calendar, current-state, or historical causal.",False,False,False,False,False,False,False,True,False,MEDIUM,"[""Manual source and timestamp verification required.""]"
occupied_spaces_roll_median_2h,other,REQUIRES_CAUSAL_REVIEW,True,"[""data\\dataset_audit.py"", ""data\\dataset_builder.py"", ""data\\temporal.py"", ""data\\temporal_normalizer.py"", ""data\\transformers.py"", ""data\\validators.py"", ""features\\demand_features.py"", ""features\\feature_pipeline.py"", ""features\\lag_features.py"", ""features\\occupancy_features.py"", ""features\\rolling_features.py""]","[""__post_init__"", ""_build_canonical_dataset"", ""_build_empty_facility_grid"", ""_build_facility_grid"", ""_build_window_features"", ""_calculate_raw_occupancy_rate"", ""_empty_output_dataframe"", ""_finalize_dataframe"", ""_identify_capacity_exceeded"", ""_remove_negative_occupancy"", ""_transform_numeric_columns"", ""_validate_input"", ""_validate_schema"", ""_validate_transformed_dataset"", ""add_birmingham_demand_features"", ""add_birmingham_lag_features"", ""expected_pipeline_feature_columns"", ""transform"", ""validate_demand_features"", ""validate_occupancy_features""]","[""\""DEFAULT_OCCUPIED_SPACES_COLUMN\"","", ""\""OCCUPIED_SPACES_COLUMN\"","", ""\""occupied_spaces + available_spaces \"""", ""\""occupied_spaces contains negative values.\"""", ""\""occupied_spaces exceeds total_spaces \"""", ""\""occupied_spaces\"""", ""\""occupied_spaces\"","", ""\""occupied_spaces\"": ["", ""\""occupied_spaces_column cannot be empty.\"""", ""#     occupied_spaces > total_spaces"", ""#     permitted, because occupied_spaces > total_spaces"", ""& (occupied_spaces >= 0)"", ""& occupied_spaces.notna()"", "".occupied_spaces_column,"", ""CanonicalColumn.OCCUPIED_SPACES.value"", ""CanonicalColumn.OCCUPIED_SPACES.value,"", ""Column containing currently occupied spaces."", ""DEFAULT_OCCUPIED_SPACES_COLUMN"", ""DEFAULT_OCCUPIED_SPACES_COLUMN = \""occupied_spaces\"""", ""DEFAULT_OCCUPIED_SPACES_COLUMN = ("", ""OCCUPANCY_COLUMN = \""occupied_spaces\"""", ""OCCUPIED_SPACES = \""occupied_spaces\"""", ""OCCUPIED_SPACES_COLUMN"", ""OCCUPIED_SPACES_COLUMN = \""occupied_spaces\"""", ""OCCUPIED_SPACES_COLUMN,""]","[""DEFAULT_OCCUPIED_SPACES_COLUMN"", ""OCCUPIED_SPACES_COLUMN"", ""occupied_spaces""]",[],UNKNOWN,Insufficient static evidence for automatic causal approval.,"Feature family could not be established as deterministic calendar, current-state, or historical causal.",False,False,False,False,False,False,False,True,False,MEDIUM,"[""Manual source and timestamp verification required.""]"
occupied_spaces_roll_trend_2h,historical,PRODUCTION_SAFE_HISTORICAL,True,"[""data\\dataset_audit.py"", ""data\\dataset_builder.py"", ""data\\temporal.py"", ""data\\temporal_normalizer.py"", ""data\\transformers.py"", ""data\\validators.py"", ""features\\demand_features.py"", ""features\\feature_pipeline.py"", ""features\\lag_features.py"", ""features\\occupancy_features.py"", ""features\\rolling_features.py""]","[""__post_init__"", ""_build_canonical_dataset"", ""_build_empty_facility_grid"", ""_build_facility_grid"", ""_build_window_features"", ""_calculate_raw_occupancy_rate"", ""_empty_output_dataframe"", ""_finalize_dataframe"", ""_identify_capacity_exceeded"", ""_remove_negative_occupancy"", ""_transform_numeric_columns"", ""_validate_input"", ""_validate_schema"", ""_validate_transformed_dataset"", ""add_birmingham_demand_features"", ""add_birmingham_lag_features"", ""expected_pipeline_feature_columns"", ""transform"", ""validate_demand_features"", ""validate_occupancy_features""]","[""\""DEFAULT_OCCUPIED_SPACES_COLUMN\"","", ""\""OCCUPIED_SPACES_COLUMN\"","", ""\""occupied_spaces + available_spaces \"""", ""\""occupied_spaces contains negative values.\"""", ""\""occupied_spaces exceeds total_spaces \"""", ""\""occupied_spaces\"""", ""\""occupied_spaces\"","", ""\""occupied_spaces\"": ["", ""\""occupied_spaces_column cannot be empty.\"""", ""#     occupied_spaces > total_spaces"", ""#     permitted, because occupied_spaces > total_spaces"", ""& (occupied_spaces >= 0)"", ""& occupied_spaces.notna()"", "".occupied_spaces_column,"", ""CanonicalColumn.OCCUPIED_SPACES.value"", ""CanonicalColumn.OCCUPIED_SPACES.value,"", ""Column containing currently occupied spaces."", ""DEFAULT_OCCUPIED_SPACES_COLUMN"", ""DEFAULT_OCCUPIED_SPACES_COLUMN = \""occupied_spaces\"""", ""DEFAULT_OCCUPIED_SPACES_COLUMN = ("", ""OCCUPANCY_COLUMN = \""occupied_spaces\"""", ""OCCUPIED_SPACES = \""occupied_spaces\"""", ""OCCUPIED_SPACES_COLUMN"", ""OCCUPIED_SPACES_COLUMN = \""occupied_spaces\"""", ""OCCUPIED_SPACES_COLUMN,""]","[""DEFAULT_OCCUPIED_SPACES_COLUMN"", ""OCCUPIED_SPACES_COLUMN"", ""occupied_spaces""]",[],AT_OR_BEFORE_T,Historical/lag/rolling feature; no feature-level future operation detected.,Feature naming and source evidence indicate historical semantics.,False,False,False,False,False,False,False,True,False,HIGH,"[""Formal source timestamp verification is still recommended before production approval.""]"
occupied_spaces_roll_count_2h,other,REQUIRES_CAUSAL_REVIEW,True,"[""data\\dataset_audit.py"", ""data\\dataset_builder.py"", ""data\\temporal.py"", ""data\\temporal_normalizer.py"", ""data\\transformers.py"", ""data\\validators.py"", ""features\\demand_features.py"", ""features\\feature_pipeline.py"", ""features\\lag_features.py"", ""features\\occupancy_features.py"", ""features\\rolling_features.py""]","[""__post_init__"", ""_build_canonical_dataset"", ""_build_empty_facility_grid"", ""_build_facility_grid"", ""_build_window_features"", ""_calculate_raw_occupancy_rate"", ""_empty_output_dataframe"", ""_finalize_dataframe"", ""_identify_capacity_exceeded"", ""_remove_negative_occupancy"", ""_transform_numeric_columns"", ""_validate_input"", ""_validate_schema"", ""_validate_transformed_dataset"", ""add_birmingham_demand_features"", ""add_birmingham_lag_features"", ""expected_pipeline_feature_columns"", ""transform"", ""validate_demand_features"", ""validate_occupancy_features"", ""validate_rolling_features""]","[""\""DEFAULT_OCCUPIED_SPACES_COLUMN\"","", ""\""OCCUPIED_SPACES_COLUMN\"","", ""\""occupied_spaces + available_spaces \"""", ""\""occupied_spaces contains negative values.\"""", ""\""occupied_spaces exceeds total_spaces \"""", ""\""occupied_spaces\"""", ""\""occupied_spaces\"","", ""\""occupied_spaces\"": ["", ""\""occupied_spaces_column cannot be empty.\"""", ""#     occupied_spaces > total_spaces"", ""#     permitted, because occupied_spaces > total_spaces"", ""& (occupied_spaces >= 0)"", ""& occupied_spaces.notna()"", "".occupied_spaces_column,"", ""CanonicalColumn.OCCUPIED_SPACES.value"", ""CanonicalColumn.OCCUPIED_SPACES.value,"", ""Column containing currently occupied spaces."", ""DEFAULT_OCCUPIED_SPACES_COLUMN"", ""DEFAULT_OCCUPIED_SPACES_COLUMN = \""occupied_spaces\"""", ""DEFAULT_OCCUPIED_SPACES_COLUMN = ("", ""OCCUPANCY_COLUMN = \""occupied_spaces\"""", ""OCCUPIED_SPACES = \""occupied_spaces\"""", ""OCCUPIED_SPACES_COLUMN"", ""OCCUPIED_SPACES_COLUMN = \""occupied_spaces\"""", ""OCCUPIED_SPACES_COLUMN,""]","[""DEFAULT_OCCUPIED_SPACES_COLUMN"", ""OCCUPIED_SPACES_COLUMN"", ""occupied_spaces""]",[],UNKNOWN,Insufficient static evidence for automatic causal approval.,"Feature family could not be established as deterministic calendar, current-state, or historical causal.",False,False,False,False,False,False,False,True,False,MEDIUM,"[""Manual source and timestamp verification required.""]"
occupied_spaces_roll_missing_2h,other,REQUIRES_CAUSAL_REVIEW,True,"[""data\\dataset_audit.py"", ""data\\dataset_builder.py"", ""data\\temporal.py"", ""data\\temporal_normalizer.py"", ""data\\transformers.py"", ""data\\validators.py"", ""features\\demand_features.py"", ""features\\feature_pipeline.py"", ""features\\lag_features.py"", ""features\\occupancy_features.py"", ""features\\rolling_features.py""]","[""__post_init__"", ""_build_canonical_dataset"", ""_build_empty_facility_grid"", ""_build_facility_grid"", ""_calculate_raw_occupancy_rate"", ""_empty_output_dataframe"", ""_finalize_dataframe"", ""_identify_capacity_exceeded"", ""_remove_negative_occupancy"", ""_transform_numeric_columns"", ""_validate_input"", ""_validate_schema"", ""_validate_transformed_dataset"", ""add_birmingham_demand_features"", ""add_birmingham_lag_features"", ""expected_pipeline_feature_columns"", ""transform"", ""validate_demand_features"", ""validate_occupancy_features"", ""validate_rolling_features""]","[""\""DEFAULT_OCCUPIED_SPACES_COLUMN\"","", ""\""OCCUPIED_SPACES_COLUMN\"","", ""\""occupied_spaces + available_spaces \"""", ""\""occupied_spaces contains negative values.\"""", ""\""occupied_spaces exceeds total_spaces \"""", ""\""occupied_spaces\"""", ""\""occupied_spaces\"","", ""\""occupied_spaces\"": ["", ""\""occupied_spaces_column cannot be empty.\"""", ""#     occupied_spaces > total_spaces"", ""#     permitted, because occupied_spaces > total_spaces"", ""& (occupied_spaces >= 0)"", ""& occupied_spaces.notna()"", "".occupied_spaces_column,"", ""CanonicalColumn.OCCUPIED_SPACES.value"", ""CanonicalColumn.OCCUPIED_SPACES.value,"", ""Column containing currently occupied spaces."", ""DEFAULT_OCCUPIED_SPACES_COLUMN"", ""DEFAULT_OCCUPIED_SPACES_COLUMN = \""occupied_spaces\"""", ""DEFAULT_OCCUPIED_SPACES_COLUMN = ("", ""OCCUPANCY_COLUMN = \""occupied_spaces\"""", ""OCCUPIED_SPACES = \""occupied_spaces\"""", ""OCCUPIED_SPACES_COLUMN"", ""OCCUPIED_SPACES_COLUMN = \""occupied_spaces\"""", ""OCCUPIED_SPACES_COLUMN,""]","[""DEFAULT_OCCUPIED_SPACES_COLUMN"", ""OCCUPIED_SPACES_COLUMN"", ""occupied_spaces""]",[],UNKNOWN,Insufficient static evidence for automatic causal approval.,"Feature family could not be established as deterministic calendar, current-state, or historical causal.",False,False,False,False,False,False,False,True,False,MEDIUM,"[""Manual source and timestamp verification required.""]"
occupied_spaces_roll_coverage_ratio_2h,other,REQUIRES_CAUSAL_REVIEW,True,"[""data\\dataset_audit.py"", ""data\\dataset_builder.py"", ""data\\temporal.py"", ""data\\temporal_normalizer.py"", ""data\\transformers.py"", ""data\\validators.py"", ""features\\demand_features.py"", ""features\\feature_pipeline.py"", ""features\\lag_features.py"", ""features\\occupancy_features.py"", ""features\\rolling_features.py""]","[""__post_init__"", ""_audit_targets"", ""_build_canonical_dataset"", ""_build_empty_facility_grid"", ""_build_facility_grid"", ""_calculate_raw_occupancy_rate"", ""_empty_output_dataframe"", ""_finalize_dataframe"", ""_identify_capacity_exceeded"", ""_remove_negative_occupancy"", ""_transform_numeric_columns"", ""_validate_input"", ""_validate_schema"", ""_validate_transformed_dataset"", ""add_birmingham_demand_features"", ""add_birmingham_lag_features"", ""expected_pipeline_feature_columns"", ""transform"", ""validate_demand_features"", ""validate_occupancy_features"", ""validate_rolling_features""]","[""\""DEFAULT_OCCUPIED_SPACES_COLUMN\"","", ""\""OCCUPIED_SPACES_COLUMN\"","", ""\""minimum_target_coverage_ratio must \"""", ""\""occupied_ratio\"""", ""\""occupied_ratio\"","", ""\""occupied_spaces + available_spaces \"""", ""\""occupied_spaces contains negative values.\"""", ""\""occupied_spaces exceeds total_spaces \"""", ""\""occupied_spaces\"""", ""\""occupied_spaces\"","", ""\""occupied_spaces\"": ["", ""\""occupied_spaces_column cannot be empty.\"""", ""#     occupied_spaces > total_spaces"", ""#     permitted, because occupied_spaces > total_spaces"", ""# independently calculated occupied/capacity ratio."", ""& (occupied_spaces >= 0)"", ""& occupied_spaces.notna()"", "".minimum_target_coverage_ratio"", "".occupied_spaces_column,"", ""<= self.minimum_target_coverage_ratio"", ""CanonicalColumn.OCCUPIED_SPACES.value"", ""CanonicalColumn.OCCUPIED_SPACES.value,"", ""Column containing currently occupied spaces."", ""DEFAULT_OCCUPIED_SPACES_COLUMN"", ""DEFAULT_OCCUPIED_SPACES_COLUMN = \""occupied_spaces\""""]","[""DEFAULT_OCCUPIED_SPACES_COLUMN"", ""OCCUPIED_SPACES_COLUMN"", ""occupied_ratio"", ""occupied_spaces""]",[],UNKNOWN,Insufficient static evidence for automatic causal approval.,"Feature family could not be established as deterministic calendar, current-state, or historical causal.",False,False,False,False,False,False,False,True,False,MEDIUM,"[""Manual source and timestamp verification required.""]"
occupied_spaces_roll_2h_available,other,REQUIRES_CAUSAL_REVIEW,True,"[""data\\dataset_audit.py"", ""data\\dataset_builder.py"", ""data\\temporal.py"", ""data\\temporal_normalizer.py"", ""data\\transformers.py"", ""data\\validators.py"", ""features\\demand_features.py"", ""features\\feature_pipeline.py"", ""features\\lag_features.py"", ""features\\occupancy_features.py"", ""features\\rolling_features.py""]","[""__post_init__"", ""_build_canonical_dataset"", ""_build_empty_facility_grid"", ""_build_facility_grid"", ""_calculate_raw_occupancy_rate"", ""_empty_output_dataframe"", ""_finalize_dataframe"", ""_identify_capacity_exceeded"", ""_remove_negative_occupancy"", ""_transform_numeric_columns"", ""_validate_input"", ""_validate_schema"", ""_validate_transformed_dataset"", ""add_birmingham_demand_features"", ""add_birmingham_lag_features"", ""expected_pipeline_feature_columns"", ""transform"", ""validate_demand_features"", ""validate_occupancy_features"", ""validate_rolling_features""]","[""\""AVAILABLE_SPACES_COLUMN\"","", ""\""DEFAULT_AVAILABLE_SPACES_COLUMN\"","", ""\""DEFAULT_OCCUPIED_SPACES_COLUMN\"","", ""\""OCCUPIED_SPACES_COLUMN\"","", ""\""available_spaces\"""", ""\""available_spaces\"","", ""\""available_spaces\"": ["", ""\""available_spaces_column cannot be empty.\"""", ""\""occupied_spaces + available_spaces \"""", ""\""occupied_spaces contains negative values.\"""", ""\""occupied_spaces exceeds total_spaces \"""", ""\""occupied_spaces\"""", ""\""occupied_spaces\"","", ""\""occupied_spaces\"": ["", ""\""occupied_spaces_column cannot be empty.\"""", ""#     occupied_spaces > total_spaces"", ""#     permitted, because occupied_spaces > total_spaces"", ""#   occupied + available = capacity"", ""# Available spaces"", ""& (available_spaces >= 0)"", ""& (occupied_spaces >= 0)"", ""& available_spaces.notna()"", ""& occupied_spaces.notna()"", ""+ available_spaces"", "".available_spaces_column,""]","[""AVAILABLE_SPACES_COLUMN"", ""DEFAULT_AVAILABLE_SPACES_COLUMN"", ""DEFAULT_OCCUPIED_SPACES_COLUMN"", ""OCCUPIED_SPACES_COLUMN"", ""available_spaces"", ""occupied_spaces""]",[],UNKNOWN,Insufficient static evidence for automatic causal approval.,"Feature family could not be established as deterministic calendar, current-state, or historical causal.",False,False,False,False,False,False,False,True,False,MEDIUM,"[""Manual source and timestamp verification required.""]"
occupied_spaces_roll_mean_3h,other,REQUIRES_CAUSAL_REVIEW,True,"[""data\\dataset_audit.py"", ""data\\dataset_builder.py"", ""data\\temporal.py"", ""data\\temporal_normalizer.py"", ""data\\transformers.py"", ""data\\validators.py"", ""features\\demand_features.py"", ""features\\feature_pipeline.py"", ""features\\lag_features.py"", ""features\\occupancy_features.py"", ""features\\rolling_features.py""]","[""__post_init__"", ""_build_canonical_dataset"", ""_build_empty_facility_grid"", ""_build_facility_grid"", ""_build_window_features"", ""_calculate_raw_occupancy_rate"", ""_empty_output_dataframe"", ""_finalize_dataframe"", ""_identify_capacity_exceeded"", ""_remove_negative_occupancy"", ""_transform_numeric_columns"", ""_validate_input"", ""_validate_schema"", ""_validate_transformed_dataset"", ""add_birmingham_demand_features"", ""add_birmingham_lag_features"", ""expected_pipeline_feature_columns"", ""transform"", ""validate_demand_features"", ""validate_occupancy_features""]","[""\""DEFAULT_OCCUPIED_SPACES_COLUMN\"","", ""\""OCCUPIED_SPACES_COLUMN\"","", ""\""occupied_spaces + available_spaces \"""", ""\""occupied_spaces contains negative values.\"""", ""\""occupied_spaces exceeds total_spaces \"""", ""\""occupied_spaces\"""", ""\""occupied_spaces\"","", ""\""occupied_spaces\"": ["", ""\""occupied_spaces_column cannot be empty.\"""", ""#     occupied_spaces > total_spaces"", ""#     permitted, because occupied_spaces > total_spaces"", ""& (occupied_spaces >= 0)"", ""& occupied_spaces.notna()"", "".occupied_spaces_column,"", ""CanonicalColumn.OCCUPIED_SPACES.value"", ""CanonicalColumn.OCCUPIED_SPACES.value,"", ""Column containing currently occupied spaces."", ""DEFAULT_OCCUPIED_SPACES_COLUMN"", ""DEFAULT_OCCUPIED_SPACES_COLUMN = \""occupied_spaces\"""", ""DEFAULT_OCCUPIED_SPACES_COLUMN = ("", ""OCCUPANCY_COLUMN = \""occupied_spaces\"""", ""OCCUPIED_SPACES = \""occupied_spaces\"""", ""OCCUPIED_SPACES_COLUMN"", ""OCCUPIED_SPACES_COLUMN = \""occupied_spaces\"""", ""OCCUPIED_SPACES_COLUMN,""]","[""DEFAULT_OCCUPIED_SPACES_COLUMN"", ""OCCUPIED_SPACES_COLUMN"", ""occupied_spaces""]",[],UNKNOWN,Insufficient static evidence for automatic causal approval.,"Feature family could not be established as deterministic calendar, current-state, or historical causal.",False,False,False,False,False,False,False,True,False,MEDIUM,"[""Manual source and timestamp verification required.""]"
occupied_spaces_roll_std_3h,other,REQUIRES_CAUSAL_REVIEW,True,"[""data\\dataset_audit.py"", ""data\\dataset_builder.py"", ""data\\temporal.py"", ""data\\temporal_normalizer.py"", ""data\\transformers.py"", ""data\\validators.py"", ""features\\demand_features.py"", ""features\\feature_pipeline.py"", ""features\\lag_features.py"", ""features\\occupancy_features.py"", ""features\\rolling_features.py""]","[""__post_init__"", ""_build_canonical_dataset"", ""_build_empty_facility_grid"", ""_build_facility_grid"", ""_calculate_raw_occupancy_rate"", ""_empty_output_dataframe"", ""_finalize_dataframe"", ""_identify_capacity_exceeded"", ""_remove_negative_occupancy"", ""_transform_numeric_columns"", ""_validate_input"", ""_validate_schema"", ""_validate_transformed_dataset"", ""add_birmingham_demand_features"", ""add_birmingham_lag_features"", ""expected_pipeline_feature_columns"", ""transform"", ""validate_demand_features"", ""validate_occupancy_features""]","[""\""DEFAULT_OCCUPIED_SPACES_COLUMN\"","", ""\""OCCUPIED_SPACES_COLUMN\"","", ""\""occupied_spaces + available_spaces \"""", ""\""occupied_spaces contains negative values.\"""", ""\""occupied_spaces exceeds total_spaces \"""", ""\""occupied_spaces\"""", ""\""occupied_spaces\"","", ""\""occupied_spaces\"": ["", ""\""occupied_spaces_column cannot be empty.\"""", ""#     occupied_spaces > total_spaces"", ""#     permitted, because occupied_spaces > total_spaces"", ""& (occupied_spaces >= 0)"", ""& occupied_spaces.notna()"", "".occupied_spaces_column,"", ""CanonicalColumn.OCCUPIED_SPACES.value"", ""CanonicalColumn.OCCUPIED_SPACES.value,"", ""Column containing currently occupied spaces."", ""DEFAULT_OCCUPIED_SPACES_COLUMN"", ""DEFAULT_OCCUPIED_SPACES_COLUMN = \""occupied_spaces\"""", ""DEFAULT_OCCUPIED_SPACES_COLUMN = ("", ""OCCUPANCY_COLUMN = \""occupied_spaces\"""", ""OCCUPIED_SPACES = \""occupied_spaces\"""", ""OCCUPIED_SPACES_COLUMN"", ""OCCUPIED_SPACES_COLUMN = \""occupied_spaces\"""", ""OCCUPIED_SPACES_COLUMN,""]","[""DEFAULT_OCCUPIED_SPACES_COLUMN"", ""OCCUPIED_SPACES_COLUMN"", ""occupied_spaces""]",[],UNKNOWN,Insufficient static evidence for automatic causal approval.,"Feature family could not be established as deterministic calendar, current-state, or historical causal.",False,False,False,False,False,False,False,True,False,MEDIUM,"[""Manual source and timestamp verification required.""]"
occupied_spaces_roll_min_3h,other,REQUIRES_CAUSAL_REVIEW,True,"[""data\\dataset_audit.py"", ""data\\dataset_builder.py"", ""data\\temporal.py"", ""data\\temporal_normalizer.py"", ""data\\transformers.py"", ""data\\validators.py"", ""features\\demand_features.py"", ""features\\feature_pipeline.py"", ""features\\lag_features.py"", ""features\\occupancy_features.py"", ""features\\rolling_features.py""]","[""__post_init__"", ""_build_canonical_dataset"", ""_build_empty_facility_grid"", ""_build_facility_grid"", ""_calculate_raw_occupancy_rate"", ""_empty_output_dataframe"", ""_finalize_dataframe"", ""_identify_capacity_exceeded"", ""_remove_negative_occupancy"", ""_transform_numeric_columns"", ""_validate_input"", ""_validate_schema"", ""_validate_transformed_dataset"", ""add_birmingham_demand_features"", ""add_birmingham_lag_features"", ""expected_pipeline_feature_columns"", ""transform"", ""validate_demand_features"", ""validate_occupancy_features""]","[""\""DEFAULT_OCCUPIED_SPACES_COLUMN\"","", ""\""OCCUPIED_SPACES_COLUMN\"","", ""\""occupied_spaces + available_spaces \"""", ""\""occupied_spaces contains negative values.\"""", ""\""occupied_spaces exceeds total_spaces \"""", ""\""occupied_spaces\"""", ""\""occupied_spaces\"","", ""\""occupied_spaces\"": ["", ""\""occupied_spaces_column cannot be empty.\"""", ""#     occupied_spaces > total_spaces"", ""#     permitted, because occupied_spaces > total_spaces"", ""& (occupied_spaces >= 0)"", ""& occupied_spaces.notna()"", "".occupied_spaces_column,"", ""CanonicalColumn.OCCUPIED_SPACES.value"", ""CanonicalColumn.OCCUPIED_SPACES.value,"", ""Column containing currently occupied spaces."", ""DEFAULT_OCCUPIED_SPACES_COLUMN"", ""DEFAULT_OCCUPIED_SPACES_COLUMN = \""occupied_spaces\"""", ""DEFAULT_OCCUPIED_SPACES_COLUMN = ("", ""OCCUPANCY_COLUMN = \""occupied_spaces\"""", ""OCCUPIED_SPACES = \""occupied_spaces\"""", ""OCCUPIED_SPACES_COLUMN"", ""OCCUPIED_SPACES_COLUMN = \""occupied_spaces\"""", ""OCCUPIED_SPACES_COLUMN,""]","[""DEFAULT_OCCUPIED_SPACES_COLUMN"", ""OCCUPIED_SPACES_COLUMN"", ""occupied_spaces""]",[],UNKNOWN,Insufficient static evidence for automatic causal approval.,"Feature family could not be established as deterministic calendar, current-state, or historical causal.",False,False,False,False,False,False,False,True,False,MEDIUM,"[""Manual source and timestamp verification required.""]"
occupied_spaces_roll_max_3h,other,REQUIRES_CAUSAL_REVIEW,True,"[""data\\dataset_audit.py"", ""data\\dataset_builder.py"", ""data\\temporal.py"", ""data\\temporal_normalizer.py"", ""data\\transformers.py"", ""data\\validators.py"", ""features\\demand_features.py"", ""features\\feature_pipeline.py"", ""features\\lag_features.py"", ""features\\occupancy_features.py"", ""features\\rolling_features.py""]","[""__post_init__"", ""_build_canonical_dataset"", ""_build_empty_facility_grid"", ""_build_facility_grid"", ""_calculate_raw_occupancy_rate"", ""_empty_output_dataframe"", ""_finalize_dataframe"", ""_identify_capacity_exceeded"", ""_remove_negative_occupancy"", ""_transform_numeric_columns"", ""_validate_input"", ""_validate_schema"", ""_validate_transformed_dataset"", ""add_birmingham_demand_features"", ""add_birmingham_lag_features"", ""expected_pipeline_feature_columns"", ""transform"", ""validate_demand_features"", ""validate_occupancy_features""]","[""\""DEFAULT_OCCUPIED_SPACES_COLUMN\"","", ""\""OCCUPIED_SPACES_COLUMN\"","", ""\""occupied_spaces + available_spaces \"""", ""\""occupied_spaces contains negative values.\"""", ""\""occupied_spaces exceeds total_spaces \"""", ""\""occupied_spaces\"""", ""\""occupied_spaces\"","", ""\""occupied_spaces\"": ["", ""\""occupied_spaces_column cannot be empty.\"""", ""#     occupied_spaces > total_spaces"", ""#     permitted, because occupied_spaces > total_spaces"", ""& (occupied_spaces >= 0)"", ""& occupied_spaces.notna()"", "".occupied_spaces_column,"", ""CanonicalColumn.OCCUPIED_SPACES.value"", ""CanonicalColumn.OCCUPIED_SPACES.value,"", ""Column containing currently occupied spaces."", ""DEFAULT_OCCUPIED_SPACES_COLUMN"", ""DEFAULT_OCCUPIED_SPACES_COLUMN = \""occupied_spaces\"""", ""DEFAULT_OCCUPIED_SPACES_COLUMN = ("", ""OCCUPANCY_COLUMN = \""occupied_spaces\"""", ""OCCUPIED_SPACES = \""occupied_spaces\"""", ""OCCUPIED_SPACES_COLUMN"", ""OCCUPIED_SPACES_COLUMN = \""occupied_spaces\"""", ""OCCUPIED_SPACES_COLUMN,""]","[""DEFAULT_OCCUPIED_SPACES_COLUMN"", ""OCCUPIED_SPACES_COLUMN"", ""occupied_spaces""]",[],UNKNOWN,Insufficient static evidence for automatic causal approval.,"Feature family could not be established as deterministic calendar, current-state, or historical causal.",False,False,False,False,False,False,False,True,False,MEDIUM,"[""Manual source and timestamp verification required.""]"
occupied_spaces_roll_median_3h,other,REQUIRES_CAUSAL_REVIEW,True,"[""data\\dataset_audit.py"", ""data\\dataset_builder.py"", ""data\\temporal.py"", ""data\\temporal_normalizer.py"", ""data\\transformers.py"", ""data\\validators.py"", ""features\\demand_features.py"", ""features\\feature_pipeline.py"", ""features\\lag_features.py"", ""features\\occupancy_features.py"", ""features\\rolling_features.py""]","[""__post_init__"", ""_build_canonical_dataset"", ""_build_empty_facility_grid"", ""_build_facility_grid"", ""_build_window_features"", ""_calculate_raw_occupancy_rate"", ""_empty_output_dataframe"", ""_finalize_dataframe"", ""_identify_capacity_exceeded"", ""_remove_negative_occupancy"", ""_transform_numeric_columns"", ""_validate_input"", ""_validate_schema"", ""_validate_transformed_dataset"", ""add_birmingham_demand_features"", ""add_birmingham_lag_features"", ""expected_pipeline_feature_columns"", ""transform"", ""validate_demand_features"", ""validate_occupancy_features""]","[""\""DEFAULT_OCCUPIED_SPACES_COLUMN\"","", ""\""OCCUPIED_SPACES_COLUMN\"","", ""\""occupied_spaces + available_spaces \"""", ""\""occupied_spaces contains negative values.\"""", ""\""occupied_spaces exceeds total_spaces \"""", ""\""occupied_spaces\"""", ""\""occupied_spaces\"","", ""\""occupied_spaces\"": ["", ""\""occupied_spaces_column cannot be empty.\"""", ""#     occupied_spaces > total_spaces"", ""#     permitted, because occupied_spaces > total_spaces"", ""& (occupied_spaces >= 0)"", ""& occupied_spaces.notna()"", "".occupied_spaces_column,"", ""CanonicalColumn.OCCUPIED_SPACES.value"", ""CanonicalColumn.OCCUPIED_SPACES.value,"", ""Column containing currently occupied spaces."", ""DEFAULT_OCCUPIED_SPACES_COLUMN"", ""DEFAULT_OCCUPIED_SPACES_COLUMN = \""occupied_spaces\"""", ""DEFAULT_OCCUPIED_SPACES_COLUMN = ("", ""OCCUPANCY_COLUMN = \""occupied_spaces\"""", ""OCCUPIED_SPACES = \""occupied_spaces\"""", ""OCCUPIED_SPACES_COLUMN"", ""OCCUPIED_SPACES_COLUMN = \""occupied_spaces\"""", ""OCCUPIED_SPACES_COLUMN,""]","[""DEFAULT_OCCUPIED_SPACES_COLUMN"", ""OCCUPIED_SPACES_COLUMN"", ""occupied_spaces""]",[],UNKNOWN,Insufficient static evidence for automatic causal approval.,"Feature family could not be established as deterministic calendar, current-state, or historical causal.",False,False,False,False,False,False,False,True,False,MEDIUM,"[""Manual source and timestamp verification required.""]"
occupied_spaces_roll_trend_3h,historical,PRODUCTION_SAFE_HISTORICAL,True,"[""data\\dataset_audit.py"", ""data\\dataset_builder.py"", ""data\\temporal.py"", ""data\\temporal_normalizer.py"", ""data\\transformers.py"", ""data\\validators.py"", ""features\\demand_features.py"", ""features\\feature_pipeline.py"", ""features\\lag_features.py"", ""features\\occupancy_features.py"", ""features\\rolling_features.py""]","[""__post_init__"", ""_build_canonical_dataset"", ""_build_empty_facility_grid"", ""_build_facility_grid"", ""_build_window_features"", ""_calculate_raw_occupancy_rate"", ""_empty_output_dataframe"", ""_finalize_dataframe"", ""_identify_capacity_exceeded"", ""_remove_negative_occupancy"", ""_transform_numeric_columns"", ""_validate_input"", ""_validate_schema"", ""_validate_transformed_dataset"", ""add_birmingham_demand_features"", ""add_birmingham_lag_features"", ""expected_pipeline_feature_columns"", ""transform"", ""validate_demand_features"", ""validate_occupancy_features""]","[""\""DEFAULT_OCCUPIED_SPACES_COLUMN\"","", ""\""OCCUPIED_SPACES_COLUMN\"","", ""\""occupied_spaces + available_spaces \"""", ""\""occupied_spaces contains negative values.\"""", ""\""occupied_spaces exceeds total_spaces \"""", ""\""occupied_spaces\"""", ""\""occupied_spaces\"","", ""\""occupied_spaces\"": ["", ""\""occupied_spaces_column cannot be empty.\"""", ""#     occupied_spaces > total_spaces"", ""#     permitted, because occupied_spaces > total_spaces"", ""& (occupied_spaces >= 0)"", ""& occupied_spaces.notna()"", "".occupied_spaces_column,"", ""CanonicalColumn.OCCUPIED_SPACES.value"", ""CanonicalColumn.OCCUPIED_SPACES.value,"", ""Column containing currently occupied spaces."", ""DEFAULT_OCCUPIED_SPACES_COLUMN"", ""DEFAULT_OCCUPIED_SPACES_COLUMN = \""occupied_spaces\"""", ""DEFAULT_OCCUPIED_SPACES_COLUMN = ("", ""OCCUPANCY_COLUMN = \""occupied_spaces\"""", ""OCCUPIED_SPACES = \""occupied_spaces\"""", ""OCCUPIED_SPACES_COLUMN"", ""OCCUPIED_SPACES_COLUMN = \""occupied_spaces\"""", ""OCCUPIED_SPACES_COLUMN,""]","[""DEFAULT_OCCUPIED_SPACES_COLUMN"", ""OCCUPIED_SPACES_COLUMN"", ""occupied_spaces""]",[],AT_OR_BEFORE_T,Historical/lag/rolling feature; no feature-level future operation detected.,Feature naming and source evidence indicate historical semantics.,False,False,False,False,False,False,False,True,False,HIGH,"[""Formal source timestamp verification is still recommended before production approval.""]"
occupied_spaces_roll_count_3h,other,REQUIRES_CAUSAL_REVIEW,True,"[""data\\dataset_audit.py"", ""data\\dataset_builder.py"", ""data\\temporal.py"", ""data\\temporal_normalizer.py"", ""data\\transformers.py"", ""data\\validators.py"", ""features\\demand_features.py"", ""features\\feature_pipeline.py"", ""features\\lag_features.py"", ""features\\occupancy_features.py"", ""features\\rolling_features.py""]","[""__post_init__"", ""_build_canonical_dataset"", ""_build_empty_facility_grid"", ""_build_facility_grid"", ""_build_window_features"", ""_calculate_raw_occupancy_rate"", ""_empty_output_dataframe"", ""_finalize_dataframe"", ""_identify_capacity_exceeded"", ""_remove_negative_occupancy"", ""_transform_numeric_columns"", ""_validate_input"", ""_validate_schema"", ""_validate_transformed_dataset"", ""add_birmingham_demand_features"", ""add_birmingham_lag_features"", ""expected_pipeline_feature_columns"", ""transform"", ""validate_demand_features"", ""validate_occupancy_features"", ""validate_rolling_features""]","[""\""DEFAULT_OCCUPIED_SPACES_COLUMN\"","", ""\""OCCUPIED_SPACES_COLUMN\"","", ""\""occupied_spaces + available_spaces \"""", ""\""occupied_spaces contains negative values.\"""", ""\""occupied_spaces exceeds total_spaces \"""", ""\""occupied_spaces\"""", ""\""occupied_spaces\"","", ""\""occupied_spaces\"": ["", ""\""occupied_spaces_column cannot be empty.\"""", ""#     occupied_spaces > total_spaces"", ""#     permitted, because occupied_spaces > total_spaces"", ""& (occupied_spaces >= 0)"", ""& occupied_spaces.notna()"", "".occupied_spaces_column,"", ""CanonicalColumn.OCCUPIED_SPACES.value"", ""CanonicalColumn.OCCUPIED_SPACES.value,"", ""Column containing currently occupied spaces."", ""DEFAULT_OCCUPIED_SPACES_COLUMN"", ""DEFAULT_OCCUPIED_SPACES_COLUMN = \""occupied_spaces\"""", ""DEFAULT_OCCUPIED_SPACES_COLUMN = ("", ""OCCUPANCY_COLUMN = \""occupied_spaces\"""", ""OCCUPIED_SPACES = \""occupied_spaces\"""", ""OCCUPIED_SPACES_COLUMN"", ""OCCUPIED_SPACES_COLUMN = \""occupied_spaces\"""", ""OCCUPIED_SPACES_COLUMN,""]","[""DEFAULT_OCCUPIED_SPACES_COLUMN"", ""OCCUPIED_SPACES_COLUMN"", ""occupied_spaces""]",[],UNKNOWN,Insufficient static evidence for automatic causal approval.,"Feature family could not be established as deterministic calendar, current-state, or historical causal.",False,False,False,False,False,False,False,True,False,MEDIUM,"[""Manual source and timestamp verification required.""]"
occupied_spaces_roll_missing_3h,other,REQUIRES_CAUSAL_REVIEW,True,"[""data\\dataset_audit.py"", ""data\\dataset_builder.py"", ""data\\temporal.py"", ""data\\temporal_normalizer.py"", ""data\\transformers.py"", ""data\\validators.py"", ""features\\demand_features.py"", ""features\\feature_pipeline.py"", ""features\\lag_features.py"", ""features\\occupancy_features.py"", ""features\\rolling_features.py""]","[""__post_init__"", ""_build_canonical_dataset"", ""_build_empty_facility_grid"", ""_build_facility_grid"", ""_calculate_raw_occupancy_rate"", ""_empty_output_dataframe"", ""_finalize_dataframe"", ""_identify_capacity_exceeded"", ""_remove_negative_occupancy"", ""_transform_numeric_columns"", ""_validate_input"", ""_validate_schema"", ""_validate_transformed_dataset"", ""add_birmingham_demand_features"", ""add_birmingham_lag_features"", ""expected_pipeline_feature_columns"", ""transform"", ""validate_demand_features"", ""validate_occupancy_features"", ""validate_rolling_features""]","[""\""DEFAULT_OCCUPIED_SPACES_COLUMN\"","", ""\""OCCUPIED_SPACES_COLUMN\"","", ""\""occupied_spaces + available_spaces \"""", ""\""occupied_spaces contains negative values.\"""", ""\""occupied_spaces exceeds total_spaces \"""", ""\""occupied_spaces\"""", ""\""occupied_spaces\"","", ""\""occupied_spaces\"": ["", ""\""occupied_spaces_column cannot be empty.\"""", ""#     occupied_spaces > total_spaces"", ""#     permitted, because occupied_spaces > total_spaces"", ""& (occupied_spaces >= 0)"", ""& occupied_spaces.notna()"", "".occupied_spaces_column,"", ""CanonicalColumn.OCCUPIED_SPACES.value"", ""CanonicalColumn.OCCUPIED_SPACES.value,"", ""Column containing currently occupied spaces."", ""DEFAULT_OCCUPIED_SPACES_COLUMN"", ""DEFAULT_OCCUPIED_SPACES_COLUMN = \""occupied_spaces\"""", ""DEFAULT_OCCUPIED_SPACES_COLUMN = ("", ""OCCUPANCY_COLUMN = \""occupied_spaces\"""", ""OCCUPIED_SPACES = \""occupied_spaces\"""", ""OCCUPIED_SPACES_COLUMN"", ""OCCUPIED_SPACES_COLUMN = \""occupied_spaces\"""", ""OCCUPIED_SPACES_COLUMN,""]","[""DEFAULT_OCCUPIED_SPACES_COLUMN"", ""OCCUPIED_SPACES_COLUMN"", ""occupied_spaces""]",[],UNKNOWN,Insufficient static evidence for automatic causal approval.,"Feature family could not be established as deterministic calendar, current-state, or historical causal.",False,False,False,False,False,False,False,True,False,MEDIUM,"[""Manual source and timestamp verification required.""]"
occupied_spaces_roll_coverage_ratio_3h,other,REQUIRES_CAUSAL_REVIEW,True,"[""data\\dataset_audit.py"", ""data\\dataset_builder.py"", ""data\\temporal.py"", ""data\\temporal_normalizer.py"", ""data\\transformers.py"", ""data\\validators.py"", ""features\\demand_features.py"", ""features\\feature_pipeline.py"", ""features\\lag_features.py"", ""features\\occupancy_features.py"", ""features\\rolling_features.py""]","[""__post_init__"", ""_audit_targets"", ""_build_canonical_dataset"", ""_build_empty_facility_grid"", ""_build_facility_grid"", ""_calculate_raw_occupancy_rate"", ""_empty_output_dataframe"", ""_finalize_dataframe"", ""_identify_capacity_exceeded"", ""_remove_negative_occupancy"", ""_transform_numeric_columns"", ""_validate_input"", ""_validate_schema"", ""_validate_transformed_dataset"", ""add_birmingham_demand_features"", ""add_birmingham_lag_features"", ""expected_pipeline_feature_columns"", ""transform"", ""validate_demand_features"", ""validate_occupancy_features"", ""validate_rolling_features""]","[""\""DEFAULT_OCCUPIED_SPACES_COLUMN\"","", ""\""OCCUPIED_SPACES_COLUMN\"","", ""\""minimum_target_coverage_ratio must \"""", ""\""occupied_ratio\"""", ""\""occupied_ratio\"","", ""\""occupied_spaces + available_spaces \"""", ""\""occupied_spaces contains negative values.\"""", ""\""occupied_spaces exceeds total_spaces \"""", ""\""occupied_spaces\"""", ""\""occupied_spaces\"","", ""\""occupied_spaces\"": ["", ""\""occupied_spaces_column cannot be empty.\"""", ""#     occupied_spaces > total_spaces"", ""#     permitted, because occupied_spaces > total_spaces"", ""# independently calculated occupied/capacity ratio."", ""& (occupied_spaces >= 0)"", ""& occupied_spaces.notna()"", "".minimum_target_coverage_ratio"", "".occupied_spaces_column,"", ""<= self.minimum_target_coverage_ratio"", ""CanonicalColumn.OCCUPIED_SPACES.value"", ""CanonicalColumn.OCCUPIED_SPACES.value,"", ""Column containing currently occupied spaces."", ""DEFAULT_OCCUPIED_SPACES_COLUMN"", ""DEFAULT_OCCUPIED_SPACES_COLUMN = \""occupied_spaces\""""]","[""DEFAULT_OCCUPIED_SPACES_COLUMN"", ""OCCUPIED_SPACES_COLUMN"", ""occupied_ratio"", ""occupied_spaces""]",[],UNKNOWN,Insufficient static evidence for automatic causal approval.,"Feature family could not be established as deterministic calendar, current-state, or historical causal.",False,False,False,False,False,False,False,True,False,MEDIUM,"[""Manual source and timestamp verification required.""]"
occupied_spaces_roll_3h_available,other,REQUIRES_CAUSAL_REVIEW,True,"[""data\\dataset_audit.py"", ""data\\dataset_builder.py"", ""data\\temporal.py"", ""data\\temporal_normalizer.py"", ""data\\transformers.py"", ""data\\validators.py"", ""features\\demand_features.py"", ""features\\feature_pipeline.py"", ""features\\lag_features.py"", ""features\\occupancy_features.py"", ""features\\rolling_features.py""]","[""__post_init__"", ""_build_canonical_dataset"", ""_build_empty_facility_grid"", ""_build_facility_grid"", ""_calculate_raw_occupancy_rate"", ""_empty_output_dataframe"", ""_finalize_dataframe"", ""_identify_capacity_exceeded"", ""_remove_negative_occupancy"", ""_transform_numeric_columns"", ""_validate_input"", ""_validate_schema"", ""_validate_transformed_dataset"", ""add_birmingham_demand_features"", ""add_birmingham_lag_features"", ""expected_pipeline_feature_columns"", ""transform"", ""validate_demand_features"", ""validate_occupancy_features"", ""validate_rolling_features""]","[""\""AVAILABLE_SPACES_COLUMN\"","", ""\""DEFAULT_AVAILABLE_SPACES_COLUMN\"","", ""\""DEFAULT_OCCUPIED_SPACES_COLUMN\"","", ""\""OCCUPIED_SPACES_COLUMN\"","", ""\""available_spaces\"""", ""\""available_spaces\"","", ""\""available_spaces\"": ["", ""\""available_spaces_column cannot be empty.\"""", ""\""occupied_spaces + available_spaces \"""", ""\""occupied_spaces contains negative values.\"""", ""\""occupied_spaces exceeds total_spaces \"""", ""\""occupied_spaces\"""", ""\""occupied_spaces\"","", ""\""occupied_spaces\"": ["", ""\""occupied_spaces_column cannot be empty.\"""", ""#     occupied_spaces > total_spaces"", ""#     permitted, because occupied_spaces > total_spaces"", ""#   occupied + available = capacity"", ""# Available spaces"", ""& (available_spaces >= 0)"", ""& (occupied_spaces >= 0)"", ""& available_spaces.notna()"", ""& occupied_spaces.notna()"", ""+ available_spaces"", "".available_spaces_column,""]","[""AVAILABLE_SPACES_COLUMN"", ""DEFAULT_AVAILABLE_SPACES_COLUMN"", ""DEFAULT_OCCUPIED_SPACES_COLUMN"", ""OCCUPIED_SPACES_COLUMN"", ""available_spaces"", ""occupied_spaces""]",[],UNKNOWN,Insufficient static evidence for automatic causal approval.,"Feature family could not be established as deterministic calendar, current-state, or historical causal.",False,False,False,False,False,False,False,True,False,MEDIUM,"[""Manual source and timestamp verification required.""]"
occupied_spaces_roll_mean_6h,other,REQUIRES_CAUSAL_REVIEW,True,"[""data\\dataset_audit.py"", ""data\\dataset_builder.py"", ""data\\temporal.py"", ""data\\temporal_normalizer.py"", ""data\\transformers.py"", ""data\\validators.py"", ""features\\demand_features.py"", ""features\\feature_pipeline.py"", ""features\\lag_features.py"", ""features\\occupancy_features.py"", ""features\\rolling_features.py""]","[""__post_init__"", ""_build_canonical_dataset"", ""_build_empty_facility_grid"", ""_build_facility_grid"", ""_build_window_features"", ""_calculate_raw_occupancy_rate"", ""_empty_output_dataframe"", ""_finalize_dataframe"", ""_identify_capacity_exceeded"", ""_remove_negative_occupancy"", ""_transform_numeric_columns"", ""_validate_input"", ""_validate_schema"", ""_validate_transformed_dataset"", ""add_birmingham_demand_features"", ""add_birmingham_lag_features"", ""expected_pipeline_feature_columns"", ""transform"", ""validate_demand_features"", ""validate_occupancy_features""]","[""\""DEFAULT_OCCUPIED_SPACES_COLUMN\"","", ""\""OCCUPIED_SPACES_COLUMN\"","", ""\""occupied_spaces + available_spaces \"""", ""\""occupied_spaces contains negative values.\"""", ""\""occupied_spaces exceeds total_spaces \"""", ""\""occupied_spaces\"""", ""\""occupied_spaces\"","", ""\""occupied_spaces\"": ["", ""\""occupied_spaces_column cannot be empty.\"""", ""#     occupied_spaces > total_spaces"", ""#     permitted, because occupied_spaces > total_spaces"", ""& (occupied_spaces >= 0)"", ""& occupied_spaces.notna()"", "".occupied_spaces_column,"", ""CanonicalColumn.OCCUPIED_SPACES.value"", ""CanonicalColumn.OCCUPIED_SPACES.value,"", ""Column containing currently occupied spaces."", ""DEFAULT_OCCUPIED_SPACES_COLUMN"", ""DEFAULT_OCCUPIED_SPACES_COLUMN = \""occupied_spaces\"""", ""DEFAULT_OCCUPIED_SPACES_COLUMN = ("", ""OCCUPANCY_COLUMN = \""occupied_spaces\"""", ""OCCUPIED_SPACES = \""occupied_spaces\"""", ""OCCUPIED_SPACES_COLUMN"", ""OCCUPIED_SPACES_COLUMN = \""occupied_spaces\"""", ""OCCUPIED_SPACES_COLUMN,""]","[""DEFAULT_OCCUPIED_SPACES_COLUMN"", ""OCCUPIED_SPACES_COLUMN"", ""occupied_spaces""]",[],UNKNOWN,Insufficient static evidence for automatic causal approval.,"Feature family could not be established as deterministic calendar, current-state, or historical causal.",False,False,False,False,False,False,False,True,False,MEDIUM,"[""Manual source and timestamp verification required.""]"
occupied_spaces_roll_std_6h,other,REQUIRES_CAUSAL_REVIEW,True,"[""data\\dataset_audit.py"", ""data\\dataset_builder.py"", ""data\\temporal.py"", ""data\\temporal_normalizer.py"", ""data\\transformers.py"", ""data\\validators.py"", ""features\\demand_features.py"", ""features\\feature_pipeline.py"", ""features\\lag_features.py"", ""features\\occupancy_features.py"", ""features\\rolling_features.py""]","[""__post_init__"", ""_build_canonical_dataset"", ""_build_empty_facility_grid"", ""_build_facility_grid"", ""_calculate_raw_occupancy_rate"", ""_empty_output_dataframe"", ""_finalize_dataframe"", ""_identify_capacity_exceeded"", ""_remove_negative_occupancy"", ""_transform_numeric_columns"", ""_validate_input"", ""_validate_schema"", ""_validate_transformed_dataset"", ""add_birmingham_demand_features"", ""add_birmingham_lag_features"", ""expected_pipeline_feature_columns"", ""transform"", ""validate_demand_features"", ""validate_occupancy_features""]","[""\""DEFAULT_OCCUPIED_SPACES_COLUMN\"","", ""\""OCCUPIED_SPACES_COLUMN\"","", ""\""occupied_spaces + available_spaces \"""", ""\""occupied_spaces contains negative values.\"""", ""\""occupied_spaces exceeds total_spaces \"""", ""\""occupied_spaces\"""", ""\""occupied_spaces\"","", ""\""occupied_spaces\"": ["", ""\""occupied_spaces_column cannot be empty.\"""", ""#     occupied_spaces > total_spaces"", ""#     permitted, because occupied_spaces > total_spaces"", ""& (occupied_spaces >= 0)"", ""& occupied_spaces.notna()"", "".occupied_spaces_column,"", ""CanonicalColumn.OCCUPIED_SPACES.value"", ""CanonicalColumn.OCCUPIED_SPACES.value,"", ""Column containing currently occupied spaces."", ""DEFAULT_OCCUPIED_SPACES_COLUMN"", ""DEFAULT_OCCUPIED_SPACES_COLUMN = \""occupied_spaces\"""", ""DEFAULT_OCCUPIED_SPACES_COLUMN = ("", ""OCCUPANCY_COLUMN = \""occupied_spaces\"""", ""OCCUPIED_SPACES = \""occupied_spaces\"""", ""OCCUPIED_SPACES_COLUMN"", ""OCCUPIED_SPACES_COLUMN = \""occupied_spaces\"""", ""OCCUPIED_SPACES_COLUMN,""]","[""DEFAULT_OCCUPIED_SPACES_COLUMN"", ""OCCUPIED_SPACES_COLUMN"", ""occupied_spaces""]",[],UNKNOWN,Insufficient static evidence for automatic causal approval.,"Feature family could not be established as deterministic calendar, current-state, or historical causal.",False,False,False,False,False,False,False,True,False,MEDIUM,"[""Manual source and timestamp verification required.""]"
occupied_spaces_roll_min_6h,other,REQUIRES_CAUSAL_REVIEW,True,"[""data\\dataset_audit.py"", ""data\\dataset_builder.py"", ""data\\temporal.py"", ""data\\temporal_normalizer.py"", ""data\\transformers.py"", ""data\\validators.py"", ""features\\demand_features.py"", ""features\\feature_pipeline.py"", ""features\\lag_features.py"", ""features\\occupancy_features.py"", ""features\\rolling_features.py""]","[""__post_init__"", ""_build_canonical_dataset"", ""_build_empty_facility_grid"", ""_build_facility_grid"", ""_calculate_raw_occupancy_rate"", ""_empty_output_dataframe"", ""_finalize_dataframe"", ""_identify_capacity_exceeded"", ""_remove_negative_occupancy"", ""_transform_numeric_columns"", ""_validate_input"", ""_validate_schema"", ""_validate_transformed_dataset"", ""add_birmingham_demand_features"", ""add_birmingham_lag_features"", ""expected_pipeline_feature_columns"", ""transform"", ""validate_demand_features"", ""validate_occupancy_features""]","[""\""DEFAULT_OCCUPIED_SPACES_COLUMN\"","", ""\""OCCUPIED_SPACES_COLUMN\"","", ""\""occupied_spaces + available_spaces \"""", ""\""occupied_spaces contains negative values.\"""", ""\""occupied_spaces exceeds total_spaces \"""", ""\""occupied_spaces\"""", ""\""occupied_spaces\"","", ""\""occupied_spaces\"": ["", ""\""occupied_spaces_column cannot be empty.\"""", ""#     occupied_spaces > total_spaces"", ""#     permitted, because occupied_spaces > total_spaces"", ""& (occupied_spaces >= 0)"", ""& occupied_spaces.notna()"", "".occupied_spaces_column,"", ""CanonicalColumn.OCCUPIED_SPACES.value"", ""CanonicalColumn.OCCUPIED_SPACES.value,"", ""Column containing currently occupied spaces."", ""DEFAULT_OCCUPIED_SPACES_COLUMN"", ""DEFAULT_OCCUPIED_SPACES_COLUMN = \""occupied_spaces\"""", ""DEFAULT_OCCUPIED_SPACES_COLUMN = ("", ""OCCUPANCY_COLUMN = \""occupied_spaces\"""", ""OCCUPIED_SPACES = \""occupied_spaces\"""", ""OCCUPIED_SPACES_COLUMN"", ""OCCUPIED_SPACES_COLUMN = \""occupied_spaces\"""", ""OCCUPIED_SPACES_COLUMN,""]","[""DEFAULT_OCCUPIED_SPACES_COLUMN"", ""OCCUPIED_SPACES_COLUMN"", ""occupied_spaces""]",[],UNKNOWN,Insufficient static evidence for automatic causal approval.,"Feature family could not be established as deterministic calendar, current-state, or historical causal.",False,False,False,False,False,False,False,True,False,MEDIUM,"[""Manual source and timestamp verification required.""]"
occupied_spaces_roll_max_6h,other,REQUIRES_CAUSAL_REVIEW,True,"[""data\\dataset_audit.py"", ""data\\dataset_builder.py"", ""data\\temporal.py"", ""data\\temporal_normalizer.py"", ""data\\transformers.py"", ""data\\validators.py"", ""features\\demand_features.py"", ""features\\feature_pipeline.py"", ""features\\lag_features.py"", ""features\\occupancy_features.py"", ""features\\rolling_features.py""]","[""__post_init__"", ""_build_canonical_dataset"", ""_build_empty_facility_grid"", ""_build_facility_grid"", ""_calculate_raw_occupancy_rate"", ""_empty_output_dataframe"", ""_finalize_dataframe"", ""_identify_capacity_exceeded"", ""_remove_negative_occupancy"", ""_transform_numeric_columns"", ""_validate_input"", ""_validate_schema"", ""_validate_transformed_dataset"", ""add_birmingham_demand_features"", ""add_birmingham_lag_features"", ""expected_pipeline_feature_columns"", ""transform"", ""validate_demand_features"", ""validate_occupancy_features""]","[""\""DEFAULT_OCCUPIED_SPACES_COLUMN\"","", ""\""OCCUPIED_SPACES_COLUMN\"","", ""\""occupied_spaces + available_spaces \"""", ""\""occupied_spaces contains negative values.\"""", ""\""occupied_spaces exceeds total_spaces \"""", ""\""occupied_spaces\"""", ""\""occupied_spaces\"","", ""\""occupied_spaces\"": ["", ""\""occupied_spaces_column cannot be empty.\"""", ""#     occupied_spaces > total_spaces"", ""#     permitted, because occupied_spaces > total_spaces"", ""& (occupied_spaces >= 0)"", ""& occupied_spaces.notna()"", "".occupied_spaces_column,"", ""CanonicalColumn.OCCUPIED_SPACES.value"", ""CanonicalColumn.OCCUPIED_SPACES.value,"", ""Column containing currently occupied spaces."", ""DEFAULT_OCCUPIED_SPACES_COLUMN"", ""DEFAULT_OCCUPIED_SPACES_COLUMN = \""occupied_spaces\"""", ""DEFAULT_OCCUPIED_SPACES_COLUMN = ("", ""OCCUPANCY_COLUMN = \""occupied_spaces\"""", ""OCCUPIED_SPACES = \""occupied_spaces\"""", ""OCCUPIED_SPACES_COLUMN"", ""OCCUPIED_SPACES_COLUMN = \""occupied_spaces\"""", ""OCCUPIED_SPACES_COLUMN,""]","[""DEFAULT_OCCUPIED_SPACES_COLUMN"", ""OCCUPIED_SPACES_COLUMN"", ""occupied_spaces""]",[],UNKNOWN,Insufficient static evidence for automatic causal approval.,"Feature family could not be established as deterministic calendar, current-state, or historical causal.",False,False,False,False,False,False,False,True,False,MEDIUM,"[""Manual source and timestamp verification required.""]"
occupied_spaces_roll_median_6h,other,REQUIRES_CAUSAL_REVIEW,True,"[""data\\dataset_audit.py"", ""data\\dataset_builder.py"", ""data\\temporal.py"", ""data\\temporal_normalizer.py"", ""data\\transformers.py"", ""data\\validators.py"", ""features\\demand_features.py"", ""features\\feature_pipeline.py"", ""features\\lag_features.py"", ""features\\occupancy_features.py"", ""features\\rolling_features.py""]","[""__post_init__"", ""_build_canonical_dataset"", ""_build_empty_facility_grid"", ""_build_facility_grid"", ""_build_window_features"", ""_calculate_raw_occupancy_rate"", ""_empty_output_dataframe"", ""_finalize_dataframe"", ""_identify_capacity_exceeded"", ""_remove_negative_occupancy"", ""_transform_numeric_columns"", ""_validate_input"", ""_validate_schema"", ""_validate_transformed_dataset"", ""add_birmingham_demand_features"", ""add_birmingham_lag_features"", ""expected_pipeline_feature_columns"", ""transform"", ""validate_demand_features"", ""validate_occupancy_features""]","[""\""DEFAULT_OCCUPIED_SPACES_COLUMN\"","", ""\""OCCUPIED_SPACES_COLUMN\"","", ""\""occupied_spaces + available_spaces \"""", ""\""occupied_spaces contains negative values.\"""", ""\""occupied_spaces exceeds total_spaces \"""", ""\""occupied_spaces\"""", ""\""occupied_spaces\"","", ""\""occupied_spaces\"": ["", ""\""occupied_spaces_column cannot be empty.\"""", ""#     occupied_spaces > total_spaces"", ""#     permitted, because occupied_spaces > total_spaces"", ""& (occupied_spaces >= 0)"", ""& occupied_spaces.notna()"", "".occupied_spaces_column,"", ""CanonicalColumn.OCCUPIED_SPACES.value"", ""CanonicalColumn.OCCUPIED_SPACES.value,"", ""Column containing currently occupied spaces."", ""DEFAULT_OCCUPIED_SPACES_COLUMN"", ""DEFAULT_OCCUPIED_SPACES_COLUMN = \""occupied_spaces\"""", ""DEFAULT_OCCUPIED_SPACES_COLUMN = ("", ""OCCUPANCY_COLUMN = \""occupied_spaces\"""", ""OCCUPIED_SPACES = \""occupied_spaces\"""", ""OCCUPIED_SPACES_COLUMN"", ""OCCUPIED_SPACES_COLUMN = \""occupied_spaces\"""", ""OCCUPIED_SPACES_COLUMN,""]","[""DEFAULT_OCCUPIED_SPACES_COLUMN"", ""OCCUPIED_SPACES_COLUMN"", ""occupied_spaces""]",[],UNKNOWN,Insufficient static evidence for automatic causal approval.,"Feature family could not be established as deterministic calendar, current-state, or historical causal.",False,False,False,False,False,False,False,True,False,MEDIUM,"[""Manual source and timestamp verification required.""]"
occupied_spaces_roll_trend_6h,historical,PRODUCTION_SAFE_HISTORICAL,True,"[""data\\dataset_audit.py"", ""data\\dataset_builder.py"", ""data\\temporal.py"", ""data\\temporal_normalizer.py"", ""data\\transformers.py"", ""data\\validators.py"", ""features\\demand_features.py"", ""features\\feature_pipeline.py"", ""features\\lag_features.py"", ""features\\occupancy_features.py"", ""features\\rolling_features.py""]","[""__post_init__"", ""_build_canonical_dataset"", ""_build_empty_facility_grid"", ""_build_facility_grid"", ""_build_window_features"", ""_calculate_raw_occupancy_rate"", ""_empty_output_dataframe"", ""_finalize_dataframe"", ""_identify_capacity_exceeded"", ""_remove_negative_occupancy"", ""_transform_numeric_columns"", ""_validate_input"", ""_validate_schema"", ""_validate_transformed_dataset"", ""add_birmingham_demand_features"", ""add_birmingham_lag_features"", ""expected_pipeline_feature_columns"", ""transform"", ""validate_demand_features"", ""validate_occupancy_features""]","[""\""DEFAULT_OCCUPIED_SPACES_COLUMN\"","", ""\""OCCUPIED_SPACES_COLUMN\"","", ""\""occupied_spaces + available_spaces \"""", ""\""occupied_spaces contains negative values.\"""", ""\""occupied_spaces exceeds total_spaces \"""", ""\""occupied_spaces\"""", ""\""occupied_spaces\"","", ""\""occupied_spaces\"": ["", ""\""occupied_spaces_column cannot be empty.\"""", ""#     occupied_spaces > total_spaces"", ""#     permitted, because occupied_spaces > total_spaces"", ""& (occupied_spaces >= 0)"", ""& occupied_spaces.notna()"", "".occupied_spaces_column,"", ""CanonicalColumn.OCCUPIED_SPACES.value"", ""CanonicalColumn.OCCUPIED_SPACES.value,"", ""Column containing currently occupied spaces."", ""DEFAULT_OCCUPIED_SPACES_COLUMN"", ""DEFAULT_OCCUPIED_SPACES_COLUMN = \""occupied_spaces\"""", ""DEFAULT_OCCUPIED_SPACES_COLUMN = ("", ""OCCUPANCY_COLUMN = \""occupied_spaces\"""", ""OCCUPIED_SPACES = \""occupied_spaces\"""", ""OCCUPIED_SPACES_COLUMN"", ""OCCUPIED_SPACES_COLUMN = \""occupied_spaces\"""", ""OCCUPIED_SPACES_COLUMN,""]","[""DEFAULT_OCCUPIED_SPACES_COLUMN"", ""OCCUPIED_SPACES_COLUMN"", ""occupied_spaces""]",[],AT_OR_BEFORE_T,Historical/lag/rolling feature; no feature-level future operation detected.,Feature naming and source evidence indicate historical semantics.,False,False,False,False,False,False,False,True,False,HIGH,"[""Formal source timestamp verification is still recommended before production approval.""]"
occupied_spaces_roll_count_6h,other,REQUIRES_CAUSAL_REVIEW,True,"[""data\\dataset_audit.py"", ""data\\dataset_builder.py"", ""data\\temporal.py"", ""data\\temporal_normalizer.py"", ""data\\transformers.py"", ""data\\validators.py"", ""features\\demand_features.py"", ""features\\feature_pipeline.py"", ""features\\lag_features.py"", ""features\\occupancy_features.py"", ""features\\rolling_features.py""]","[""__post_init__"", ""_build_canonical_dataset"", ""_build_empty_facility_grid"", ""_build_facility_grid"", ""_build_window_features"", ""_calculate_raw_occupancy_rate"", ""_empty_output_dataframe"", ""_finalize_dataframe"", ""_identify_capacity_exceeded"", ""_remove_negative_occupancy"", ""_transform_numeric_columns"", ""_validate_input"", ""_validate_schema"", ""_validate_transformed_dataset"", ""add_birmingham_demand_features"", ""add_birmingham_lag_features"", ""expected_pipeline_feature_columns"", ""transform"", ""validate_demand_features"", ""validate_occupancy_features"", ""validate_rolling_features""]","[""\""DEFAULT_OCCUPIED_SPACES_COLUMN\"","", ""\""OCCUPIED_SPACES_COLUMN\"","", ""\""occupied_spaces + available_spaces \"""", ""\""occupied_spaces contains negative values.\"""", ""\""occupied_spaces exceeds total_spaces \"""", ""\""occupied_spaces\"""", ""\""occupied_spaces\"","", ""\""occupied_spaces\"": ["", ""\""occupied_spaces_column cannot be empty.\"""", ""#     occupied_spaces > total_spaces"", ""#     permitted, because occupied_spaces > total_spaces"", ""& (occupied_spaces >= 0)"", ""& occupied_spaces.notna()"", "".occupied_spaces_column,"", ""CanonicalColumn.OCCUPIED_SPACES.value"", ""CanonicalColumn.OCCUPIED_SPACES.value,"", ""Column containing currently occupied spaces."", ""DEFAULT_OCCUPIED_SPACES_COLUMN"", ""DEFAULT_OCCUPIED_SPACES_COLUMN = \""occupied_spaces\"""", ""DEFAULT_OCCUPIED_SPACES_COLUMN = ("", ""OCCUPANCY_COLUMN = \""occupied_spaces\"""", ""OCCUPIED_SPACES = \""occupied_spaces\"""", ""OCCUPIED_SPACES_COLUMN"", ""OCCUPIED_SPACES_COLUMN = \""occupied_spaces\"""", ""OCCUPIED_SPACES_COLUMN,""]","[""DEFAULT_OCCUPIED_SPACES_COLUMN"", ""OCCUPIED_SPACES_COLUMN"", ""occupied_spaces""]",[],UNKNOWN,Insufficient static evidence for automatic causal approval.,"Feature family could not be established as deterministic calendar, current-state, or historical causal.",False,False,False,False,False,False,False,True,False,MEDIUM,"[""Manual source and timestamp verification required.""]"
occupied_spaces_roll_missing_6h,other,REQUIRES_CAUSAL_REVIEW,True,"[""data\\dataset_audit.py"", ""data\\dataset_builder.py"", ""data\\temporal.py"", ""data\\temporal_normalizer.py"", ""data\\transformers.py"", ""data\\validators.py"", ""features\\demand_features.py"", ""features\\feature_pipeline.py"", ""features\\lag_features.py"", ""features\\occupancy_features.py"", ""features\\rolling_features.py""]","[""__post_init__"", ""_build_canonical_dataset"", ""_build_empty_facility_grid"", ""_build_facility_grid"", ""_calculate_raw_occupancy_rate"", ""_empty_output_dataframe"", ""_finalize_dataframe"", ""_identify_capacity_exceeded"", ""_remove_negative_occupancy"", ""_transform_numeric_columns"", ""_validate_input"", ""_validate_schema"", ""_validate_transformed_dataset"", ""add_birmingham_demand_features"", ""add_birmingham_lag_features"", ""expected_pipeline_feature_columns"", ""transform"", ""validate_demand_features"", ""validate_occupancy_features"", ""validate_rolling_features""]","[""\""DEFAULT_OCCUPIED_SPACES_COLUMN\"","", ""\""OCCUPIED_SPACES_COLUMN\"","", ""\""occupied_spaces + available_spaces \"""", ""\""occupied_spaces contains negative values.\"""", ""\""occupied_spaces exceeds total_spaces \"""", ""\""occupied_spaces\"""", ""\""occupied_spaces\"","", ""\""occupied_spaces\"": ["", ""\""occupied_spaces_column cannot be empty.\"""", ""#     occupied_spaces > total_spaces"", ""#     permitted, because occupied_spaces > total_spaces"", ""& (occupied_spaces >= 0)"", ""& occupied_spaces.notna()"", "".occupied_spaces_column,"", ""CanonicalColumn.OCCUPIED_SPACES.value"", ""CanonicalColumn.OCCUPIED_SPACES.value,"", ""Column containing currently occupied spaces."", ""DEFAULT_OCCUPIED_SPACES_COLUMN"", ""DEFAULT_OCCUPIED_SPACES_COLUMN = \""occupied_spaces\"""", ""DEFAULT_OCCUPIED_SPACES_COLUMN = ("", ""OCCUPANCY_COLUMN = \""occupied_spaces\"""", ""OCCUPIED_SPACES = \""occupied_spaces\"""", ""OCCUPIED_SPACES_COLUMN"", ""OCCUPIED_SPACES_COLUMN = \""occupied_spaces\"""", ""OCCUPIED_SPACES_COLUMN,""]","[""DEFAULT_OCCUPIED_SPACES_COLUMN"", ""OCCUPIED_SPACES_COLUMN"", ""occupied_spaces""]",[],UNKNOWN,Insufficient static evidence for automatic causal approval.,"Feature family could not be established as deterministic calendar, current-state, or historical causal.",False,False,False,False,False,False,False,True,False,MEDIUM,"[""Manual source and timestamp verification required.""]"
occupied_spaces_roll_coverage_ratio_6h,other,REQUIRES_CAUSAL_REVIEW,True,"[""data\\dataset_audit.py"", ""data\\dataset_builder.py"", ""data\\temporal.py"", ""data\\temporal_normalizer.py"", ""data\\transformers.py"", ""data\\validators.py"", ""features\\demand_features.py"", ""features\\feature_pipeline.py"", ""features\\lag_features.py"", ""features\\occupancy_features.py"", ""features\\rolling_features.py""]","[""__post_init__"", ""_audit_targets"", ""_build_canonical_dataset"", ""_build_empty_facility_grid"", ""_build_facility_grid"", ""_calculate_raw_occupancy_rate"", ""_empty_output_dataframe"", ""_finalize_dataframe"", ""_identify_capacity_exceeded"", ""_remove_negative_occupancy"", ""_transform_numeric_columns"", ""_validate_input"", ""_validate_schema"", ""_validate_transformed_dataset"", ""add_birmingham_demand_features"", ""add_birmingham_lag_features"", ""expected_pipeline_feature_columns"", ""transform"", ""validate_demand_features"", ""validate_occupancy_features"", ""validate_rolling_features""]","[""\""DEFAULT_OCCUPIED_SPACES_COLUMN\"","", ""\""OCCUPIED_SPACES_COLUMN\"","", ""\""minimum_target_coverage_ratio must \"""", ""\""occupied_ratio\"""", ""\""occupied_ratio\"","", ""\""occupied_spaces + available_spaces \"""", ""\""occupied_spaces contains negative values.\"""", ""\""occupied_spaces exceeds total_spaces \"""", ""\""occupied_spaces\"""", ""\""occupied_spaces\"","", ""\""occupied_spaces\"": ["", ""\""occupied_spaces_column cannot be empty.\"""", ""#     occupied_spaces > total_spaces"", ""#     permitted, because occupied_spaces > total_spaces"", ""# independently calculated occupied/capacity ratio."", ""& (occupied_spaces >= 0)"", ""& occupied_spaces.notna()"", "".minimum_target_coverage_ratio"", "".occupied_spaces_column,"", ""<= self.minimum_target_coverage_ratio"", ""CanonicalColumn.OCCUPIED_SPACES.value"", ""CanonicalColumn.OCCUPIED_SPACES.value,"", ""Column containing currently occupied spaces."", ""DEFAULT_OCCUPIED_SPACES_COLUMN"", ""DEFAULT_OCCUPIED_SPACES_COLUMN = \""occupied_spaces\""""]","[""DEFAULT_OCCUPIED_SPACES_COLUMN"", ""OCCUPIED_SPACES_COLUMN"", ""occupied_ratio"", ""occupied_spaces""]",[],UNKNOWN,Insufficient static evidence for automatic causal approval.,"Feature family could not be established as deterministic calendar, current-state, or historical causal.",False,False,False,False,False,False,False,True,False,MEDIUM,"[""Manual source and timestamp verification required.""]"
occupied_spaces_roll_6h_available,other,REQUIRES_CAUSAL_REVIEW,True,"[""data\\dataset_audit.py"", ""data\\dataset_builder.py"", ""data\\temporal.py"", ""data\\temporal_normalizer.py"", ""data\\transformers.py"", ""data\\validators.py"", ""features\\demand_features.py"", ""features\\feature_pipeline.py"", ""features\\lag_features.py"", ""features\\occupancy_features.py"", ""features\\rolling_features.py""]","[""__post_init__"", ""_build_canonical_dataset"", ""_build_empty_facility_grid"", ""_build_facility_grid"", ""_calculate_raw_occupancy_rate"", ""_empty_output_dataframe"", ""_finalize_dataframe"", ""_identify_capacity_exceeded"", ""_remove_negative_occupancy"", ""_transform_numeric_columns"", ""_validate_input"", ""_validate_schema"", ""_validate_transformed_dataset"", ""add_birmingham_demand_features"", ""add_birmingham_lag_features"", ""expected_pipeline_feature_columns"", ""transform"", ""validate_demand_features"", ""validate_occupancy_features"", ""validate_rolling_features""]","[""\""AVAILABLE_SPACES_COLUMN\"","", ""\""DEFAULT_AVAILABLE_SPACES_COLUMN\"","", ""\""DEFAULT_OCCUPIED_SPACES_COLUMN\"","", ""\""OCCUPIED_SPACES_COLUMN\"","", ""\""available_spaces\"""", ""\""available_spaces\"","", ""\""available_spaces\"": ["", ""\""available_spaces_column cannot be empty.\"""", ""\""occupied_spaces + available_spaces \"""", ""\""occupied_spaces contains negative values.\"""", ""\""occupied_spaces exceeds total_spaces \"""", ""\""occupied_spaces\"""", ""\""occupied_spaces\"","", ""\""occupied_spaces\"": ["", ""\""occupied_spaces_column cannot be empty.\"""", ""#     occupied_spaces > total_spaces"", ""#     permitted, because occupied_spaces > total_spaces"", ""#   occupied + available = capacity"", ""# Available spaces"", ""& (available_spaces >= 0)"", ""& (occupied_spaces >= 0)"", ""& available_spaces.notna()"", ""& occupied_spaces.notna()"", ""+ available_spaces"", "".available_spaces_column,""]","[""AVAILABLE_SPACES_COLUMN"", ""DEFAULT_AVAILABLE_SPACES_COLUMN"", ""DEFAULT_OCCUPIED_SPACES_COLUMN"", ""OCCUPIED_SPACES_COLUMN"", ""available_spaces"", ""occupied_spaces""]",[],UNKNOWN,Insufficient static evidence for automatic causal approval.,"Feature family could not be established as deterministic calendar, current-state, or historical causal.",False,False,False,False,False,False,False,True,False,MEDIUM,"[""Manual source and timestamp verification required.""]"
occupied_spaces_roll_mean_12h,other,REQUIRES_CAUSAL_REVIEW,True,"[""data\\dataset_audit.py"", ""data\\dataset_builder.py"", ""data\\temporal.py"", ""data\\temporal_normalizer.py"", ""data\\transformers.py"", ""data\\validators.py"", ""features\\demand_features.py"", ""features\\feature_pipeline.py"", ""features\\lag_features.py"", ""features\\occupancy_features.py"", ""features\\rolling_features.py""]","[""__post_init__"", ""_build_canonical_dataset"", ""_build_empty_facility_grid"", ""_build_facility_grid"", ""_build_window_features"", ""_calculate_raw_occupancy_rate"", ""_empty_output_dataframe"", ""_finalize_dataframe"", ""_identify_capacity_exceeded"", ""_remove_negative_occupancy"", ""_transform_numeric_columns"", ""_validate_input"", ""_validate_schema"", ""_validate_transformed_dataset"", ""add_birmingham_demand_features"", ""add_birmingham_lag_features"", ""expected_pipeline_feature_columns"", ""transform"", ""validate_demand_features"", ""validate_occupancy_features""]","[""\""DEFAULT_OCCUPIED_SPACES_COLUMN\"","", ""\""OCCUPIED_SPACES_COLUMN\"","", ""\""occupied_spaces + available_spaces \"""", ""\""occupied_spaces contains negative values.\"""", ""\""occupied_spaces exceeds total_spaces \"""", ""\""occupied_spaces\"""", ""\""occupied_spaces\"","", ""\""occupied_spaces\"": ["", ""\""occupied_spaces_column cannot be empty.\"""", ""#     occupied_spaces > total_spaces"", ""#     permitted, because occupied_spaces > total_spaces"", ""& (occupied_spaces >= 0)"", ""& occupied_spaces.notna()"", "".occupied_spaces_column,"", ""CanonicalColumn.OCCUPIED_SPACES.value"", ""CanonicalColumn.OCCUPIED_SPACES.value,"", ""Column containing currently occupied spaces."", ""DEFAULT_OCCUPIED_SPACES_COLUMN"", ""DEFAULT_OCCUPIED_SPACES_COLUMN = \""occupied_spaces\"""", ""DEFAULT_OCCUPIED_SPACES_COLUMN = ("", ""OCCUPANCY_COLUMN = \""occupied_spaces\"""", ""OCCUPIED_SPACES = \""occupied_spaces\"""", ""OCCUPIED_SPACES_COLUMN"", ""OCCUPIED_SPACES_COLUMN = \""occupied_spaces\"""", ""OCCUPIED_SPACES_COLUMN,""]","[""DEFAULT_OCCUPIED_SPACES_COLUMN"", ""OCCUPIED_SPACES_COLUMN"", ""occupied_spaces""]",[],UNKNOWN,Insufficient static evidence for automatic causal approval.,"Feature family could not be established as deterministic calendar, current-state, or historical causal.",False,False,False,False,False,False,False,True,False,MEDIUM,"[""Manual source and timestamp verification required.""]"
occupied_spaces_roll_std_12h,other,REQUIRES_CAUSAL_REVIEW,True,"[""data\\dataset_audit.py"", ""data\\dataset_builder.py"", ""data\\temporal.py"", ""data\\temporal_normalizer.py"", ""data\\transformers.py"", ""data\\validators.py"", ""features\\demand_features.py"", ""features\\feature_pipeline.py"", ""features\\lag_features.py"", ""features\\occupancy_features.py"", ""features\\rolling_features.py""]","[""__post_init__"", ""_build_canonical_dataset"", ""_build_empty_facility_grid"", ""_build_facility_grid"", ""_calculate_raw_occupancy_rate"", ""_empty_output_dataframe"", ""_finalize_dataframe"", ""_identify_capacity_exceeded"", ""_remove_negative_occupancy"", ""_transform_numeric_columns"", ""_validate_input"", ""_validate_schema"", ""_validate_transformed_dataset"", ""add_birmingham_demand_features"", ""add_birmingham_lag_features"", ""expected_pipeline_feature_columns"", ""transform"", ""validate_demand_features"", ""validate_occupancy_features""]","[""\""DEFAULT_OCCUPIED_SPACES_COLUMN\"","", ""\""OCCUPIED_SPACES_COLUMN\"","", ""\""occupied_spaces + available_spaces \"""", ""\""occupied_spaces contains negative values.\"""", ""\""occupied_spaces exceeds total_spaces \"""", ""\""occupied_spaces\"""", ""\""occupied_spaces\"","", ""\""occupied_spaces\"": ["", ""\""occupied_spaces_column cannot be empty.\"""", ""#     occupied_spaces > total_spaces"", ""#     permitted, because occupied_spaces > total_spaces"", ""& (occupied_spaces >= 0)"", ""& occupied_spaces.notna()"", "".occupied_spaces_column,"", ""CanonicalColumn.OCCUPIED_SPACES.value"", ""CanonicalColumn.OCCUPIED_SPACES.value,"", ""Column containing currently occupied spaces."", ""DEFAULT_OCCUPIED_SPACES_COLUMN"", ""DEFAULT_OCCUPIED_SPACES_COLUMN = \""occupied_spaces\"""", ""DEFAULT_OCCUPIED_SPACES_COLUMN = ("", ""OCCUPANCY_COLUMN = \""occupied_spaces\"""", ""OCCUPIED_SPACES = \""occupied_spaces\"""", ""OCCUPIED_SPACES_COLUMN"", ""OCCUPIED_SPACES_COLUMN = \""occupied_spaces\"""", ""OCCUPIED_SPACES_COLUMN,""]","[""DEFAULT_OCCUPIED_SPACES_COLUMN"", ""OCCUPIED_SPACES_COLUMN"", ""occupied_spaces""]",[],UNKNOWN,Insufficient static evidence for automatic causal approval.,"Feature family could not be established as deterministic calendar, current-state, or historical causal.",False,False,False,False,False,False,False,True,False,MEDIUM,"[""Manual source and timestamp verification required.""]"
occupied_spaces_roll_min_12h,other,REQUIRES_CAUSAL_REVIEW,True,"[""data\\dataset_audit.py"", ""data\\dataset_builder.py"", ""data\\temporal.py"", ""data\\temporal_normalizer.py"", ""data\\transformers.py"", ""data\\validators.py"", ""features\\demand_features.py"", ""features\\feature_pipeline.py"", ""features\\lag_features.py"", ""features\\occupancy_features.py"", ""features\\rolling_features.py""]","[""__post_init__"", ""_build_canonical_dataset"", ""_build_empty_facility_grid"", ""_build_facility_grid"", ""_calculate_raw_occupancy_rate"", ""_empty_output_dataframe"", ""_finalize_dataframe"", ""_identify_capacity_exceeded"", ""_remove_negative_occupancy"", ""_transform_numeric_columns"", ""_validate_input"", ""_validate_schema"", ""_validate_transformed_dataset"", ""add_birmingham_demand_features"", ""add_birmingham_lag_features"", ""expected_pipeline_feature_columns"", ""transform"", ""validate_demand_features"", ""validate_occupancy_features""]","[""\""DEFAULT_OCCUPIED_SPACES_COLUMN\"","", ""\""OCCUPIED_SPACES_COLUMN\"","", ""\""occupied_spaces + available_spaces \"""", ""\""occupied_spaces contains negative values.\"""", ""\""occupied_spaces exceeds total_spaces \"""", ""\""occupied_spaces\"""", ""\""occupied_spaces\"","", ""\""occupied_spaces\"": ["", ""\""occupied_spaces_column cannot be empty.\"""", ""#     occupied_spaces > total_spaces"", ""#     permitted, because occupied_spaces > total_spaces"", ""& (occupied_spaces >= 0)"", ""& occupied_spaces.notna()"", "".occupied_spaces_column,"", ""CanonicalColumn.OCCUPIED_SPACES.value"", ""CanonicalColumn.OCCUPIED_SPACES.value,"", ""Column containing currently occupied spaces."", ""DEFAULT_OCCUPIED_SPACES_COLUMN"", ""DEFAULT_OCCUPIED_SPACES_COLUMN = \""occupied_spaces\"""", ""DEFAULT_OCCUPIED_SPACES_COLUMN = ("", ""OCCUPANCY_COLUMN = \""occupied_spaces\"""", ""OCCUPIED_SPACES = \""occupied_spaces\"""", ""OCCUPIED_SPACES_COLUMN"", ""OCCUPIED_SPACES_COLUMN = \""occupied_spaces\"""", ""OCCUPIED_SPACES_COLUMN,""]","[""DEFAULT_OCCUPIED_SPACES_COLUMN"", ""OCCUPIED_SPACES_COLUMN"", ""occupied_spaces""]",[],UNKNOWN,Insufficient static evidence for automatic causal approval.,"Feature family could not be established as deterministic calendar, current-state, or historical causal.",False,False,False,False,False,False,False,True,False,MEDIUM,"[""Manual source and timestamp verification required.""]"
occupied_spaces_roll_max_12h,other,REQUIRES_CAUSAL_REVIEW,True,"[""data\\dataset_audit.py"", ""data\\dataset_builder.py"", ""data\\temporal.py"", ""data\\temporal_normalizer.py"", ""data\\transformers.py"", ""data\\validators.py"", ""features\\demand_features.py"", ""features\\feature_pipeline.py"", ""features\\lag_features.py"", ""features\\occupancy_features.py"", ""features\\rolling_features.py""]","[""__post_init__"", ""_build_canonical_dataset"", ""_build_empty_facility_grid"", ""_build_facility_grid"", ""_calculate_raw_occupancy_rate"", ""_empty_output_dataframe"", ""_finalize_dataframe"", ""_identify_capacity_exceeded"", ""_remove_negative_occupancy"", ""_transform_numeric_columns"", ""_validate_input"", ""_validate_schema"", ""_validate_transformed_dataset"", ""add_birmingham_demand_features"", ""add_birmingham_lag_features"", ""expected_pipeline_feature_columns"", ""transform"", ""validate_demand_features"", ""validate_occupancy_features""]","[""\""DEFAULT_OCCUPIED_SPACES_COLUMN\"","", ""\""OCCUPIED_SPACES_COLUMN\"","", ""\""occupied_spaces + available_spaces \"""", ""\""occupied_spaces contains negative values.\"""", ""\""occupied_spaces exceeds total_spaces \"""", ""\""occupied_spaces\"""", ""\""occupied_spaces\"","", ""\""occupied_spaces\"": ["", ""\""occupied_spaces_column cannot be empty.\"""", ""#     occupied_spaces > total_spaces"", ""#     permitted, because occupied_spaces > total_spaces"", ""& (occupied_spaces >= 0)"", ""& occupied_spaces.notna()"", "".occupied_spaces_column,"", ""CanonicalColumn.OCCUPIED_SPACES.value"", ""CanonicalColumn.OCCUPIED_SPACES.value,"", ""Column containing currently occupied spaces."", ""DEFAULT_OCCUPIED_SPACES_COLUMN"", ""DEFAULT_OCCUPIED_SPACES_COLUMN = \""occupied_spaces\"""", ""DEFAULT_OCCUPIED_SPACES_COLUMN = ("", ""OCCUPANCY_COLUMN = \""occupied_spaces\"""", ""OCCUPIED_SPACES = \""occupied_spaces\"""", ""OCCUPIED_SPACES_COLUMN"", ""OCCUPIED_SPACES_COLUMN = \""occupied_spaces\"""", ""OCCUPIED_SPACES_COLUMN,""]","[""DEFAULT_OCCUPIED_SPACES_COLUMN"", ""OCCUPIED_SPACES_COLUMN"", ""occupied_spaces""]",[],UNKNOWN,Insufficient static evidence for automatic causal approval.,"Feature family could not be established as deterministic calendar, current-state, or historical causal.",False,False,False,False,False,False,False,True,False,MEDIUM,"[""Manual source and timestamp verification required.""]"
occupied_spaces_roll_median_12h,other,REQUIRES_CAUSAL_REVIEW,True,"[""data\\dataset_audit.py"", ""data\\dataset_builder.py"", ""data\\temporal.py"", ""data\\temporal_normalizer.py"", ""data\\transformers.py"", ""data\\validators.py"", ""features\\demand_features.py"", ""features\\feature_pipeline.py"", ""features\\lag_features.py"", ""features\\occupancy_features.py"", ""features\\rolling_features.py""]","[""__post_init__"", ""_build_canonical_dataset"", ""_build_empty_facility_grid"", ""_build_facility_grid"", ""_build_window_features"", ""_calculate_raw_occupancy_rate"", ""_empty_output_dataframe"", ""_finalize_dataframe"", ""_identify_capacity_exceeded"", ""_remove_negative_occupancy"", ""_transform_numeric_columns"", ""_validate_input"", ""_validate_schema"", ""_validate_transformed_dataset"", ""add_birmingham_demand_features"", ""add_birmingham_lag_features"", ""expected_pipeline_feature_columns"", ""transform"", ""validate_demand_features"", ""validate_occupancy_features""]","[""\""DEFAULT_OCCUPIED_SPACES_COLUMN\"","", ""\""OCCUPIED_SPACES_COLUMN\"","", ""\""occupied_spaces + available_spaces \"""", ""\""occupied_spaces contains negative values.\"""", ""\""occupied_spaces exceeds total_spaces \"""", ""\""occupied_spaces\"""", ""\""occupied_spaces\"","", ""\""occupied_spaces\"": ["", ""\""occupied_spaces_column cannot be empty.\"""", ""#     occupied_spaces > total_spaces"", ""#     permitted, because occupied_spaces > total_spaces"", ""& (occupied_spaces >= 0)"", ""& occupied_spaces.notna()"", "".occupied_spaces_column,"", ""CanonicalColumn.OCCUPIED_SPACES.value"", ""CanonicalColumn.OCCUPIED_SPACES.value,"", ""Column containing currently occupied spaces."", ""DEFAULT_OCCUPIED_SPACES_COLUMN"", ""DEFAULT_OCCUPIED_SPACES_COLUMN = \""occupied_spaces\"""", ""DEFAULT_OCCUPIED_SPACES_COLUMN = ("", ""OCCUPANCY_COLUMN = \""occupied_spaces\"""", ""OCCUPIED_SPACES = \""occupied_spaces\"""", ""OCCUPIED_SPACES_COLUMN"", ""OCCUPIED_SPACES_COLUMN = \""occupied_spaces\"""", ""OCCUPIED_SPACES_COLUMN,""]","[""DEFAULT_OCCUPIED_SPACES_COLUMN"", ""OCCUPIED_SPACES_COLUMN"", ""occupied_spaces""]",[],UNKNOWN,Insufficient static evidence for automatic causal approval.,"Feature family could not be established as deterministic calendar, current-state, or historical causal.",False,False,False,False,False,False,False,True,False,MEDIUM,"[""Manual source and timestamp verification required.""]"
occupied_spaces_roll_trend_12h,historical,PRODUCTION_SAFE_HISTORICAL,True,"[""data\\dataset_audit.py"", ""data\\dataset_builder.py"", ""data\\temporal.py"", ""data\\temporal_normalizer.py"", ""data\\transformers.py"", ""data\\validators.py"", ""features\\demand_features.py"", ""features\\feature_pipeline.py"", ""features\\lag_features.py"", ""features\\occupancy_features.py"", ""features\\rolling_features.py""]","[""__post_init__"", ""_build_canonical_dataset"", ""_build_empty_facility_grid"", ""_build_facility_grid"", ""_build_window_features"", ""_calculate_raw_occupancy_rate"", ""_empty_output_dataframe"", ""_finalize_dataframe"", ""_identify_capacity_exceeded"", ""_remove_negative_occupancy"", ""_transform_numeric_columns"", ""_validate_input"", ""_validate_schema"", ""_validate_transformed_dataset"", ""add_birmingham_demand_features"", ""add_birmingham_lag_features"", ""expected_pipeline_feature_columns"", ""transform"", ""validate_demand_features"", ""validate_occupancy_features""]","[""\""DEFAULT_OCCUPIED_SPACES_COLUMN\"","", ""\""OCCUPIED_SPACES_COLUMN\"","", ""\""occupied_spaces + available_spaces \"""", ""\""occupied_spaces contains negative values.\"""", ""\""occupied_spaces exceeds total_spaces \"""", ""\""occupied_spaces\"""", ""\""occupied_spaces\"","", ""\""occupied_spaces\"": ["", ""\""occupied_spaces_column cannot be empty.\"""", ""#     occupied_spaces > total_spaces"", ""#     permitted, because occupied_spaces > total_spaces"", ""& (occupied_spaces >= 0)"", ""& occupied_spaces.notna()"", "".occupied_spaces_column,"", ""CanonicalColumn.OCCUPIED_SPACES.value"", ""CanonicalColumn.OCCUPIED_SPACES.value,"", ""Column containing currently occupied spaces."", ""DEFAULT_OCCUPIED_SPACES_COLUMN"", ""DEFAULT_OCCUPIED_SPACES_COLUMN = \""occupied_spaces\"""", ""DEFAULT_OCCUPIED_SPACES_COLUMN = ("", ""OCCUPANCY_COLUMN = \""occupied_spaces\"""", ""OCCUPIED_SPACES = \""occupied_spaces\"""", ""OCCUPIED_SPACES_COLUMN"", ""OCCUPIED_SPACES_COLUMN = \""occupied_spaces\"""", ""OCCUPIED_SPACES_COLUMN,""]","[""DEFAULT_OCCUPIED_SPACES_COLUMN"", ""OCCUPIED_SPACES_COLUMN"", ""occupied_spaces""]",[],AT_OR_BEFORE_T,Historical/lag/rolling feature; no feature-level future operation detected.,Feature naming and source evidence indicate historical semantics.,False,False,False,False,False,False,False,True,False,HIGH,"[""Formal source timestamp verification is still recommended before production approval.""]"
occupied_spaces_roll_count_12h,other,REQUIRES_CAUSAL_REVIEW,True,"[""data\\dataset_audit.py"", ""data\\dataset_builder.py"", ""data\\temporal.py"", ""data\\temporal_normalizer.py"", ""data\\transformers.py"", ""data\\validators.py"", ""features\\demand_features.py"", ""features\\feature_pipeline.py"", ""features\\lag_features.py"", ""features\\occupancy_features.py"", ""features\\rolling_features.py""]","[""__post_init__"", ""_build_canonical_dataset"", ""_build_empty_facility_grid"", ""_build_facility_grid"", ""_build_window_features"", ""_calculate_raw_occupancy_rate"", ""_empty_output_dataframe"", ""_finalize_dataframe"", ""_identify_capacity_exceeded"", ""_remove_negative_occupancy"", ""_transform_numeric_columns"", ""_validate_input"", ""_validate_schema"", ""_validate_transformed_dataset"", ""add_birmingham_demand_features"", ""add_birmingham_lag_features"", ""expected_pipeline_feature_columns"", ""transform"", ""validate_demand_features"", ""validate_occupancy_features"", ""validate_rolling_features""]","[""\""DEFAULT_OCCUPIED_SPACES_COLUMN\"","", ""\""OCCUPIED_SPACES_COLUMN\"","", ""\""occupied_spaces + available_spaces \"""", ""\""occupied_spaces contains negative values.\"""", ""\""occupied_spaces exceeds total_spaces \"""", ""\""occupied_spaces\"""", ""\""occupied_spaces\"","", ""\""occupied_spaces\"": ["", ""\""occupied_spaces_column cannot be empty.\"""", ""#     occupied_spaces > total_spaces"", ""#     permitted, because occupied_spaces > total_spaces"", ""& (occupied_spaces >= 0)"", ""& occupied_spaces.notna()"", "".occupied_spaces_column,"", ""CanonicalColumn.OCCUPIED_SPACES.value"", ""CanonicalColumn.OCCUPIED_SPACES.value,"", ""Column containing currently occupied spaces."", ""DEFAULT_OCCUPIED_SPACES_COLUMN"", ""DEFAULT_OCCUPIED_SPACES_COLUMN = \""occupied_spaces\"""", ""DEFAULT_OCCUPIED_SPACES_COLUMN = ("", ""OCCUPANCY_COLUMN = \""occupied_spaces\"""", ""OCCUPIED_SPACES = \""occupied_spaces\"""", ""OCCUPIED_SPACES_COLUMN"", ""OCCUPIED_SPACES_COLUMN = \""occupied_spaces\"""", ""OCCUPIED_SPACES_COLUMN,""]","[""DEFAULT_OCCUPIED_SPACES_COLUMN"", ""OCCUPIED_SPACES_COLUMN"", ""occupied_spaces""]",[],UNKNOWN,Insufficient static evidence for automatic causal approval.,"Feature family could not be established as deterministic calendar, current-state, or historical causal.",False,False,False,False,False,False,False,True,False,MEDIUM,"[""Manual source and timestamp verification required.""]"
occupied_spaces_roll_missing_12h,other,REQUIRES_CAUSAL_REVIEW,True,"[""data\\dataset_audit.py"", ""data\\dataset_builder.py"", ""data\\temporal.py"", ""data\\temporal_normalizer.py"", ""data\\transformers.py"", ""data\\validators.py"", ""features\\demand_features.py"", ""features\\feature_pipeline.py"", ""features\\lag_features.py"", ""features\\occupancy_features.py"", ""features\\rolling_features.py""]","[""__post_init__"", ""_build_canonical_dataset"", ""_build_empty_facility_grid"", ""_build_facility_grid"", ""_calculate_raw_occupancy_rate"", ""_empty_output_dataframe"", ""_finalize_dataframe"", ""_identify_capacity_exceeded"", ""_remove_negative_occupancy"", ""_transform_numeric_columns"", ""_validate_input"", ""_validate_schema"", ""_validate_transformed_dataset"", ""add_birmingham_demand_features"", ""add_birmingham_lag_features"", ""expected_pipeline_feature_columns"", ""transform"", ""validate_demand_features"", ""validate_occupancy_features"", ""validate_rolling_features""]","[""\""DEFAULT_OCCUPIED_SPACES_COLUMN\"","", ""\""OCCUPIED_SPACES_COLUMN\"","", ""\""occupied_spaces + available_spaces \"""", ""\""occupied_spaces contains negative values.\"""", ""\""occupied_spaces exceeds total_spaces \"""", ""\""occupied_spaces\"""", ""\""occupied_spaces\"","", ""\""occupied_spaces\"": ["", ""\""occupied_spaces_column cannot be empty.\"""", ""#     occupied_spaces > total_spaces"", ""#     permitted, because occupied_spaces > total_spaces"", ""& (occupied_spaces >= 0)"", ""& occupied_spaces.notna()"", "".occupied_spaces_column,"", ""CanonicalColumn.OCCUPIED_SPACES.value"", ""CanonicalColumn.OCCUPIED_SPACES.value,"", ""Column containing currently occupied spaces."", ""DEFAULT_OCCUPIED_SPACES_COLUMN"", ""DEFAULT_OCCUPIED_SPACES_COLUMN = \""occupied_spaces\"""", ""DEFAULT_OCCUPIED_SPACES_COLUMN = ("", ""OCCUPANCY_COLUMN = \""occupied_spaces\"""", ""OCCUPIED_SPACES = \""occupied_spaces\"""", ""OCCUPIED_SPACES_COLUMN"", ""OCCUPIED_SPACES_COLUMN = \""occupied_spaces\"""", ""OCCUPIED_SPACES_COLUMN,""]","[""DEFAULT_OCCUPIED_SPACES_COLUMN"", ""OCCUPIED_SPACES_COLUMN"", ""occupied_spaces""]",[],UNKNOWN,Insufficient static evidence for automatic causal approval.,"Feature family could not be established as deterministic calendar, current-state, or historical causal.",False,False,False,False,False,False,False,True,False,MEDIUM,"[""Manual source and timestamp verification required.""]"
occupied_spaces_roll_coverage_ratio_12h,other,REQUIRES_CAUSAL_REVIEW,True,"[""data\\dataset_audit.py"", ""data\\dataset_builder.py"", ""data\\temporal.py"", ""data\\temporal_normalizer.py"", ""data\\transformers.py"", ""data\\validators.py"", ""features\\demand_features.py"", ""features\\feature_pipeline.py"", ""features\\lag_features.py"", ""features\\occupancy_features.py"", ""features\\rolling_features.py""]","[""__post_init__"", ""_audit_targets"", ""_build_canonical_dataset"", ""_build_empty_facility_grid"", ""_build_facility_grid"", ""_calculate_raw_occupancy_rate"", ""_empty_output_dataframe"", ""_finalize_dataframe"", ""_identify_capacity_exceeded"", ""_remove_negative_occupancy"", ""_transform_numeric_columns"", ""_validate_input"", ""_validate_schema"", ""_validate_transformed_dataset"", ""add_birmingham_demand_features"", ""add_birmingham_lag_features"", ""expected_pipeline_feature_columns"", ""transform"", ""validate_demand_features"", ""validate_occupancy_features"", ""validate_rolling_features""]","[""\""DEFAULT_OCCUPIED_SPACES_COLUMN\"","", ""\""OCCUPIED_SPACES_COLUMN\"","", ""\""minimum_target_coverage_ratio must \"""", ""\""occupied_ratio\"""", ""\""occupied_ratio\"","", ""\""occupied_spaces + available_spaces \"""", ""\""occupied_spaces contains negative values.\"""", ""\""occupied_spaces exceeds total_spaces \"""", ""\""occupied_spaces\"""", ""\""occupied_spaces\"","", ""\""occupied_spaces\"": ["", ""\""occupied_spaces_column cannot be empty.\"""", ""#     occupied_spaces > total_spaces"", ""#     permitted, because occupied_spaces > total_spaces"", ""# independently calculated occupied/capacity ratio."", ""& (occupied_spaces >= 0)"", ""& occupied_spaces.notna()"", "".minimum_target_coverage_ratio"", "".occupied_spaces_column,"", ""<= self.minimum_target_coverage_ratio"", ""CanonicalColumn.OCCUPIED_SPACES.value"", ""CanonicalColumn.OCCUPIED_SPACES.value,"", ""Column containing currently occupied spaces."", ""DEFAULT_OCCUPIED_SPACES_COLUMN"", ""DEFAULT_OCCUPIED_SPACES_COLUMN = \""occupied_spaces\""""]","[""DEFAULT_OCCUPIED_SPACES_COLUMN"", ""OCCUPIED_SPACES_COLUMN"", ""occupied_ratio"", ""occupied_spaces""]",[],UNKNOWN,Insufficient static evidence for automatic causal approval.,"Feature family could not be established as deterministic calendar, current-state, or historical causal.",False,False,False,False,False,False,False,True,False,MEDIUM,"[""Manual source and timestamp verification required.""]"
occupied_spaces_roll_12h_available,other,REQUIRES_CAUSAL_REVIEW,True,"[""data\\dataset_audit.py"", ""data\\dataset_builder.py"", ""data\\temporal.py"", ""data\\temporal_normalizer.py"", ""data\\transformers.py"", ""data\\validators.py"", ""features\\demand_features.py"", ""features\\feature_pipeline.py"", ""features\\lag_features.py"", ""features\\occupancy_features.py"", ""features\\rolling_features.py""]","[""__post_init__"", ""_build_canonical_dataset"", ""_build_empty_facility_grid"", ""_build_facility_grid"", ""_calculate_raw_occupancy_rate"", ""_empty_output_dataframe"", ""_finalize_dataframe"", ""_identify_capacity_exceeded"", ""_remove_negative_occupancy"", ""_transform_numeric_columns"", ""_validate_input"", ""_validate_schema"", ""_validate_transformed_dataset"", ""add_birmingham_demand_features"", ""add_birmingham_lag_features"", ""expected_pipeline_feature_columns"", ""transform"", ""validate_demand_features"", ""validate_occupancy_features"", ""validate_rolling_features""]","[""\""AVAILABLE_SPACES_COLUMN\"","", ""\""DEFAULT_AVAILABLE_SPACES_COLUMN\"","", ""\""DEFAULT_OCCUPIED_SPACES_COLUMN\"","", ""\""OCCUPIED_SPACES_COLUMN\"","", ""\""available_spaces\"""", ""\""available_spaces\"","", ""\""available_spaces\"": ["", ""\""available_spaces_column cannot be empty.\"""", ""\""occupied_spaces + available_spaces \"""", ""\""occupied_spaces contains negative values.\"""", ""\""occupied_spaces exceeds total_spaces \"""", ""\""occupied_spaces\"""", ""\""occupied_spaces\"","", ""\""occupied_spaces\"": ["", ""\""occupied_spaces_column cannot be empty.\"""", ""#     occupied_spaces > total_spaces"", ""#     permitted, because occupied_spaces > total_spaces"", ""#   occupied + available = capacity"", ""# Available spaces"", ""& (available_spaces >= 0)"", ""& (occupied_spaces >= 0)"", ""& available_spaces.notna()"", ""& occupied_spaces.notna()"", ""+ available_spaces"", "".available_spaces_column,""]","[""AVAILABLE_SPACES_COLUMN"", ""DEFAULT_AVAILABLE_SPACES_COLUMN"", ""DEFAULT_OCCUPIED_SPACES_COLUMN"", ""OCCUPIED_SPACES_COLUMN"", ""available_spaces"", ""occupied_spaces""]",[],UNKNOWN,Insufficient static evidence for automatic causal approval.,"Feature family could not be established as deterministic calendar, current-state, or historical causal.",False,False,False,False,False,False,False,True,False,MEDIUM,"[""Manual source and timestamp verification required.""]"
occupied_spaces_roll_mean_1d,other,REQUIRES_CAUSAL_REVIEW,True,"[""data\\dataset_audit.py"", ""data\\dataset_builder.py"", ""data\\temporal.py"", ""data\\temporal_normalizer.py"", ""data\\transformers.py"", ""data\\validators.py"", ""features\\demand_features.py"", ""features\\feature_pipeline.py"", ""features\\lag_features.py"", ""features\\occupancy_features.py"", ""features\\rolling_features.py""]","[""__post_init__"", ""_build_canonical_dataset"", ""_build_empty_facility_grid"", ""_build_facility_grid"", ""_build_window_features"", ""_calculate_raw_occupancy_rate"", ""_empty_output_dataframe"", ""_finalize_dataframe"", ""_identify_capacity_exceeded"", ""_remove_negative_occupancy"", ""_transform_numeric_columns"", ""_validate_input"", ""_validate_schema"", ""_validate_transformed_dataset"", ""add_birmingham_demand_features"", ""add_birmingham_lag_features"", ""expected_pipeline_feature_columns"", ""transform"", ""validate_demand_features"", ""validate_occupancy_features""]","[""\""DEFAULT_OCCUPIED_SPACES_COLUMN\"","", ""\""OCCUPIED_SPACES_COLUMN\"","", ""\""occupied_spaces + available_spaces \"""", ""\""occupied_spaces contains negative values.\"""", ""\""occupied_spaces exceeds total_spaces \"""", ""\""occupied_spaces\"""", ""\""occupied_spaces\"","", ""\""occupied_spaces\"": ["", ""\""occupied_spaces_column cannot be empty.\"""", ""#     occupied_spaces > total_spaces"", ""#     permitted, because occupied_spaces > total_spaces"", ""& (occupied_spaces >= 0)"", ""& occupied_spaces.notna()"", "".occupied_spaces_column,"", ""CanonicalColumn.OCCUPIED_SPACES.value"", ""CanonicalColumn.OCCUPIED_SPACES.value,"", ""Column containing currently occupied spaces."", ""DEFAULT_OCCUPIED_SPACES_COLUMN"", ""DEFAULT_OCCUPIED_SPACES_COLUMN = \""occupied_spaces\"""", ""DEFAULT_OCCUPIED_SPACES_COLUMN = ("", ""OCCUPANCY_COLUMN = \""occupied_spaces\"""", ""OCCUPIED_SPACES = \""occupied_spaces\"""", ""OCCUPIED_SPACES_COLUMN"", ""OCCUPIED_SPACES_COLUMN = \""occupied_spaces\"""", ""OCCUPIED_SPACES_COLUMN,""]","[""DEFAULT_OCCUPIED_SPACES_COLUMN"", ""OCCUPIED_SPACES_COLUMN"", ""occupied_spaces""]",[],UNKNOWN,Insufficient static evidence for automatic causal approval.,"Feature family could not be established as deterministic calendar, current-state, or historical causal.",False,False,False,False,False,False,False,True,False,MEDIUM,"[""Manual source and timestamp verification required.""]"
occupied_spaces_roll_std_1d,other,REQUIRES_CAUSAL_REVIEW,True,"[""data\\dataset_audit.py"", ""data\\dataset_builder.py"", ""data\\temporal.py"", ""data\\temporal_normalizer.py"", ""data\\transformers.py"", ""data\\validators.py"", ""features\\demand_features.py"", ""features\\feature_pipeline.py"", ""features\\lag_features.py"", ""features\\occupancy_features.py"", ""features\\rolling_features.py""]","[""__post_init__"", ""_build_canonical_dataset"", ""_build_empty_facility_grid"", ""_build_facility_grid"", ""_calculate_raw_occupancy_rate"", ""_empty_output_dataframe"", ""_finalize_dataframe"", ""_identify_capacity_exceeded"", ""_remove_negative_occupancy"", ""_transform_numeric_columns"", ""_validate_input"", ""_validate_schema"", ""_validate_transformed_dataset"", ""add_birmingham_demand_features"", ""add_birmingham_lag_features"", ""expected_pipeline_feature_columns"", ""transform"", ""validate_demand_features"", ""validate_occupancy_features""]","[""\""DEFAULT_OCCUPIED_SPACES_COLUMN\"","", ""\""OCCUPIED_SPACES_COLUMN\"","", ""\""occupied_spaces + available_spaces \"""", ""\""occupied_spaces contains negative values.\"""", ""\""occupied_spaces exceeds total_spaces \"""", ""\""occupied_spaces\"""", ""\""occupied_spaces\"","", ""\""occupied_spaces\"": ["", ""\""occupied_spaces_column cannot be empty.\"""", ""#     occupied_spaces > total_spaces"", ""#     permitted, because occupied_spaces > total_spaces"", ""& (occupied_spaces >= 0)"", ""& occupied_spaces.notna()"", "".occupied_spaces_column,"", ""CanonicalColumn.OCCUPIED_SPACES.value"", ""CanonicalColumn.OCCUPIED_SPACES.value,"", ""Column containing currently occupied spaces."", ""DEFAULT_OCCUPIED_SPACES_COLUMN"", ""DEFAULT_OCCUPIED_SPACES_COLUMN = \""occupied_spaces\"""", ""DEFAULT_OCCUPIED_SPACES_COLUMN = ("", ""OCCUPANCY_COLUMN = \""occupied_spaces\"""", ""OCCUPIED_SPACES = \""occupied_spaces\"""", ""OCCUPIED_SPACES_COLUMN"", ""OCCUPIED_SPACES_COLUMN = \""occupied_spaces\"""", ""OCCUPIED_SPACES_COLUMN,""]","[""DEFAULT_OCCUPIED_SPACES_COLUMN"", ""OCCUPIED_SPACES_COLUMN"", ""occupied_spaces""]",[],UNKNOWN,Insufficient static evidence for automatic causal approval.,"Feature family could not be established as deterministic calendar, current-state, or historical causal.",False,False,False,False,False,False,False,True,False,MEDIUM,"[""Manual source and timestamp verification required.""]"
occupied_spaces_roll_min_1d,other,REQUIRES_CAUSAL_REVIEW,True,"[""data\\dataset_audit.py"", ""data\\dataset_builder.py"", ""data\\temporal.py"", ""data\\temporal_normalizer.py"", ""data\\transformers.py"", ""data\\validators.py"", ""features\\demand_features.py"", ""features\\feature_pipeline.py"", ""features\\lag_features.py"", ""features\\occupancy_features.py"", ""features\\rolling_features.py""]","[""__post_init__"", ""_build_canonical_dataset"", ""_build_empty_facility_grid"", ""_build_facility_grid"", ""_calculate_raw_occupancy_rate"", ""_empty_output_dataframe"", ""_finalize_dataframe"", ""_identify_capacity_exceeded"", ""_remove_negative_occupancy"", ""_transform_numeric_columns"", ""_validate_input"", ""_validate_schema"", ""_validate_transformed_dataset"", ""add_birmingham_demand_features"", ""add_birmingham_lag_features"", ""expected_pipeline_feature_columns"", ""transform"", ""validate_demand_features"", ""validate_occupancy_features""]","[""\""DEFAULT_OCCUPIED_SPACES_COLUMN\"","", ""\""OCCUPIED_SPACES_COLUMN\"","", ""\""occupied_spaces + available_spaces \"""", ""\""occupied_spaces contains negative values.\"""", ""\""occupied_spaces exceeds total_spaces \"""", ""\""occupied_spaces\"""", ""\""occupied_spaces\"","", ""\""occupied_spaces\"": ["", ""\""occupied_spaces_column cannot be empty.\"""", ""#     occupied_spaces > total_spaces"", ""#     permitted, because occupied_spaces > total_spaces"", ""& (occupied_spaces >= 0)"", ""& occupied_spaces.notna()"", "".occupied_spaces_column,"", ""CanonicalColumn.OCCUPIED_SPACES.value"", ""CanonicalColumn.OCCUPIED_SPACES.value,"", ""Column containing currently occupied spaces."", ""DEFAULT_OCCUPIED_SPACES_COLUMN"", ""DEFAULT_OCCUPIED_SPACES_COLUMN = \""occupied_spaces\"""", ""DEFAULT_OCCUPIED_SPACES_COLUMN = ("", ""OCCUPANCY_COLUMN = \""occupied_spaces\"""", ""OCCUPIED_SPACES = \""occupied_spaces\"""", ""OCCUPIED_SPACES_COLUMN"", ""OCCUPIED_SPACES_COLUMN = \""occupied_spaces\"""", ""OCCUPIED_SPACES_COLUMN,""]","[""DEFAULT_OCCUPIED_SPACES_COLUMN"", ""OCCUPIED_SPACES_COLUMN"", ""occupied_spaces""]",[],UNKNOWN,Insufficient static evidence for automatic causal approval.,"Feature family could not be established as deterministic calendar, current-state, or historical causal.",False,False,False,False,False,False,False,True,False,MEDIUM,"[""Manual source and timestamp verification required.""]"
occupied_spaces_roll_max_1d,other,REQUIRES_CAUSAL_REVIEW,True,"[""data\\dataset_audit.py"", ""data\\dataset_builder.py"", ""data\\temporal.py"", ""data\\temporal_normalizer.py"", ""data\\transformers.py"", ""data\\validators.py"", ""features\\demand_features.py"", ""features\\feature_pipeline.py"", ""features\\lag_features.py"", ""features\\occupancy_features.py"", ""features\\rolling_features.py""]","[""__post_init__"", ""_build_canonical_dataset"", ""_build_empty_facility_grid"", ""_build_facility_grid"", ""_calculate_raw_occupancy_rate"", ""_empty_output_dataframe"", ""_finalize_dataframe"", ""_identify_capacity_exceeded"", ""_remove_negative_occupancy"", ""_transform_numeric_columns"", ""_validate_input"", ""_validate_schema"", ""_validate_transformed_dataset"", ""add_birmingham_demand_features"", ""add_birmingham_lag_features"", ""expected_pipeline_feature_columns"", ""transform"", ""validate_demand_features"", ""validate_occupancy_features""]","[""\""DEFAULT_OCCUPIED_SPACES_COLUMN\"","", ""\""OCCUPIED_SPACES_COLUMN\"","", ""\""occupied_spaces + available_spaces \"""", ""\""occupied_spaces contains negative values.\"""", ""\""occupied_spaces exceeds total_spaces \"""", ""\""occupied_spaces\"""", ""\""occupied_spaces\"","", ""\""occupied_spaces\"": ["", ""\""occupied_spaces_column cannot be empty.\"""", ""#     occupied_spaces > total_spaces"", ""#     permitted, because occupied_spaces > total_spaces"", ""& (occupied_spaces >= 0)"", ""& occupied_spaces.notna()"", "".occupied_spaces_column,"", ""CanonicalColumn.OCCUPIED_SPACES.value"", ""CanonicalColumn.OCCUPIED_SPACES.value,"", ""Column containing currently occupied spaces."", ""DEFAULT_OCCUPIED_SPACES_COLUMN"", ""DEFAULT_OCCUPIED_SPACES_COLUMN = \""occupied_spaces\"""", ""DEFAULT_OCCUPIED_SPACES_COLUMN = ("", ""OCCUPANCY_COLUMN = \""occupied_spaces\"""", ""OCCUPIED_SPACES = \""occupied_spaces\"""", ""OCCUPIED_SPACES_COLUMN"", ""OCCUPIED_SPACES_COLUMN = \""occupied_spaces\"""", ""OCCUPIED_SPACES_COLUMN,""]","[""DEFAULT_OCCUPIED_SPACES_COLUMN"", ""OCCUPIED_SPACES_COLUMN"", ""occupied_spaces""]",[],UNKNOWN,Insufficient static evidence for automatic causal approval.,"Feature family could not be established as deterministic calendar, current-state, or historical causal.",False,False,False,False,False,False,False,True,False,MEDIUM,"[""Manual source and timestamp verification required.""]"
occupied_spaces_roll_median_1d,other,REQUIRES_CAUSAL_REVIEW,True,"[""data\\dataset_audit.py"", ""data\\dataset_builder.py"", ""data\\temporal.py"", ""data\\temporal_normalizer.py"", ""data\\transformers.py"", ""data\\validators.py"", ""features\\demand_features.py"", ""features\\feature_pipeline.py"", ""features\\lag_features.py"", ""features\\occupancy_features.py"", ""features\\rolling_features.py""]","[""__post_init__"", ""_build_canonical_dataset"", ""_build_empty_facility_grid"", ""_build_facility_grid"", ""_build_window_features"", ""_calculate_raw_occupancy_rate"", ""_empty_output_dataframe"", ""_finalize_dataframe"", ""_identify_capacity_exceeded"", ""_remove_negative_occupancy"", ""_transform_numeric_columns"", ""_validate_input"", ""_validate_schema"", ""_validate_transformed_dataset"", ""add_birmingham_demand_features"", ""add_birmingham_lag_features"", ""expected_pipeline_feature_columns"", ""transform"", ""validate_demand_features"", ""validate_occupancy_features""]","[""\""DEFAULT_OCCUPIED_SPACES_COLUMN\"","", ""\""OCCUPIED_SPACES_COLUMN\"","", ""\""occupied_spaces + available_spaces \"""", ""\""occupied_spaces contains negative values.\"""", ""\""occupied_spaces exceeds total_spaces \"""", ""\""occupied_spaces\"""", ""\""occupied_spaces\"","", ""\""occupied_spaces\"": ["", ""\""occupied_spaces_column cannot be empty.\"""", ""#     occupied_spaces > total_spaces"", ""#     permitted, because occupied_spaces > total_spaces"", ""& (occupied_spaces >= 0)"", ""& occupied_spaces.notna()"", "".occupied_spaces_column,"", ""CanonicalColumn.OCCUPIED_SPACES.value"", ""CanonicalColumn.OCCUPIED_SPACES.value,"", ""Column containing currently occupied spaces."", ""DEFAULT_OCCUPIED_SPACES_COLUMN"", ""DEFAULT_OCCUPIED_SPACES_COLUMN = \""occupied_spaces\"""", ""DEFAULT_OCCUPIED_SPACES_COLUMN = ("", ""OCCUPANCY_COLUMN = \""occupied_spaces\"""", ""OCCUPIED_SPACES = \""occupied_spaces\"""", ""OCCUPIED_SPACES_COLUMN"", ""OCCUPIED_SPACES_COLUMN = \""occupied_spaces\"""", ""OCCUPIED_SPACES_COLUMN,""]","[""DEFAULT_OCCUPIED_SPACES_COLUMN"", ""OCCUPIED_SPACES_COLUMN"", ""occupied_spaces""]",[],UNKNOWN,Insufficient static evidence for automatic causal approval.,"Feature family could not be established as deterministic calendar, current-state, or historical causal.",False,False,False,False,False,False,False,True,False,MEDIUM,"[""Manual source and timestamp verification required.""]"
occupied_spaces_roll_trend_1d,historical,PRODUCTION_SAFE_HISTORICAL,True,"[""data\\dataset_audit.py"", ""data\\dataset_builder.py"", ""data\\temporal.py"", ""data\\temporal_normalizer.py"", ""data\\transformers.py"", ""data\\validators.py"", ""features\\demand_features.py"", ""features\\feature_pipeline.py"", ""features\\lag_features.py"", ""features\\occupancy_features.py"", ""features\\rolling_features.py""]","[""__post_init__"", ""_build_canonical_dataset"", ""_build_empty_facility_grid"", ""_build_facility_grid"", ""_build_window_features"", ""_calculate_raw_occupancy_rate"", ""_empty_output_dataframe"", ""_finalize_dataframe"", ""_identify_capacity_exceeded"", ""_remove_negative_occupancy"", ""_transform_numeric_columns"", ""_validate_input"", ""_validate_schema"", ""_validate_transformed_dataset"", ""add_birmingham_demand_features"", ""add_birmingham_lag_features"", ""expected_pipeline_feature_columns"", ""transform"", ""validate_demand_features"", ""validate_occupancy_features""]","[""\""DEFAULT_OCCUPIED_SPACES_COLUMN\"","", ""\""OCCUPIED_SPACES_COLUMN\"","", ""\""occupied_spaces + available_spaces \"""", ""\""occupied_spaces contains negative values.\"""", ""\""occupied_spaces exceeds total_spaces \"""", ""\""occupied_spaces\"""", ""\""occupied_spaces\"","", ""\""occupied_spaces\"": ["", ""\""occupied_spaces_column cannot be empty.\"""", ""#     occupied_spaces > total_spaces"", ""#     permitted, because occupied_spaces > total_spaces"", ""& (occupied_spaces >= 0)"", ""& occupied_spaces.notna()"", "".occupied_spaces_column,"", ""CanonicalColumn.OCCUPIED_SPACES.value"", ""CanonicalColumn.OCCUPIED_SPACES.value,"", ""Column containing currently occupied spaces."", ""DEFAULT_OCCUPIED_SPACES_COLUMN"", ""DEFAULT_OCCUPIED_SPACES_COLUMN = \""occupied_spaces\"""", ""DEFAULT_OCCUPIED_SPACES_COLUMN = ("", ""OCCUPANCY_COLUMN = \""occupied_spaces\"""", ""OCCUPIED_SPACES = \""occupied_spaces\"""", ""OCCUPIED_SPACES_COLUMN"", ""OCCUPIED_SPACES_COLUMN = \""occupied_spaces\"""", ""OCCUPIED_SPACES_COLUMN,""]","[""DEFAULT_OCCUPIED_SPACES_COLUMN"", ""OCCUPIED_SPACES_COLUMN"", ""occupied_spaces""]",[],AT_OR_BEFORE_T,Historical/lag/rolling feature; no feature-level future operation detected.,Feature naming and source evidence indicate historical semantics.,False,False,False,False,False,False,False,True,False,HIGH,"[""Formal source timestamp verification is still recommended before production approval.""]"
occupied_spaces_roll_count_1d,other,REQUIRES_CAUSAL_REVIEW,True,"[""data\\dataset_audit.py"", ""data\\dataset_builder.py"", ""data\\temporal.py"", ""data\\temporal_normalizer.py"", ""data\\transformers.py"", ""data\\validators.py"", ""features\\demand_features.py"", ""features\\feature_pipeline.py"", ""features\\lag_features.py"", ""features\\occupancy_features.py"", ""features\\rolling_features.py""]","[""__post_init__"", ""_build_canonical_dataset"", ""_build_empty_facility_grid"", ""_build_facility_grid"", ""_build_window_features"", ""_calculate_raw_occupancy_rate"", ""_empty_output_dataframe"", ""_finalize_dataframe"", ""_identify_capacity_exceeded"", ""_remove_negative_occupancy"", ""_transform_numeric_columns"", ""_validate_input"", ""_validate_schema"", ""_validate_transformed_dataset"", ""add_birmingham_demand_features"", ""add_birmingham_lag_features"", ""expected_pipeline_feature_columns"", ""transform"", ""validate_demand_features"", ""validate_occupancy_features"", ""validate_rolling_features""]","[""\""DEFAULT_OCCUPIED_SPACES_COLUMN\"","", ""\""OCCUPIED_SPACES_COLUMN\"","", ""\""occupied_spaces + available_spaces \"""", ""\""occupied_spaces contains negative values.\"""", ""\""occupied_spaces exceeds total_spaces \"""", ""\""occupied_spaces\"""", ""\""occupied_spaces\"","", ""\""occupied_spaces\"": ["", ""\""occupied_spaces_column cannot be empty.\"""", ""#     occupied_spaces > total_spaces"", ""#     permitted, because occupied_spaces > total_spaces"", ""& (occupied_spaces >= 0)"", ""& occupied_spaces.notna()"", "".occupied_spaces_column,"", ""CanonicalColumn.OCCUPIED_SPACES.value"", ""CanonicalColumn.OCCUPIED_SPACES.value,"", ""Column containing currently occupied spaces."", ""DEFAULT_OCCUPIED_SPACES_COLUMN"", ""DEFAULT_OCCUPIED_SPACES_COLUMN = \""occupied_spaces\"""", ""DEFAULT_OCCUPIED_SPACES_COLUMN = ("", ""OCCUPANCY_COLUMN = \""occupied_spaces\"""", ""OCCUPIED_SPACES = \""occupied_spaces\"""", ""OCCUPIED_SPACES_COLUMN"", ""OCCUPIED_SPACES_COLUMN = \""occupied_spaces\"""", ""OCCUPIED_SPACES_COLUMN,""]","[""DEFAULT_OCCUPIED_SPACES_COLUMN"", ""OCCUPIED_SPACES_COLUMN"", ""occupied_spaces""]",[],UNKNOWN,Insufficient static evidence for automatic causal approval.,"Feature family could not be established as deterministic calendar, current-state, or historical causal.",False,False,False,False,False,False,False,True,False,MEDIUM,"[""Manual source and timestamp verification required.""]"
occupied_spaces_roll_missing_1d,other,REQUIRES_CAUSAL_REVIEW,True,"[""data\\dataset_audit.py"", ""data\\dataset_builder.py"", ""data\\temporal.py"", ""data\\temporal_normalizer.py"", ""data\\transformers.py"", ""data\\validators.py"", ""features\\demand_features.py"", ""features\\feature_pipeline.py"", ""features\\lag_features.py"", ""features\\occupancy_features.py"", ""features\\rolling_features.py""]","[""__post_init__"", ""_build_canonical_dataset"", ""_build_empty_facility_grid"", ""_build_facility_grid"", ""_calculate_raw_occupancy_rate"", ""_empty_output_dataframe"", ""_finalize_dataframe"", ""_identify_capacity_exceeded"", ""_remove_negative_occupancy"", ""_transform_numeric_columns"", ""_validate_input"", ""_validate_schema"", ""_validate_transformed_dataset"", ""add_birmingham_demand_features"", ""add_birmingham_lag_features"", ""expected_pipeline_feature_columns"", ""transform"", ""validate_demand_features"", ""validate_occupancy_features"", ""validate_rolling_features""]","[""\""DEFAULT_OCCUPIED_SPACES_COLUMN\"","", ""\""OCCUPIED_SPACES_COLUMN\"","", ""\""occupied_spaces + available_spaces \"""", ""\""occupied_spaces contains negative values.\"""", ""\""occupied_spaces exceeds total_spaces \"""", ""\""occupied_spaces\"""", ""\""occupied_spaces\"","", ""\""occupied_spaces\"": ["", ""\""occupied_spaces_column cannot be empty.\"""", ""#     occupied_spaces > total_spaces"", ""#     permitted, because occupied_spaces > total_spaces"", ""& (occupied_spaces >= 0)"", ""& occupied_spaces.notna()"", "".occupied_spaces_column,"", ""CanonicalColumn.OCCUPIED_SPACES.value"", ""CanonicalColumn.OCCUPIED_SPACES.value,"", ""Column containing currently occupied spaces."", ""DEFAULT_OCCUPIED_SPACES_COLUMN"", ""DEFAULT_OCCUPIED_SPACES_COLUMN = \""occupied_spaces\"""", ""DEFAULT_OCCUPIED_SPACES_COLUMN = ("", ""OCCUPANCY_COLUMN = \""occupied_spaces\"""", ""OCCUPIED_SPACES = \""occupied_spaces\"""", ""OCCUPIED_SPACES_COLUMN"", ""OCCUPIED_SPACES_COLUMN = \""occupied_spaces\"""", ""OCCUPIED_SPACES_COLUMN,""]","[""DEFAULT_OCCUPIED_SPACES_COLUMN"", ""OCCUPIED_SPACES_COLUMN"", ""occupied_spaces""]",[],UNKNOWN,Insufficient static evidence for automatic causal approval.,"Feature family could not be established as deterministic calendar, current-state, or historical causal.",False,False,False,False,False,False,False,True,False,MEDIUM,"[""Manual source and timestamp verification required.""]"
occupied_spaces_roll_coverage_ratio_1d,other,REQUIRES_CAUSAL_REVIEW,True,"[""data\\dataset_audit.py"", ""data\\dataset_builder.py"", ""data\\temporal.py"", ""data\\temporal_normalizer.py"", ""data\\transformers.py"", ""data\\validators.py"", ""features\\demand_features.py"", ""features\\feature_pipeline.py"", ""features\\lag_features.py"", ""features\\occupancy_features.py"", ""features\\rolling_features.py""]","[""__post_init__"", ""_audit_targets"", ""_build_canonical_dataset"", ""_build_empty_facility_grid"", ""_build_facility_grid"", ""_calculate_raw_occupancy_rate"", ""_empty_output_dataframe"", ""_finalize_dataframe"", ""_identify_capacity_exceeded"", ""_remove_negative_occupancy"", ""_transform_numeric_columns"", ""_validate_input"", ""_validate_schema"", ""_validate_transformed_dataset"", ""add_birmingham_demand_features"", ""add_birmingham_lag_features"", ""expected_pipeline_feature_columns"", ""transform"", ""validate_demand_features"", ""validate_occupancy_features"", ""validate_rolling_features""]","[""\""DEFAULT_OCCUPIED_SPACES_COLUMN\"","", ""\""OCCUPIED_SPACES_COLUMN\"","", ""\""minimum_target_coverage_ratio must \"""", ""\""occupied_ratio\"""", ""\""occupied_ratio\"","", ""\""occupied_spaces + available_spaces \"""", ""\""occupied_spaces contains negative values.\"""", ""\""occupied_spaces exceeds total_spaces \"""", ""\""occupied_spaces\"""", ""\""occupied_spaces\"","", ""\""occupied_spaces\"": ["", ""\""occupied_spaces_column cannot be empty.\"""", ""#     occupied_spaces > total_spaces"", ""#     permitted, because occupied_spaces > total_spaces"", ""# independently calculated occupied/capacity ratio."", ""& (occupied_spaces >= 0)"", ""& occupied_spaces.notna()"", "".minimum_target_coverage_ratio"", "".occupied_spaces_column,"", ""<= self.minimum_target_coverage_ratio"", ""CanonicalColumn.OCCUPIED_SPACES.value"", ""CanonicalColumn.OCCUPIED_SPACES.value,"", ""Column containing currently occupied spaces."", ""DEFAULT_OCCUPIED_SPACES_COLUMN"", ""DEFAULT_OCCUPIED_SPACES_COLUMN = \""occupied_spaces\""""]","[""DEFAULT_OCCUPIED_SPACES_COLUMN"", ""OCCUPIED_SPACES_COLUMN"", ""occupied_ratio"", ""occupied_spaces""]",[],UNKNOWN,Insufficient static evidence for automatic causal approval.,"Feature family could not be established as deterministic calendar, current-state, or historical causal.",False,False,False,False,False,False,False,True,False,MEDIUM,"[""Manual source and timestamp verification required.""]"
occupied_spaces_roll_1d_available,other,REQUIRES_CAUSAL_REVIEW,True,"[""data\\dataset_audit.py"", ""data\\dataset_builder.py"", ""data\\temporal.py"", ""data\\temporal_normalizer.py"", ""data\\transformers.py"", ""data\\validators.py"", ""features\\demand_features.py"", ""features\\feature_pipeline.py"", ""features\\lag_features.py"", ""features\\occupancy_features.py"", ""features\\rolling_features.py""]","[""__post_init__"", ""_build_canonical_dataset"", ""_build_empty_facility_grid"", ""_build_facility_grid"", ""_calculate_raw_occupancy_rate"", ""_empty_output_dataframe"", ""_finalize_dataframe"", ""_identify_capacity_exceeded"", ""_remove_negative_occupancy"", ""_transform_numeric_columns"", ""_validate_input"", ""_validate_schema"", ""_validate_transformed_dataset"", ""add_birmingham_demand_features"", ""add_birmingham_lag_features"", ""expected_pipeline_feature_columns"", ""transform"", ""validate_demand_features"", ""validate_occupancy_features"", ""validate_rolling_features""]","[""\""AVAILABLE_SPACES_COLUMN\"","", ""\""DEFAULT_AVAILABLE_SPACES_COLUMN\"","", ""\""DEFAULT_OCCUPIED_SPACES_COLUMN\"","", ""\""OCCUPIED_SPACES_COLUMN\"","", ""\""available_spaces\"""", ""\""available_spaces\"","", ""\""available_spaces\"": ["", ""\""available_spaces_column cannot be empty.\"""", ""\""occupied_spaces + available_spaces \"""", ""\""occupied_spaces contains negative values.\"""", ""\""occupied_spaces exceeds total_spaces \"""", ""\""occupied_spaces\"""", ""\""occupied_spaces\"","", ""\""occupied_spaces\"": ["", ""\""occupied_spaces_column cannot be empty.\"""", ""#     occupied_spaces > total_spaces"", ""#     permitted, because occupied_spaces > total_spaces"", ""#   occupied + available = capacity"", ""# Available spaces"", ""& (available_spaces >= 0)"", ""& (occupied_spaces >= 0)"", ""& available_spaces.notna()"", ""& occupied_spaces.notna()"", ""+ available_spaces"", "".available_spaces_column,""]","[""AVAILABLE_SPACES_COLUMN"", ""DEFAULT_AVAILABLE_SPACES_COLUMN"", ""DEFAULT_OCCUPIED_SPACES_COLUMN"", ""OCCUPIED_SPACES_COLUMN"", ""available_spaces"", ""occupied_spaces""]",[],UNKNOWN,Insufficient static evidence for automatic causal approval.,"Feature family could not be established as deterministic calendar, current-state, or historical causal.",False,False,False,False,False,False,False,True,False,MEDIUM,"[""Manual source and timestamp verification required.""]"
available_spaces_roll_mean_1h,other,REQUIRES_CAUSAL_REVIEW,True,"[""data\\dataset_audit.py"", ""data\\dataset_builder.py"", ""data\\temporal_normalizer.py"", ""data\\transformers.py"", ""features\\demand_features.py"", ""features\\feature_pipeline.py"", ""features\\lag_features.py"", ""features\\occupancy_features.py"", ""features\\rolling_features.py""]","[""__post_init__"", ""_build_canonical_dataset"", ""_build_empty_facility_grid"", ""_build_facility_grid"", ""_build_window_features"", ""_empty_output_dataframe"", ""_finalize_dataframe"", ""_validate_input"", ""_validate_schema"", ""add_birmingham_demand_features"", ""add_birmingham_lag_features"", ""expected_pipeline_feature_columns"", ""transform"", ""validate_occupancy_features"", ""validate_rolling_features""]","[""\""AVAILABLE_SPACES_COLUMN\"","", ""\""DEFAULT_AVAILABLE_SPACES_COLUMN\"","", ""\""available_spaces\"""", ""\""available_spaces\"","", ""\""available_spaces\"": ["", ""\""available_spaces_column cannot be empty.\"""", ""\""occupied_spaces + available_spaces \"""", ""# Available spaces"", ""& (available_spaces >= 0)"", ""& available_spaces.notna()"", ""+ available_spaces"", "".available_spaces_column,"", ""AVAILABLE_SPACES = \""available_spaces\"""", ""AVAILABLE_SPACES_COLUMN = \""available_spaces\"""", ""AVAILABLE_SPACES_COLUMN,"", ""CanonicalColumn.AVAILABLE_SPACES.value"", ""CanonicalColumn.AVAILABLE_SPACES.value,"", ""Column containing currently available spaces."", ""DEFAULT_AVAILABLE_SPACES_COLUMN"", ""DEFAULT_AVAILABLE_SPACES_COLUMN = \""available_spaces\"""", ""DEFAULT_AVAILABLE_SPACES_COLUMN = ("", ""] = available_spaces"", ""available_spaces"", ""available_spaces < 0"", ""available_spaces = _numeric_series(""]","[""AVAILABLE_SPACES_COLUMN"", ""DEFAULT_AVAILABLE_SPACES_COLUMN"", ""available_spaces""]",[],UNKNOWN,Insufficient static evidence for automatic causal approval.,"Feature family could not be established as deterministic calendar, current-state, or historical causal.",False,False,False,False,False,False,False,True,False,MEDIUM,"[""Manual source and timestamp verification required.""]"
available_spaces_roll_std_1h,other,REQUIRES_CAUSAL_REVIEW,True,"[""data\\dataset_audit.py"", ""data\\dataset_builder.py"", ""data\\temporal_normalizer.py"", ""data\\transformers.py"", ""features\\demand_features.py"", ""features\\feature_pipeline.py"", ""features\\lag_features.py"", ""features\\occupancy_features.py"", ""features\\rolling_features.py""]","[""__post_init__"", ""_build_canonical_dataset"", ""_build_empty_facility_grid"", ""_build_facility_grid"", ""_empty_output_dataframe"", ""_finalize_dataframe"", ""_validate_input"", ""_validate_schema"", ""add_birmingham_demand_features"", ""add_birmingham_lag_features"", ""expected_pipeline_feature_columns"", ""transform"", ""validate_occupancy_features"", ""validate_rolling_features""]","[""\""AVAILABLE_SPACES_COLUMN\"","", ""\""DEFAULT_AVAILABLE_SPACES_COLUMN\"","", ""\""available_spaces\"""", ""\""available_spaces\"","", ""\""available_spaces\"": ["", ""\""available_spaces_column cannot be empty.\"""", ""\""occupied_spaces + available_spaces \"""", ""# Available spaces"", ""& (available_spaces >= 0)"", ""& available_spaces.notna()"", ""+ available_spaces"", "".available_spaces_column,"", ""AVAILABLE_SPACES = \""available_spaces\"""", ""AVAILABLE_SPACES_COLUMN = \""available_spaces\"""", ""AVAILABLE_SPACES_COLUMN,"", ""CanonicalColumn.AVAILABLE_SPACES.value"", ""CanonicalColumn.AVAILABLE_SPACES.value,"", ""Column containing currently available spaces."", ""DEFAULT_AVAILABLE_SPACES_COLUMN"", ""DEFAULT_AVAILABLE_SPACES_COLUMN = \""available_spaces\"""", ""DEFAULT_AVAILABLE_SPACES_COLUMN = ("", ""] = available_spaces"", ""available_spaces"", ""available_spaces < 0"", ""available_spaces = _numeric_series(""]","[""AVAILABLE_SPACES_COLUMN"", ""DEFAULT_AVAILABLE_SPACES_COLUMN"", ""available_spaces""]",[],UNKNOWN,Insufficient static evidence for automatic causal approval.,"Feature family could not be established as deterministic calendar, current-state, or historical causal.",False,False,False,False,False,False,False,True,False,MEDIUM,"[""Manual source and timestamp verification required.""]"
available_spaces_roll_min_1h,other,REQUIRES_CAUSAL_REVIEW,True,"[""data\\dataset_audit.py"", ""data\\dataset_builder.py"", ""data\\temporal_normalizer.py"", ""data\\transformers.py"", ""features\\demand_features.py"", ""features\\feature_pipeline.py"", ""features\\lag_features.py"", ""features\\occupancy_features.py"", ""features\\rolling_features.py""]","[""__post_init__"", ""_build_canonical_dataset"", ""_build_empty_facility_grid"", ""_build_facility_grid"", ""_empty_output_dataframe"", ""_finalize_dataframe"", ""_validate_input"", ""_validate_schema"", ""add_birmingham_demand_features"", ""add_birmingham_lag_features"", ""expected_pipeline_feature_columns"", ""transform"", ""validate_occupancy_features"", ""validate_rolling_features""]","[""\""AVAILABLE_SPACES_COLUMN\"","", ""\""DEFAULT_AVAILABLE_SPACES_COLUMN\"","", ""\""available_spaces\"""", ""\""available_spaces\"","", ""\""available_spaces\"": ["", ""\""available_spaces_column cannot be empty.\"""", ""\""occupied_spaces + available_spaces \"""", ""# Available spaces"", ""& (available_spaces >= 0)"", ""& available_spaces.notna()"", ""+ available_spaces"", "".available_spaces_column,"", ""AVAILABLE_SPACES = \""available_spaces\"""", ""AVAILABLE_SPACES_COLUMN = \""available_spaces\"""", ""AVAILABLE_SPACES_COLUMN,"", ""CanonicalColumn.AVAILABLE_SPACES.value"", ""CanonicalColumn.AVAILABLE_SPACES.value,"", ""Column containing currently available spaces."", ""DEFAULT_AVAILABLE_SPACES_COLUMN"", ""DEFAULT_AVAILABLE_SPACES_COLUMN = \""available_spaces\"""", ""DEFAULT_AVAILABLE_SPACES_COLUMN = ("", ""] = available_spaces"", ""available_spaces"", ""available_spaces < 0"", ""available_spaces = _numeric_series(""]","[""AVAILABLE_SPACES_COLUMN"", ""DEFAULT_AVAILABLE_SPACES_COLUMN"", ""available_spaces""]",[],UNKNOWN,Insufficient static evidence for automatic causal approval.,"Feature family could not be established as deterministic calendar, current-state, or historical causal.",False,False,False,False,False,False,False,True,False,MEDIUM,"[""Manual source and timestamp verification required.""]"
available_spaces_roll_max_1h,other,REQUIRES_CAUSAL_REVIEW,True,"[""data\\dataset_audit.py"", ""data\\dataset_builder.py"", ""data\\temporal_normalizer.py"", ""data\\transformers.py"", ""features\\demand_features.py"", ""features\\feature_pipeline.py"", ""features\\lag_features.py"", ""features\\occupancy_features.py"", ""features\\rolling_features.py""]","[""__post_init__"", ""_build_canonical_dataset"", ""_build_empty_facility_grid"", ""_build_facility_grid"", ""_empty_output_dataframe"", ""_finalize_dataframe"", ""_validate_input"", ""_validate_schema"", ""add_birmingham_demand_features"", ""add_birmingham_lag_features"", ""expected_pipeline_feature_columns"", ""transform"", ""validate_occupancy_features"", ""validate_rolling_features""]","[""\""AVAILABLE_SPACES_COLUMN\"","", ""\""DEFAULT_AVAILABLE_SPACES_COLUMN\"","", ""\""available_spaces\"""", ""\""available_spaces\"","", ""\""available_spaces\"": ["", ""\""available_spaces_column cannot be empty.\"""", ""\""occupied_spaces + available_spaces \"""", ""# Available spaces"", ""& (available_spaces >= 0)"", ""& available_spaces.notna()"", ""+ available_spaces"", "".available_spaces_column,"", ""AVAILABLE_SPACES = \""available_spaces\"""", ""AVAILABLE_SPACES_COLUMN = \""available_spaces\"""", ""AVAILABLE_SPACES_COLUMN,"", ""CanonicalColumn.AVAILABLE_SPACES.value"", ""CanonicalColumn.AVAILABLE_SPACES.value,"", ""Column containing currently available spaces."", ""DEFAULT_AVAILABLE_SPACES_COLUMN"", ""DEFAULT_AVAILABLE_SPACES_COLUMN = \""available_spaces\"""", ""DEFAULT_AVAILABLE_SPACES_COLUMN = ("", ""] = available_spaces"", ""available_spaces"", ""available_spaces < 0"", ""available_spaces = _numeric_series(""]","[""AVAILABLE_SPACES_COLUMN"", ""DEFAULT_AVAILABLE_SPACES_COLUMN"", ""available_spaces""]",[],UNKNOWN,Insufficient static evidence for automatic causal approval.,"Feature family could not be established as deterministic calendar, current-state, or historical causal.",False,False,False,False,False,False,False,True,False,MEDIUM,"[""Manual source and timestamp verification required.""]"
available_spaces_roll_median_1h,other,REQUIRES_CAUSAL_REVIEW,True,"[""data\\dataset_audit.py"", ""data\\dataset_builder.py"", ""data\\temporal_normalizer.py"", ""data\\transformers.py"", ""features\\demand_features.py"", ""features\\feature_pipeline.py"", ""features\\lag_features.py"", ""features\\occupancy_features.py"", ""features\\rolling_features.py""]","[""__post_init__"", ""_build_canonical_dataset"", ""_build_empty_facility_grid"", ""_build_facility_grid"", ""_build_window_features"", ""_empty_output_dataframe"", ""_finalize_dataframe"", ""_validate_input"", ""_validate_schema"", ""add_birmingham_demand_features"", ""add_birmingham_lag_features"", ""expected_pipeline_feature_columns"", ""transform"", ""validate_occupancy_features"", ""validate_rolling_features""]","[""\""AVAILABLE_SPACES_COLUMN\"","", ""\""DEFAULT_AVAILABLE_SPACES_COLUMN\"","", ""\""available_spaces\"""", ""\""available_spaces\"","", ""\""available_spaces\"": ["", ""\""available_spaces_column cannot be empty.\"""", ""\""occupied_spaces + available_spaces \"""", ""# Available spaces"", ""& (available_spaces >= 0)"", ""& available_spaces.notna()"", ""+ available_spaces"", "".available_spaces_column,"", ""AVAILABLE_SPACES = \""available_spaces\"""", ""AVAILABLE_SPACES_COLUMN = \""available_spaces\"""", ""AVAILABLE_SPACES_COLUMN,"", ""CanonicalColumn.AVAILABLE_SPACES.value"", ""CanonicalColumn.AVAILABLE_SPACES.value,"", ""Column containing currently available spaces."", ""DEFAULT_AVAILABLE_SPACES_COLUMN"", ""DEFAULT_AVAILABLE_SPACES_COLUMN = \""available_spaces\"""", ""DEFAULT_AVAILABLE_SPACES_COLUMN = ("", ""] = available_spaces"", ""available_spaces"", ""available_spaces < 0"", ""available_spaces = _numeric_series(""]","[""AVAILABLE_SPACES_COLUMN"", ""DEFAULT_AVAILABLE_SPACES_COLUMN"", ""available_spaces""]",[],UNKNOWN,Insufficient static evidence for automatic causal approval.,"Feature family could not be established as deterministic calendar, current-state, or historical causal.",False,False,False,False,False,False,False,True,False,MEDIUM,"[""Manual source and timestamp verification required.""]"
available_spaces_roll_trend_1h,historical,PRODUCTION_SAFE_HISTORICAL,True,"[""data\\dataset_audit.py"", ""data\\dataset_builder.py"", ""data\\temporal_normalizer.py"", ""data\\transformers.py"", ""features\\demand_features.py"", ""features\\feature_pipeline.py"", ""features\\lag_features.py"", ""features\\occupancy_features.py"", ""features\\rolling_features.py""]","[""__post_init__"", ""_build_canonical_dataset"", ""_build_empty_facility_grid"", ""_build_facility_grid"", ""_build_window_features"", ""_empty_output_dataframe"", ""_finalize_dataframe"", ""_validate_input"", ""_validate_schema"", ""add_birmingham_demand_features"", ""add_birmingham_lag_features"", ""expected_pipeline_feature_columns"", ""transform"", ""validate_occupancy_features"", ""validate_rolling_features""]","[""\""AVAILABLE_SPACES_COLUMN\"","", ""\""DEFAULT_AVAILABLE_SPACES_COLUMN\"","", ""\""available_spaces\"""", ""\""available_spaces\"","", ""\""available_spaces\"": ["", ""\""available_spaces_column cannot be empty.\"""", ""\""occupied_spaces + available_spaces \"""", ""# Available spaces"", ""& (available_spaces >= 0)"", ""& available_spaces.notna()"", ""+ available_spaces"", "".available_spaces_column,"", ""AVAILABLE_SPACES = \""available_spaces\"""", ""AVAILABLE_SPACES_COLUMN = \""available_spaces\"""", ""AVAILABLE_SPACES_COLUMN,"", ""CanonicalColumn.AVAILABLE_SPACES.value"", ""CanonicalColumn.AVAILABLE_SPACES.value,"", ""Column containing currently available spaces."", ""DEFAULT_AVAILABLE_SPACES_COLUMN"", ""DEFAULT_AVAILABLE_SPACES_COLUMN = \""available_spaces\"""", ""DEFAULT_AVAILABLE_SPACES_COLUMN = ("", ""] = available_spaces"", ""available_spaces"", ""available_spaces < 0"", ""available_spaces = _numeric_series(""]","[""AVAILABLE_SPACES_COLUMN"", ""DEFAULT_AVAILABLE_SPACES_COLUMN"", ""available_spaces""]",[],AT_OR_BEFORE_T,Historical/lag/rolling feature; no feature-level future operation detected.,Feature naming and source evidence indicate historical semantics.,False,False,False,False,False,False,False,True,False,HIGH,"[""Formal source timestamp verification is still recommended before production approval.""]"
available_spaces_roll_count_1h,other,REQUIRES_CAUSAL_REVIEW,True,"[""data\\dataset_audit.py"", ""data\\dataset_builder.py"", ""data\\temporal_normalizer.py"", ""data\\transformers.py"", ""features\\demand_features.py"", ""features\\feature_pipeline.py"", ""features\\lag_features.py"", ""features\\occupancy_features.py"", ""features\\rolling_features.py""]","[""__post_init__"", ""_audit_targets"", ""_build_canonical_dataset"", ""_build_empty_facility_grid"", ""_build_facility_grid"", ""_build_statistics"", ""_build_window_features"", ""_empty_output_dataframe"", ""_finalize_dataframe"", ""_validate_input"", ""_validate_schema"", ""add_birmingham_demand_features"", ""add_birmingham_lag_features"", ""expected_pipeline_feature_columns"", ""format_audit_summary"", ""transform"", ""validate_occupancy_features"", ""validate_rolling_features""]","[""\""AVAILABLE_SPACES_COLUMN\"","", ""\""DEFAULT_AVAILABLE_SPACES_COLUMN\"","", ""\""available_spaces\"""", ""\""available_spaces\"","", ""\""available_spaces\"": ["", ""\""available_spaces_column cannot be empty.\"""", ""\""occupied_spaces + available_spaces \"""", ""# Available spaces"", ""& (available_spaces >= 0)"", ""& available_spaces.notna()"", ""& available_target_count.lt("", ""+ available_spaces"", ""- available_count"", "".available_spaces_column,"", ""AVAILABLE_SPACES = \""available_spaces\"""", ""AVAILABLE_SPACES_COLUMN = \""available_spaces\"""", ""AVAILABLE_SPACES_COLUMN,"", ""CanonicalColumn.AVAILABLE_SPACES.value"", ""CanonicalColumn.AVAILABLE_SPACES.value,"", ""Column containing currently available spaces."", ""DEFAULT_AVAILABLE_SPACES_COLUMN"", ""DEFAULT_AVAILABLE_SPACES_COLUMN = \""available_spaces\"""", ""DEFAULT_AVAILABLE_SPACES_COLUMN = ("", ""] = available_spaces"", ""available_count""]","[""AVAILABLE_SPACES_COLUMN"", ""DEFAULT_AVAILABLE_SPACES_COLUMN"", ""available_spaces""]",[],UNKNOWN,Insufficient static evidence for automatic causal approval.,"Feature family could not be established as deterministic calendar, current-state, or historical causal.",False,False,False,False,False,False,False,True,False,MEDIUM,"[""Manual source and timestamp verification required.""]"
available_spaces_roll_missing_1h,other,REQUIRES_CAUSAL_REVIEW,True,"[""data\\dataset_audit.py"", ""data\\dataset_builder.py"", ""data\\temporal_normalizer.py"", ""data\\transformers.py"", ""features\\demand_features.py"", ""features\\feature_pipeline.py"", ""features\\lag_features.py"", ""features\\occupancy_features.py"", ""features\\rolling_features.py""]","[""__post_init__"", ""_build_canonical_dataset"", ""_build_empty_facility_grid"", ""_build_facility_grid"", ""_empty_output_dataframe"", ""_finalize_dataframe"", ""_validate_input"", ""_validate_schema"", ""add_birmingham_demand_features"", ""add_birmingham_lag_features"", ""expected_pipeline_feature_columns"", ""transform"", ""validate_occupancy_features"", ""validate_rolling_features""]","[""\""AVAILABLE_SPACES_COLUMN\"","", ""\""DEFAULT_AVAILABLE_SPACES_COLUMN\"","", ""\""available_spaces\"""", ""\""available_spaces\"","", ""\""available_spaces\"": ["", ""\""available_spaces_column cannot be empty.\"""", ""\""occupied_spaces + available_spaces \"""", ""# Available spaces"", ""& (available_spaces >= 0)"", ""& available_spaces.notna()"", ""+ available_spaces"", "".available_spaces_column,"", ""AVAILABLE_SPACES = \""available_spaces\"""", ""AVAILABLE_SPACES_COLUMN = \""available_spaces\"""", ""AVAILABLE_SPACES_COLUMN,"", ""CanonicalColumn.AVAILABLE_SPACES.value"", ""CanonicalColumn.AVAILABLE_SPACES.value,"", ""Column containing currently available spaces."", ""DEFAULT_AVAILABLE_SPACES_COLUMN"", ""DEFAULT_AVAILABLE_SPACES_COLUMN = \""available_spaces\"""", ""DEFAULT_AVAILABLE_SPACES_COLUMN = ("", ""] = available_spaces"", ""available_spaces"", ""available_spaces < 0"", ""available_spaces = _numeric_series(""]","[""AVAILABLE_SPACES_COLUMN"", ""DEFAULT_AVAILABLE_SPACES_COLUMN"", ""available_spaces""]",[],UNKNOWN,Insufficient static evidence for automatic causal approval.,"Feature family could not be established as deterministic calendar, current-state, or historical causal.",False,False,False,False,False,False,False,True,False,MEDIUM,"[""Manual source and timestamp verification required.""]"
available_spaces_roll_coverage_ratio_1h,other,REQUIRES_CAUSAL_REVIEW,True,"[""data\\dataset_audit.py"", ""data\\dataset_builder.py"", ""data\\temporal_normalizer.py"", ""data\\transformers.py"", ""features\\demand_features.py"", ""features\\feature_pipeline.py"", ""features\\lag_features.py"", ""features\\occupancy_features.py"", ""features\\rolling_features.py""]","[""__post_init__"", ""_audit_targets"", ""_build_canonical_dataset"", ""_build_empty_facility_grid"", ""_build_facility_grid"", ""_empty_output_dataframe"", ""_finalize_dataframe"", ""_validate_input"", ""_validate_schema"", ""add_birmingham_demand_features"", ""add_birmingham_lag_features"", ""expected_pipeline_feature_columns"", ""transform"", ""validate_occupancy_features"", ""validate_rolling_features""]","[""\""AVAILABLE_SPACES_COLUMN\"","", ""\""DEFAULT_AVAILABLE_SPACES_COLUMN\"","", ""\""available_ratio\"""", ""\""available_ratio\"","", ""\""available_spaces\"""", ""\""available_spaces\"","", ""\""available_spaces\"": ["", ""\""available_spaces_column cannot be empty.\"""", ""\""minimum_target_coverage_ratio must \"""", ""\""occupied_spaces + available_spaces \"""", ""# Available spaces"", ""& (available_spaces >= 0)"", ""& available_spaces.notna()"", ""+ available_spaces"", "".available_spaces_column,"", "".minimum_target_coverage_ratio"", ""<= self.minimum_target_coverage_ratio"", ""AVAILABLE_SPACES = \""available_spaces\"""", ""AVAILABLE_SPACES_COLUMN = \""available_spaces\"""", ""AVAILABLE_SPACES_COLUMN,"", ""CanonicalColumn.AVAILABLE_SPACES.value"", ""CanonicalColumn.AVAILABLE_SPACES.value,"", ""Column containing currently available spaces."", ""DEFAULT_AVAILABLE_SPACES_COLUMN"", ""DEFAULT_AVAILABLE_SPACES_COLUMN = \""available_spaces\""""]","[""AVAILABLE_SPACES_COLUMN"", ""DEFAULT_AVAILABLE_SPACES_COLUMN"", ""available_ratio"", ""available_spaces""]",[],UNKNOWN,Insufficient static evidence for automatic causal approval.,"Feature family could not be established as deterministic calendar, current-state, or historical causal.",False,False,False,False,False,False,False,True,False,MEDIUM,"[""Manual source and timestamp verification required.""]"
available_spaces_roll_1h_available,other,REQUIRES_CAUSAL_REVIEW,True,"[""data\\dataset_audit.py"", ""data\\dataset_builder.py"", ""data\\temporal_normalizer.py"", ""data\\transformers.py"", ""features\\demand_features.py"", ""features\\feature_pipeline.py"", ""features\\lag_features.py"", ""features\\occupancy_features.py"", ""features\\rolling_features.py""]","[""__post_init__"", ""_build_canonical_dataset"", ""_build_empty_facility_grid"", ""_build_facility_grid"", ""_empty_output_dataframe"", ""_finalize_dataframe"", ""_validate_input"", ""_validate_schema"", ""add_birmingham_demand_features"", ""add_birmingham_lag_features"", ""expected_pipeline_feature_columns"", ""transform"", ""validate_occupancy_features"", ""validate_rolling_features""]","[""\""AVAILABLE_SPACES_COLUMN\"","", ""\""DEFAULT_AVAILABLE_SPACES_COLUMN\"","", ""\""available_spaces\"""", ""\""available_spaces\"","", ""\""available_spaces\"": ["", ""\""available_spaces_column cannot be empty.\"""", ""\""occupied_spaces + available_spaces \"""", ""# Available spaces"", ""& (available_spaces >= 0)"", ""& available_spaces.notna()"", ""+ available_spaces"", "".available_spaces_column,"", ""AVAILABLE_SPACES = \""available_spaces\"""", ""AVAILABLE_SPACES_COLUMN = \""available_spaces\"""", ""AVAILABLE_SPACES_COLUMN,"", ""CanonicalColumn.AVAILABLE_SPACES.value"", ""CanonicalColumn.AVAILABLE_SPACES.value,"", ""Column containing currently available spaces."", ""DEFAULT_AVAILABLE_SPACES_COLUMN"", ""DEFAULT_AVAILABLE_SPACES_COLUMN = \""available_spaces\"""", ""DEFAULT_AVAILABLE_SPACES_COLUMN = ("", ""] = available_spaces"", ""available_spaces"", ""available_spaces < 0"", ""available_spaces = _numeric_series(""]","[""AVAILABLE_SPACES_COLUMN"", ""DEFAULT_AVAILABLE_SPACES_COLUMN"", ""available_spaces""]",[],UNKNOWN,Insufficient static evidence for automatic causal approval.,"Feature family could not be established as deterministic calendar, current-state, or historical causal.",False,False,False,False,False,False,False,True,False,MEDIUM,"[""Manual source and timestamp verification required.""]"
available_spaces_roll_mean_2h,other,REQUIRES_CAUSAL_REVIEW,True,"[""data\\dataset_audit.py"", ""data\\dataset_builder.py"", ""data\\temporal_normalizer.py"", ""data\\transformers.py"", ""features\\demand_features.py"", ""features\\feature_pipeline.py"", ""features\\lag_features.py"", ""features\\occupancy_features.py"", ""features\\rolling_features.py""]","[""__post_init__"", ""_build_canonical_dataset"", ""_build_empty_facility_grid"", ""_build_facility_grid"", ""_build_window_features"", ""_empty_output_dataframe"", ""_finalize_dataframe"", ""_validate_input"", ""_validate_schema"", ""add_birmingham_demand_features"", ""add_birmingham_lag_features"", ""expected_pipeline_feature_columns"", ""transform"", ""validate_occupancy_features"", ""validate_rolling_features""]","[""\""AVAILABLE_SPACES_COLUMN\"","", ""\""DEFAULT_AVAILABLE_SPACES_COLUMN\"","", ""\""available_spaces\"""", ""\""available_spaces\"","", ""\""available_spaces\"": ["", ""\""available_spaces_column cannot be empty.\"""", ""\""occupied_spaces + available_spaces \"""", ""# Available spaces"", ""& (available_spaces >= 0)"", ""& available_spaces.notna()"", ""+ available_spaces"", "".available_spaces_column,"", ""AVAILABLE_SPACES = \""available_spaces\"""", ""AVAILABLE_SPACES_COLUMN = \""available_spaces\"""", ""AVAILABLE_SPACES_COLUMN,"", ""CanonicalColumn.AVAILABLE_SPACES.value"", ""CanonicalColumn.AVAILABLE_SPACES.value,"", ""Column containing currently available spaces."", ""DEFAULT_AVAILABLE_SPACES_COLUMN"", ""DEFAULT_AVAILABLE_SPACES_COLUMN = \""available_spaces\"""", ""DEFAULT_AVAILABLE_SPACES_COLUMN = ("", ""] = available_spaces"", ""available_spaces"", ""available_spaces < 0"", ""available_spaces = _numeric_series(""]","[""AVAILABLE_SPACES_COLUMN"", ""DEFAULT_AVAILABLE_SPACES_COLUMN"", ""available_spaces""]",[],UNKNOWN,Insufficient static evidence for automatic causal approval.,"Feature family could not be established as deterministic calendar, current-state, or historical causal.",False,False,False,False,False,False,False,True,False,MEDIUM,"[""Manual source and timestamp verification required.""]"
available_spaces_roll_std_2h,other,REQUIRES_CAUSAL_REVIEW,True,"[""data\\dataset_audit.py"", ""data\\dataset_builder.py"", ""data\\temporal_normalizer.py"", ""data\\transformers.py"", ""features\\demand_features.py"", ""features\\feature_pipeline.py"", ""features\\lag_features.py"", ""features\\occupancy_features.py"", ""features\\rolling_features.py""]","[""__post_init__"", ""_build_canonical_dataset"", ""_build_empty_facility_grid"", ""_build_facility_grid"", ""_empty_output_dataframe"", ""_finalize_dataframe"", ""_validate_input"", ""_validate_schema"", ""add_birmingham_demand_features"", ""add_birmingham_lag_features"", ""expected_pipeline_feature_columns"", ""transform"", ""validate_occupancy_features"", ""validate_rolling_features""]","[""\""AVAILABLE_SPACES_COLUMN\"","", ""\""DEFAULT_AVAILABLE_SPACES_COLUMN\"","", ""\""available_spaces\"""", ""\""available_spaces\"","", ""\""available_spaces\"": ["", ""\""available_spaces_column cannot be empty.\"""", ""\""occupied_spaces + available_spaces \"""", ""# Available spaces"", ""& (available_spaces >= 0)"", ""& available_spaces.notna()"", ""+ available_spaces"", "".available_spaces_column,"", ""AVAILABLE_SPACES = \""available_spaces\"""", ""AVAILABLE_SPACES_COLUMN = \""available_spaces\"""", ""AVAILABLE_SPACES_COLUMN,"", ""CanonicalColumn.AVAILABLE_SPACES.value"", ""CanonicalColumn.AVAILABLE_SPACES.value,"", ""Column containing currently available spaces."", ""DEFAULT_AVAILABLE_SPACES_COLUMN"", ""DEFAULT_AVAILABLE_SPACES_COLUMN = \""available_spaces\"""", ""DEFAULT_AVAILABLE_SPACES_COLUMN = ("", ""] = available_spaces"", ""available_spaces"", ""available_spaces < 0"", ""available_spaces = _numeric_series(""]","[""AVAILABLE_SPACES_COLUMN"", ""DEFAULT_AVAILABLE_SPACES_COLUMN"", ""available_spaces""]",[],UNKNOWN,Insufficient static evidence for automatic causal approval.,"Feature family could not be established as deterministic calendar, current-state, or historical causal.",False,False,False,False,False,False,False,True,False,MEDIUM,"[""Manual source and timestamp verification required.""]"
available_spaces_roll_min_2h,other,REQUIRES_CAUSAL_REVIEW,True,"[""data\\dataset_audit.py"", ""data\\dataset_builder.py"", ""data\\temporal_normalizer.py"", ""data\\transformers.py"", ""features\\demand_features.py"", ""features\\feature_pipeline.py"", ""features\\lag_features.py"", ""features\\occupancy_features.py"", ""features\\rolling_features.py""]","[""__post_init__"", ""_build_canonical_dataset"", ""_build_empty_facility_grid"", ""_build_facility_grid"", ""_empty_output_dataframe"", ""_finalize_dataframe"", ""_validate_input"", ""_validate_schema"", ""add_birmingham_demand_features"", ""add_birmingham_lag_features"", ""expected_pipeline_feature_columns"", ""transform"", ""validate_occupancy_features"", ""validate_rolling_features""]","[""\""AVAILABLE_SPACES_COLUMN\"","", ""\""DEFAULT_AVAILABLE_SPACES_COLUMN\"","", ""\""available_spaces\"""", ""\""available_spaces\"","", ""\""available_spaces\"": ["", ""\""available_spaces_column cannot be empty.\"""", ""\""occupied_spaces + available_spaces \"""", ""# Available spaces"", ""& (available_spaces >= 0)"", ""& available_spaces.notna()"", ""+ available_spaces"", "".available_spaces_column,"", ""AVAILABLE_SPACES = \""available_spaces\"""", ""AVAILABLE_SPACES_COLUMN = \""available_spaces\"""", ""AVAILABLE_SPACES_COLUMN,"", ""CanonicalColumn.AVAILABLE_SPACES.value"", ""CanonicalColumn.AVAILABLE_SPACES.value,"", ""Column containing currently available spaces."", ""DEFAULT_AVAILABLE_SPACES_COLUMN"", ""DEFAULT_AVAILABLE_SPACES_COLUMN = \""available_spaces\"""", ""DEFAULT_AVAILABLE_SPACES_COLUMN = ("", ""] = available_spaces"", ""available_spaces"", ""available_spaces < 0"", ""available_spaces = _numeric_series(""]","[""AVAILABLE_SPACES_COLUMN"", ""DEFAULT_AVAILABLE_SPACES_COLUMN"", ""available_spaces""]",[],UNKNOWN,Insufficient static evidence for automatic causal approval.,"Feature family could not be established as deterministic calendar, current-state, or historical causal.",False,False,False,False,False,False,False,True,False,MEDIUM,"[""Manual source and timestamp verification required.""]"
available_spaces_roll_max_2h,other,REQUIRES_CAUSAL_REVIEW,True,"[""data\\dataset_audit.py"", ""data\\dataset_builder.py"", ""data\\temporal_normalizer.py"", ""data\\transformers.py"", ""features\\demand_features.py"", ""features\\feature_pipeline.py"", ""features\\lag_features.py"", ""features\\occupancy_features.py"", ""features\\rolling_features.py""]","[""__post_init__"", ""_build_canonical_dataset"", ""_build_empty_facility_grid"", ""_build_facility_grid"", ""_empty_output_dataframe"", ""_finalize_dataframe"", ""_validate_input"", ""_validate_schema"", ""add_birmingham_demand_features"", ""add_birmingham_lag_features"", ""expected_pipeline_feature_columns"", ""transform"", ""validate_occupancy_features"", ""validate_rolling_features""]","[""\""AVAILABLE_SPACES_COLUMN\"","", ""\""DEFAULT_AVAILABLE_SPACES_COLUMN\"","", ""\""available_spaces\"""", ""\""available_spaces\"","", ""\""available_spaces\"": ["", ""\""available_spaces_column cannot be empty.\"""", ""\""occupied_spaces + available_spaces \"""", ""# Available spaces"", ""& (available_spaces >= 0)"", ""& available_spaces.notna()"", ""+ available_spaces"", "".available_spaces_column,"", ""AVAILABLE_SPACES = \""available_spaces\"""", ""AVAILABLE_SPACES_COLUMN = \""available_spaces\"""", ""AVAILABLE_SPACES_COLUMN,"", ""CanonicalColumn.AVAILABLE_SPACES.value"", ""CanonicalColumn.AVAILABLE_SPACES.value,"", ""Column containing currently available spaces."", ""DEFAULT_AVAILABLE_SPACES_COLUMN"", ""DEFAULT_AVAILABLE_SPACES_COLUMN = \""available_spaces\"""", ""DEFAULT_AVAILABLE_SPACES_COLUMN = ("", ""] = available_spaces"", ""available_spaces"", ""available_spaces < 0"", ""available_spaces = _numeric_series(""]","[""AVAILABLE_SPACES_COLUMN"", ""DEFAULT_AVAILABLE_SPACES_COLUMN"", ""available_spaces""]",[],UNKNOWN,Insufficient static evidence for automatic causal approval.,"Feature family could not be established as deterministic calendar, current-state, or historical causal.",False,False,False,False,False,False,False,True,False,MEDIUM,"[""Manual source and timestamp verification required.""]"
available_spaces_roll_median_2h,other,REQUIRES_CAUSAL_REVIEW,True,"[""data\\dataset_audit.py"", ""data\\dataset_builder.py"", ""data\\temporal_normalizer.py"", ""data\\transformers.py"", ""features\\demand_features.py"", ""features\\feature_pipeline.py"", ""features\\lag_features.py"", ""features\\occupancy_features.py"", ""features\\rolling_features.py""]","[""__post_init__"", ""_build_canonical_dataset"", ""_build_empty_facility_grid"", ""_build_facility_grid"", ""_build_window_features"", ""_empty_output_dataframe"", ""_finalize_dataframe"", ""_validate_input"", ""_validate_schema"", ""add_birmingham_demand_features"", ""add_birmingham_lag_features"", ""expected_pipeline_feature_columns"", ""transform"", ""validate_occupancy_features"", ""validate_rolling_features""]","[""\""AVAILABLE_SPACES_COLUMN\"","", ""\""DEFAULT_AVAILABLE_SPACES_COLUMN\"","", ""\""available_spaces\"""", ""\""available_spaces\"","", ""\""available_spaces\"": ["", ""\""available_spaces_column cannot be empty.\"""", ""\""occupied_spaces + available_spaces \"""", ""# Available spaces"", ""& (available_spaces >= 0)"", ""& available_spaces.notna()"", ""+ available_spaces"", "".available_spaces_column,"", ""AVAILABLE_SPACES = \""available_spaces\"""", ""AVAILABLE_SPACES_COLUMN = \""available_spaces\"""", ""AVAILABLE_SPACES_COLUMN,"", ""CanonicalColumn.AVAILABLE_SPACES.value"", ""CanonicalColumn.AVAILABLE_SPACES.value,"", ""Column containing currently available spaces."", ""DEFAULT_AVAILABLE_SPACES_COLUMN"", ""DEFAULT_AVAILABLE_SPACES_COLUMN = \""available_spaces\"""", ""DEFAULT_AVAILABLE_SPACES_COLUMN = ("", ""] = available_spaces"", ""available_spaces"", ""available_spaces < 0"", ""available_spaces = _numeric_series(""]","[""AVAILABLE_SPACES_COLUMN"", ""DEFAULT_AVAILABLE_SPACES_COLUMN"", ""available_spaces""]",[],UNKNOWN,Insufficient static evidence for automatic causal approval.,"Feature family could not be established as deterministic calendar, current-state, or historical causal.",False,False,False,False,False,False,False,True,False,MEDIUM,"[""Manual source and timestamp verification required.""]"
available_spaces_roll_trend_2h,historical,PRODUCTION_SAFE_HISTORICAL,True,"[""data\\dataset_audit.py"", ""data\\dataset_builder.py"", ""data\\temporal_normalizer.py"", ""data\\transformers.py"", ""features\\demand_features.py"", ""features\\feature_pipeline.py"", ""features\\lag_features.py"", ""features\\occupancy_features.py"", ""features\\rolling_features.py""]","[""__post_init__"", ""_build_canonical_dataset"", ""_build_empty_facility_grid"", ""_build_facility_grid"", ""_build_window_features"", ""_empty_output_dataframe"", ""_finalize_dataframe"", ""_validate_input"", ""_validate_schema"", ""add_birmingham_demand_features"", ""add_birmingham_lag_features"", ""expected_pipeline_feature_columns"", ""transform"", ""validate_occupancy_features"", ""validate_rolling_features""]","[""\""AVAILABLE_SPACES_COLUMN\"","", ""\""DEFAULT_AVAILABLE_SPACES_COLUMN\"","", ""\""available_spaces\"""", ""\""available_spaces\"","", ""\""available_spaces\"": ["", ""\""available_spaces_column cannot be empty.\"""", ""\""occupied_spaces + available_spaces \"""", ""# Available spaces"", ""& (available_spaces >= 0)"", ""& available_spaces.notna()"", ""+ available_spaces"", "".available_spaces_column,"", ""AVAILABLE_SPACES = \""available_spaces\"""", ""AVAILABLE_SPACES_COLUMN = \""available_spaces\"""", ""AVAILABLE_SPACES_COLUMN,"", ""CanonicalColumn.AVAILABLE_SPACES.value"", ""CanonicalColumn.AVAILABLE_SPACES.value,"", ""Column containing currently available spaces."", ""DEFAULT_AVAILABLE_SPACES_COLUMN"", ""DEFAULT_AVAILABLE_SPACES_COLUMN = \""available_spaces\"""", ""DEFAULT_AVAILABLE_SPACES_COLUMN = ("", ""] = available_spaces"", ""available_spaces"", ""available_spaces < 0"", ""available_spaces = _numeric_series(""]","[""AVAILABLE_SPACES_COLUMN"", ""DEFAULT_AVAILABLE_SPACES_COLUMN"", ""available_spaces""]",[],AT_OR_BEFORE_T,Historical/lag/rolling feature; no feature-level future operation detected.,Feature naming and source evidence indicate historical semantics.,False,False,False,False,False,False,False,True,False,HIGH,"[""Formal source timestamp verification is still recommended before production approval.""]"
available_spaces_roll_count_2h,other,REQUIRES_CAUSAL_REVIEW,True,"[""data\\dataset_audit.py"", ""data\\dataset_builder.py"", ""data\\temporal_normalizer.py"", ""data\\transformers.py"", ""features\\demand_features.py"", ""features\\feature_pipeline.py"", ""features\\lag_features.py"", ""features\\occupancy_features.py"", ""features\\rolling_features.py""]","[""__post_init__"", ""_audit_targets"", ""_build_canonical_dataset"", ""_build_empty_facility_grid"", ""_build_facility_grid"", ""_build_statistics"", ""_build_window_features"", ""_empty_output_dataframe"", ""_finalize_dataframe"", ""_validate_input"", ""_validate_schema"", ""add_birmingham_demand_features"", ""add_birmingham_lag_features"", ""expected_pipeline_feature_columns"", ""format_audit_summary"", ""transform"", ""validate_occupancy_features"", ""validate_rolling_features""]","[""\""AVAILABLE_SPACES_COLUMN\"","", ""\""DEFAULT_AVAILABLE_SPACES_COLUMN\"","", ""\""available_spaces\"""", ""\""available_spaces\"","", ""\""available_spaces\"": ["", ""\""available_spaces_column cannot be empty.\"""", ""\""occupied_spaces + available_spaces \"""", ""# Available spaces"", ""& (available_spaces >= 0)"", ""& available_spaces.notna()"", ""& available_target_count.lt("", ""+ available_spaces"", ""- available_count"", "".available_spaces_column,"", ""AVAILABLE_SPACES = \""available_spaces\"""", ""AVAILABLE_SPACES_COLUMN = \""available_spaces\"""", ""AVAILABLE_SPACES_COLUMN,"", ""CanonicalColumn.AVAILABLE_SPACES.value"", ""CanonicalColumn.AVAILABLE_SPACES.value,"", ""Column containing currently available spaces."", ""DEFAULT_AVAILABLE_SPACES_COLUMN"", ""DEFAULT_AVAILABLE_SPACES_COLUMN = \""available_spaces\"""", ""DEFAULT_AVAILABLE_SPACES_COLUMN = ("", ""] = available_spaces"", ""available_count""]","[""AVAILABLE_SPACES_COLUMN"", ""DEFAULT_AVAILABLE_SPACES_COLUMN"", ""available_spaces""]",[],UNKNOWN,Insufficient static evidence for automatic causal approval.,"Feature family could not be established as deterministic calendar, current-state, or historical causal.",False,False,False,False,False,False,False,True,False,MEDIUM,"[""Manual source and timestamp verification required.""]"
available_spaces_roll_missing_2h,other,REQUIRES_CAUSAL_REVIEW,True,"[""data\\dataset_audit.py"", ""data\\dataset_builder.py"", ""data\\temporal_normalizer.py"", ""data\\transformers.py"", ""features\\demand_features.py"", ""features\\feature_pipeline.py"", ""features\\lag_features.py"", ""features\\occupancy_features.py"", ""features\\rolling_features.py""]","[""__post_init__"", ""_build_canonical_dataset"", ""_build_empty_facility_grid"", ""_build_facility_grid"", ""_empty_output_dataframe"", ""_finalize_dataframe"", ""_validate_input"", ""_validate_schema"", ""add_birmingham_demand_features"", ""add_birmingham_lag_features"", ""expected_pipeline_feature_columns"", ""transform"", ""validate_occupancy_features"", ""validate_rolling_features""]","[""\""AVAILABLE_SPACES_COLUMN\"","", ""\""DEFAULT_AVAILABLE_SPACES_COLUMN\"","", ""\""available_spaces\"""", ""\""available_spaces\"","", ""\""available_spaces\"": ["", ""\""available_spaces_column cannot be empty.\"""", ""\""occupied_spaces + available_spaces \"""", ""# Available spaces"", ""& (available_spaces >= 0)"", ""& available_spaces.notna()"", ""+ available_spaces"", "".available_spaces_column,"", ""AVAILABLE_SPACES = \""available_spaces\"""", ""AVAILABLE_SPACES_COLUMN = \""available_spaces\"""", ""AVAILABLE_SPACES_COLUMN,"", ""CanonicalColumn.AVAILABLE_SPACES.value"", ""CanonicalColumn.AVAILABLE_SPACES.value,"", ""Column containing currently available spaces."", ""DEFAULT_AVAILABLE_SPACES_COLUMN"", ""DEFAULT_AVAILABLE_SPACES_COLUMN = \""available_spaces\"""", ""DEFAULT_AVAILABLE_SPACES_COLUMN = ("", ""] = available_spaces"", ""available_spaces"", ""available_spaces < 0"", ""available_spaces = _numeric_series(""]","[""AVAILABLE_SPACES_COLUMN"", ""DEFAULT_AVAILABLE_SPACES_COLUMN"", ""available_spaces""]",[],UNKNOWN,Insufficient static evidence for automatic causal approval.,"Feature family could not be established as deterministic calendar, current-state, or historical causal.",False,False,False,False,False,False,False,True,False,MEDIUM,"[""Manual source and timestamp verification required.""]"
available_spaces_roll_coverage_ratio_2h,other,REQUIRES_CAUSAL_REVIEW,True,"[""data\\dataset_audit.py"", ""data\\dataset_builder.py"", ""data\\temporal_normalizer.py"", ""data\\transformers.py"", ""features\\demand_features.py"", ""features\\feature_pipeline.py"", ""features\\lag_features.py"", ""features\\occupancy_features.py"", ""features\\rolling_features.py""]","[""__post_init__"", ""_audit_targets"", ""_build_canonical_dataset"", ""_build_empty_facility_grid"", ""_build_facility_grid"", ""_empty_output_dataframe"", ""_finalize_dataframe"", ""_validate_input"", ""_validate_schema"", ""add_birmingham_demand_features"", ""add_birmingham_lag_features"", ""expected_pipeline_feature_columns"", ""transform"", ""validate_occupancy_features"", ""validate_rolling_features""]","[""\""AVAILABLE_SPACES_COLUMN\"","", ""\""DEFAULT_AVAILABLE_SPACES_COLUMN\"","", ""\""available_ratio\"""", ""\""available_ratio\"","", ""\""available_spaces\"""", ""\""available_spaces\"","", ""\""available_spaces\"": ["", ""\""available_spaces_column cannot be empty.\"""", ""\""minimum_target_coverage_ratio must \"""", ""\""occupied_spaces + available_spaces \"""", ""# Available spaces"", ""& (available_spaces >= 0)"", ""& available_spaces.notna()"", ""+ available_spaces"", "".available_spaces_column,"", "".minimum_target_coverage_ratio"", ""<= self.minimum_target_coverage_ratio"", ""AVAILABLE_SPACES = \""available_spaces\"""", ""AVAILABLE_SPACES_COLUMN = \""available_spaces\"""", ""AVAILABLE_SPACES_COLUMN,"", ""CanonicalColumn.AVAILABLE_SPACES.value"", ""CanonicalColumn.AVAILABLE_SPACES.value,"", ""Column containing currently available spaces."", ""DEFAULT_AVAILABLE_SPACES_COLUMN"", ""DEFAULT_AVAILABLE_SPACES_COLUMN = \""available_spaces\""""]","[""AVAILABLE_SPACES_COLUMN"", ""DEFAULT_AVAILABLE_SPACES_COLUMN"", ""available_ratio"", ""available_spaces""]",[],UNKNOWN,Insufficient static evidence for automatic causal approval.,"Feature family could not be established as deterministic calendar, current-state, or historical causal.",False,False,False,False,False,False,False,True,False,MEDIUM,"[""Manual source and timestamp verification required.""]"
available_spaces_roll_2h_available,other,REQUIRES_CAUSAL_REVIEW,True,"[""data\\dataset_audit.py"", ""data\\dataset_builder.py"", ""data\\temporal_normalizer.py"", ""data\\transformers.py"", ""features\\demand_features.py"", ""features\\feature_pipeline.py"", ""features\\lag_features.py"", ""features\\occupancy_features.py"", ""features\\rolling_features.py""]","[""__post_init__"", ""_build_canonical_dataset"", ""_build_empty_facility_grid"", ""_build_facility_grid"", ""_empty_output_dataframe"", ""_finalize_dataframe"", ""_validate_input"", ""_validate_schema"", ""add_birmingham_demand_features"", ""add_birmingham_lag_features"", ""expected_pipeline_feature_columns"", ""transform"", ""validate_occupancy_features"", ""validate_rolling_features""]","[""\""AVAILABLE_SPACES_COLUMN\"","", ""\""DEFAULT_AVAILABLE_SPACES_COLUMN\"","", ""\""available_spaces\"""", ""\""available_spaces\"","", ""\""available_spaces\"": ["", ""\""available_spaces_column cannot be empty.\"""", ""\""occupied_spaces + available_spaces \"""", ""# Available spaces"", ""& (available_spaces >= 0)"", ""& available_spaces.notna()"", ""+ available_spaces"", "".available_spaces_column,"", ""AVAILABLE_SPACES = \""available_spaces\"""", ""AVAILABLE_SPACES_COLUMN = \""available_spaces\"""", ""AVAILABLE_SPACES_COLUMN,"", ""CanonicalColumn.AVAILABLE_SPACES.value"", ""CanonicalColumn.AVAILABLE_SPACES.value,"", ""Column containing currently available spaces."", ""DEFAULT_AVAILABLE_SPACES_COLUMN"", ""DEFAULT_AVAILABLE_SPACES_COLUMN = \""available_spaces\"""", ""DEFAULT_AVAILABLE_SPACES_COLUMN = ("", ""] = available_spaces"", ""available_spaces"", ""available_spaces < 0"", ""available_spaces = _numeric_series(""]","[""AVAILABLE_SPACES_COLUMN"", ""DEFAULT_AVAILABLE_SPACES_COLUMN"", ""available_spaces""]",[],UNKNOWN,Insufficient static evidence for automatic causal approval.,"Feature family could not be established as deterministic calendar, current-state, or historical causal.",False,False,False,False,False,False,False,True,False,MEDIUM,"[""Manual source and timestamp verification required.""]"
available_spaces_roll_mean_3h,other,REQUIRES_CAUSAL_REVIEW,True,"[""data\\dataset_audit.py"", ""data\\dataset_builder.py"", ""data\\temporal_normalizer.py"", ""data\\transformers.py"", ""features\\demand_features.py"", ""features\\feature_pipeline.py"", ""features\\lag_features.py"", ""features\\occupancy_features.py"", ""features\\rolling_features.py""]","[""__post_init__"", ""_build_canonical_dataset"", ""_build_empty_facility_grid"", ""_build_facility_grid"", ""_build_window_features"", ""_empty_output_dataframe"", ""_finalize_dataframe"", ""_validate_input"", ""_validate_schema"", ""add_birmingham_demand_features"", ""add_birmingham_lag_features"", ""expected_pipeline_feature_columns"", ""transform"", ""validate_occupancy_features"", ""validate_rolling_features""]","[""\""AVAILABLE_SPACES_COLUMN\"","", ""\""DEFAULT_AVAILABLE_SPACES_COLUMN\"","", ""\""available_spaces\"""", ""\""available_spaces\"","", ""\""available_spaces\"": ["", ""\""available_spaces_column cannot be empty.\"""", ""\""occupied_spaces + available_spaces \"""", ""# Available spaces"", ""& (available_spaces >= 0)"", ""& available_spaces.notna()"", ""+ available_spaces"", "".available_spaces_column,"", ""AVAILABLE_SPACES = \""available_spaces\"""", ""AVAILABLE_SPACES_COLUMN = \""available_spaces\"""", ""AVAILABLE_SPACES_COLUMN,"", ""CanonicalColumn.AVAILABLE_SPACES.value"", ""CanonicalColumn.AVAILABLE_SPACES.value,"", ""Column containing currently available spaces."", ""DEFAULT_AVAILABLE_SPACES_COLUMN"", ""DEFAULT_AVAILABLE_SPACES_COLUMN = \""available_spaces\"""", ""DEFAULT_AVAILABLE_SPACES_COLUMN = ("", ""] = available_spaces"", ""available_spaces"", ""available_spaces < 0"", ""available_spaces = _numeric_series(""]","[""AVAILABLE_SPACES_COLUMN"", ""DEFAULT_AVAILABLE_SPACES_COLUMN"", ""available_spaces""]",[],UNKNOWN,Insufficient static evidence for automatic causal approval.,"Feature family could not be established as deterministic calendar, current-state, or historical causal.",False,False,False,False,False,False,False,True,False,MEDIUM,"[""Manual source and timestamp verification required.""]"
available_spaces_roll_std_3h,other,REQUIRES_CAUSAL_REVIEW,True,"[""data\\dataset_audit.py"", ""data\\dataset_builder.py"", ""data\\temporal_normalizer.py"", ""data\\transformers.py"", ""features\\demand_features.py"", ""features\\feature_pipeline.py"", ""features\\lag_features.py"", ""features\\occupancy_features.py"", ""features\\rolling_features.py""]","[""__post_init__"", ""_build_canonical_dataset"", ""_build_empty_facility_grid"", ""_build_facility_grid"", ""_empty_output_dataframe"", ""_finalize_dataframe"", ""_validate_input"", ""_validate_schema"", ""add_birmingham_demand_features"", ""add_birmingham_lag_features"", ""expected_pipeline_feature_columns"", ""transform"", ""validate_occupancy_features"", ""validate_rolling_features""]","[""\""AVAILABLE_SPACES_COLUMN\"","", ""\""DEFAULT_AVAILABLE_SPACES_COLUMN\"","", ""\""available_spaces\"""", ""\""available_spaces\"","", ""\""available_spaces\"": ["", ""\""available_spaces_column cannot be empty.\"""", ""\""occupied_spaces + available_spaces \"""", ""# Available spaces"", ""& (available_spaces >= 0)"", ""& available_spaces.notna()"", ""+ available_spaces"", "".available_spaces_column,"", ""AVAILABLE_SPACES = \""available_spaces\"""", ""AVAILABLE_SPACES_COLUMN = \""available_spaces\"""", ""AVAILABLE_SPACES_COLUMN,"", ""CanonicalColumn.AVAILABLE_SPACES.value"", ""CanonicalColumn.AVAILABLE_SPACES.value,"", ""Column containing currently available spaces."", ""DEFAULT_AVAILABLE_SPACES_COLUMN"", ""DEFAULT_AVAILABLE_SPACES_COLUMN = \""available_spaces\"""", ""DEFAULT_AVAILABLE_SPACES_COLUMN = ("", ""] = available_spaces"", ""available_spaces"", ""available_spaces < 0"", ""available_spaces = _numeric_series(""]","[""AVAILABLE_SPACES_COLUMN"", ""DEFAULT_AVAILABLE_SPACES_COLUMN"", ""available_spaces""]",[],UNKNOWN,Insufficient static evidence for automatic causal approval.,"Feature family could not be established as deterministic calendar, current-state, or historical causal.",False,False,False,False,False,False,False,True,False,MEDIUM,"[""Manual source and timestamp verification required.""]"
available_spaces_roll_min_3h,other,REQUIRES_CAUSAL_REVIEW,True,"[""data\\dataset_audit.py"", ""data\\dataset_builder.py"", ""data\\temporal_normalizer.py"", ""data\\transformers.py"", ""features\\demand_features.py"", ""features\\feature_pipeline.py"", ""features\\lag_features.py"", ""features\\occupancy_features.py"", ""features\\rolling_features.py""]","[""__post_init__"", ""_build_canonical_dataset"", ""_build_empty_facility_grid"", ""_build_facility_grid"", ""_empty_output_dataframe"", ""_finalize_dataframe"", ""_validate_input"", ""_validate_schema"", ""add_birmingham_demand_features"", ""add_birmingham_lag_features"", ""expected_pipeline_feature_columns"", ""transform"", ""validate_occupancy_features"", ""validate_rolling_features""]","[""\""AVAILABLE_SPACES_COLUMN\"","", ""\""DEFAULT_AVAILABLE_SPACES_COLUMN\"","", ""\""available_spaces\"""", ""\""available_spaces\"","", ""\""available_spaces\"": ["", ""\""available_spaces_column cannot be empty.\"""", ""\""occupied_spaces + available_spaces \"""", ""# Available spaces"", ""& (available_spaces >= 0)"", ""& available_spaces.notna()"", ""+ available_spaces"", "".available_spaces_column,"", ""AVAILABLE_SPACES = \""available_spaces\"""", ""AVAILABLE_SPACES_COLUMN = \""available_spaces\"""", ""AVAILABLE_SPACES_COLUMN,"", ""CanonicalColumn.AVAILABLE_SPACES.value"", ""CanonicalColumn.AVAILABLE_SPACES.value,"", ""Column containing currently available spaces."", ""DEFAULT_AVAILABLE_SPACES_COLUMN"", ""DEFAULT_AVAILABLE_SPACES_COLUMN = \""available_spaces\"""", ""DEFAULT_AVAILABLE_SPACES_COLUMN = ("", ""] = available_spaces"", ""available_spaces"", ""available_spaces < 0"", ""available_spaces = _numeric_series(""]","[""AVAILABLE_SPACES_COLUMN"", ""DEFAULT_AVAILABLE_SPACES_COLUMN"", ""available_spaces""]",[],UNKNOWN,Insufficient static evidence for automatic causal approval.,"Feature family could not be established as deterministic calendar, current-state, or historical causal.",False,False,False,False,False,False,False,True,False,MEDIUM,"[""Manual source and timestamp verification required.""]"
available_spaces_roll_max_3h,other,REQUIRES_CAUSAL_REVIEW,True,"[""data\\dataset_audit.py"", ""data\\dataset_builder.py"", ""data\\temporal_normalizer.py"", ""data\\transformers.py"", ""features\\demand_features.py"", ""features\\feature_pipeline.py"", ""features\\lag_features.py"", ""features\\occupancy_features.py"", ""features\\rolling_features.py""]","[""__post_init__"", ""_build_canonical_dataset"", ""_build_empty_facility_grid"", ""_build_facility_grid"", ""_empty_output_dataframe"", ""_finalize_dataframe"", ""_validate_input"", ""_validate_schema"", ""add_birmingham_demand_features"", ""add_birmingham_lag_features"", ""expected_pipeline_feature_columns"", ""transform"", ""validate_occupancy_features"", ""validate_rolling_features""]","[""\""AVAILABLE_SPACES_COLUMN\"","", ""\""DEFAULT_AVAILABLE_SPACES_COLUMN\"","", ""\""available_spaces\"""", ""\""available_spaces\"","", ""\""available_spaces\"": ["", ""\""available_spaces_column cannot be empty.\"""", ""\""occupied_spaces + available_spaces \"""", ""# Available spaces"", ""& (available_spaces >= 0)"", ""& available_spaces.notna()"", ""+ available_spaces"", "".available_spaces_column,"", ""AVAILABLE_SPACES = \""available_spaces\"""", ""AVAILABLE_SPACES_COLUMN = \""available_spaces\"""", ""AVAILABLE_SPACES_COLUMN,"", ""CanonicalColumn.AVAILABLE_SPACES.value"", ""CanonicalColumn.AVAILABLE_SPACES.value,"", ""Column containing currently available spaces."", ""DEFAULT_AVAILABLE_SPACES_COLUMN"", ""DEFAULT_AVAILABLE_SPACES_COLUMN = \""available_spaces\"""", ""DEFAULT_AVAILABLE_SPACES_COLUMN = ("", ""] = available_spaces"", ""available_spaces"", ""available_spaces < 0"", ""available_spaces = _numeric_series(""]","[""AVAILABLE_SPACES_COLUMN"", ""DEFAULT_AVAILABLE_SPACES_COLUMN"", ""available_spaces""]",[],UNKNOWN,Insufficient static evidence for automatic causal approval.,"Feature family could not be established as deterministic calendar, current-state, or historical causal.",False,False,False,False,False,False,False,True,False,MEDIUM,"[""Manual source and timestamp verification required.""]"
available_spaces_roll_median_3h,other,REQUIRES_CAUSAL_REVIEW,True,"[""data\\dataset_audit.py"", ""data\\dataset_builder.py"", ""data\\temporal_normalizer.py"", ""data\\transformers.py"", ""features\\demand_features.py"", ""features\\feature_pipeline.py"", ""features\\lag_features.py"", ""features\\occupancy_features.py"", ""features\\rolling_features.py""]","[""__post_init__"", ""_build_canonical_dataset"", ""_build_empty_facility_grid"", ""_build_facility_grid"", ""_build_window_features"", ""_empty_output_dataframe"", ""_finalize_dataframe"", ""_validate_input"", ""_validate_schema"", ""add_birmingham_demand_features"", ""add_birmingham_lag_features"", ""expected_pipeline_feature_columns"", ""transform"", ""validate_occupancy_features"", ""validate_rolling_features""]","[""\""AVAILABLE_SPACES_COLUMN\"","", ""\""DEFAULT_AVAILABLE_SPACES_COLUMN\"","", ""\""available_spaces\"""", ""\""available_spaces\"","", ""\""available_spaces\"": ["", ""\""available_spaces_column cannot be empty.\"""", ""\""occupied_spaces + available_spaces \"""", ""# Available spaces"", ""& (available_spaces >= 0)"", ""& available_spaces.notna()"", ""+ available_spaces"", "".available_spaces_column,"", ""AVAILABLE_SPACES = \""available_spaces\"""", ""AVAILABLE_SPACES_COLUMN = \""available_spaces\"""", ""AVAILABLE_SPACES_COLUMN,"", ""CanonicalColumn.AVAILABLE_SPACES.value"", ""CanonicalColumn.AVAILABLE_SPACES.value,"", ""Column containing currently available spaces."", ""DEFAULT_AVAILABLE_SPACES_COLUMN"", ""DEFAULT_AVAILABLE_SPACES_COLUMN = \""available_spaces\"""", ""DEFAULT_AVAILABLE_SPACES_COLUMN = ("", ""] = available_spaces"", ""available_spaces"", ""available_spaces < 0"", ""available_spaces = _numeric_series(""]","[""AVAILABLE_SPACES_COLUMN"", ""DEFAULT_AVAILABLE_SPACES_COLUMN"", ""available_spaces""]",[],UNKNOWN,Insufficient static evidence for automatic causal approval.,"Feature family could not be established as deterministic calendar, current-state, or historical causal.",False,False,False,False,False,False,False,True,False,MEDIUM,"[""Manual source and timestamp verification required.""]"
available_spaces_roll_trend_3h,historical,PRODUCTION_SAFE_HISTORICAL,True,"[""data\\dataset_audit.py"", ""data\\dataset_builder.py"", ""data\\temporal_normalizer.py"", ""data\\transformers.py"", ""features\\demand_features.py"", ""features\\feature_pipeline.py"", ""features\\lag_features.py"", ""features\\occupancy_features.py"", ""features\\rolling_features.py""]","[""__post_init__"", ""_build_canonical_dataset"", ""_build_empty_facility_grid"", ""_build_facility_grid"", ""_build_window_features"", ""_empty_output_dataframe"", ""_finalize_dataframe"", ""_validate_input"", ""_validate_schema"", ""add_birmingham_demand_features"", ""add_birmingham_lag_features"", ""expected_pipeline_feature_columns"", ""transform"", ""validate_occupancy_features"", ""validate_rolling_features""]","[""\""AVAILABLE_SPACES_COLUMN\"","", ""\""DEFAULT_AVAILABLE_SPACES_COLUMN\"","", ""\""available_spaces\"""", ""\""available_spaces\"","", ""\""available_spaces\"": ["", ""\""available_spaces_column cannot be empty.\"""", ""\""occupied_spaces + available_spaces \"""", ""# Available spaces"", ""& (available_spaces >= 0)"", ""& available_spaces.notna()"", ""+ available_spaces"", "".available_spaces_column,"", ""AVAILABLE_SPACES = \""available_spaces\"""", ""AVAILABLE_SPACES_COLUMN = \""available_spaces\"""", ""AVAILABLE_SPACES_COLUMN,"", ""CanonicalColumn.AVAILABLE_SPACES.value"", ""CanonicalColumn.AVAILABLE_SPACES.value,"", ""Column containing currently available spaces."", ""DEFAULT_AVAILABLE_SPACES_COLUMN"", ""DEFAULT_AVAILABLE_SPACES_COLUMN = \""available_spaces\"""", ""DEFAULT_AVAILABLE_SPACES_COLUMN = ("", ""] = available_spaces"", ""available_spaces"", ""available_spaces < 0"", ""available_spaces = _numeric_series(""]","[""AVAILABLE_SPACES_COLUMN"", ""DEFAULT_AVAILABLE_SPACES_COLUMN"", ""available_spaces""]",[],AT_OR_BEFORE_T,Historical/lag/rolling feature; no feature-level future operation detected.,Feature naming and source evidence indicate historical semantics.,False,False,False,False,False,False,False,True,False,HIGH,"[""Formal source timestamp verification is still recommended before production approval.""]"
available_spaces_roll_count_3h,other,REQUIRES_CAUSAL_REVIEW,True,"[""data\\dataset_audit.py"", ""data\\dataset_builder.py"", ""data\\temporal_normalizer.py"", ""data\\transformers.py"", ""features\\demand_features.py"", ""features\\feature_pipeline.py"", ""features\\lag_features.py"", ""features\\occupancy_features.py"", ""features\\rolling_features.py""]","[""__post_init__"", ""_audit_targets"", ""_build_canonical_dataset"", ""_build_empty_facility_grid"", ""_build_facility_grid"", ""_build_statistics"", ""_build_window_features"", ""_empty_output_dataframe"", ""_finalize_dataframe"", ""_validate_input"", ""_validate_schema"", ""add_birmingham_demand_features"", ""add_birmingham_lag_features"", ""expected_pipeline_feature_columns"", ""format_audit_summary"", ""transform"", ""validate_occupancy_features"", ""validate_rolling_features""]","[""\""AVAILABLE_SPACES_COLUMN\"","", ""\""DEFAULT_AVAILABLE_SPACES_COLUMN\"","", ""\""available_spaces\"""", ""\""available_spaces\"","", ""\""available_spaces\"": ["", ""\""available_spaces_column cannot be empty.\"""", ""\""occupied_spaces + available_spaces \"""", ""# Available spaces"", ""& (available_spaces >= 0)"", ""& available_spaces.notna()"", ""& available_target_count.lt("", ""+ available_spaces"", ""- available_count"", "".available_spaces_column,"", ""AVAILABLE_SPACES = \""available_spaces\"""", ""AVAILABLE_SPACES_COLUMN = \""available_spaces\"""", ""AVAILABLE_SPACES_COLUMN,"", ""CanonicalColumn.AVAILABLE_SPACES.value"", ""CanonicalColumn.AVAILABLE_SPACES.value,"", ""Column containing currently available spaces."", ""DEFAULT_AVAILABLE_SPACES_COLUMN"", ""DEFAULT_AVAILABLE_SPACES_COLUMN = \""available_spaces\"""", ""DEFAULT_AVAILABLE_SPACES_COLUMN = ("", ""] = available_spaces"", ""available_count""]","[""AVAILABLE_SPACES_COLUMN"", ""DEFAULT_AVAILABLE_SPACES_COLUMN"", ""available_spaces""]",[],UNKNOWN,Insufficient static evidence for automatic causal approval.,"Feature family could not be established as deterministic calendar, current-state, or historical causal.",False,False,False,False,False,False,False,True,False,MEDIUM,"[""Manual source and timestamp verification required.""]"
available_spaces_roll_missing_3h,other,REQUIRES_CAUSAL_REVIEW,True,"[""data\\dataset_audit.py"", ""data\\dataset_builder.py"", ""data\\temporal_normalizer.py"", ""data\\transformers.py"", ""features\\demand_features.py"", ""features\\feature_pipeline.py"", ""features\\lag_features.py"", ""features\\occupancy_features.py"", ""features\\rolling_features.py""]","[""__post_init__"", ""_build_canonical_dataset"", ""_build_empty_facility_grid"", ""_build_facility_grid"", ""_empty_output_dataframe"", ""_finalize_dataframe"", ""_validate_input"", ""_validate_schema"", ""add_birmingham_demand_features"", ""add_birmingham_lag_features"", ""expected_pipeline_feature_columns"", ""transform"", ""validate_occupancy_features"", ""validate_rolling_features""]","[""\""AVAILABLE_SPACES_COLUMN\"","", ""\""DEFAULT_AVAILABLE_SPACES_COLUMN\"","", ""\""available_spaces\"""", ""\""available_spaces\"","", ""\""available_spaces\"": ["", ""\""available_spaces_column cannot be empty.\"""", ""\""occupied_spaces + available_spaces \"""", ""# Available spaces"", ""& (available_spaces >= 0)"", ""& available_spaces.notna()"", ""+ available_spaces"", "".available_spaces_column,"", ""AVAILABLE_SPACES = \""available_spaces\"""", ""AVAILABLE_SPACES_COLUMN = \""available_spaces\"""", ""AVAILABLE_SPACES_COLUMN,"", ""CanonicalColumn.AVAILABLE_SPACES.value"", ""CanonicalColumn.AVAILABLE_SPACES.value,"", ""Column containing currently available spaces."", ""DEFAULT_AVAILABLE_SPACES_COLUMN"", ""DEFAULT_AVAILABLE_SPACES_COLUMN = \""available_spaces\"""", ""DEFAULT_AVAILABLE_SPACES_COLUMN = ("", ""] = available_spaces"", ""available_spaces"", ""available_spaces < 0"", ""available_spaces = _numeric_series(""]","[""AVAILABLE_SPACES_COLUMN"", ""DEFAULT_AVAILABLE_SPACES_COLUMN"", ""available_spaces""]",[],UNKNOWN,Insufficient static evidence for automatic causal approval.,"Feature family could not be established as deterministic calendar, current-state, or historical causal.",False,False,False,False,False,False,False,True,False,MEDIUM,"[""Manual source and timestamp verification required.""]"
available_spaces_roll_coverage_ratio_3h,other,REQUIRES_CAUSAL_REVIEW,True,"[""data\\dataset_audit.py"", ""data\\dataset_builder.py"", ""data\\temporal_normalizer.py"", ""data\\transformers.py"", ""features\\demand_features.py"", ""features\\feature_pipeline.py"", ""features\\lag_features.py"", ""features\\occupancy_features.py"", ""features\\rolling_features.py""]","[""__post_init__"", ""_audit_targets"", ""_build_canonical_dataset"", ""_build_empty_facility_grid"", ""_build_facility_grid"", ""_empty_output_dataframe"", ""_finalize_dataframe"", ""_validate_input"", ""_validate_schema"", ""add_birmingham_demand_features"", ""add_birmingham_lag_features"", ""expected_pipeline_feature_columns"", ""transform"", ""validate_occupancy_features"", ""validate_rolling_features""]","[""\""AVAILABLE_SPACES_COLUMN\"","", ""\""DEFAULT_AVAILABLE_SPACES_COLUMN\"","", ""\""available_ratio\"""", ""\""available_ratio\"","", ""\""available_spaces\"""", ""\""available_spaces\"","", ""\""available_spaces\"": ["", ""\""available_spaces_column cannot be empty.\"""", ""\""minimum_target_coverage_ratio must \"""", ""\""occupied_spaces + available_spaces \"""", ""# Available spaces"", ""& (available_spaces >= 0)"", ""& available_spaces.notna()"", ""+ available_spaces"", "".available_spaces_column,"", "".minimum_target_coverage_ratio"", ""<= self.minimum_target_coverage_ratio"", ""AVAILABLE_SPACES = \""available_spaces\"""", ""AVAILABLE_SPACES_COLUMN = \""available_spaces\"""", ""AVAILABLE_SPACES_COLUMN,"", ""CanonicalColumn.AVAILABLE_SPACES.value"", ""CanonicalColumn.AVAILABLE_SPACES.value,"", ""Column containing currently available spaces."", ""DEFAULT_AVAILABLE_SPACES_COLUMN"", ""DEFAULT_AVAILABLE_SPACES_COLUMN = \""available_spaces\""""]","[""AVAILABLE_SPACES_COLUMN"", ""DEFAULT_AVAILABLE_SPACES_COLUMN"", ""available_ratio"", ""available_spaces""]",[],UNKNOWN,Insufficient static evidence for automatic causal approval.,"Feature family could not be established as deterministic calendar, current-state, or historical causal.",False,False,False,False,False,False,False,True,False,MEDIUM,"[""Manual source and timestamp verification required.""]"
available_spaces_roll_3h_available,other,REQUIRES_CAUSAL_REVIEW,True,"[""data\\dataset_audit.py"", ""data\\dataset_builder.py"", ""data\\temporal_normalizer.py"", ""data\\transformers.py"", ""features\\demand_features.py"", ""features\\feature_pipeline.py"", ""features\\lag_features.py"", ""features\\occupancy_features.py"", ""features\\rolling_features.py""]","[""__post_init__"", ""_build_canonical_dataset"", ""_build_empty_facility_grid"", ""_build_facility_grid"", ""_empty_output_dataframe"", ""_finalize_dataframe"", ""_validate_input"", ""_validate_schema"", ""add_birmingham_demand_features"", ""add_birmingham_lag_features"", ""expected_pipeline_feature_columns"", ""transform"", ""validate_occupancy_features"", ""validate_rolling_features""]","[""\""AVAILABLE_SPACES_COLUMN\"","", ""\""DEFAULT_AVAILABLE_SPACES_COLUMN\"","", ""\""available_spaces\"""", ""\""available_spaces\"","", ""\""available_spaces\"": ["", ""\""available_spaces_column cannot be empty.\"""", ""\""occupied_spaces + available_spaces \"""", ""# Available spaces"", ""& (available_spaces >= 0)"", ""& available_spaces.notna()"", ""+ available_spaces"", "".available_spaces_column,"", ""AVAILABLE_SPACES = \""available_spaces\"""", ""AVAILABLE_SPACES_COLUMN = \""available_spaces\"""", ""AVAILABLE_SPACES_COLUMN,"", ""CanonicalColumn.AVAILABLE_SPACES.value"", ""CanonicalColumn.AVAILABLE_SPACES.value,"", ""Column containing currently available spaces."", ""DEFAULT_AVAILABLE_SPACES_COLUMN"", ""DEFAULT_AVAILABLE_SPACES_COLUMN = \""available_spaces\"""", ""DEFAULT_AVAILABLE_SPACES_COLUMN = ("", ""] = available_spaces"", ""available_spaces"", ""available_spaces < 0"", ""available_spaces = _numeric_series(""]","[""AVAILABLE_SPACES_COLUMN"", ""DEFAULT_AVAILABLE_SPACES_COLUMN"", ""available_spaces""]",[],UNKNOWN,Insufficient static evidence for automatic causal approval.,"Feature family could not be established as deterministic calendar, current-state, or historical causal.",False,False,False,False,False,False,False,True,False,MEDIUM,"[""Manual source and timestamp verification required.""]"
available_spaces_roll_mean_6h,other,REQUIRES_CAUSAL_REVIEW,True,"[""data\\dataset_audit.py"", ""data\\dataset_builder.py"", ""data\\temporal_normalizer.py"", ""data\\transformers.py"", ""features\\demand_features.py"", ""features\\feature_pipeline.py"", ""features\\lag_features.py"", ""features\\occupancy_features.py"", ""features\\rolling_features.py""]","[""__post_init__"", ""_build_canonical_dataset"", ""_build_empty_facility_grid"", ""_build_facility_grid"", ""_build_window_features"", ""_empty_output_dataframe"", ""_finalize_dataframe"", ""_validate_input"", ""_validate_schema"", ""add_birmingham_demand_features"", ""add_birmingham_lag_features"", ""expected_pipeline_feature_columns"", ""transform"", ""validate_occupancy_features"", ""validate_rolling_features""]","[""\""AVAILABLE_SPACES_COLUMN\"","", ""\""DEFAULT_AVAILABLE_SPACES_COLUMN\"","", ""\""available_spaces\"""", ""\""available_spaces\"","", ""\""available_spaces\"": ["", ""\""available_spaces_column cannot be empty.\"""", ""\""occupied_spaces + available_spaces \"""", ""# Available spaces"", ""& (available_spaces >= 0)"", ""& available_spaces.notna()"", ""+ available_spaces"", "".available_spaces_column,"", ""AVAILABLE_SPACES = \""available_spaces\"""", ""AVAILABLE_SPACES_COLUMN = \""available_spaces\"""", ""AVAILABLE_SPACES_COLUMN,"", ""CanonicalColumn.AVAILABLE_SPACES.value"", ""CanonicalColumn.AVAILABLE_SPACES.value,"", ""Column containing currently available spaces."", ""DEFAULT_AVAILABLE_SPACES_COLUMN"", ""DEFAULT_AVAILABLE_SPACES_COLUMN = \""available_spaces\"""", ""DEFAULT_AVAILABLE_SPACES_COLUMN = ("", ""] = available_spaces"", ""available_spaces"", ""available_spaces < 0"", ""available_spaces = _numeric_series(""]","[""AVAILABLE_SPACES_COLUMN"", ""DEFAULT_AVAILABLE_SPACES_COLUMN"", ""available_spaces""]",[],UNKNOWN,Insufficient static evidence for automatic causal approval.,"Feature family could not be established as deterministic calendar, current-state, or historical causal.",False,False,False,False,False,False,False,True,False,MEDIUM,"[""Manual source and timestamp verification required.""]"
available_spaces_roll_std_6h,other,REQUIRES_CAUSAL_REVIEW,True,"[""data\\dataset_audit.py"", ""data\\dataset_builder.py"", ""data\\temporal_normalizer.py"", ""data\\transformers.py"", ""features\\demand_features.py"", ""features\\feature_pipeline.py"", ""features\\lag_features.py"", ""features\\occupancy_features.py"", ""features\\rolling_features.py""]","[""__post_init__"", ""_build_canonical_dataset"", ""_build_empty_facility_grid"", ""_build_facility_grid"", ""_empty_output_dataframe"", ""_finalize_dataframe"", ""_validate_input"", ""_validate_schema"", ""add_birmingham_demand_features"", ""add_birmingham_lag_features"", ""expected_pipeline_feature_columns"", ""transform"", ""validate_occupancy_features"", ""validate_rolling_features""]","[""\""AVAILABLE_SPACES_COLUMN\"","", ""\""DEFAULT_AVAILABLE_SPACES_COLUMN\"","", ""\""available_spaces\"""", ""\""available_spaces\"","", ""\""available_spaces\"": ["", ""\""available_spaces_column cannot be empty.\"""", ""\""occupied_spaces + available_spaces \"""", ""# Available spaces"", ""& (available_spaces >= 0)"", ""& available_spaces.notna()"", ""+ available_spaces"", "".available_spaces_column,"", ""AVAILABLE_SPACES = \""available_spaces\"""", ""AVAILABLE_SPACES_COLUMN = \""available_spaces\"""", ""AVAILABLE_SPACES_COLUMN,"", ""CanonicalColumn.AVAILABLE_SPACES.value"", ""CanonicalColumn.AVAILABLE_SPACES.value,"", ""Column containing currently available spaces."", ""DEFAULT_AVAILABLE_SPACES_COLUMN"", ""DEFAULT_AVAILABLE_SPACES_COLUMN = \""available_spaces\"""", ""DEFAULT_AVAILABLE_SPACES_COLUMN = ("", ""] = available_spaces"", ""available_spaces"", ""available_spaces < 0"", ""available_spaces = _numeric_series(""]","[""AVAILABLE_SPACES_COLUMN"", ""DEFAULT_AVAILABLE_SPACES_COLUMN"", ""available_spaces""]",[],UNKNOWN,Insufficient static evidence for automatic causal approval.,"Feature family could not be established as deterministic calendar, current-state, or historical causal.",False,False,False,False,False,False,False,True,False,MEDIUM,"[""Manual source and timestamp verification required.""]"
available_spaces_roll_min_6h,other,REQUIRES_CAUSAL_REVIEW,True,"[""data\\dataset_audit.py"", ""data\\dataset_builder.py"", ""data\\temporal_normalizer.py"", ""data\\transformers.py"", ""features\\demand_features.py"", ""features\\feature_pipeline.py"", ""features\\lag_features.py"", ""features\\occupancy_features.py"", ""features\\rolling_features.py""]","[""__post_init__"", ""_build_canonical_dataset"", ""_build_empty_facility_grid"", ""_build_facility_grid"", ""_empty_output_dataframe"", ""_finalize_dataframe"", ""_validate_input"", ""_validate_schema"", ""add_birmingham_demand_features"", ""add_birmingham_lag_features"", ""expected_pipeline_feature_columns"", ""transform"", ""validate_occupancy_features"", ""validate_rolling_features""]","[""\""AVAILABLE_SPACES_COLUMN\"","", ""\""DEFAULT_AVAILABLE_SPACES_COLUMN\"","", ""\""available_spaces\"""", ""\""available_spaces\"","", ""\""available_spaces\"": ["", ""\""available_spaces_column cannot be empty.\"""", ""\""occupied_spaces + available_spaces \"""", ""# Available spaces"", ""& (available_spaces >= 0)"", ""& available_spaces.notna()"", ""+ available_spaces"", "".available_spaces_column,"", ""AVAILABLE_SPACES = \""available_spaces\"""", ""AVAILABLE_SPACES_COLUMN = \""available_spaces\"""", ""AVAILABLE_SPACES_COLUMN,"", ""CanonicalColumn.AVAILABLE_SPACES.value"", ""CanonicalColumn.AVAILABLE_SPACES.value,"", ""Column containing currently available spaces."", ""DEFAULT_AVAILABLE_SPACES_COLUMN"", ""DEFAULT_AVAILABLE_SPACES_COLUMN = \""available_spaces\"""", ""DEFAULT_AVAILABLE_SPACES_COLUMN = ("", ""] = available_spaces"", ""available_spaces"", ""available_spaces < 0"", ""available_spaces = _numeric_series(""]","[""AVAILABLE_SPACES_COLUMN"", ""DEFAULT_AVAILABLE_SPACES_COLUMN"", ""available_spaces""]",[],UNKNOWN,Insufficient static evidence for automatic causal approval.,"Feature family could not be established as deterministic calendar, current-state, or historical causal.",False,False,False,False,False,False,False,True,False,MEDIUM,"[""Manual source and timestamp verification required.""]"
available_spaces_roll_max_6h,other,REQUIRES_CAUSAL_REVIEW,True,"[""data\\dataset_audit.py"", ""data\\dataset_builder.py"", ""data\\temporal_normalizer.py"", ""data\\transformers.py"", ""features\\demand_features.py"", ""features\\feature_pipeline.py"", ""features\\lag_features.py"", ""features\\occupancy_features.py"", ""features\\rolling_features.py""]","[""__post_init__"", ""_build_canonical_dataset"", ""_build_empty_facility_grid"", ""_build_facility_grid"", ""_empty_output_dataframe"", ""_finalize_dataframe"", ""_validate_input"", ""_validate_schema"", ""add_birmingham_demand_features"", ""add_birmingham_lag_features"", ""expected_pipeline_feature_columns"", ""transform"", ""validate_occupancy_features"", ""validate_rolling_features""]","[""\""AVAILABLE_SPACES_COLUMN\"","", ""\""DEFAULT_AVAILABLE_SPACES_COLUMN\"","", ""\""available_spaces\"""", ""\""available_spaces\"","", ""\""available_spaces\"": ["", ""\""available_spaces_column cannot be empty.\"""", ""\""occupied_spaces + available_spaces \"""", ""# Available spaces"", ""& (available_spaces >= 0)"", ""& available_spaces.notna()"", ""+ available_spaces"", "".available_spaces_column,"", ""AVAILABLE_SPACES = \""available_spaces\"""", ""AVAILABLE_SPACES_COLUMN = \""available_spaces\"""", ""AVAILABLE_SPACES_COLUMN,"", ""CanonicalColumn.AVAILABLE_SPACES.value"", ""CanonicalColumn.AVAILABLE_SPACES.value,"", ""Column containing currently available spaces."", ""DEFAULT_AVAILABLE_SPACES_COLUMN"", ""DEFAULT_AVAILABLE_SPACES_COLUMN = \""available_spaces\"""", ""DEFAULT_AVAILABLE_SPACES_COLUMN = ("", ""] = available_spaces"", ""available_spaces"", ""available_spaces < 0"", ""available_spaces = _numeric_series(""]","[""AVAILABLE_SPACES_COLUMN"", ""DEFAULT_AVAILABLE_SPACES_COLUMN"", ""available_spaces""]",[],UNKNOWN,Insufficient static evidence for automatic causal approval.,"Feature family could not be established as deterministic calendar, current-state, or historical causal.",False,False,False,False,False,False,False,True,False,MEDIUM,"[""Manual source and timestamp verification required.""]"
available_spaces_roll_median_6h,other,REQUIRES_CAUSAL_REVIEW,True,"[""data\\dataset_audit.py"", ""data\\dataset_builder.py"", ""data\\temporal_normalizer.py"", ""data\\transformers.py"", ""features\\demand_features.py"", ""features\\feature_pipeline.py"", ""features\\lag_features.py"", ""features\\occupancy_features.py"", ""features\\rolling_features.py""]","[""__post_init__"", ""_build_canonical_dataset"", ""_build_empty_facility_grid"", ""_build_facility_grid"", ""_build_window_features"", ""_empty_output_dataframe"", ""_finalize_dataframe"", ""_validate_input"", ""_validate_schema"", ""add_birmingham_demand_features"", ""add_birmingham_lag_features"", ""expected_pipeline_feature_columns"", ""transform"", ""validate_occupancy_features"", ""validate_rolling_features""]","[""\""AVAILABLE_SPACES_COLUMN\"","", ""\""DEFAULT_AVAILABLE_SPACES_COLUMN\"","", ""\""available_spaces\"""", ""\""available_spaces\"","", ""\""available_spaces\"": ["", ""\""available_spaces_column cannot be empty.\"""", ""\""occupied_spaces + available_spaces \"""", ""# Available spaces"", ""& (available_spaces >= 0)"", ""& available_spaces.notna()"", ""+ available_spaces"", "".available_spaces_column,"", ""AVAILABLE_SPACES = \""available_spaces\"""", ""AVAILABLE_SPACES_COLUMN = \""available_spaces\"""", ""AVAILABLE_SPACES_COLUMN,"", ""CanonicalColumn.AVAILABLE_SPACES.value"", ""CanonicalColumn.AVAILABLE_SPACES.value,"", ""Column containing currently available spaces."", ""DEFAULT_AVAILABLE_SPACES_COLUMN"", ""DEFAULT_AVAILABLE_SPACES_COLUMN = \""available_spaces\"""", ""DEFAULT_AVAILABLE_SPACES_COLUMN = ("", ""] = available_spaces"", ""available_spaces"", ""available_spaces < 0"", ""available_spaces = _numeric_series(""]","[""AVAILABLE_SPACES_COLUMN"", ""DEFAULT_AVAILABLE_SPACES_COLUMN"", ""available_spaces""]",[],UNKNOWN,Insufficient static evidence for automatic causal approval.,"Feature family could not be established as deterministic calendar, current-state, or historical causal.",False,False,False,False,False,False,False,True,False,MEDIUM,"[""Manual source and timestamp verification required.""]"
available_spaces_roll_trend_6h,historical,PRODUCTION_SAFE_HISTORICAL,True,"[""data\\dataset_audit.py"", ""data\\dataset_builder.py"", ""data\\temporal_normalizer.py"", ""data\\transformers.py"", ""features\\demand_features.py"", ""features\\feature_pipeline.py"", ""features\\lag_features.py"", ""features\\occupancy_features.py"", ""features\\rolling_features.py""]","[""__post_init__"", ""_build_canonical_dataset"", ""_build_empty_facility_grid"", ""_build_facility_grid"", ""_build_window_features"", ""_empty_output_dataframe"", ""_finalize_dataframe"", ""_validate_input"", ""_validate_schema"", ""add_birmingham_demand_features"", ""add_birmingham_lag_features"", ""expected_pipeline_feature_columns"", ""transform"", ""validate_occupancy_features"", ""validate_rolling_features""]","[""\""AVAILABLE_SPACES_COLUMN\"","", ""\""DEFAULT_AVAILABLE_SPACES_COLUMN\"","", ""\""available_spaces\"""", ""\""available_spaces\"","", ""\""available_spaces\"": ["", ""\""available_spaces_column cannot be empty.\"""", ""\""occupied_spaces + available_spaces \"""", ""# Available spaces"", ""& (available_spaces >= 0)"", ""& available_spaces.notna()"", ""+ available_spaces"", "".available_spaces_column,"", ""AVAILABLE_SPACES = \""available_spaces\"""", ""AVAILABLE_SPACES_COLUMN = \""available_spaces\"""", ""AVAILABLE_SPACES_COLUMN,"", ""CanonicalColumn.AVAILABLE_SPACES.value"", ""CanonicalColumn.AVAILABLE_SPACES.value,"", ""Column containing currently available spaces."", ""DEFAULT_AVAILABLE_SPACES_COLUMN"", ""DEFAULT_AVAILABLE_SPACES_COLUMN = \""available_spaces\"""", ""DEFAULT_AVAILABLE_SPACES_COLUMN = ("", ""] = available_spaces"", ""available_spaces"", ""available_spaces < 0"", ""available_spaces = _numeric_series(""]","[""AVAILABLE_SPACES_COLUMN"", ""DEFAULT_AVAILABLE_SPACES_COLUMN"", ""available_spaces""]",[],AT_OR_BEFORE_T,Historical/lag/rolling feature; no feature-level future operation detected.,Feature naming and source evidence indicate historical semantics.,False,False,False,False,False,False,False,True,False,HIGH,"[""Formal source timestamp verification is still recommended before production approval.""]"
available_spaces_roll_count_6h,other,REQUIRES_CAUSAL_REVIEW,True,"[""data\\dataset_audit.py"", ""data\\dataset_builder.py"", ""data\\temporal_normalizer.py"", ""data\\transformers.py"", ""features\\demand_features.py"", ""features\\feature_pipeline.py"", ""features\\lag_features.py"", ""features\\occupancy_features.py"", ""features\\rolling_features.py""]","[""__post_init__"", ""_audit_targets"", ""_build_canonical_dataset"", ""_build_empty_facility_grid"", ""_build_facility_grid"", ""_build_statistics"", ""_build_window_features"", ""_empty_output_dataframe"", ""_finalize_dataframe"", ""_validate_input"", ""_validate_schema"", ""add_birmingham_demand_features"", ""add_birmingham_lag_features"", ""expected_pipeline_feature_columns"", ""format_audit_summary"", ""transform"", ""validate_occupancy_features"", ""validate_rolling_features""]","[""\""AVAILABLE_SPACES_COLUMN\"","", ""\""DEFAULT_AVAILABLE_SPACES_COLUMN\"","", ""\""available_spaces\"""", ""\""available_spaces\"","", ""\""available_spaces\"": ["", ""\""available_spaces_column cannot be empty.\"""", ""\""occupied_spaces + available_spaces \"""", ""# Available spaces"", ""& (available_spaces >= 0)"", ""& available_spaces.notna()"", ""& available_target_count.lt("", ""+ available_spaces"", ""- available_count"", "".available_spaces_column,"", ""AVAILABLE_SPACES = \""available_spaces\"""", ""AVAILABLE_SPACES_COLUMN = \""available_spaces\"""", ""AVAILABLE_SPACES_COLUMN,"", ""CanonicalColumn.AVAILABLE_SPACES.value"", ""CanonicalColumn.AVAILABLE_SPACES.value,"", ""Column containing currently available spaces."", ""DEFAULT_AVAILABLE_SPACES_COLUMN"", ""DEFAULT_AVAILABLE_SPACES_COLUMN = \""available_spaces\"""", ""DEFAULT_AVAILABLE_SPACES_COLUMN = ("", ""] = available_spaces"", ""available_count""]","[""AVAILABLE_SPACES_COLUMN"", ""DEFAULT_AVAILABLE_SPACES_COLUMN"", ""available_spaces""]",[],UNKNOWN,Insufficient static evidence for automatic causal approval.,"Feature family could not be established as deterministic calendar, current-state, or historical causal.",False,False,False,False,False,False,False,True,False,MEDIUM,"[""Manual source and timestamp verification required.""]"
available_spaces_roll_missing_6h,other,REQUIRES_CAUSAL_REVIEW,True,"[""data\\dataset_audit.py"", ""data\\dataset_builder.py"", ""data\\temporal_normalizer.py"", ""data\\transformers.py"", ""features\\demand_features.py"", ""features\\feature_pipeline.py"", ""features\\lag_features.py"", ""features\\occupancy_features.py"", ""features\\rolling_features.py""]","[""__post_init__"", ""_build_canonical_dataset"", ""_build_empty_facility_grid"", ""_build_facility_grid"", ""_empty_output_dataframe"", ""_finalize_dataframe"", ""_validate_input"", ""_validate_schema"", ""add_birmingham_demand_features"", ""add_birmingham_lag_features"", ""expected_pipeline_feature_columns"", ""transform"", ""validate_occupancy_features"", ""validate_rolling_features""]","[""\""AVAILABLE_SPACES_COLUMN\"","", ""\""DEFAULT_AVAILABLE_SPACES_COLUMN\"","", ""\""available_spaces\"""", ""\""available_spaces\"","", ""\""available_spaces\"": ["", ""\""available_spaces_column cannot be empty.\"""", ""\""occupied_spaces + available_spaces \"""", ""# Available spaces"", ""& (available_spaces >= 0)"", ""& available_spaces.notna()"", ""+ available_spaces"", "".available_spaces_column,"", ""AVAILABLE_SPACES = \""available_spaces\"""", ""AVAILABLE_SPACES_COLUMN = \""available_spaces\"""", ""AVAILABLE_SPACES_COLUMN,"", ""CanonicalColumn.AVAILABLE_SPACES.value"", ""CanonicalColumn.AVAILABLE_SPACES.value,"", ""Column containing currently available spaces."", ""DEFAULT_AVAILABLE_SPACES_COLUMN"", ""DEFAULT_AVAILABLE_SPACES_COLUMN = \""available_spaces\"""", ""DEFAULT_AVAILABLE_SPACES_COLUMN = ("", ""] = available_spaces"", ""available_spaces"", ""available_spaces < 0"", ""available_spaces = _numeric_series(""]","[""AVAILABLE_SPACES_COLUMN"", ""DEFAULT_AVAILABLE_SPACES_COLUMN"", ""available_spaces""]",[],UNKNOWN,Insufficient static evidence for automatic causal approval.,"Feature family could not be established as deterministic calendar, current-state, or historical causal.",False,False,False,False,False,False,False,True,False,MEDIUM,"[""Manual source and timestamp verification required.""]"
available_spaces_roll_coverage_ratio_6h,other,REQUIRES_CAUSAL_REVIEW,True,"[""data\\dataset_audit.py"", ""data\\dataset_builder.py"", ""data\\temporal_normalizer.py"", ""data\\transformers.py"", ""features\\demand_features.py"", ""features\\feature_pipeline.py"", ""features\\lag_features.py"", ""features\\occupancy_features.py"", ""features\\rolling_features.py""]","[""__post_init__"", ""_audit_targets"", ""_build_canonical_dataset"", ""_build_empty_facility_grid"", ""_build_facility_grid"", ""_empty_output_dataframe"", ""_finalize_dataframe"", ""_validate_input"", ""_validate_schema"", ""add_birmingham_demand_features"", ""add_birmingham_lag_features"", ""expected_pipeline_feature_columns"", ""transform"", ""validate_occupancy_features"", ""validate_rolling_features""]","[""\""AVAILABLE_SPACES_COLUMN\"","", ""\""DEFAULT_AVAILABLE_SPACES_COLUMN\"","", ""\""available_ratio\"""", ""\""available_ratio\"","", ""\""available_spaces\"""", ""\""available_spaces\"","", ""\""available_spaces\"": ["", ""\""available_spaces_column cannot be empty.\"""", ""\""minimum_target_coverage_ratio must \"""", ""\""occupied_spaces + available_spaces \"""", ""# Available spaces"", ""& (available_spaces >= 0)"", ""& available_spaces.notna()"", ""+ available_spaces"", "".available_spaces_column,"", "".minimum_target_coverage_ratio"", ""<= self.minimum_target_coverage_ratio"", ""AVAILABLE_SPACES = \""available_spaces\"""", ""AVAILABLE_SPACES_COLUMN = \""available_spaces\"""", ""AVAILABLE_SPACES_COLUMN,"", ""CanonicalColumn.AVAILABLE_SPACES.value"", ""CanonicalColumn.AVAILABLE_SPACES.value,"", ""Column containing currently available spaces."", ""DEFAULT_AVAILABLE_SPACES_COLUMN"", ""DEFAULT_AVAILABLE_SPACES_COLUMN = \""available_spaces\""""]","[""AVAILABLE_SPACES_COLUMN"", ""DEFAULT_AVAILABLE_SPACES_COLUMN"", ""available_ratio"", ""available_spaces""]",[],UNKNOWN,Insufficient static evidence for automatic causal approval.,"Feature family could not be established as deterministic calendar, current-state, or historical causal.",False,False,False,False,False,False,False,True,False,MEDIUM,"[""Manual source and timestamp verification required.""]"
available_spaces_roll_6h_available,other,REQUIRES_CAUSAL_REVIEW,True,"[""data\\dataset_audit.py"", ""data\\dataset_builder.py"", ""data\\temporal_normalizer.py"", ""data\\transformers.py"", ""features\\demand_features.py"", ""features\\feature_pipeline.py"", ""features\\lag_features.py"", ""features\\occupancy_features.py"", ""features\\rolling_features.py""]","[""__post_init__"", ""_build_canonical_dataset"", ""_build_empty_facility_grid"", ""_build_facility_grid"", ""_empty_output_dataframe"", ""_finalize_dataframe"", ""_validate_input"", ""_validate_schema"", ""add_birmingham_demand_features"", ""add_birmingham_lag_features"", ""expected_pipeline_feature_columns"", ""transform"", ""validate_occupancy_features"", ""validate_rolling_features""]","[""\""AVAILABLE_SPACES_COLUMN\"","", ""\""DEFAULT_AVAILABLE_SPACES_COLUMN\"","", ""\""available_spaces\"""", ""\""available_spaces\"","", ""\""available_spaces\"": ["", ""\""available_spaces_column cannot be empty.\"""", ""\""occupied_spaces + available_spaces \"""", ""# Available spaces"", ""& (available_spaces >= 0)"", ""& available_spaces.notna()"", ""+ available_spaces"", "".available_spaces_column,"", ""AVAILABLE_SPACES = \""available_spaces\"""", ""AVAILABLE_SPACES_COLUMN = \""available_spaces\"""", ""AVAILABLE_SPACES_COLUMN,"", ""CanonicalColumn.AVAILABLE_SPACES.value"", ""CanonicalColumn.AVAILABLE_SPACES.value,"", ""Column containing currently available spaces."", ""DEFAULT_AVAILABLE_SPACES_COLUMN"", ""DEFAULT_AVAILABLE_SPACES_COLUMN = \""available_spaces\"""", ""DEFAULT_AVAILABLE_SPACES_COLUMN = ("", ""] = available_spaces"", ""available_spaces"", ""available_spaces < 0"", ""available_spaces = _numeric_series(""]","[""AVAILABLE_SPACES_COLUMN"", ""DEFAULT_AVAILABLE_SPACES_COLUMN"", ""available_spaces""]",[],UNKNOWN,Insufficient static evidence for automatic causal approval.,"Feature family could not be established as deterministic calendar, current-state, or historical causal.",False,False,False,False,False,False,False,True,False,MEDIUM,"[""Manual source and timestamp verification required.""]"
available_spaces_roll_mean_12h,other,REQUIRES_CAUSAL_REVIEW,True,"[""data\\dataset_audit.py"", ""data\\dataset_builder.py"", ""data\\temporal_normalizer.py"", ""data\\transformers.py"", ""features\\demand_features.py"", ""features\\feature_pipeline.py"", ""features\\lag_features.py"", ""features\\occupancy_features.py"", ""features\\rolling_features.py""]","[""__post_init__"", ""_build_canonical_dataset"", ""_build_empty_facility_grid"", ""_build_facility_grid"", ""_build_window_features"", ""_empty_output_dataframe"", ""_finalize_dataframe"", ""_validate_input"", ""_validate_schema"", ""add_birmingham_demand_features"", ""add_birmingham_lag_features"", ""expected_pipeline_feature_columns"", ""transform"", ""validate_occupancy_features"", ""validate_rolling_features""]","[""\""AVAILABLE_SPACES_COLUMN\"","", ""\""DEFAULT_AVAILABLE_SPACES_COLUMN\"","", ""\""available_spaces\"""", ""\""available_spaces\"","", ""\""available_spaces\"": ["", ""\""available_spaces_column cannot be empty.\"""", ""\""occupied_spaces + available_spaces \"""", ""# Available spaces"", ""& (available_spaces >= 0)"", ""& available_spaces.notna()"", ""+ available_spaces"", "".available_spaces_column,"", ""AVAILABLE_SPACES = \""available_spaces\"""", ""AVAILABLE_SPACES_COLUMN = \""available_spaces\"""", ""AVAILABLE_SPACES_COLUMN,"", ""CanonicalColumn.AVAILABLE_SPACES.value"", ""CanonicalColumn.AVAILABLE_SPACES.value,"", ""Column containing currently available spaces."", ""DEFAULT_AVAILABLE_SPACES_COLUMN"", ""DEFAULT_AVAILABLE_SPACES_COLUMN = \""available_spaces\"""", ""DEFAULT_AVAILABLE_SPACES_COLUMN = ("", ""] = available_spaces"", ""available_spaces"", ""available_spaces < 0"", ""available_spaces = _numeric_series(""]","[""AVAILABLE_SPACES_COLUMN"", ""DEFAULT_AVAILABLE_SPACES_COLUMN"", ""available_spaces""]",[],UNKNOWN,Insufficient static evidence for automatic causal approval.,"Feature family could not be established as deterministic calendar, current-state, or historical causal.",False,False,False,False,False,False,False,True,False,MEDIUM,"[""Manual source and timestamp verification required.""]"
available_spaces_roll_std_12h,other,REQUIRES_CAUSAL_REVIEW,True,"[""data\\dataset_audit.py"", ""data\\dataset_builder.py"", ""data\\temporal_normalizer.py"", ""data\\transformers.py"", ""features\\demand_features.py"", ""features\\feature_pipeline.py"", ""features\\lag_features.py"", ""features\\occupancy_features.py"", ""features\\rolling_features.py""]","[""__post_init__"", ""_build_canonical_dataset"", ""_build_empty_facility_grid"", ""_build_facility_grid"", ""_empty_output_dataframe"", ""_finalize_dataframe"", ""_validate_input"", ""_validate_schema"", ""add_birmingham_demand_features"", ""add_birmingham_lag_features"", ""expected_pipeline_feature_columns"", ""transform"", ""validate_occupancy_features"", ""validate_rolling_features""]","[""\""AVAILABLE_SPACES_COLUMN\"","", ""\""DEFAULT_AVAILABLE_SPACES_COLUMN\"","", ""\""available_spaces\"""", ""\""available_spaces\"","", ""\""available_spaces\"": ["", ""\""available_spaces_column cannot be empty.\"""", ""\""occupied_spaces + available_spaces \"""", ""# Available spaces"", ""& (available_spaces >= 0)"", ""& available_spaces.notna()"", ""+ available_spaces"", "".available_spaces_column,"", ""AVAILABLE_SPACES = \""available_spaces\"""", ""AVAILABLE_SPACES_COLUMN = \""available_spaces\"""", ""AVAILABLE_SPACES_COLUMN,"", ""CanonicalColumn.AVAILABLE_SPACES.value"", ""CanonicalColumn.AVAILABLE_SPACES.value,"", ""Column containing currently available spaces."", ""DEFAULT_AVAILABLE_SPACES_COLUMN"", ""DEFAULT_AVAILABLE_SPACES_COLUMN = \""available_spaces\"""", ""DEFAULT_AVAILABLE_SPACES_COLUMN = ("", ""] = available_spaces"", ""available_spaces"", ""available_spaces < 0"", ""available_spaces = _numeric_series(""]","[""AVAILABLE_SPACES_COLUMN"", ""DEFAULT_AVAILABLE_SPACES_COLUMN"", ""available_spaces""]",[],UNKNOWN,Insufficient static evidence for automatic causal approval.,"Feature family could not be established as deterministic calendar, current-state, or historical causal.",False,False,False,False,False,False,False,True,False,MEDIUM,"[""Manual source and timestamp verification required.""]"
available_spaces_roll_min_12h,other,REQUIRES_CAUSAL_REVIEW,True,"[""data\\dataset_audit.py"", ""data\\dataset_builder.py"", ""data\\temporal_normalizer.py"", ""data\\transformers.py"", ""features\\demand_features.py"", ""features\\feature_pipeline.py"", ""features\\lag_features.py"", ""features\\occupancy_features.py"", ""features\\rolling_features.py""]","[""__post_init__"", ""_build_canonical_dataset"", ""_build_empty_facility_grid"", ""_build_facility_grid"", ""_empty_output_dataframe"", ""_finalize_dataframe"", ""_validate_input"", ""_validate_schema"", ""add_birmingham_demand_features"", ""add_birmingham_lag_features"", ""expected_pipeline_feature_columns"", ""transform"", ""validate_occupancy_features"", ""validate_rolling_features""]","[""\""AVAILABLE_SPACES_COLUMN\"","", ""\""DEFAULT_AVAILABLE_SPACES_COLUMN\"","", ""\""available_spaces\"""", ""\""available_spaces\"","", ""\""available_spaces\"": ["", ""\""available_spaces_column cannot be empty.\"""", ""\""occupied_spaces + available_spaces \"""", ""# Available spaces"", ""& (available_spaces >= 0)"", ""& available_spaces.notna()"", ""+ available_spaces"", "".available_spaces_column,"", ""AVAILABLE_SPACES = \""available_spaces\"""", ""AVAILABLE_SPACES_COLUMN = \""available_spaces\"""", ""AVAILABLE_SPACES_COLUMN,"", ""CanonicalColumn.AVAILABLE_SPACES.value"", ""CanonicalColumn.AVAILABLE_SPACES.value,"", ""Column containing currently available spaces."", ""DEFAULT_AVAILABLE_SPACES_COLUMN"", ""DEFAULT_AVAILABLE_SPACES_COLUMN = \""available_spaces\"""", ""DEFAULT_AVAILABLE_SPACES_COLUMN = ("", ""] = available_spaces"", ""available_spaces"", ""available_spaces < 0"", ""available_spaces = _numeric_series(""]","[""AVAILABLE_SPACES_COLUMN"", ""DEFAULT_AVAILABLE_SPACES_COLUMN"", ""available_spaces""]",[],UNKNOWN,Insufficient static evidence for automatic causal approval.,"Feature family could not be established as deterministic calendar, current-state, or historical causal.",False,False,False,False,False,False,False,True,False,MEDIUM,"[""Manual source and timestamp verification required.""]"
available_spaces_roll_max_12h,other,REQUIRES_CAUSAL_REVIEW,True,"[""data\\dataset_audit.py"", ""data\\dataset_builder.py"", ""data\\temporal_normalizer.py"", ""data\\transformers.py"", ""features\\demand_features.py"", ""features\\feature_pipeline.py"", ""features\\lag_features.py"", ""features\\occupancy_features.py"", ""features\\rolling_features.py""]","[""__post_init__"", ""_build_canonical_dataset"", ""_build_empty_facility_grid"", ""_build_facility_grid"", ""_empty_output_dataframe"", ""_finalize_dataframe"", ""_validate_input"", ""_validate_schema"", ""add_birmingham_demand_features"", ""add_birmingham_lag_features"", ""expected_pipeline_feature_columns"", ""transform"", ""validate_occupancy_features"", ""validate_rolling_features""]","[""\""AVAILABLE_SPACES_COLUMN\"","", ""\""DEFAULT_AVAILABLE_SPACES_COLUMN\"","", ""\""available_spaces\"""", ""\""available_spaces\"","", ""\""available_spaces\"": ["", ""\""available_spaces_column cannot be empty.\"""", ""\""occupied_spaces + available_spaces \"""", ""# Available spaces"", ""& (available_spaces >= 0)"", ""& available_spaces.notna()"", ""+ available_spaces"", "".available_spaces_column,"", ""AVAILABLE_SPACES = \""available_spaces\"""", ""AVAILABLE_SPACES_COLUMN = \""available_spaces\"""", ""AVAILABLE_SPACES_COLUMN,"", ""CanonicalColumn.AVAILABLE_SPACES.value"", ""CanonicalColumn.AVAILABLE_SPACES.value,"", ""Column containing currently available spaces."", ""DEFAULT_AVAILABLE_SPACES_COLUMN"", ""DEFAULT_AVAILABLE_SPACES_COLUMN = \""available_spaces\"""", ""DEFAULT_AVAILABLE_SPACES_COLUMN = ("", ""] = available_spaces"", ""available_spaces"", ""available_spaces < 0"", ""available_spaces = _numeric_series(""]","[""AVAILABLE_SPACES_COLUMN"", ""DEFAULT_AVAILABLE_SPACES_COLUMN"", ""available_spaces""]",[],UNKNOWN,Insufficient static evidence for automatic causal approval.,"Feature family could not be established as deterministic calendar, current-state, or historical causal.",False,False,False,False,False,False,False,True,False,MEDIUM,"[""Manual source and timestamp verification required.""]"
available_spaces_roll_median_12h,other,REQUIRES_CAUSAL_REVIEW,True,"[""data\\dataset_audit.py"", ""data\\dataset_builder.py"", ""data\\temporal_normalizer.py"", ""data\\transformers.py"", ""features\\demand_features.py"", ""features\\feature_pipeline.py"", ""features\\lag_features.py"", ""features\\occupancy_features.py"", ""features\\rolling_features.py""]","[""__post_init__"", ""_build_canonical_dataset"", ""_build_empty_facility_grid"", ""_build_facility_grid"", ""_build_window_features"", ""_empty_output_dataframe"", ""_finalize_dataframe"", ""_validate_input"", ""_validate_schema"", ""add_birmingham_demand_features"", ""add_birmingham_lag_features"", ""expected_pipeline_feature_columns"", ""transform"", ""validate_occupancy_features"", ""validate_rolling_features""]","[""\""AVAILABLE_SPACES_COLUMN\"","", ""\""DEFAULT_AVAILABLE_SPACES_COLUMN\"","", ""\""available_spaces\"""", ""\""available_spaces\"","", ""\""available_spaces\"": ["", ""\""available_spaces_column cannot be empty.\"""", ""\""occupied_spaces + available_spaces \"""", ""# Available spaces"", ""& (available_spaces >= 0)"", ""& available_spaces.notna()"", ""+ available_spaces"", "".available_spaces_column,"", ""AVAILABLE_SPACES = \""available_spaces\"""", ""AVAILABLE_SPACES_COLUMN = \""available_spaces\"""", ""AVAILABLE_SPACES_COLUMN,"", ""CanonicalColumn.AVAILABLE_SPACES.value"", ""CanonicalColumn.AVAILABLE_SPACES.value,"", ""Column containing currently available spaces."", ""DEFAULT_AVAILABLE_SPACES_COLUMN"", ""DEFAULT_AVAILABLE_SPACES_COLUMN = \""available_spaces\"""", ""DEFAULT_AVAILABLE_SPACES_COLUMN = ("", ""] = available_spaces"", ""available_spaces"", ""available_spaces < 0"", ""available_spaces = _numeric_series(""]","[""AVAILABLE_SPACES_COLUMN"", ""DEFAULT_AVAILABLE_SPACES_COLUMN"", ""available_spaces""]",[],UNKNOWN,Insufficient static evidence for automatic causal approval.,"Feature family could not be established as deterministic calendar, current-state, or historical causal.",False,False,False,False,False,False,False,True,False,MEDIUM,"[""Manual source and timestamp verification required.""]"
available_spaces_roll_trend_12h,historical,PRODUCTION_SAFE_HISTORICAL,True,"[""data\\dataset_audit.py"", ""data\\dataset_builder.py"", ""data\\temporal_normalizer.py"", ""data\\transformers.py"", ""features\\demand_features.py"", ""features\\feature_pipeline.py"", ""features\\lag_features.py"", ""features\\occupancy_features.py"", ""features\\rolling_features.py""]","[""__post_init__"", ""_build_canonical_dataset"", ""_build_empty_facility_grid"", ""_build_facility_grid"", ""_build_window_features"", ""_empty_output_dataframe"", ""_finalize_dataframe"", ""_validate_input"", ""_validate_schema"", ""add_birmingham_demand_features"", ""add_birmingham_lag_features"", ""expected_pipeline_feature_columns"", ""transform"", ""validate_occupancy_features"", ""validate_rolling_features""]","[""\""AVAILABLE_SPACES_COLUMN\"","", ""\""DEFAULT_AVAILABLE_SPACES_COLUMN\"","", ""\""available_spaces\"""", ""\""available_spaces\"","", ""\""available_spaces\"": ["", ""\""available_spaces_column cannot be empty.\"""", ""\""occupied_spaces + available_spaces \"""", ""# Available spaces"", ""& (available_spaces >= 0)"", ""& available_spaces.notna()"", ""+ available_spaces"", "".available_spaces_column,"", ""AVAILABLE_SPACES = \""available_spaces\"""", ""AVAILABLE_SPACES_COLUMN = \""available_spaces\"""", ""AVAILABLE_SPACES_COLUMN,"", ""CanonicalColumn.AVAILABLE_SPACES.value"", ""CanonicalColumn.AVAILABLE_SPACES.value,"", ""Column containing currently available spaces."", ""DEFAULT_AVAILABLE_SPACES_COLUMN"", ""DEFAULT_AVAILABLE_SPACES_COLUMN = \""available_spaces\"""", ""DEFAULT_AVAILABLE_SPACES_COLUMN = ("", ""] = available_spaces"", ""available_spaces"", ""available_spaces < 0"", ""available_spaces = _numeric_series(""]","[""AVAILABLE_SPACES_COLUMN"", ""DEFAULT_AVAILABLE_SPACES_COLUMN"", ""available_spaces""]",[],AT_OR_BEFORE_T,Historical/lag/rolling feature; no feature-level future operation detected.,Feature naming and source evidence indicate historical semantics.,False,False,False,False,False,False,False,True,False,HIGH,"[""Formal source timestamp verification is still recommended before production approval.""]"
available_spaces_roll_count_12h,other,REQUIRES_CAUSAL_REVIEW,True,"[""data\\dataset_audit.py"", ""data\\dataset_builder.py"", ""data\\temporal_normalizer.py"", ""data\\transformers.py"", ""features\\demand_features.py"", ""features\\feature_pipeline.py"", ""features\\lag_features.py"", ""features\\occupancy_features.py"", ""features\\rolling_features.py""]","[""__post_init__"", ""_audit_targets"", ""_build_canonical_dataset"", ""_build_empty_facility_grid"", ""_build_facility_grid"", ""_build_statistics"", ""_build_window_features"", ""_empty_output_dataframe"", ""_finalize_dataframe"", ""_validate_input"", ""_validate_schema"", ""add_birmingham_demand_features"", ""add_birmingham_lag_features"", ""expected_pipeline_feature_columns"", ""format_audit_summary"", ""transform"", ""validate_occupancy_features"", ""validate_rolling_features""]","[""\""AVAILABLE_SPACES_COLUMN\"","", ""\""DEFAULT_AVAILABLE_SPACES_COLUMN\"","", ""\""available_spaces\"""", ""\""available_spaces\"","", ""\""available_spaces\"": ["", ""\""available_spaces_column cannot be empty.\"""", ""\""occupied_spaces + available_spaces \"""", ""# Available spaces"", ""& (available_spaces >= 0)"", ""& available_spaces.notna()"", ""& available_target_count.lt("", ""+ available_spaces"", ""- available_count"", "".available_spaces_column,"", ""AVAILABLE_SPACES = \""available_spaces\"""", ""AVAILABLE_SPACES_COLUMN = \""available_spaces\"""", ""AVAILABLE_SPACES_COLUMN,"", ""CanonicalColumn.AVAILABLE_SPACES.value"", ""CanonicalColumn.AVAILABLE_SPACES.value,"", ""Column containing currently available spaces."", ""DEFAULT_AVAILABLE_SPACES_COLUMN"", ""DEFAULT_AVAILABLE_SPACES_COLUMN = \""available_spaces\"""", ""DEFAULT_AVAILABLE_SPACES_COLUMN = ("", ""] = available_spaces"", ""available_count""]","[""AVAILABLE_SPACES_COLUMN"", ""DEFAULT_AVAILABLE_SPACES_COLUMN"", ""available_spaces""]",[],UNKNOWN,Insufficient static evidence for automatic causal approval.,"Feature family could not be established as deterministic calendar, current-state, or historical causal.",False,False,False,False,False,False,False,True,False,MEDIUM,"[""Manual source and timestamp verification required.""]"
available_spaces_roll_missing_12h,other,REQUIRES_CAUSAL_REVIEW,True,"[""data\\dataset_audit.py"", ""data\\dataset_builder.py"", ""data\\temporal_normalizer.py"", ""data\\transformers.py"", ""features\\demand_features.py"", ""features\\feature_pipeline.py"", ""features\\lag_features.py"", ""features\\occupancy_features.py"", ""features\\rolling_features.py""]","[""__post_init__"", ""_build_canonical_dataset"", ""_build_empty_facility_grid"", ""_build_facility_grid"", ""_empty_output_dataframe"", ""_finalize_dataframe"", ""_validate_input"", ""_validate_schema"", ""add_birmingham_demand_features"", ""add_birmingham_lag_features"", ""expected_pipeline_feature_columns"", ""transform"", ""validate_occupancy_features"", ""validate_rolling_features""]","[""\""AVAILABLE_SPACES_COLUMN\"","", ""\""DEFAULT_AVAILABLE_SPACES_COLUMN\"","", ""\""available_spaces\"""", ""\""available_spaces\"","", ""\""available_spaces\"": ["", ""\""available_spaces_column cannot be empty.\"""", ""\""occupied_spaces + available_spaces \"""", ""# Available spaces"", ""& (available_spaces >= 0)"", ""& available_spaces.notna()"", ""+ available_spaces"", "".available_spaces_column,"", ""AVAILABLE_SPACES = \""available_spaces\"""", ""AVAILABLE_SPACES_COLUMN = \""available_spaces\"""", ""AVAILABLE_SPACES_COLUMN,"", ""CanonicalColumn.AVAILABLE_SPACES.value"", ""CanonicalColumn.AVAILABLE_SPACES.value,"", ""Column containing currently available spaces."", ""DEFAULT_AVAILABLE_SPACES_COLUMN"", ""DEFAULT_AVAILABLE_SPACES_COLUMN = \""available_spaces\"""", ""DEFAULT_AVAILABLE_SPACES_COLUMN = ("", ""] = available_spaces"", ""available_spaces"", ""available_spaces < 0"", ""available_spaces = _numeric_series(""]","[""AVAILABLE_SPACES_COLUMN"", ""DEFAULT_AVAILABLE_SPACES_COLUMN"", ""available_spaces""]",[],UNKNOWN,Insufficient static evidence for automatic causal approval.,"Feature family could not be established as deterministic calendar, current-state, or historical causal.",False,False,False,False,False,False,False,True,False,MEDIUM,"[""Manual source and timestamp verification required.""]"
available_spaces_roll_coverage_ratio_12h,other,REQUIRES_CAUSAL_REVIEW,True,"[""data\\dataset_audit.py"", ""data\\dataset_builder.py"", ""data\\temporal_normalizer.py"", ""data\\transformers.py"", ""features\\demand_features.py"", ""features\\feature_pipeline.py"", ""features\\lag_features.py"", ""features\\occupancy_features.py"", ""features\\rolling_features.py""]","[""__post_init__"", ""_audit_targets"", ""_build_canonical_dataset"", ""_build_empty_facility_grid"", ""_build_facility_grid"", ""_empty_output_dataframe"", ""_finalize_dataframe"", ""_validate_input"", ""_validate_schema"", ""add_birmingham_demand_features"", ""add_birmingham_lag_features"", ""expected_pipeline_feature_columns"", ""transform"", ""validate_occupancy_features"", ""validate_rolling_features""]","[""\""AVAILABLE_SPACES_COLUMN\"","", ""\""DEFAULT_AVAILABLE_SPACES_COLUMN\"","", ""\""available_ratio\"""", ""\""available_ratio\"","", ""\""available_spaces\"""", ""\""available_spaces\"","", ""\""available_spaces\"": ["", ""\""available_spaces_column cannot be empty.\"""", ""\""minimum_target_coverage_ratio must \"""", ""\""occupied_spaces + available_spaces \"""", ""# Available spaces"", ""& (available_spaces >= 0)"", ""& available_spaces.notna()"", ""+ available_spaces"", "".available_spaces_column,"", "".minimum_target_coverage_ratio"", ""<= self.minimum_target_coverage_ratio"", ""AVAILABLE_SPACES = \""available_spaces\"""", ""AVAILABLE_SPACES_COLUMN = \""available_spaces\"""", ""AVAILABLE_SPACES_COLUMN,"", ""CanonicalColumn.AVAILABLE_SPACES.value"", ""CanonicalColumn.AVAILABLE_SPACES.value,"", ""Column containing currently available spaces."", ""DEFAULT_AVAILABLE_SPACES_COLUMN"", ""DEFAULT_AVAILABLE_SPACES_COLUMN = \""available_spaces\""""]","[""AVAILABLE_SPACES_COLUMN"", ""DEFAULT_AVAILABLE_SPACES_COLUMN"", ""available_ratio"", ""available_spaces""]",[],UNKNOWN,Insufficient static evidence for automatic causal approval.,"Feature family could not be established as deterministic calendar, current-state, or historical causal.",False,False,False,False,False,False,False,True,False,MEDIUM,"[""Manual source and timestamp verification required.""]"
available_spaces_roll_12h_available,other,REQUIRES_CAUSAL_REVIEW,True,"[""data\\dataset_audit.py"", ""data\\dataset_builder.py"", ""data\\temporal_normalizer.py"", ""data\\transformers.py"", ""features\\demand_features.py"", ""features\\feature_pipeline.py"", ""features\\lag_features.py"", ""features\\occupancy_features.py"", ""features\\rolling_features.py""]","[""__post_init__"", ""_build_canonical_dataset"", ""_build_empty_facility_grid"", ""_build_facility_grid"", ""_empty_output_dataframe"", ""_finalize_dataframe"", ""_validate_input"", ""_validate_schema"", ""add_birmingham_demand_features"", ""add_birmingham_lag_features"", ""expected_pipeline_feature_columns"", ""transform"", ""validate_occupancy_features"", ""validate_rolling_features""]","[""\""AVAILABLE_SPACES_COLUMN\"","", ""\""DEFAULT_AVAILABLE_SPACES_COLUMN\"","", ""\""available_spaces\"""", ""\""available_spaces\"","", ""\""available_spaces\"": ["", ""\""available_spaces_column cannot be empty.\"""", ""\""occupied_spaces + available_spaces \"""", ""# Available spaces"", ""& (available_spaces >= 0)"", ""& available_spaces.notna()"", ""+ available_spaces"", "".available_spaces_column,"", ""AVAILABLE_SPACES = \""available_spaces\"""", ""AVAILABLE_SPACES_COLUMN = \""available_spaces\"""", ""AVAILABLE_SPACES_COLUMN,"", ""CanonicalColumn.AVAILABLE_SPACES.value"", ""CanonicalColumn.AVAILABLE_SPACES.value,"", ""Column containing currently available spaces."", ""DEFAULT_AVAILABLE_SPACES_COLUMN"", ""DEFAULT_AVAILABLE_SPACES_COLUMN = \""available_spaces\"""", ""DEFAULT_AVAILABLE_SPACES_COLUMN = ("", ""] = available_spaces"", ""available_spaces"", ""available_spaces < 0"", ""available_spaces = _numeric_series(""]","[""AVAILABLE_SPACES_COLUMN"", ""DEFAULT_AVAILABLE_SPACES_COLUMN"", ""available_spaces""]",[],UNKNOWN,Insufficient static evidence for automatic causal approval.,"Feature family could not be established as deterministic calendar, current-state, or historical causal.",False,False,False,False,False,False,False,True,False,MEDIUM,"[""Manual source and timestamp verification required.""]"
available_spaces_roll_mean_1d,other,REQUIRES_CAUSAL_REVIEW,True,"[""data\\dataset_audit.py"", ""data\\dataset_builder.py"", ""data\\temporal_normalizer.py"", ""data\\transformers.py"", ""features\\demand_features.py"", ""features\\feature_pipeline.py"", ""features\\lag_features.py"", ""features\\occupancy_features.py"", ""features\\rolling_features.py""]","[""__post_init__"", ""_build_canonical_dataset"", ""_build_empty_facility_grid"", ""_build_facility_grid"", ""_build_window_features"", ""_empty_output_dataframe"", ""_finalize_dataframe"", ""_validate_input"", ""_validate_schema"", ""add_birmingham_demand_features"", ""add_birmingham_lag_features"", ""expected_pipeline_feature_columns"", ""transform"", ""validate_occupancy_features"", ""validate_rolling_features""]","[""\""AVAILABLE_SPACES_COLUMN\"","", ""\""DEFAULT_AVAILABLE_SPACES_COLUMN\"","", ""\""available_spaces\"""", ""\""available_spaces\"","", ""\""available_spaces\"": ["", ""\""available_spaces_column cannot be empty.\"""", ""\""occupied_spaces + available_spaces \"""", ""# Available spaces"", ""& (available_spaces >= 0)"", ""& available_spaces.notna()"", ""+ available_spaces"", "".available_spaces_column,"", ""AVAILABLE_SPACES = \""available_spaces\"""", ""AVAILABLE_SPACES_COLUMN = \""available_spaces\"""", ""AVAILABLE_SPACES_COLUMN,"", ""CanonicalColumn.AVAILABLE_SPACES.value"", ""CanonicalColumn.AVAILABLE_SPACES.value,"", ""Column containing currently available spaces."", ""DEFAULT_AVAILABLE_SPACES_COLUMN"", ""DEFAULT_AVAILABLE_SPACES_COLUMN = \""available_spaces\"""", ""DEFAULT_AVAILABLE_SPACES_COLUMN = ("", ""] = available_spaces"", ""available_spaces"", ""available_spaces < 0"", ""available_spaces = _numeric_series(""]","[""AVAILABLE_SPACES_COLUMN"", ""DEFAULT_AVAILABLE_SPACES_COLUMN"", ""available_spaces""]",[],UNKNOWN,Insufficient static evidence for automatic causal approval.,"Feature family could not be established as deterministic calendar, current-state, or historical causal.",False,False,False,False,False,False,False,True,False,MEDIUM,"[""Manual source and timestamp verification required.""]"
available_spaces_roll_std_1d,other,REQUIRES_CAUSAL_REVIEW,True,"[""data\\dataset_audit.py"", ""data\\dataset_builder.py"", ""data\\temporal_normalizer.py"", ""data\\transformers.py"", ""features\\demand_features.py"", ""features\\feature_pipeline.py"", ""features\\lag_features.py"", ""features\\occupancy_features.py"", ""features\\rolling_features.py""]","[""__post_init__"", ""_build_canonical_dataset"", ""_build_empty_facility_grid"", ""_build_facility_grid"", ""_empty_output_dataframe"", ""_finalize_dataframe"", ""_validate_input"", ""_validate_schema"", ""add_birmingham_demand_features"", ""add_birmingham_lag_features"", ""expected_pipeline_feature_columns"", ""transform"", ""validate_occupancy_features"", ""validate_rolling_features""]","[""\""AVAILABLE_SPACES_COLUMN\"","", ""\""DEFAULT_AVAILABLE_SPACES_COLUMN\"","", ""\""available_spaces\"""", ""\""available_spaces\"","", ""\""available_spaces\"": ["", ""\""available_spaces_column cannot be empty.\"""", ""\""occupied_spaces + available_spaces \"""", ""# Available spaces"", ""& (available_spaces >= 0)"", ""& available_spaces.notna()"", ""+ available_spaces"", "".available_spaces_column,"", ""AVAILABLE_SPACES = \""available_spaces\"""", ""AVAILABLE_SPACES_COLUMN = \""available_spaces\"""", ""AVAILABLE_SPACES_COLUMN,"", ""CanonicalColumn.AVAILABLE_SPACES.value"", ""CanonicalColumn.AVAILABLE_SPACES.value,"", ""Column containing currently available spaces."", ""DEFAULT_AVAILABLE_SPACES_COLUMN"", ""DEFAULT_AVAILABLE_SPACES_COLUMN = \""available_spaces\"""", ""DEFAULT_AVAILABLE_SPACES_COLUMN = ("", ""] = available_spaces"", ""available_spaces"", ""available_spaces < 0"", ""available_spaces = _numeric_series(""]","[""AVAILABLE_SPACES_COLUMN"", ""DEFAULT_AVAILABLE_SPACES_COLUMN"", ""available_spaces""]",[],UNKNOWN,Insufficient static evidence for automatic causal approval.,"Feature family could not be established as deterministic calendar, current-state, or historical causal.",False,False,False,False,False,False,False,True,False,MEDIUM,"[""Manual source and timestamp verification required.""]"
available_spaces_roll_min_1d,other,REQUIRES_CAUSAL_REVIEW,True,"[""data\\dataset_audit.py"", ""data\\dataset_builder.py"", ""data\\temporal_normalizer.py"", ""data\\transformers.py"", ""features\\demand_features.py"", ""features\\feature_pipeline.py"", ""features\\lag_features.py"", ""features\\occupancy_features.py"", ""features\\rolling_features.py""]","[""__post_init__"", ""_build_canonical_dataset"", ""_build_empty_facility_grid"", ""_build_facility_grid"", ""_empty_output_dataframe"", ""_finalize_dataframe"", ""_validate_input"", ""_validate_schema"", ""add_birmingham_demand_features"", ""add_birmingham_lag_features"", ""expected_pipeline_feature_columns"", ""transform"", ""validate_occupancy_features"", ""validate_rolling_features""]","[""\""AVAILABLE_SPACES_COLUMN\"","", ""\""DEFAULT_AVAILABLE_SPACES_COLUMN\"","", ""\""available_spaces\"""", ""\""available_spaces\"","", ""\""available_spaces\"": ["", ""\""available_spaces_column cannot be empty.\"""", ""\""occupied_spaces + available_spaces \"""", ""# Available spaces"", ""& (available_spaces >= 0)"", ""& available_spaces.notna()"", ""+ available_spaces"", "".available_spaces_column,"", ""AVAILABLE_SPACES = \""available_spaces\"""", ""AVAILABLE_SPACES_COLUMN = \""available_spaces\"""", ""AVAILABLE_SPACES_COLUMN,"", ""CanonicalColumn.AVAILABLE_SPACES.value"", ""CanonicalColumn.AVAILABLE_SPACES.value,"", ""Column containing currently available spaces."", ""DEFAULT_AVAILABLE_SPACES_COLUMN"", ""DEFAULT_AVAILABLE_SPACES_COLUMN = \""available_spaces\"""", ""DEFAULT_AVAILABLE_SPACES_COLUMN = ("", ""] = available_spaces"", ""available_spaces"", ""available_spaces < 0"", ""available_spaces = _numeric_series(""]","[""AVAILABLE_SPACES_COLUMN"", ""DEFAULT_AVAILABLE_SPACES_COLUMN"", ""available_spaces""]",[],UNKNOWN,Insufficient static evidence for automatic causal approval.,"Feature family could not be established as deterministic calendar, current-state, or historical causal.",False,False,False,False,False,False,False,True,False,MEDIUM,"[""Manual source and timestamp verification required.""]"
available_spaces_roll_max_1d,other,REQUIRES_CAUSAL_REVIEW,True,"[""data\\dataset_audit.py"", ""data\\dataset_builder.py"", ""data\\temporal_normalizer.py"", ""data\\transformers.py"", ""features\\demand_features.py"", ""features\\feature_pipeline.py"", ""features\\lag_features.py"", ""features\\occupancy_features.py"", ""features\\rolling_features.py""]","[""__post_init__"", ""_build_canonical_dataset"", ""_build_empty_facility_grid"", ""_build_facility_grid"", ""_empty_output_dataframe"", ""_finalize_dataframe"", ""_validate_input"", ""_validate_schema"", ""add_birmingham_demand_features"", ""add_birmingham_lag_features"", ""expected_pipeline_feature_columns"", ""transform"", ""validate_occupancy_features"", ""validate_rolling_features""]","[""\""AVAILABLE_SPACES_COLUMN\"","", ""\""DEFAULT_AVAILABLE_SPACES_COLUMN\"","", ""\""available_spaces\"""", ""\""available_spaces\"","", ""\""available_spaces\"": ["", ""\""available_spaces_column cannot be empty.\"""", ""\""occupied_spaces + available_spaces \"""", ""# Available spaces"", ""& (available_spaces >= 0)"", ""& available_spaces.notna()"", ""+ available_spaces"", "".available_spaces_column,"", ""AVAILABLE_SPACES = \""available_spaces\"""", ""AVAILABLE_SPACES_COLUMN = \""available_spaces\"""", ""AVAILABLE_SPACES_COLUMN,"", ""CanonicalColumn.AVAILABLE_SPACES.value"", ""CanonicalColumn.AVAILABLE_SPACES.value,"", ""Column containing currently available spaces."", ""DEFAULT_AVAILABLE_SPACES_COLUMN"", ""DEFAULT_AVAILABLE_SPACES_COLUMN = \""available_spaces\"""", ""DEFAULT_AVAILABLE_SPACES_COLUMN = ("", ""] = available_spaces"", ""available_spaces"", ""available_spaces < 0"", ""available_spaces = _numeric_series(""]","[""AVAILABLE_SPACES_COLUMN"", ""DEFAULT_AVAILABLE_SPACES_COLUMN"", ""available_spaces""]",[],UNKNOWN,Insufficient static evidence for automatic causal approval.,"Feature family could not be established as deterministic calendar, current-state, or historical causal.",False,False,False,False,False,False,False,True,False,MEDIUM,"[""Manual source and timestamp verification required.""]"
available_spaces_roll_median_1d,other,REQUIRES_CAUSAL_REVIEW,True,"[""data\\dataset_audit.py"", ""data\\dataset_builder.py"", ""data\\temporal_normalizer.py"", ""data\\transformers.py"", ""features\\demand_features.py"", ""features\\feature_pipeline.py"", ""features\\lag_features.py"", ""features\\occupancy_features.py"", ""features\\rolling_features.py""]","[""__post_init__"", ""_build_canonical_dataset"", ""_build_empty_facility_grid"", ""_build_facility_grid"", ""_build_window_features"", ""_empty_output_dataframe"", ""_finalize_dataframe"", ""_validate_input"", ""_validate_schema"", ""add_birmingham_demand_features"", ""add_birmingham_lag_features"", ""expected_pipeline_feature_columns"", ""transform"", ""validate_occupancy_features"", ""validate_rolling_features""]","[""\""AVAILABLE_SPACES_COLUMN\"","", ""\""DEFAULT_AVAILABLE_SPACES_COLUMN\"","", ""\""available_spaces\"""", ""\""available_spaces\"","", ""\""available_spaces\"": ["", ""\""available_spaces_column cannot be empty.\"""", ""\""occupied_spaces + available_spaces \"""", ""# Available spaces"", ""& (available_spaces >= 0)"", ""& available_spaces.notna()"", ""+ available_spaces"", "".available_spaces_column,"", ""AVAILABLE_SPACES = \""available_spaces\"""", ""AVAILABLE_SPACES_COLUMN = \""available_spaces\"""", ""AVAILABLE_SPACES_COLUMN,"", ""CanonicalColumn.AVAILABLE_SPACES.value"", ""CanonicalColumn.AVAILABLE_SPACES.value,"", ""Column containing currently available spaces."", ""DEFAULT_AVAILABLE_SPACES_COLUMN"", ""DEFAULT_AVAILABLE_SPACES_COLUMN = \""available_spaces\"""", ""DEFAULT_AVAILABLE_SPACES_COLUMN = ("", ""] = available_spaces"", ""available_spaces"", ""available_spaces < 0"", ""available_spaces = _numeric_series(""]","[""AVAILABLE_SPACES_COLUMN"", ""DEFAULT_AVAILABLE_SPACES_COLUMN"", ""available_spaces""]",[],UNKNOWN,Insufficient static evidence for automatic causal approval.,"Feature family could not be established as deterministic calendar, current-state, or historical causal.",False,False,False,False,False,False,False,True,False,MEDIUM,"[""Manual source and timestamp verification required.""]"
available_spaces_roll_trend_1d,historical,PRODUCTION_SAFE_HISTORICAL,True,"[""data\\dataset_audit.py"", ""data\\dataset_builder.py"", ""data\\temporal_normalizer.py"", ""data\\transformers.py"", ""features\\demand_features.py"", ""features\\feature_pipeline.py"", ""features\\lag_features.py"", ""features\\occupancy_features.py"", ""features\\rolling_features.py""]","[""__post_init__"", ""_build_canonical_dataset"", ""_build_empty_facility_grid"", ""_build_facility_grid"", ""_build_window_features"", ""_empty_output_dataframe"", ""_finalize_dataframe"", ""_validate_input"", ""_validate_schema"", ""add_birmingham_demand_features"", ""add_birmingham_lag_features"", ""expected_pipeline_feature_columns"", ""transform"", ""validate_occupancy_features"", ""validate_rolling_features""]","[""\""AVAILABLE_SPACES_COLUMN\"","", ""\""DEFAULT_AVAILABLE_SPACES_COLUMN\"","", ""\""available_spaces\"""", ""\""available_spaces\"","", ""\""available_spaces\"": ["", ""\""available_spaces_column cannot be empty.\"""", ""\""occupied_spaces + available_spaces \"""", ""# Available spaces"", ""& (available_spaces >= 0)"", ""& available_spaces.notna()"", ""+ available_spaces"", "".available_spaces_column,"", ""AVAILABLE_SPACES = \""available_spaces\"""", ""AVAILABLE_SPACES_COLUMN = \""available_spaces\"""", ""AVAILABLE_SPACES_COLUMN,"", ""CanonicalColumn.AVAILABLE_SPACES.value"", ""CanonicalColumn.AVAILABLE_SPACES.value,"", ""Column containing currently available spaces."", ""DEFAULT_AVAILABLE_SPACES_COLUMN"", ""DEFAULT_AVAILABLE_SPACES_COLUMN = \""available_spaces\"""", ""DEFAULT_AVAILABLE_SPACES_COLUMN = ("", ""] = available_spaces"", ""available_spaces"", ""available_spaces < 0"", ""available_spaces = _numeric_series(""]","[""AVAILABLE_SPACES_COLUMN"", ""DEFAULT_AVAILABLE_SPACES_COLUMN"", ""available_spaces""]",[],AT_OR_BEFORE_T,Historical/lag/rolling feature; no feature-level future operation detected.,Feature naming and source evidence indicate historical semantics.,False,False,False,False,False,False,False,True,False,HIGH,"[""Formal source timestamp verification is still recommended before production approval.""]"
available_spaces_roll_count_1d,other,REQUIRES_CAUSAL_REVIEW,True,"[""data\\dataset_audit.py"", ""data\\dataset_builder.py"", ""data\\temporal_normalizer.py"", ""data\\transformers.py"", ""features\\demand_features.py"", ""features\\feature_pipeline.py"", ""features\\lag_features.py"", ""features\\occupancy_features.py"", ""features\\rolling_features.py""]","[""__post_init__"", ""_audit_targets"", ""_build_canonical_dataset"", ""_build_empty_facility_grid"", ""_build_facility_grid"", ""_build_statistics"", ""_build_window_features"", ""_empty_output_dataframe"", ""_finalize_dataframe"", ""_validate_input"", ""_validate_schema"", ""add_birmingham_demand_features"", ""add_birmingham_lag_features"", ""expected_pipeline_feature_columns"", ""format_audit_summary"", ""transform"", ""validate_occupancy_features"", ""validate_rolling_features""]","[""\""AVAILABLE_SPACES_COLUMN\"","", ""\""DEFAULT_AVAILABLE_SPACES_COLUMN\"","", ""\""available_spaces\"""", ""\""available_spaces\"","", ""\""available_spaces\"": ["", ""\""available_spaces_column cannot be empty.\"""", ""\""occupied_spaces + available_spaces \"""", ""# Available spaces"", ""& (available_spaces >= 0)"", ""& available_spaces.notna()"", ""& available_target_count.lt("", ""+ available_spaces"", ""- available_count"", "".available_spaces_column,"", ""AVAILABLE_SPACES = \""available_spaces\"""", ""AVAILABLE_SPACES_COLUMN = \""available_spaces\"""", ""AVAILABLE_SPACES_COLUMN,"", ""CanonicalColumn.AVAILABLE_SPACES.value"", ""CanonicalColumn.AVAILABLE_SPACES.value,"", ""Column containing currently available spaces."", ""DEFAULT_AVAILABLE_SPACES_COLUMN"", ""DEFAULT_AVAILABLE_SPACES_COLUMN = \""available_spaces\"""", ""DEFAULT_AVAILABLE_SPACES_COLUMN = ("", ""] = available_spaces"", ""available_count""]","[""AVAILABLE_SPACES_COLUMN"", ""DEFAULT_AVAILABLE_SPACES_COLUMN"", ""available_spaces""]",[],UNKNOWN,Insufficient static evidence for automatic causal approval.,"Feature family could not be established as deterministic calendar, current-state, or historical causal.",False,False,False,False,False,False,False,True,False,MEDIUM,"[""Manual source and timestamp verification required.""]"
available_spaces_roll_missing_1d,other,REQUIRES_CAUSAL_REVIEW,True,"[""data\\dataset_audit.py"", ""data\\dataset_builder.py"", ""data\\temporal_normalizer.py"", ""data\\transformers.py"", ""features\\demand_features.py"", ""features\\feature_pipeline.py"", ""features\\lag_features.py"", ""features\\occupancy_features.py"", ""features\\rolling_features.py""]","[""__post_init__"", ""_build_canonical_dataset"", ""_build_empty_facility_grid"", ""_build_facility_grid"", ""_empty_output_dataframe"", ""_finalize_dataframe"", ""_validate_input"", ""_validate_schema"", ""add_birmingham_demand_features"", ""add_birmingham_lag_features"", ""expected_pipeline_feature_columns"", ""transform"", ""validate_occupancy_features"", ""validate_rolling_features""]","[""\""AVAILABLE_SPACES_COLUMN\"","", ""\""DEFAULT_AVAILABLE_SPACES_COLUMN\"","", ""\""available_spaces\"""", ""\""available_spaces\"","", ""\""available_spaces\"": ["", ""\""available_spaces_column cannot be empty.\"""", ""\""occupied_spaces + available_spaces \"""", ""# Available spaces"", ""& (available_spaces >= 0)"", ""& available_spaces.notna()"", ""+ available_spaces"", "".available_spaces_column,"", ""AVAILABLE_SPACES = \""available_spaces\"""", ""AVAILABLE_SPACES_COLUMN = \""available_spaces\"""", ""AVAILABLE_SPACES_COLUMN,"", ""CanonicalColumn.AVAILABLE_SPACES.value"", ""CanonicalColumn.AVAILABLE_SPACES.value,"", ""Column containing currently available spaces."", ""DEFAULT_AVAILABLE_SPACES_COLUMN"", ""DEFAULT_AVAILABLE_SPACES_COLUMN = \""available_spaces\"""", ""DEFAULT_AVAILABLE_SPACES_COLUMN = ("", ""] = available_spaces"", ""available_spaces"", ""available_spaces < 0"", ""available_spaces = _numeric_series(""]","[""AVAILABLE_SPACES_COLUMN"", ""DEFAULT_AVAILABLE_SPACES_COLUMN"", ""available_spaces""]",[],UNKNOWN,Insufficient static evidence for automatic causal approval.,"Feature family could not be established as deterministic calendar, current-state, or historical causal.",False,False,False,False,False,False,False,True,False,MEDIUM,"[""Manual source and timestamp verification required.""]"
available_spaces_roll_coverage_ratio_1d,other,REQUIRES_CAUSAL_REVIEW,True,"[""data\\dataset_audit.py"", ""data\\dataset_builder.py"", ""data\\temporal_normalizer.py"", ""data\\transformers.py"", ""features\\demand_features.py"", ""features\\feature_pipeline.py"", ""features\\lag_features.py"", ""features\\occupancy_features.py"", ""features\\rolling_features.py""]","[""__post_init__"", ""_audit_targets"", ""_build_canonical_dataset"", ""_build_empty_facility_grid"", ""_build_facility_grid"", ""_empty_output_dataframe"", ""_finalize_dataframe"", ""_validate_input"", ""_validate_schema"", ""add_birmingham_demand_features"", ""add_birmingham_lag_features"", ""expected_pipeline_feature_columns"", ""transform"", ""validate_occupancy_features"", ""validate_rolling_features""]","[""\""AVAILABLE_SPACES_COLUMN\"","", ""\""DEFAULT_AVAILABLE_SPACES_COLUMN\"","", ""\""available_ratio\"""", ""\""available_ratio\"","", ""\""available_spaces\"""", ""\""available_spaces\"","", ""\""available_spaces\"": ["", ""\""available_spaces_column cannot be empty.\"""", ""\""minimum_target_coverage_ratio must \"""", ""\""occupied_spaces + available_spaces \"""", ""# Available spaces"", ""& (available_spaces >= 0)"", ""& available_spaces.notna()"", ""+ available_spaces"", "".available_spaces_column,"", "".minimum_target_coverage_ratio"", ""<= self.minimum_target_coverage_ratio"", ""AVAILABLE_SPACES = \""available_spaces\"""", ""AVAILABLE_SPACES_COLUMN = \""available_spaces\"""", ""AVAILABLE_SPACES_COLUMN,"", ""CanonicalColumn.AVAILABLE_SPACES.value"", ""CanonicalColumn.AVAILABLE_SPACES.value,"", ""Column containing currently available spaces."", ""DEFAULT_AVAILABLE_SPACES_COLUMN"", ""DEFAULT_AVAILABLE_SPACES_COLUMN = \""available_spaces\""""]","[""AVAILABLE_SPACES_COLUMN"", ""DEFAULT_AVAILABLE_SPACES_COLUMN"", ""available_ratio"", ""available_spaces""]",[],UNKNOWN,Insufficient static evidence for automatic causal approval.,"Feature family could not be established as deterministic calendar, current-state, or historical causal.",False,False,False,False,False,False,False,True,False,MEDIUM,"[""Manual source and timestamp verification required.""]"
available_spaces_roll_1d_available,other,REQUIRES_CAUSAL_REVIEW,True,"[""data\\dataset_audit.py"", ""data\\dataset_builder.py"", ""data\\temporal_normalizer.py"", ""data\\transformers.py"", ""features\\demand_features.py"", ""features\\feature_pipeline.py"", ""features\\lag_features.py"", ""features\\occupancy_features.py"", ""features\\rolling_features.py""]","[""__post_init__"", ""_build_canonical_dataset"", ""_build_empty_facility_grid"", ""_build_facility_grid"", ""_empty_output_dataframe"", ""_finalize_dataframe"", ""_validate_input"", ""_validate_schema"", ""add_birmingham_demand_features"", ""add_birmingham_lag_features"", ""expected_pipeline_feature_columns"", ""transform"", ""validate_occupancy_features"", ""validate_rolling_features""]","[""\""AVAILABLE_SPACES_COLUMN\"","", ""\""DEFAULT_AVAILABLE_SPACES_COLUMN\"","", ""\""available_spaces\"""", ""\""available_spaces\"","", ""\""available_spaces\"": ["", ""\""available_spaces_column cannot be empty.\"""", ""\""occupied_spaces + available_spaces \"""", ""# Available spaces"", ""& (available_spaces >= 0)"", ""& available_spaces.notna()"", ""+ available_spaces"", "".available_spaces_column,"", ""AVAILABLE_SPACES = \""available_spaces\"""", ""AVAILABLE_SPACES_COLUMN = \""available_spaces\"""", ""AVAILABLE_SPACES_COLUMN,"", ""CanonicalColumn.AVAILABLE_SPACES.value"", ""CanonicalColumn.AVAILABLE_SPACES.value,"", ""Column containing currently available spaces."", ""DEFAULT_AVAILABLE_SPACES_COLUMN"", ""DEFAULT_AVAILABLE_SPACES_COLUMN = \""available_spaces\"""", ""DEFAULT_AVAILABLE_SPACES_COLUMN = ("", ""] = available_spaces"", ""available_spaces"", ""available_spaces < 0"", ""available_spaces = _numeric_series(""]","[""AVAILABLE_SPACES_COLUMN"", ""DEFAULT_AVAILABLE_SPACES_COLUMN"", ""available_spaces""]",[],UNKNOWN,Insufficient static evidence for automatic causal approval.,"Feature family could not be established as deterministic calendar, current-state, or historical causal.",False,False,False,False,False,False,False,True,False,MEDIUM,"[""Manual source and timestamp verification required.""]"
