normalized_at,source_facility_code,actual_occupancy,predicted_occupancy,error,absolute_error,squared_error,underprediction,overprediction,occupancy_regime
2016-12-13 10:00:00,BHMMBMMBX01,0.7117903930131004,0.910460352897644,0.1986699598845436,0.1986699598845436,0.03946975296052617,False,True,HIGH
2016-12-18 15:30:00,BHMNCPNHS01,0.076,0.24547366797924042,0.1694736679792404,0.1694736679792404,0.028721324138337816,False,True,LOW
2016-12-18 08:00:00,BHMEURBRD02,0.11363636363636363,0.26218050718307495,0.1485441435467113,0.1485441435467113,0.022065362582025974,False,True,LOW
2016-12-11 10:30:00,BHMBCCTHL01,0.958656330749354,0.8126472234725952,-0.14600910727675875,0.14600910727675875,0.021318659407756044,True,False,VERY_HIGH
2016-12-14 08:00:00,BHMEURBRD02,0.5954545454545455,0.47269564867019653,-0.12275889678434893,0.12275889678434893,0.015069746739710434,True,False,HIGH
2016-12-19 10:00:00,BHMBRCBRG01,0.692079207920792,0.579548716545105,-0.11253049137568705,0.11253049137568705,0.012663111489253576,True,False,HIGH
2016-12-11 10:30:00,BHMBRCBRG01,0.6663366336633664,0.5552233457565308,-0.11111328790683561,0.11111328790683561,0.012346162749467341,True,False,HIGH
2016-12-17 08:30:00,BHMBRCBRG01,0.27623762376237626,0.17572906613349915,-0.10050855762887712,0.10050855762887712,0.010101970156637313,True,False,MODERATE
2016-12-18 11:00:00,BHMBRCBRG01,0.996039603960396,0.8982213735580444,-0.0978182304023516,0.0978182304023516,0.009568406199047544,True,False,VERY_HIGH
2016-12-14 08:00:00,BHMNCPNHS01,0.532,0.4384366273880005,-0.09356337261199954,0.09356337261199954,0.008754104694531866,True,False,HIGH
2016-12-11 11:00:00,BHMBRCBRG01,0.9653465346534653,0.8719077706336975,-0.0934387640197678,0.0934387640197678,0.008730802621541855,True,False,VERY_HIGH
2016-12-19 14:00:00,BHMBCCPST01,0.9842271293375394,0.8909159302711487,-0.09331119906639074,0.09331119906639074,0.0087069798712076,True,False,VERY_HIGH
2016-12-19 08:30:00,BHMEURBRD02,0.5727272727272728,0.6638849973678589,0.09115772464058614,0.09115772464058614,0.008309730761648924,False,True,HIGH
2016-12-19 10:30:00,BHMBRCBRG01,0.9217821782178218,0.8320828080177307,-0.08969937020009111,0.08969937020009111,0.008045977014292993,True,False,VERY_HIGH
2016-12-11 10:30:00,Bull Ring,0.47330494595479855,0.3837949335575104,-0.08951001239728817,0.08951001239728817,0.008012042319362683,True,False,MODERATE
2016-12-18 10:30:00,BHMBCCTHL01,0.8940568475452196,0.8056164383888245,-0.08844040915639517,0.08844040915639517,0.007821705971750586,True,False,VERY_HIGH
2016-12-15 08:00:00,BHMNCPRAN01,0.645,0.558269739151001,-0.08673026084899904,0.08673026084899904,0.0075221381469354155,True,False,HIGH
2016-12-18 08:00:00,Broad Street,0.12608695652173912,0.21082478761672974,0.08473783109499061,0.08473783109499061,0.007180500018683158,False,True,LOW
2016-12-17 15:30:00,BHMNCPNHS01,0.216,0.30052492022514343,0.08452492022514344,0.08452492022514344,0.007144462139066862,False,True,LOW
2016-12-11 10:30:00,BHMBRCBRG02,0.5,0.4162413477897644,-0.0837586522102356,0.0837586522102356,0.007015511820075204,True,False,MODERATE
2016-12-18 10:30:00,Bull Ring,0.4860792662954471,0.40323060750961304,-0.08284865878583408,0.08284865878583408,0.006863900262611563,True,False,MODERATE
2016-12-18 10:30:00,BHMBRCBRG02,0.4639865996649916,0.3829142451286316,-0.08107235453636003,0.08107235453636003,0.006572726670069256,True,False,MODERATE
2016-12-15 08:00:00,BHMNCPNHS01,0.42,0.34091654419898987,-0.07908345580101012,0.07908345580101012,0.00625419298143032,True,False,MODERATE
2016-12-14 08:00:00,Broad Street,0.5608695652173913,0.4823780655860901,-0.0784914996313012,0.0784914996313012,0.006160915514370556,True,False,HIGH
2016-12-14 08:00:00,BHMNCPRAN01,0.63,0.5522995591163635,-0.07770044088363648,0.07770044088363648,0.006037358513511487,True,False,HIGH
2016-12-11 11:00:00,BHMNCPPLS01,0.29777777777777775,0.22061292827129364,-0.07716484950648411,0.07716484950648411,0.005954413999358341,True,False,MODERATE
2016-12-19 08:00:00,BHMEURBRD01,0.4574468085106383,0.38051846623420715,-0.07692834227643114,0.07692834227643114,0.005917969845399743,True,False,MODERATE
2016-12-17 10:00:00,BHMBCCTHL01,0.7493540051679587,0.8260283470153809,0.07667434184742217,0.07667434184742217,0.005878954697735354,False,True,HIGH
2016-12-11 11:30:00,BHMBRCBRG02,0.9304857621440537,0.8539450764656067,-0.07654068567844696,0.07654068567844696,0.005858476564126816,True,False,VERY_HIGH
2016-12-10 09:00:00,BHMBRCBRG01,0.49603960396039604,0.41959381103515625,-0.07644579292523979,0.07644579292523979,0.005843959255968641,True,False,MODERATE
2016-12-09 08:30:00,BHMNCPNHS01,0.534,0.6102460026741028,0.07624600267410275,0.07624600267410275,0.005813452923779284,False,True,HIGH
2016-12-09 12:00:00,BHMMBMMBX01,1.0,0.9241252541542053,-0.07587474584579468,0.07587474584579468,0.005756977057163937,True,False,VERY_HIGH
2016-12-11 08:00:00,BHMBCCTHL01,0.3178294573643411,0.39327341318130493,0.07544395581696384,0.07544395581696384,0.005691790469311992,False,True,MODERATE
2016-12-12 09:30:00,BHMBCCTHL01,0.7416020671834626,0.6671038269996643,-0.07449824018379825,0.07449824018379825,0.005549987790482892,True,False,HIGH
2016-12-14 08:00:00,BHMEURBRD01,0.5446808510638298,0.47142767906188965,-0.07325317200194015,0.07325317200194015,0.005366027208345828,True,False,HIGH
2016-12-16 08:30:00,BHMEURBRD01,0.5468085106382978,0.6190437078475952,0.07223519720929739,0.07223519720929739,0.0052179237158660845,False,True,HIGH
2016-12-10 12:30:00,BHMBCCPST01,0.8012618296529969,0.8729854226112366,0.07172359295823971,0.07172359295823971,0.005144273786839253,False,True,VERY_HIGH
2016-12-11 11:00:00,BHMBCCMKT01,0.2027729636048527,0.27373629808425903,0.07096333447940634,0.07096333447940634,0.005035794840436101,False,True,LOW
2016-12-11 10:30:00,BHMBCCSNH01,0.5631517960602549,0.4933004081249237,-0.06985138793533119,0.06985138793533119,0.004879216396492131,True,False,HIGH
2016-12-10 08:30:00,BHMBRCBRG01,0.2633663366336634,0.1935463845729828,-0.06981995206068059,0.06981995206068059,0.004874825705755736,True,False,MODERATE
2016-12-14 08:30:00,Others-CCCPS135a,0.58949266031419,0.6592711806297302,0.06977852031554022,0.06977852031554022,0.0048690418974262585,False,True,HIGH
2016-12-19 12:30:00,BHMBCCPST01,0.7665615141955836,0.6969574093818665,-0.06960410481371715,0.06960410481371715,0.004844731406918923,True,False,VERY_HIGH
2016-12-17 15:00:00,BHMNCPNHS01,0.31,0.3795744478702545,0.06957444787025452,0.06957444787025452,0.004840603796450764,False,True,MODERATE
2016-12-18 10:30:00,BHMBRCBRG01,0.7079207920792079,0.6383849382400513,-0.06953585383915661,0.06953585383915661,0.0048352349691405516,True,False,HIGH
2016-12-18 10:00:00,BHMBRCBRG01,0.36336633663366336,0.29404160380363464,-0.06932473283002871,0.06932473283002871,0.004805918581954861,True,False,MODERATE
2016-12-18 08:00:00,BHMEURBRD01,0.13191489361702127,0.19929644465446472,0.06738155103744345,0.06738155103744345,0.0045402734202115965,False,True,LOW
2016-12-17 12:00:00,BHMBCCTHL01,0.9896640826873385,0.9224306344985962,-0.06723344818874233,0.06723344818874233,0.004520336555348299,True,False,VERY_HIGH
2016-12-18 14:30:00,BHMBCCPST01,0.7886435331230284,0.7229193449020386,-0.0657241882209898,0.0657241882209898,0.0043196689173080945,True,False,VERY_HIGH
2016-12-17 10:30:00,BHMNCPPLS01,0.23555555555555555,0.3011578619480133,0.06560230639245776,0.06560230639245776,0.004303662604009904,False,True,LOW
2016-12-12 08:30:00,BHMEURBRD01,0.5382978723404256,0.6028687953948975,0.06457092305447187,0.06457092305447187,0.004169404104106527,False,True,HIGH
2016-12-19 09:30:00,BHMEURBRD02,0.7090909090909091,0.773209810256958,0.0641189011660489,0.0641189011660489,0.004111233486741547,False,True,HIGH
2016-12-17 08:30:00,Bull Ring,0.20275139207337045,0.138681560754776,-0.06406983131859445,0.06406983131859445,0.004104943285193147,True,False,LOW
2016-12-13 10:00:00,Others-CCCPS105a,0.5948232951717273,0.6583631634712219,0.06353986829949465,0.06353986829949465,0.004037314863517125,False,True,HIGH
2016-12-18 10:00:00,BHMBCCTHL01,0.6950904392764858,0.6316676139831543,-0.06342282529333154,0.06342282529333154,0.0040224547681884555,True,False,HIGH
2016-12-15 10:00:00,Shopping,0.7114583333333333,0.6481980681419373,-0.06326026519139605,0.06326026519139605,0.004001861152085754,True,False,HIGH
2016-12-19 08:30:00,BHMNCPNHS01,0.542,0.6051504611968994,0.06315046119689938,0.06315046119689938,0.003987980749381094,False,True,HIGH
2016-12-11 12:00:00,BHMBCCPST01,0.7381703470031545,0.6751882433891296,-0.0629821036140249,0.0629821036140249,0.003966745375647768,True,False,HIGH
2016-12-13 14:00:00,BHMMBMMBX01,0.883551673944687,0.9461018443107605,0.06255017036607347,0.06255017036607347,0.0039125238128248155,False,True,VERY_HIGH
2016-12-18 11:00:00,BHMEURBRD01,0.3,0.36210930347442627,0.06210930347442628,0.06210930347442628,0.0038575655780783806,False,True,MODERATE
2016-12-18 12:00:00,BHMNCPNST01,0.4144329896907217,0.3524719178676605,-0.06196107182306115,0.06196107182306115,0.0038391744214625427,True,False,MODERATE
2016-12-15 08:00:00,BHMEURBRD02,0.37727272727272726,0.31535401940345764,-0.06191870786926962,0.06191870786926962,0.0038339263841999515,True,False,MODERATE
2016-12-11 10:30:00,BHMBCCPST01,0.3911671924290221,0.32949259877204895,-0.06167459365697314,0.06167459365697314,0.0038037555027527516,True,False,MODERATE
2016-12-14 09:30:00,BHMBRCBRG01,0.38811881188118813,0.3268720507621765,-0.06124676111901162,0.06124676111901162,0.0037511657475692733,True,False,MODERATE
2016-12-18 10:00:00,BHMBRCBRG02,0.24371859296482412,0.18289652466773987,-0.06082206829708425,0.06082206829708425,0.003699323991935181,True,False,LOW
2016-12-19 11:30:00,BHMMBMMBX01,0.9039301310043668,0.843414843082428,-0.06051528792193883,0.06051528792193883,0.0036621000722751556,True,False,VERY_HIGH
2016-12-19 16:00:00,BHMNCPPLS01,0.36,0.42035090923309326,0.060350909233093275,0.060350909233093275,0.003642232245261063,False,True,MODERATE
2016-12-17 09:00:00,BHMBRCBRG01,0.5108910891089109,0.4505402743816376,-0.06035081472727333,0.06035081472727333,0.003642220838245671,True,False,HIGH
2016-12-11 14:30:00,BHMNCPPLS01,0.6333333333333333,0.6936360001564026,0.060302666823069284,0.060302666823069284,0.003636411625974101,False,True,HIGH
2016-12-16 08:30:00,BHMBCCTHL01,0.5607235142118863,0.6210145354270935,0.06029102121520724,0.06029102121520724,0.0036350072391725698,False,True,HIGH
2016-12-14 08:30:00,BHMNCPHST01,0.4008333333333333,0.4611223042011261,0.06028897086779278,0.06028897086779278,0.0036347600082975665,False,True,MODERATE
2016-12-15 14:30:00,BHMBRCBRG01,0.7891089108910891,0.8493324518203735,0.06022354092928439,0.06022354092928439,0.0036268748820611923,False,True,VERY_HIGH
2016-12-19 08:00:00,Broad Street,0.43043478260869567,0.37048813700675964,-0.05994664560193602,0.05994664560193602,0.003593600318924115,True,False,MODERATE
2016-12-17 15:30:00,BHMBCCPST01,0.9526813880126183,0.8928069472312927,-0.05987444078132553,0.05987444078132553,0.0035849486588764583,True,False,VERY_HIGH
2016-12-09 08:30:00,BHMEURBRD01,0.5723404255319149,0.6321042776107788,0.05976385207886392,0.05976385207886392,0.0035717180153043275,False,True,HIGH
2016-12-16 10:30:00,BHMBRCBRG01,0.8663366336633663,0.8070390224456787,-0.05929761121768762,0.05929761121768762,0.0035162066961240326,True,False,VERY_HIGH
2016-12-19 14:30:00,BHMBCCPST01,0.9842271293375394,0.9251054525375366,-0.0591216768000028,0.0591216768000028,0.003495372667643989,True,False,VERY_HIGH
2016-12-18 12:00:00,BHMBRCBRG03,0.44405182567726736,0.5031235218048096,0.059071696127542206,0.059071696127542206,0.003489465283384685,False,True,MODERATE
2016-12-12 09:30:00,BHMBRCBRG01,0.3693069306930693,0.310550719499588,-0.05875621119348129,0.05875621119348129,0.003452292353812976,True,False,MODERATE
2016-12-08 14:30:00,BHMBRCBRG01,0.8366336633663366,0.8953458070755005,0.05871214370916389,0.05871214370916389,0.0034471158189255126,False,True,VERY_HIGH
2016-12-14 08:30:00,BHMBCCSNH01,0.6257242178447276,0.684363067150116,0.05863884930538832,0.05863884930538832,0.00343851464786004,False,True,HIGH
2016-12-14 08:00:00,BHMNCPHST01,0.3333333333333333,0.2748062312602997,-0.05852710207303363,0.05852710207303363,0.0034254216770672977,True,False,MODERATE
2016-12-09 15:30:00,BHMBCCSNH01,0.7253765932792584,0.7833040356636047,0.05792744238434633,0.05792744238434633,0.0033555885811917636,False,True,HIGH
2016-12-18 15:00:00,BHMBCCPST01,0.7350157728706624,0.7928698062896729,0.05785403341901041,0.05785403341901041,0.003347089182847973,False,True,HIGH
2016-12-14 09:30:00,BHMBCCSNH01,0.8829663962920047,0.8253070712089539,-0.05765932508305083,0.05765932508305083,0.0033245977690329344,True,False,VERY_HIGH
2016-12-17 10:30:00,BHMBRCBRG02,0.5904522613065326,0.6479632258415222,0.057510964534989606,0.057510964534989606,0.0033075110417448324,False,True,HIGH
2016-12-18 13:30:00,BHMEURBRD01,0.451063829787234,0.3937753140926361,-0.05728851569459792,0.05728851569459792,0.003281974030490192,True,False,MODERATE
2016-12-16 09:00:00,BHMEURBRD02,0.6181818181818182,0.6753622889518738,0.057180470770055614,0.057180470770055614,0.0032696062374851843,False,True,HIGH
2016-12-19 09:30:00,BHMNCPRAN01,0.71,0.7667354941368103,0.05673549413681034,0.05673549413681034,0.0032189162949480404,False,True,HIGH
2016-12-09 08:30:00,Broad Street,0.5623188405797102,0.6190271377563477,0.0567082971766375,0.0567082971766375,0.003215830968673833,False,True,HIGH
2016-12-18 13:00:00,BHMBCCMKT01,0.44714038128249567,0.39048537611961365,-0.05665500516288202,0.05665500516288202,0.0032097896100061886,True,False,MODERATE
2016-12-18 10:30:00,BHMEURBRD01,0.30425531914893617,0.24773730337619781,-0.05651801577273835,0.05651801577273835,0.0031942861068875008,True,False,MODERATE
2016-12-14 16:00:00,BHMBRTARC01,0.8346774193548387,0.7782219052314758,-0.056455514123362915,0.056455514123362915,0.0031872250749332295,True,False,VERY_HIGH
2016-12-12 09:30:00,BHMNCPRAN01,0.785,0.8409900665283203,0.05599006652832028,0.05599006652832028,0.0031348875498457313,False,True,VERY_HIGH
2016-12-17 08:30:00,BHMEURBRD02,0.22272727272727272,0.27859029173851013,0.055863019011237414,0.055863019011237414,0.0031206768930498725,False,True,LOW
2016-12-13 08:00:00,BHMBCCTHL01,0.5400516795865633,0.5958553552627563,0.05580367567619304,0.05580367567619304,0.003114050218973739,False,True,HIGH
2016-12-18 13:30:00,BHMBCCMKT01,0.5355285961871751,0.47990167140960693,-0.05562692477756814,0.05562692477756814,0.0030943547602092247,True,False,HIGH
2016-12-15 12:30:00,BHMMBMMBX01,0.9621542940320232,0.906657338142395,-0.05549695588962822,0.05549695588962822,0.0030799121130153403,True,False,VERY_HIGH
2016-12-11 11:30:00,BHMBCCPST01,0.6056782334384858,0.5501888990402222,-0.055489334398263646,0.055489334398263646,0.003079066231962325,True,False,HIGH
2016-12-11 09:30:00,BHMBCCTHL01,0.537467700258398,0.482097864151001,-0.055369836107396986,0.055369836107396986,0.003065818750560003,True,False,HIGH
2016-12-19 08:00:00,BHMBCCTHL01,0.3875968992248062,0.4422738254070282,0.054676926182221974,0.054676926182221974,0.002989566256736151,False,True,MODERATE
2016-12-10 08:30:00,Bull Ring,0.1929249918113331,0.1383601576089859,-0.0545648342023472,0.0545648342023472,0.002977321131529639,True,False,LOW
2016-12-14 13:30:00,BHMBRCBRG03,0.40518256772673733,0.35071998834609985,-0.05446257938063748,0.05446257938063748,0.0029661725527922386,True,False,MODERATE
2016-12-19 10:00:00,BHMBCCPST01,0.416403785488959,0.3625948429107666,-0.05380894257819241,0.05380894257819241,0.002895402301383208,True,False,MODERATE
2016-12-11 11:00:00,Others-CCCPS133,0.6010695187165775,0.5474479794502258,-0.053621539266351714,0.053621539266351714,0.0028752694732928985,True,False,HIGH
2016-12-11 08:30:00,BHMBCCTHL01,0.3462532299741602,0.39965301752090454,0.05339978754674435,0.05339978754674435,0.0028515373100374327,False,True,MODERATE
2016-12-19 09:00:00,BHMEURBRD01,0.6361702127659574,0.6893925070762634,0.053222294310306006,0.053222294310306006,0.0028326126116528312,False,True,HIGH
2016-12-18 12:30:00,BHMBRCBRG03,0.4558303886925795,0.5090518593788147,0.05322147068623517,0.05322147068623517,0.0028325249420057897,False,True,MODERATE
2016-12-12 09:00:00,BHMBCCPST01,0.1829652996845426,0.23613622784614563,0.05317092816160304,0.05317092816160304,0.0028271476015663513,False,True,LOW
2016-12-14 08:00:00,NIA South,0.16370558375634517,0.11059749126434326,-0.05310809249200191,0.05310809249200191,0.002820469488139029,True,False,LOW
2016-12-13 10:00:00,BHMBRCBRG02,0.3149078726968174,0.26208779215812683,-0.052820080538690584,0.052820080538690584,0.0027899609081137597,True,False,MODERATE
2016-12-12 09:00:00,BHMBCCTHL01,0.5968992248062015,0.6496189832687378,0.05271975846253629,0.05271975846253629,0.002779372932348167,False,True,HIGH
2016-12-13 10:00:00,Bull Ring,0.3858499836226662,0.33313044905662537,-0.05271953456604084,0.05271953456604084,0.002779349324859975,True,False,MODERATE
2016-12-19 11:30:00,BHMNCPPLS01,0.35333333333333333,0.3006526231765747,-0.052680710156758626,0.052680710156758626,0.0027752572226204114,True,False,MODERATE
2016-12-14 11:30:00,BHMEURBRD01,0.9319148936170213,0.9845348596572876,0.05261996604026631,0.05261996604026631,0.0027688608260787798,False,True,VERY_HIGH
2016-12-18 15:00:00,BHMEURBRD01,0.548936170212766,0.4963298738002777,-0.05260629641248826,0.05260629641248826,0.0027674224222385756,True,False,HIGH
2016-12-10 08:30:00,BHMMBMMBX01,0.5152838427947598,0.5676875710487366,0.05240372825397677,0.05240372825397677,0.002746150734916643,False,True,HIGH
2016-12-10 11:00:00,BHMBCCPST01,0.6340694006309149,0.5817537903785706,-0.052315610252344324,0.052315610252344324,0.002736923076075195,True,False,HIGH
2016-12-14 08:30:00,BHMNCPNHS01,0.642,0.6942393183708191,0.05223931837081908,0.05223931837081908,0.0027289463838477955,False,True,HIGH
2016-12-14 13:30:00,BHMNCPNST01,0.622680412371134,0.5706491470336914,-0.05203126533744262,0.05203126533744262,0.002707252572615358,True,False,HIGH
2016-12-18 15:30:00,BHMEURBRD01,0.597872340425532,0.5458662509918213,-0.052006089433710656,0.052006089433710656,0.0027046333381871113,True,False,HIGH
2016-12-14 08:30:00,BHMEURBRD02,0.7954545454545454,0.7437117099761963,-0.051742835478349125,0.051742835478349125,0.002677321023339505,True,False,VERY_HIGH
2016-12-17 13:00:00,BHMBCCPST01,0.943217665615142,0.8915184140205383,-0.051699251594603646,0.051699251594603646,0.0026728126154421275,True,False,VERY_HIGH
2016-12-19 10:00:00,Bull Ring,0.44611857189649523,0.3945348858833313,-0.05158368601316393,0.05158368601316393,0.002660876662704684,True,False,MODERATE
2016-12-18 09:30:00,BHMBRCBRG03,0.13427561837455831,0.18585623800754547,0.05158061963298716,0.05158061963298716,0.0026605603217229002,False,True,LOW
2016-12-09 08:30:00,BHMEURBRD02,0.5409090909090909,0.5923891663551331,0.05148007544604216,0.05148007544604216,0.002650198167930193,False,True,HIGH
2016-12-13 08:00:00,BHMBCCSNH01,0.4797219003476246,0.5311764478683472,0.05145454752072259,0.05145454752072259,0.0026475704605622994,False,True,MODERATE
2016-12-09 11:30:00,BHMBCCPST01,0.38485804416403785,0.4362105429172516,0.05135249875321374,0.05135249875321374,0.0026370791281988184,False,True,MODERATE
2016-12-18 08:30:00,BHMBCCTHL01,0.40568475452196384,0.45700499415397644,0.0513202396320126,0.0513202396320126,0.0026337669958871966,False,True,MODERATE
2016-12-15 10:00:00,Others-CCCPS135a,0.8158640226628895,0.7649821043014526,-0.05088191836143685,0.05088191836143685,0.0025889696161399247,True,False,VERY_HIGH
2016-12-14 09:30:00,BHMEURBRD02,0.9863636363636363,0.9355193972587585,-0.050844239104877786,0.050844239104877786,0.0025851366501539836,True,False,VERY_HIGH
2016-12-17 11:00:00,BHMBRCBRG02,0.6658291457286433,0.7165822982788086,0.050753152550165326,0.050753152550165326,0.0025758824937803532,False,True,HIGH
2016-12-19 09:00:00,Broad Street,0.6420289855072464,0.6924680471420288,0.0504390616347824,0.0504390616347824,0.002544098938597378,False,True,HIGH
2016-12-10 15:00:00,BHMMBMMBX01,0.8981077147016011,0.8477652668952942,-0.05034244780630692,0.05034244780630692,0.002534362051130737,True,False,VERY_HIGH
2016-12-16 08:30:00,Broad Street,0.5579710144927537,0.6080835461616516,0.05011253166889795,0.05011253166889795,0.0025112658302663,False,True,HIGH
2016-12-10 14:00:00,BHMMBMMBX01,0.8107714701601164,0.8607579469680786,0.0499864768079622,0.0499864768079622,0.0024986478636729427,False,True,VERY_HIGH
2016-12-18 10:30:00,Others-CCCPS133,0.440427807486631,0.39047905802726746,-0.04994874945936356,0.04994874945936356,0.0024948775725542717,True,False,MODERATE
2016-12-12 10:30:00,BHMBRCBRG01,0.8346534653465346,0.7847726345062256,-0.04988083084030903,0.04988083084030903,0.002488097285319525,True,False,VERY_HIGH
2016-12-13 10:00:00,Others-CCCPS98,0.3097002900418949,0.35949787497520447,0.04979758493330955,0.04979758493330955,0.002479799465190178,False,True,MODERATE
2016-12-10 13:30:00,BHMBCCMKT01,0.7885615251299827,0.7389112710952759,-0.0496502540347068,0.0496502540347068,0.0024651477257109184,True,False,VERY_HIGH
2016-12-11 10:30:00,Others-CCCPS133,0.45540106951871656,0.40575626492500305,-0.04964480459371351,0.04964480459371351,0.002464606623147998,True,False,MODERATE
2016-12-15 13:00:00,BHMMBMMBX01,0.9985443959243085,0.949253499507904,-0.049290896416404495,0.049290896416404495,0.0024295924695327173,True,False,VERY_HIGH
2016-12-11 16:00:00,BHMEURBRD01,0.35319148936170214,0.3039504587650299,-0.04924103059667223,0.04924103059667223,0.0024246790942224106,True,False,MODERATE
2016-12-11 13:30:00,BHMNCPNST01,0.6907216494845361,0.6414926648139954,-0.04922898467054071,0.04922898467054071,0.002423492931692332,True,False,HIGH
2016-12-12 11:00:00,BHMBRCBRG01,0.9821782178217822,0.9329767227172852,-0.049201495104497006,0.049201495104497006,0.002420787120517843,True,False,VERY_HIGH
2016-12-19 09:00:00,BHMNCPHST01,0.4741666666666667,0.5233582258224487,0.04919155915578205,0.04919155915578205,0.0024198094921768047,False,True,MODERATE
2016-12-16 14:30:00,BHMNCPNST01,0.5649484536082474,0.515884280204773,-0.049064173403474465,0.049064173403474465,0.002407293111766211,True,False,HIGH
2016-12-18 10:00:00,Bull Ring,0.26498526039960696,0.21599380671977997,-0.04899145367982699,0.04899145367982699,0.0024001625336626336,True,False,MODERATE
2016-12-19 09:30:00,BHMBRCBRG02,0.20603015075376885,0.2549959123134613,0.048965761559692456,0.048965761559692456,0.0023976458051206554,False,True,LOW
2016-12-09 09:00:00,BHMBRCBRG01,0.23465346534653464,0.1857430338859558,-0.04891043146057883,0.04891043146057883,0.0023922303056599795,True,False,LOW
2016-12-19 10:00:00,Others-CCCPS133,0.46844919786096256,0.41975268721580505,-0.04869651064515751,0.04869651064515751,0.0023713501490139387,True,False,MODERATE
2016-12-13 10:00:00,BHMEURBRD02,0.9772727272727273,0.9288635849952698,-0.04840914227745752,0.04840914227745752,0.0023434450560391247,True,False,VERY_HIGH
2016-12-14 16:00:00,BHMNCPLDH01,0.6666666666666666,0.7149900794029236,0.048323412736256954,0.048323412736256954,0.0023351522184786406,False,True,HIGH
2016-12-10 15:30:00,BHMMBMMBX01,0.9112081513828238,0.8630944490432739,-0.048113702339549924,0.048113702339549924,0.002314928352818812,True,False,VERY_HIGH
2016-12-19 12:30:00,BHMMBMMBX01,1.0,0.9520267248153687,-0.04797327518463135,0.04797327518463135,0.002301435131940366,True,False,VERY_HIGH
2016-12-19 11:30:00,BHMBRCBRG02,0.7437185929648241,0.6957858800888062,-0.04793271287601797,0.04793271287601797,0.0022975449636547787,True,False,HIGH
2016-12-16 08:30:00,BHMNCPNHS01,0.576,0.6238589286804199,0.047858928680419965,0.047858928680419965,0.0022904770544375248,False,True,HIGH
2016-12-13 14:30:00,BHMBCCTHL01,0.9250645994832042,0.9728890657424927,0.04782446625928849,0.04782446625928849,0.002287179572985823,False,True,VERY_HIGH
2016-12-10 09:30:00,Bull Ring,0.46315099901735995,0.5109413862228394,0.0477903872054794,0.0477903872054794,0.002283921109249649,False,True,MODERATE
2016-12-09 10:00:00,BHMBRCBRG02,0.4120603015075377,0.3643529415130615,-0.04770735999447617,0.04770735999447617,0.0022759921976425457,True,False,MODERATE
2016-12-14 11:30:00,Broad Street,0.8942028985507247,0.941719114780426,0.04751621622970137,0.04751621622970137,0.002257790804787736,False,True,VERY_HIGH
2016-12-10 12:30:00,BHMNCPLDH01,0.6458333333333334,0.6933477520942688,0.04751441876093543,0.04751441876093543,0.0022576199901895326,False,True,HIGH
2016-12-11 10:00:00,BHMBCCTHL01,0.689922480620155,0.6424422860145569,-0.04748019460559816,0.04748019460559816,0.0022543688797854724,True,False,HIGH
2016-12-19 08:00:00,BHMNCPNHS01,0.368,0.32060566544532776,-0.047394334554672235,0.047394334554672235,0.002246222947880199,True,False,MODERATE
2016-12-18 10:30:00,BHMBCCSNH01,0.4982618771726535,0.4510454535484314,-0.047216423624222126,0.047216423624222126,0.0022293906598620013,True,False,MODERATE
2016-12-19 10:00:00,BHMBCCTHL01,0.8113695090439277,0.7642483115196228,-0.04712119752430488,0.04712119752430488,0.0022204072561245562,True,False,VERY_HIGH
2016-12-18 11:00:00,Broad Street,0.24057971014492754,0.2873682975769043,0.04678858743197675,0.04678858743197675,0.002189171913879733,False,True,LOW
2016-12-17 08:30:00,Others-CCCPS133,0.25433155080213904,0.20764939486980438,-0.04668215593233466,0.04668215593233466,0.002179223682490808,True,False,MODERATE
2016-12-19 10:00:00,BHMBCCSNH01,0.8597914252607184,0.8132558465003967,-0.04653557876032166,0.04653557876032166,0.0021655600905581005,True,False,VERY_HIGH
2016-12-19 16:00:00,BHMBCCSNH01,0.7821552723059096,0.735687255859375,-0.046468016446534643,0.046468016446534643,0.0021592765524754143,True,False,VERY_HIGH
2016-12-14 09:30:00,BHMBCCTHL01,0.9354005167958657,0.888990581035614,-0.04640993576025165,0.04640993576025165,0.002153882137270685,True,False,VERY_HIGH
2016-12-14 08:00:00,BHMNCPLDH01,0.65,0.6036713123321533,-0.0463286876678467,0.0463286876678467,0.002146347301024891,True,False,HIGH
2016-12-11 11:00:00,BHMNCPNST01,0.5051546391752577,0.4588334858417511,-0.046321153333506615,0.046321153333506615,0.002145649246146231,True,False,HIGH
2016-12-09 12:00:00,BHMBRCBRG02,0.7822445561139029,0.7359338998794556,-0.0463106562344473,0.0463106562344473,0.002144676880865153,True,False,VERY_HIGH
2016-12-13 10:30:00,BHMBCCPST01,0.36908517350157727,0.32281336188316345,-0.046271811618413816,0.046271811618413816,0.002141080550449976,True,False,MODERATE
2016-12-16 09:00:00,NIA South,0.13324873096446702,0.17935369908809662,0.0461049681236296,0.0461049681236296,0.002125668085680902,False,True,LOW
2016-12-17 10:30:00,BHMBRCBRG03,0.4581861012956419,0.5041651129722595,0.04597901167661761,0.04597901167661761,0.0021140695147585384,False,True,MODERATE
2016-12-12 14:00:00,BHMEURBRD02,0.9863636363636363,0.9407461881637573,-0.04561744819987901,0.04561744819987901,0.0020809515802686445,True,False,VERY_HIGH
2016-12-18 16:00:00,Broad Street,0.4985507246376812,0.45297613739967346,-0.045574587238007724,0.045574587238007724,0.0020770430019147767,True,False,MODERATE
2016-12-11 12:30:00,BHMNCPNST01,0.5979381443298969,0.6432755589485168,0.04533741461861995,0.04533741461861995,0.0020554811643006543,False,True,HIGH
2016-12-16 16:00:00,BHMNCPNST01,0.5670103092783505,0.5217298269271851,-0.04528048235116544,0.04528048235116544,0.002050322081954205,True,False,HIGH
2016-12-18 16:00:00,BHMBRTARC01,0.7338709677419355,0.6886997222900391,-0.045171245451896436,0.045171245451896436,0.0020404414156754746,True,False,HIGH
2016-12-17 08:00:00,BHMEURBRD02,0.21818181818181817,0.263155072927475,0.044973254745656804,0.044973254745656804,0.0020225936424177423,False,True,LOW
2016-12-15 09:00:00,Shopping,0.5645833333333333,0.6095468997955322,0.0449635664621989,0.0449635664621989,0.002021722309000578,False,True,HIGH
2016-12-18 13:00:00,BHMBCCPST01,0.6246056782334385,0.5796433687210083,-0.04496230951243019,0.04496230951243019,0.00202160927669157,True,False,HIGH
2016-12-17 12:30:00,BHMBRCBRG02,0.9698492462311558,0.9249311685562134,-0.04491807767494238,0.04491807767494238,0.002017633702012157,True,False,VERY_HIGH
2016-12-19 08:00:00,BHMNCPNST01,0.31958762886597936,0.36440616846084595,0.04481853959486659,0.04481853959486659,0.0020087014914166243,False,True,MODERATE
2016-12-10 14:30:00,BHMEURBRD02,0.11363636363636363,0.15834376215934753,0.0447073985229839,0.0447073985229839,0.001998751482692903,False,True,LOW
2016-12-11 10:00:00,BHMBCCSNH01,0.4298957126303592,0.38520511984825134,-0.04469059278210785,0.04469059278210785,0.0019972490832161904,True,False,MODERATE
2016-12-16 14:00:00,BHMMBMMBX01,0.8311499272197962,0.7864810228347778,-0.04466890438501836,0.04466890438501836,0.0019953110189579125,True,False,VERY_HIGH
2016-12-14 08:30:00,BHMMBMMBX01,0.5400291120815138,0.5846933722496033,0.04466426016808944,0.04466426016808944,0.0019948961363627812,False,True,HIGH
2016-12-09 10:00:00,BHMBRCBRG01,0.5881188118811881,0.5434635281562805,-0.04465528372490757,0.04465528372490757,0.0019940943645519946,True,False,HIGH
2016-12-15 09:30:00,BHMBRCBRG01,0.3683168316831683,0.3236831724643707,-0.04463365921879758,0.04463365921879758,0.0019921635352597544,True,False,MODERATE
2016-12-15 08:00:00,BHMNCPLDH01,0.5875,0.5429336428642273,-0.04456635713577273,0.04456635713577273,0.001986160188353241,True,False,HIGH
2016-12-14 08:00:00,Others-CCCPS135a,0.5127478753541076,0.46827536821365356,-0.04447250714045403,0.04447250714045403,0.001977803891357735,True,False,HIGH
2016-12-19 08:00:00,Others-CCCPS119a,0.36567962896896183,0.41006380319595337,0.044384174226991535,0.044384174226991535,0.0019699549218119396,False,True,MODERATE
2016-12-19 15:30:00,BHMNCPPLS01,0.4577777777777778,0.5021049380302429,0.044327160252465136,0.044327160252465136,0.001964897136047725,False,True,MODERATE
2016-12-18 15:30:00,Broad Street,0.4652173913043478,0.42089641094207764,-0.04432098036227017,0.04432098036227017,0.001964349300272738,True,False,MODERATE
2016-12-10 11:30:00,BHMBCCPST01,0.6908517350157729,0.7351588606834412,0.04430712566766826,0.04430712566766826,0.0019631213849305475,False,True,HIGH
2016-12-13 10:30:00,BHMMBMMBX01,0.7685589519650655,0.724367082118988,-0.04419186984607748,0.04419186984607748,0.001952921360492652,True,False,VERY_HIGH
2016-12-19 09:30:00,BHMNCPNHS01,0.656,0.7001636028289795,0.044163602828979465,0.044163602828979465,0.001950423814835843,False,True,HIGH
2016-12-09 09:00:00,BHMBCCSNH01,0.7728852838933952,0.728810727596283,-0.04407455629711221,0.04407455629711221,0.0019425665127873137,True,False,VERY_HIGH
2016-12-14 09:30:00,Others-CCCPS135a,0.7795518928663404,0.7355313897132874,-0.04402050315305306,0.04402050315305306,0.0019378046978479543,True,False,VERY_HIGH
2016-12-18 10:30:00,Broad Street,0.24347826086956523,0.199546217918396,-0.04393204295116923,0.04393204295116923,0.0019300243978633781,True,False,LOW
2016-12-14 08:00:00,Shopping,0.45208333333333334,0.40816521644592285,-0.043918116887410485,0.043918116887410485,0.00192880099093625,True,False,MODERATE
2016-12-12 12:00:00,BHMMBMMBX01,0.9039301310043668,0.8601243495941162,-0.0438057814102506,0.0438057814102506,0.001918946484962657,True,False,VERY_HIGH
2016-12-17 14:00:00,BHMBCCSNH01,0.7960602549246814,0.7522912621498108,-0.04376899277487056,0.04376899277487056,0.0019157247285266717,True,False,VERY_HIGH
2016-12-08 15:00:00,BHMBRCBRG02,0.6390284757118928,0.5952783823013306,-0.04375009341056224,0.04375009341056224,0.0019140706734329215,True,False,HIGH
2016-12-10 08:30:00,BHMBRCBRG02,0.1423785594639866,0.09877293556928635,-0.04360562389470024,0.04360562389470024,0.0019014504352460526,True,False,LOW
2016-12-16 08:30:00,BHMNCPHST01,0.375,0.4185508191585541,0.04355081915855408,0.04355081915855408,0.0018966738493810809,False,True,MODERATE
2016-12-13 14:30:00,BHMBRCBRG03,0.4299175500588928,0.47342443466186523,0.04350688460297242,0.04350688460297242,0.0018928490078563584,False,True,MODERATE
2016-12-19 10:30:00,BHMNCPPLS01,0.24,0.2833077311515808,0.04330773115158082,0.04330773115158082,0.0018755595774976037,False,True,LOW
2016-12-17 10:30:00,Bull Ring,0.666557484441533,0.7098348736763,0.043277389234767094,0.043277389234767094,0.0018729324189775349,False,True,HIGH
2016-12-19 11:30:00,BHMBCCSNH01,0.9930475086906141,0.9498429894447327,-0.04320451924588142,0.04320451924588142,0.0018666304832677383,True,False,VERY_HIGH
2016-12-11 15:30:00,BHMEURBRD01,0.32553191489361705,0.3685406744480133,0.04300875955439626,0.04300875955439626,0.0018497533984078716,False,True,MODERATE
2016-12-11 15:00:00,BHMBCCMKT01,0.561525129982669,0.518589437007904,-0.04293569297476496,0.04293569297476496,0.0018434737312232811,True,False,HIGH
2016-12-19 09:00:00,BHMEURBRD02,0.6545454545454545,0.697446346282959,0.04290089173750444,0.04290089173750444,0.001840486511873077,False,True,HIGH
2016-12-12 08:30:00,BHMNCPNHS01,0.616,0.6588879227638245,0.04288792276382447,0.04288792276382447,0.0018393739189957732,False,True,HIGH
2016-12-16 16:00:00,BHMBRTARC01,0.7782258064516129,0.7353817224502563,-0.04284408400135653,0.04284408400135653,0.0018356155339152946,True,False,VERY_HIGH
2016-12-09 11:00:00,BHMNCPNHS01,0.67,0.7128391861915588,0.0428391861915588,0.0428391861915588,0.001835195873555042,False,True,HIGH
2016-12-15 09:00:00,BHMEURBRD01,0.676595744680851,0.7193331718444824,0.04273742716363138,0.04273742716363138,0.0018264876805666973,False,True,HIGH
2016-12-11 15:30:00,BHMBCCSNH01,0.8679026651216686,0.8252542614936829,-0.04264840362798572,0.04264840362798572,0.0018188863320155856,True,False,VERY_HIGH
2016-12-11 14:00:00,BHMBCCPST01,0.9116719242902208,0.8690657615661621,-0.042606162724058705,0.042606162724058705,0.0018152851020689694,True,False,VERY_HIGH
2016-12-13 15:30:00,BHMBRCBRG03,0.3451118963486455,0.3875810205936432,0.042469124244997714,0.042469124244997714,0.0018036265141370526,False,True,MODERATE
2016-12-18 15:30:00,BHMBCCTHL01,1.0,0.9575669169425964,-0.042433083057403564,0.042433083057403564,0.0018005665377565094,True,False,VERY_HIGH
2016-12-11 12:30:00,BHMBRCBRG03,0.4546525323910483,0.4970485270023346,0.04239599461128629,0.04239599461128629,0.0017974203590802164,False,True,MODERATE
2016-12-17 15:00:00,BHMBCCMKT01,0.7192374350086655,0.7615881562232971,0.04235072121463157,0.04235072121463157,0.0017935835873994445,False,True,HIGH
2016-12-15 10:00:00,BHMBRCBRG02,0.38944723618090454,0.34717726707458496,-0.04226996910631958,0.04226996910631958,0.001786750288249212,True,False,MODERATE
2016-12-12 13:00:00,BHMBRCBRG02,0.8986599664991625,0.8564127087593079,-0.042247257739854605,0.042247257739854605,0.0017848307865377048,True,False,VERY_HIGH
2016-12-11 13:30:00,BHMBCCSNH01,0.996523754345307,0.9543269872665405,-0.04219676707876652,0.04219676707876652,0.0017805671518996737,True,False,VERY_HIGH
2016-12-13 16:00:00,BHMBCCTHL01,0.8242894056847545,0.7823290824890137,-0.041960323195740834,0.041960323195740834,0.0017606687226910263,True,False,VERY_HIGH
2016-12-10 10:30:00,BHMBCCTHL01,1.0,0.9581068754196167,-0.0418931245803833,0.0418931245803833,0.0017550338871075155,True,False,VERY_HIGH
2016-12-17 13:30:00,BHMNCPPLS01,0.45111111111111113,0.4093266725540161,-0.041784438557095016,0.041784438557095016,0.0017459393055316485,True,False,MODERATE
2016-12-10 09:30:00,BHMBCCMKT01,0.21490467937608318,0.25639352202415466,0.04148884264807148,0.04148884264807148,0.001721324064276435,False,True,LOW
2016-12-17 16:00:00,BHMBCCMKT01,0.6169844020797227,0.5755999684333801,-0.04138443364634259,0.04138443364634259,0.0017126713482285326,True,False,HIGH
2016-12-09 15:00:00,BHMNCPPLS01,0.23555555555555555,0.27693048119544983,0.04137492563989428,0.04137492563989428,0.0017118844717067814,False,True,LOW
2016-12-11 10:30:00,Others-CCCPS105a,0.5251368840219014,0.4838017523288727,-0.041335131693028715,0.041335131693028715,0.001708593112080027,True,False,HIGH
2016-12-17 10:30:00,BHMBCCTHL01,0.7984496124031008,0.8397796154022217,0.04133000299912093,0.04133000299912093,0.001708169147907345,False,True,VERY_HIGH
2016-12-17 15:30:00,BHMBRCBRG02,0.9891122278056952,0.9477877616882324,-0.041324466117462766,0.041324466117462766,0.0017077114998933281,True,False,VERY_HIGH
2016-12-19 09:00:00,BHMNCPRAN01,0.68,0.7210584282875061,0.041058428287506055,0.041058428287506055,0.0016857945334402774,False,True,HIGH
2016-12-18 10:00:00,Others-CCCPS133,0.28192513368983957,0.2408851534128189,-0.04103998027702066,0.04103998027702066,0.0016842799811382448,True,False,MODERATE
2016-12-15 09:30:00,BHMNCPNHS01,0.754,0.7950168251991272,0.041016825199127194,0.041016825199127194,0.0016823799494157556,False,True,VERY_HIGH
2016-12-10 14:00:00,BHMEURBRD02,0.10454545454545454,0.14517439901828766,0.04062894447283312,0.04062894447283312,0.0016507111289765569,False,True,LOW
2016-12-17 08:00:00,BHMNCPNHS01,0.358,0.39862701296806335,0.04062701296806337,0.04062701296806337,0.0016505541827071893,False,True,MODERATE
2016-12-15 08:00:00,BHMNCPHST01,0.3,0.2595268785953522,-0.040473121404647816,0.040473121404647816,0.0016380735562353612,True,False,MODERATE
2016-12-13 10:00:00,BHMBRCBRG01,0.5524752475247525,0.5120557546615601,-0.04041949286319246,0.04041949286319246,0.0016337354033176665,True,False,HIGH
2016-12-16 08:00:00,BHMMBMMBX01,0.5094614264919942,0.549856960773468,0.0403955342814738,0.0403955342814738,0.001631799189885725,False,True,HIGH
2016-12-16 15:30:00,BHMEURBRD01,0.6872340425531915,0.7276216745376587,0.040387631984467154,0.040387631984467154,0.0016311608173127544,False,True,HIGH
2016-12-14 15:00:00,BHMBCCPST01,0.4069400630914827,0.3666411340236664,-0.04029892906781629,0.04029892906781629,0.0016240036840128888,True,False,MODERATE
2016-12-13 15:30:00,Shopping,0.6552083333333333,0.6954963803291321,0.0402880469957988,0.0402880469957988,0.0016231267307356926,False,True,HIGH
2016-12-19 10:30:00,BHMEURBRD01,0.7978723404255319,0.757688581943512,-0.04018375848201994,0.04018375848201994,0.0016147344457413094,True,False,VERY_HIGH
2016-12-13 15:30:00,BHMMBMMBX01,0.735080058224163,0.7751206755638123,0.040040617339649254,0.040040617339649254,0.0016032510369402204,False,True,HIGH
2016-12-11 16:00:00,BHMBRCBRG01,0.8683168316831683,0.8282886743545532,-0.04002815732861509,0.04002815732861509,0.0016022533791243618,True,False,VERY_HIGH
2016-12-13 08:00:00,BHMEURBRD02,0.38181818181818183,0.4218006730079651,0.039982491189783254,0.039982491189783254,0.0015985996017410956,False,True,MODERATE
2016-12-17 08:00:00,BHMBCCTHL01,0.3488372093023256,0.38879910111427307,0.03996189181194748,0.03996189181194748,0.001596952797189795,False,True,MODERATE
2016-12-10 08:00:00,BHMMBMMBX01,0.4978165938864629,0.5376464128494263,0.03982981896296339,0.03982981896296339,0.0015864144786224383,False,True,MODERATE
2016-12-10 08:30:00,BHMBCCMKT01,0.0779896013864818,0.03819162771105766,-0.039797973675424134,0.039797973675424134,0.0015838787086697524,True,False,LOW
2016-12-19 08:30:00,BHMEURBRD01,0.5851063829787234,0.6247372627258301,0.03963087974710666,0.03963087974710666,0.001570606629529629,False,True,HIGH
2016-12-12 11:30:00,BHMBCCMKT01,0.2720970537261698,0.311663955450058,0.03956690172388816,0.03956690172388816,0.0015655397120278238,False,True,MODERATE
2016-12-17 16:00:00,Broad Street,0.49130434782608695,0.4518730938434601,-0.03943125398262687,0.03943125398262687,0.0015548237906424273,True,False,MODERATE
2016-12-18 13:00:00,BHMEURBRD01,0.3723404255319149,0.33308473229408264,-0.039255693237832234,0.039255693237832234,0.0015410094515827873,True,False,MODERATE
2016-12-17 08:30:00,BHMBRCBRG02,0.1490787269681742,0.10986407101154327,-0.03921465595663093,0.03921465595663093,0.0015377892417969296,True,False,LOW
2016-12-15 13:30:00,BHMNCPPLS01,0.3844444444444444,0.4235716462135315,0.03912720176908707,0.03912720176908707,0.0015309379182788505,False,True,MODERATE
2016-12-10 14:00:00,BHMBCCPST01,0.9305993690851735,0.8916959762573242,-0.03890339282784927,0.03890339282784927,0.001513473973517954,True,False,VERY_HIGH
2016-12-16 15:00:00,BHMBRTARC01,0.7641129032258065,0.7252264618873596,-0.038886441338446875,0.038886441338446875,0.00151215531996847,True,False,VERY_HIGH
2016-12-13 08:00:00,BHMNCPRAN01,0.5583333333333333,0.5195260643959045,-0.03880726893742881,0.03880726893742881,0.0015060041223819269,True,False,HIGH
2016-12-10 12:00:00,BHMBCCSNH01,0.7161066048667439,0.7549135684967041,0.03880696362996017,0.03880696362996017,0.0015059804261770512,False,True,HIGH
2016-12-16 09:30:00,BHMEURBRD02,0.6545454545454545,0.693318784236908,0.03877332969145342,0.03877332969145342,0.0015033710953621432,False,True,HIGH
2016-12-14 09:30:00,BHMMBMMBX01,0.6972343522561864,0.6585093140602112,-0.03872503819597517,0.03872503819597517,0.0014996285832797357,True,False,HIGH
2016-12-17 11:30:00,BHMBCCSNH01,0.6709154113557358,0.7096131443977356,0.03869773304199975,0.03869773304199975,0.0014975145425898792,False,True,HIGH
2016-12-14 08:30:00,BHMBCCTHL01,0.6950904392764858,0.733766496181488,0.0386760569050022,0.0386760569050022,0.0014958373777189682,False,True,HIGH
2016-12-13 10:00:00,BHMBCCSNH01,0.9281575898030128,0.8895673155784607,-0.03859027422455208,0.03859027422455208,0.0014892092647261286,True,False,VERY_HIGH
2016-12-10 09:00:00,BHMBCCTHL01,0.6511627906976745,0.6896382570266724,0.0384754663289979,0.0384754663289979,0.001480361509233851,False,True,HIGH
2016-12-09 15:30:00,BHMEURBRD01,0.6680851063829787,0.706550121307373,0.03846501492439436,0.03846501492439436,0.0014795573731338808,False,True,HIGH
2016-12-17 12:00:00,BHMBRCBRG02,0.8659966499162479,0.8275957107543945,-0.03840093916185339,0.03840093916185339,0.001474632128512365,True,False,VERY_HIGH
2016-12-19 08:00:00,BHMBCCPST01,0.20504731861198738,0.24334532022476196,0.03829800161277458,0.03829800161277458,0.0014667369275320843,False,True,LOW
2016-12-19 10:30:00,BHMBCCTHL01,0.917312661498708,0.8790910243988037,-0.03822163709990434,0.03822163709990434,0.0014608935425967837,True,False,VERY_HIGH
2016-12-18 08:00:00,BHMBCCTHL01,0.3875968992248062,0.42575857043266296,0.03816167120785674,0.03816167120785674,0.001456313149376562,False,True,MODERATE
2016-12-14 08:30:00,BHMNCPRAN01,0.7133333333333334,0.7512944340705872,0.03796110073725378,0.03796110073725378,0.0014410451691839298,False,True,HIGH
2016-12-19 09:30:00,Broad Street,0.6956521739130435,0.7335346341133118,0.03788246020026831,0.03788246020026831,0.0014350807908249123,False,True,HIGH
2016-12-14 13:00:00,BHMMBMMBX01,0.9912663755458515,0.9534088969230652,-0.03785747862278632,0.03785747862278632,0.0014331886876747233,True,False,VERY_HIGH
2016-12-15 13:30:00,BHMMBMMBX01,0.9985443959243085,0.9606914520263672,-0.03785294389794136,0.03785294389794136,0.001432845361740696,True,False,VERY_HIGH
2016-12-09 09:00:00,BHMBCCPST01,0.17034700315457413,0.20818662643432617,0.037839623279752044,0.037839623279752044,0.001431837089953553,False,True,LOW
2016-12-16 08:30:00,Shopping,0.48385416666666664,0.5216490030288696,0.03779483636220299,0.03779483636220299,0.0014284496556457012,False,True,MODERATE
2016-12-16 08:00:00,BHMNCPHST01,0.2925,0.2547147572040558,-0.037785242795944196,0.037785242795944196,0.0014277245731484528,True,False,MODERATE
2016-12-11 16:00:00,Others-CCCPS8,0.6709531013615734,0.633176326751709,-0.037776774609864394,0.037776774609864394,0.0014270846999244952,True,False,HIGH
2016-12-16 16:00:00,BHMBCCSNH01,0.7137891077636153,0.6760756969451904,-0.03771341081842483,0.03771341081842483,0.0014223013555592831,True,False,HIGH
2016-12-13 09:00:00,BHMBRCBRG02,0.15829145728643215,0.19596782326698303,0.03767636598055088,0.03767636598055088,0.0014195085535004116,False,True,LOW
2016-12-19 12:00:00,BHMNCPPLS01,0.4311111111111111,0.3935489058494568,-0.037562205261654324,0.037562205261654324,0.001410919264118652,True,False,MODERATE
2016-12-16 16:00:00,Broad Street,0.6405797101449275,0.6031063795089722,-0.03747333063595537,0.03747333063595537,0.0014042505089516314,True,False,HIGH
2016-12-15 08:30:00,BHMNCPLDH01,0.6680555555555555,0.7054241299629211,0.03736857440736563,0.03736857440736563,0.0013964103532388215,False,True,HIGH
2016-12-09 09:00:00,BHMEURBRD01,0.6382978723404256,0.675631582736969,0.03733371039654343,0.03733371039654343,0.0013938059319729748,False,True,HIGH
2016-12-18 09:00:00,BHMBCCTHL01,0.4470284237726098,0.48434627056121826,0.037317846788608444,0.037317846788608444,0.0013926216889380537,False,True,MODERATE
2016-12-14 11:30:00,BHMBRCBRG02,0.5954773869346733,0.6327311396598816,0.037253752725208256,0.037253752725208256,0.0013878420921109615,False,True,HIGH
2016-12-17 13:30:00,BHMBCCMKT01,0.7227036395147314,0.6854892373085022,-0.03721440220622918,0.03721440220622918,0.0013849117315669953,True,False,HIGH
2016-12-11 10:00:00,BHMBCCPST01,0.24290220820189273,0.20574171841144562,-0.037160489790447115,0.037160489790447115,0.0013809020014659242,True,False,LOW
2016-12-11 14:00:00,BHMNCPHST01,0.5625,0.5253495573997498,-0.037150442600250244,0.037150442600250244,0.0013801553853944881,True,False,HIGH
2016-12-11 13:00:00,BHMBCCSNH01,0.9536500579374276,0.9165433049201965,-0.0371067530172311,0.0371067530172311,0.0013769111194817892,True,False,VERY_HIGH
2016-12-16 11:00:00,BHMNCPPLS01,0.2577777777777778,0.2948567569255829,0.03707897914780511,0.03707897914780511,0.0013748506946433664,False,True,MODERATE
2016-12-19 08:30:00,Others-CCCPS119a,0.3778094898323225,0.4148162305355072,0.037006740703184715,0.037006740703184715,0.0013694988574727484,False,True,MODERATE
2016-12-18 11:00:00,BHMNCPNST01,0.35876288659793815,0.3956317603588104,0.03686887376087228,0.03686887376087228,0.0013593138523951365,False,True,MODERATE
2016-12-14 09:00:00,BHMEURBRD02,0.8681818181818182,0.905021071434021,0.03683925325220283,0.03683925325220283,0.0013571305801799369,False,True,VERY_HIGH
2016-12-14 12:00:00,BHMMBMMBX01,0.925764192139738,0.8889703750610352,-0.036793817078702884,0.036793817078702884,0.001353784975221048,True,False,VERY_HIGH
2016-12-12 09:00:00,Others-CCCPS8,0.3600605143721634,0.396833598613739,0.036773084241575604,0.036773084241575604,0.001352259724638016,False,True,MODERATE
2016-12-14 09:00:00,BHMMBMMBX01,0.5982532751091703,0.6349439024925232,0.036690627383352936,0.036690627383352936,0.0013462021377840484,False,True,HIGH
2016-12-16 15:30:00,BHMEURBRD02,0.6454545454545455,0.6087860465049744,-0.03666849894957114,0.03666849894957114,0.0013445788152146997,True,False,HIGH
2016-12-16 15:30:00,BHMBRTARC01,0.7721774193548387,0.7355462312698364,-0.03663118808500232,0.03663118808500232,0.001341843940518816,True,False,VERY_HIGH
2016-12-19 11:00:00,BHMBCCTHL01,1.0,0.9633811116218567,-0.03661888837814331,0.03661888837814331,0.0013409429860509192,True,False,VERY_HIGH
2016-12-15 11:00:00,BHMBRCBRG01,0.8455445544554455,0.8821520805358887,0.036607526080443153,0.036607526080443153,0.0013401109657303256,False,True,VERY_HIGH
2016-12-10 09:00:00,BHMBCCPST01,0.27129337539432175,0.23474863171577454,-0.03654474367854721,0.03654474367854721,0.0013355182905307162,True,False,MODERATE
2016-12-13 11:30:00,BHMMBMMBX01,0.8602620087336245,0.823760986328125,-0.03650102240549946,0.03650102240549946,0.0013323246366467737,True,False,VERY_HIGH
2016-12-12 10:00:00,BHMBRCBRG01,0.599009900990099,0.5625392198562622,-0.03647068113383678,0.03647068113383678,0.001330110582365998,True,False,HIGH
2016-12-15 10:00:00,BHMBRCBRG01,0.5683168316831683,0.5318558812141418,-0.03646095046902642,0.03646095046902642,0.001329400909104798,True,False,HIGH
2016-12-18 11:00:00,Others-CCCPS8,0.5,0.5364535450935364,0.03645354509353638,0.03645354509353638,0.00132886094988649,False,True,MODERATE
2016-12-16 10:00:00,BHMNCPRAN01,0.7516666666666667,0.788044810295105,0.036378143628438275,0.036378143628438275,0.0013233693338512843,False,True,VERY_HIGH
2016-12-18 14:00:00,BHMBRTARC01,0.7278225806451613,0.6914564967155457,-0.0363660839296156,0.0363660839296156,0.001322492060375846,True,False,HIGH
2016-12-15 16:00:00,BHMEURBRD02,0.7318181818181818,0.7679559588432312,0.03613777702504939,0.03613777702504939,0.0013059389283121875,False,True,HIGH
2016-12-16 12:00:00,BHMBCCPST01,0.5205047318611987,0.48438605666160583,-0.03611867519959289,0.03611867519959289,0.0013045586981736863,True,False,HIGH
2016-12-13 09:00:00,BHMNCPLDH01,0.7430555555555556,0.7791364192962646,0.03608086374070907,0.03608086374070907,0.0013018287282756144,False,True,HIGH
2016-12-18 15:30:00,BHMBRCBRG02,0.8542713567839196,0.8903197646141052,0.03604840783018559,0.03604840783018559,0.0012994877070913859,False,True,VERY_HIGH
2016-12-12 16:00:00,BHMNCPNHS01,0.698,0.7340466380119324,0.03604663801193242,0.03604663801193242,0.0012993601119632911,False,True,HIGH
2016-12-10 11:30:00,BHMBCCMKT01,0.5095320623916811,0.4735342562198639,-0.03599780617181725,0.03599780617181725,0.0012958420491837239,True,False,HIGH
2016-12-14 13:30:00,BHMBCCPST01,0.4353312302839117,0.4713094234466553,0.03597819316274359,0.03597819316274359,0.0012944303832556894,False,True,MODERATE
2016-12-14 15:30:00,BHMBRTARC01,0.8306451612903226,0.7946726083755493,-0.035972552914773304,0.035972552914773304,0.0012940245632061653,True,False,VERY_HIGH
2016-12-19 13:00:00,BHMNCPPLS01,0.5733333333333334,0.5373705625534058,-0.0359627707799276,0.0359627707799276,0.0012933208821696144,True,False,HIGH
2016-12-16 09:00:00,Broad Street,0.6101449275362318,0.6460736393928528,0.03592871185662094,0.03592871185662094,0.0012908723356760943,False,True,HIGH
2016-12-13 09:00:00,BHMNCPHST01,0.48333333333333334,0.519189715385437,0.035856382052103675,0.035856382052103675,0.0012856801338664225,False,True,MODERATE
2016-12-15 08:00:00,BHMMBMMBX01,0.5400291120815138,0.5758527517318726,0.03582363965035873,0.03582363965035873,0.001283333157798754,False,True,HIGH
2016-12-19 12:30:00,Bull Ring,0.879462823452342,0.8436647057533264,-0.03579811769901553,0.03579811769901553,0.001281505230792569,True,False,VERY_HIGH
2016-12-14 12:00:00,BHMBRCBRG01,0.9514851485148514,0.9157053828239441,-0.03577976569090735,0.03577976569090735,0.0012801916328962308,True,False,VERY_HIGH
2016-12-13 11:00:00,BHMBRCBRG02,0.474036850921273,0.5097990036010742,0.03576215267980121,0.03576215267980121,0.0012789315642934126,False,True,MODERATE
2016-12-14 14:00:00,BHMBCCMKT01,0.29982668977469673,0.3355730175971985,0.035746327822501756,0.035746327822501756,0.0012777999527937632,False,True,MODERATE
2016-12-15 12:30:00,Others-CCCPS105a,0.7720258835241414,0.7363517880439758,-0.035674095480165535,0.035674095480165535,0.001272641088327967,True,False,VERY_HIGH
2016-12-17 13:30:00,BHMEURBRD01,0.44468085106382976,0.40904921293258667,-0.03563163813124309,0.03563163813124309,0.0012696136359158568,True,False,MODERATE
2016-12-18 11:30:00,BHMEURBRD01,0.30851063829787234,0.34413623809814453,0.03562559980027219,0.03562559980027219,0.0012691833611291538,False,True,MODERATE
2016-12-12 08:30:00,BHMEURBRD02,0.6318181818181818,0.6674209833145142,0.035602801496332326,0.035602801496332326,0.0012675594743872434,False,True,HIGH
2016-12-12 15:30:00,BHMBRCBRG01,0.691089108910891,0.7266568541526794,0.03556774524178841,0.03556774524178841,0.0012650645015847618,False,True,HIGH
2016-12-16 09:30:00,BHMBRCBRG02,0.31993299832495814,0.2844085693359375,-0.03552442898902064,0.03552442898902064,0.00126198505499597,True,False,MODERATE
2016-12-08 14:30:00,Others-CCCPS133,0.664385026737968,0.6998890042304993,0.03550397749253131,0.03550397749253131,0.00126053241779017,False,True,HIGH
2016-12-09 08:00:00,BHMBCCTHL01,0.46511627906976744,0.5005801320075989,0.03546385293783144,0.03546385293783144,0.0012576848651961357,False,True,MODERATE
2016-12-13 09:00:00,BHMBRCBRG01,0.19306930693069307,0.15762898325920105,-0.035440323671492024,0.035440323671492024,0.001256016541940118,True,False,LOW
2016-12-18 11:00:00,BHMNCPNHS01,0.272,0.3074377775192261,0.035437777519226055,0.035437777519226055,0.0012558360755021635,False,True,MODERATE
2016-12-18 11:00:00,BHMNCPHST01,0.2733333333333333,0.23790226876735687,-0.035431064565976444,0.035431064565976444,0.0012553603362783915,True,False,MODERATE
2016-12-17 15:00:00,BHMBCCTHL01,1.0,0.9646123647689819,-0.035387635231018066,0.035387635231018066,0.001252284727243591,True,False,VERY_HIGH
2016-12-17 14:00:00,BHMEURBRD01,0.5,0.46461325883865356,-0.035386741161346436,0.035386741161346436,0.00125222145002013,True,False,MODERATE
2016-12-10 08:00:00,BHMBCCSNH01,0.31170336037079954,0.3470696806907654,0.03536632031996584,0.03536632031996584,0.0012507766129744285,False,True,MODERATE
2016-12-09 15:00:00,BHMBRCBRG02,0.7613065326633166,0.7259697318077087,-0.035336800855607864,0.035336800855607864,0.0012486894947088887,True,False,VERY_HIGH
2016-12-09 12:00:00,BHMBCCPST01,0.43217665615141954,0.39685314893722534,-0.035323507214194194,0.035323507214194194,0.0012477501619112294,True,False,MODERATE
2016-12-17 15:30:00,BHMEURBRD01,0.5595744680851064,0.5242714285850525,-0.03530303950005387,0.03530303950005387,0.0012463045979423635,True,False,HIGH
2016-12-12 11:00:00,BHMBCCTHL01,1.0,0.9648091197013855,-0.0351908802986145,0.0351908802986145,0.0012383980561914143,True,False,VERY_HIGH
2016-12-12 08:00:00,BHMNCPNHS01,0.382,0.4171625077724457,0.03516250777244567,0.03516250777244567,0.0012364019528473024,False,True,MODERATE
2016-12-15 08:30:00,BHMNCPHST01,0.39916666666666667,0.43429452180862427,0.0351278551419576,0.0351278551419576,0.0012339662068743568,False,True,MODERATE
2016-12-11 10:30:00,BHMMBMMBX01,0.5531295487627366,0.5180264711380005,-0.03510307762473608,0.03510307762473608,0.0012322260587282468,True,False,HIGH
2016-12-10 09:00:00,BHMBCCSNH01,0.39165701042873696,0.42672133445739746,0.0350643240286605,0.0350643240286605,0.001229506819586898,False,True,MODERATE
2016-12-18 16:00:00,BHMEURBRD01,0.6361702127659574,0.6012327075004578,-0.03493750526549966,0.03493750526549966,0.0012206292741768162,True,False,HIGH
2016-12-17 15:30:00,BHMBCCSNH01,0.7670915411355735,0.8019750714302063,0.03488353029463276,0.03488353029463276,0.0012168606858165615,False,True,VERY_HIGH
2016-12-09 10:00:00,Others-CCCPS133,0.47914438502673795,0.4442608654499054,-0.034883519576832556,0.034883519576832556,0.0012168599380672602,True,False,MODERATE
2016-12-18 14:00:00,BHMMBMMBX01,0.8122270742358079,0.7773676514625549,-0.034859422773252935,0.034859422773252935,0.0012151793560843853,True,False,VERY_HIGH
2016-12-19 15:30:00,BHMNCPLDH01,0.7319444444444444,0.7667922377586365,0.03484779331419208,0.03484779331419208,0.00121436869886865,False,True,HIGH
2016-12-18 12:30:00,BHMMBMMBX01,0.6273653566229985,0.5926451683044434,-0.03472018831855517,0.03472018831855517,0.0012054914768759347,True,False,HIGH
2016-12-14 12:30:00,BHMMBMMBX01,0.9679767103347889,0.9332737326622009,-0.03470297767258801,0.03470297767258801,0.0012042966593441419,True,False,VERY_HIGH
2016-12-16 14:00:00,BHMBCCMKT01,0.3292894280762565,0.294589102268219,-0.0347003258080375,0.0347003258080375,0.0012041126111839535,True,False,MODERATE
2016-12-10 09:30:00,BHMBCCPST01,0.31545741324921134,0.3501392602920532,0.034681847042841885,0.034681847042841885,0.0012028305143030804,False,True,MODERATE
2016-12-11 15:00:00,BHMBRCBRG01,1.0,0.9653257727622986,-0.034674227237701416,0.034674227237701416,0.0012023020345317548,True,False,VERY_HIGH
2016-12-09 12:00:00,BHMBRCBRG03,0.4464075382803298,0.41177526116371155,-0.03463227711661826,0.03463227711661826,0.0011993946182822408,True,False,MODERATE
2016-12-14 14:00:00,BHMNCPPLS01,0.2866666666666667,0.3212972581386566,0.034630591471989935,0.034630591471989935,0.001199277865699862,False,True,MODERATE
2016-12-12 12:00:00,BHMEURBRD02,0.9727272727272728,0.9381354451179504,-0.034591827609322334,0.034591827609322334,0.0011965945373530748,True,False,VERY_HIGH
2016-12-16 15:00:00,BHMBCCMKT01,0.3344887348353553,0.2999057173728943,-0.03458301746246101,0.03458301746246101,0.001195985096808883,True,False,MODERATE
2016-12-10 14:30:00,BHMBCCTHL01,1.0,0.9654188752174377,-0.034581124782562256,0.034581124782562256,0.0011958541912271414,True,False,VERY_HIGH
2016-12-15 16:00:00,Others-CCCPS8,0.5983358547655068,0.5637590885162354,-0.03457676624927142,0.03457676624927142,0.001195552764256755,True,False,HIGH
2016-12-15 10:00:00,BHMBCCSNH01,0.9675550405561993,0.9329975247383118,-0.034557515817887574,0.034557515817887574,0.0011942218995035499,True,False,VERY_HIGH
2016-12-18 16:00:00,BHMMBMMBX01,0.7409024745269287,0.7063484191894531,-0.034554055337475575,0.034554055337475575,0.0011939827402653242,True,False,HIGH
2016-12-17 10:30:00,BHMBCCSNH01,0.5979142526071842,0.6324674487113953,0.03455319610421104,0.03455319610421104,0.0011939233610160649,False,True,HIGH
2016-12-09 10:00:00,BHMBRCBRG03,0.30153121319199055,0.26703688502311707,-0.03449432816887349,0.03449432816887349,0.001189858675821939,True,False,MODERATE
2016-12-12 12:30:00,BHMEURBRD02,0.9863636363636363,0.951889157295227,-0.03447447906840928,0.03447447906840928,0.0011884897070381895,True,False,VERY_HIGH
2016-12-11 13:30:00,Others-CCCPS8,0.7889561270801816,0.7545156478881836,-0.034440479191998,0.034440479191998,0.001186146606974447,True,False,VERY_HIGH
2016-12-15 15:00:00,BHMBRCBRG01,0.7376237623762376,0.7032230496406555,-0.034400712735582095,0.034400712735582095,0.0011834090367160402,True,False,HIGH
2016-12-10 14:30:00,BHMMBMMBX01,0.851528384279476,0.8171313405036926,-0.03439704377578334,0.03439704377578334,0.0011831566205131555,True,False,VERY_HIGH
2016-12-18 11:30:00,BHMNCPNHS01,0.256,0.2901744544506073,0.034174454450607294,0.034174454450607294,0.0011678933369966328,False,True,MODERATE
2016-12-15 08:00:00,NIA South,0.15355329949238578,0.11938469111919403,-0.034168608373191744,0.034168608373191744,0.001167493798160549,True,False,LOW
2016-12-15 10:00:00,BHMMBMMBX01,0.7569141193595342,0.7227839827537537,-0.03413013660578057,0.03413013660578057,0.0011648662247292429,True,False,VERY_HIGH
2016-12-18 15:00:00,BHMBCCMKT01,0.5077989601386482,0.4736729860305786,-0.03412597410806961,0.03412597410806961,0.0011645821088246376,True,False,HIGH
2016-12-15 08:30:00,Shopping,0.5,0.5340934991836548,0.034093499183654785,0.034093499183654785,0.0011623666865858695,False,True,MODERATE
2016-12-11 10:00:00,BHMNCPHST01,0.17833333333333334,0.21240903437137604,0.034075701038042694,0.034075701038042694,0.0011611534012340638,False,True,LOW
2016-12-10 10:00:00,BHMBRCBRG03,0.3910482921083628,0.356975257396698,-0.034073034711664785,0.034073034711664785,0.0011609716944623134,True,False,MODERATE
2016-12-12 08:30:00,Others-CCCPS8,0.3275340393343419,0.3616011142730713,0.0340670749387294,0.0340670749387294,0.0011605655948810048,False,True,MODERATE
2016-12-15 15:30:00,NIA South,0.35786802030456855,0.3238134980201721,-0.03405452228439643,0.03405452228439643,0.001159710488018453,True,False,MODERATE
2016-12-08 16:00:00,BHMNCPPLS01,0.2111111111111111,0.24509350955486298,0.033982398443751866,0.033982398443751866,0.0011548034039899093,False,True,LOW
2016-12-12 12:30:00,BHMBCCPST01,0.47634069400630913,0.44237247109413147,-0.03396822291217766,0.03396822291217766,0.0011538401678113912,True,False,MODERATE
2016-12-16 12:00:00,BHMBRCBRG03,0.45229681978798586,0.41833946108818054,-0.03395735869980532,0.03395735869980532,0.0011531022098672438,True,False,MODERATE
2016-12-19 08:00:00,Others-CCCPS98,0.4427972929423139,0.4767104685306549,0.033913175588341005,0.033913175588341005,0.0011501034784856482,False,True,MODERATE
2016-12-19 13:30:00,BHMBRCBRG03,0.7279151943462897,0.6940327286720276,-0.03388246567426212,0.03388246567426212,0.0011480214801675508,True,False,HIGH
2016-12-11 08:30:00,BHMMBMMBX01,0.5211062590975255,0.5549426674842834,0.033836408386757943,0.033836408386757943,0.0011449025325154633,False,True,HIGH
2016-12-17 10:00:00,BHMNCPLDH01,0.42777777777777776,0.3939661681652069,-0.03381160961257085,0.03381160961257085,0.0011432249445928932,True,False,MODERATE
2016-12-19 16:00:00,BHMEURBRD02,0.759090909090909,0.7252902984619141,-0.033800610628994976,0.033800610628994976,0.0011424812788929282,True,False,VERY_HIGH
2016-12-19 16:00:00,BHMMBMMBX01,0.784570596797671,0.7507868409156799,-0.03378375588199112,0.03378375588199112,0.0011413421614939695,True,False,VERY_HIGH
2016-12-12 09:00:00,BHMBRCBRG02,0.17755443886097153,0.21131035685539246,0.03375591799442093,0.03375591799442093,0.0011394619996460708,False,True,LOW
2016-12-15 14:00:00,BHMBRCBRG02,0.7252931323283082,0.6915395855903625,-0.03375354673794562,0.03375354673794562,0.0011393019173906792,True,False,HIGH
2016-12-19 13:00:00,BHMEURBRD01,0.9404255319148936,0.906694769859314,-0.03373076205557968,0.03373076205557968,0.0011377643088501337,True,False,VERY_HIGH
2016-12-11 15:30:00,BHMNCPNST01,0.6164948453608248,0.6502155065536499,0.03372066119282513,0.03372066119282513,0.0011370829912813027,False,True,HIGH
2016-12-18 15:00:00,BHMNCPHST01,0.45416666666666666,0.48786547780036926,0.0336988111337026,0.0336988111337026,0.0011356098718249582,False,True,MODERATE
2016-12-17 16:00:00,BHMBRTARC01,0.7963709677419355,0.7627304792404175,-0.03364048850151802,0.03364048850151802,0.001131682466620766,True,False,VERY_HIGH
2016-12-11 15:30:00,Broad Street,0.26956521739130435,0.3031524419784546,0.033587224587150244,0.033587224587150244,0.0011281016554676698,False,True,MODERATE
2016-12-16 13:00:00,BHMMBMMBX01,0.7816593886462883,0.7481099367141724,-0.03354945193211589,0.03354945193211589,0.0011255657249453549,True,False,VERY_HIGH
2016-12-13 15:30:00,BHMBCCMKT01,0.17850953206239167,0.21201342344284058,0.0335038913804489,0.0335038913804489,0.0011225107376329182,False,True,LOW
2016-12-11 14:00:00,Shopping,0.5932291666666667,0.5597969889640808,-0.033432177702585886,0.033432177702585886,0.0011177105059372808,True,False,HIGH
2016-12-14 15:30:00,BHMBCCMKT01,0.2512998266897747,0.21787554025650024,-0.03342428643327444,0.03342428643327444,0.001117182923573574,True,False,MODERATE
2016-12-19 14:00:00,BHMBCCMKT01,0.5355285961871751,0.5021576881408691,-0.033370908046305936,0.033370908046305936,0.0011136175038350062,True,False,HIGH
2016-12-17 08:30:00,BHMBCCSNH01,0.33951332560834296,0.37286293506622314,0.03334960945788018,0.03334960945788018,0.0011121964509931313,False,True,MODERATE
2016-12-10 14:30:00,BHMNCPNST01,0.756701030927835,0.79002445936203,0.033323428434195,0.033323428434195,0.0011104508826089159,False,True,VERY_HIGH
2016-12-15 16:00:00,BHMNCPLDH01,0.6986111111111111,0.7319214940071106,0.033310382895999524,0.033310382895999524,0.0011095816086780976,False,True,HIGH
2016-12-13 09:30:00,BHMBRCBRG02,0.20268006700167504,0.23594261705875397,0.03326255005707893,0.03326255005707893,0.0011063972362996813,False,True,LOW
2016-12-13 16:00:00,BHMNCPRAN01,0.7916666666666666,0.7584244608879089,-0.033242205778757694,0.033242205778757694,0.0011050442450372714,True,False,VERY_HIGH
2016-12-11 09:30:00,BHMBCCPST01,0.1640378548895899,0.19726471602916718,0.03322686113957726,0.03322686113957726,0.0011040243011887496,False,True,LOW
2016-12-09 12:30:00,Others-CCCPS105a,0.7341961174713788,0.7674194574356079,0.033223339964229104,0.033223339964229104,0.0011037903183787428,False,True,HIGH
2016-12-11 11:00:00,BHMNCPHST01,0.2575,0.22429440915584564,-0.033205590844154365,0.033205590844154365,0.0011026112633093883,True,False,MODERATE
2016-12-15 15:00:00,BHMNCPNHS01,0.868,0.8348192572593689,-0.0331807427406311,0.0331807427406311,0.0011009616888199433,True,False,VERY_HIGH
2016-12-13 08:30:00,BHMNCPLDH01,0.6736111111111112,0.7067398428916931,0.033128731780581955,0.033128731780581955,0.001097512869389741,False,True,HIGH
2016-12-18 11:00:00,BHMBCCPST01,0.3280757097791798,0.36119309067726135,0.03311738089808153,0.03311738089808153,0.0010967609175486152,False,True,MODERATE
2016-12-15 14:30:00,BHMEURBRD01,0.8553191489361702,0.8884339928627014,0.03311484392653119,0.03311484392653119,0.0010965928882785197,False,True,VERY_HIGH
2016-12-19 15:30:00,BHMNCPNST01,0.5608247422680412,0.593932032585144,0.0331072903171028,0.0331072903171028,0.0010960926721409288,False,True,HIGH
2016-12-19 11:30:00,Broad Street,0.8565217391304348,0.8234564065933228,-0.03306533253711208,0.03306533253711208,0.0010933162157898027,True,False,VERY_HIGH
2016-12-17 15:30:00,Bull Ring,0.9069767441860465,0.8739613890647888,-0.03301535512125764,0.03301535512125764,0.001090013673782753,True,False,VERY_HIGH
2016-12-19 08:30:00,BHMNCPRAN01,0.6133333333333333,0.6463451981544495,0.03301186482111618,0.03301186482111618,0.0010897832189676478,False,True,HIGH
2016-12-10 16:00:00,BHMBCCPST01,0.8580441640378549,0.825088381767273,-0.032955782270581935,0.032955782270581935,0.0010860835850660026,True,False,VERY_HIGH
2016-12-13 14:00:00,NIA South,0.2550761421319797,0.2880072593688965,0.032931117236916774,0.032931117236916774,0.001084458482471557,False,True,MODERATE
2016-12-19 10:00:00,BHMBRCBRG02,0.33668341708542715,0.3037715554237366,-0.03291186166169058,0.03291186166169058,0.001083190638038258,True,False,MODERATE
2016-12-12 12:00:00,BHMBRCBRG03,0.4193168433451119,0.386405885219574,-0.032910958125537904,0.032910958125537904,0.0010831311647409093,True,False,MODERATE
2016-12-11 14:00:00,BHMEURBRD01,0.32978723404255317,0.29687991738319397,-0.0329073166593592,0.0329073166593592,0.0010828914897193394,True,False,MODERATE
2016-12-18 12:30:00,Shopping,0.44375,0.4766533374786377,0.03290333747863772,0.03290333747863772,0.0010826296172331254,False,True,MODERATE
2016-12-10 12:30:00,BHMNCPPLS01,0.37555555555555553,0.4084305465221405,0.03287499096658497,0.03287499096658497,0.0010807650310530434,False,True,MODERATE
2016-12-18 11:30:00,BHMNCPLDH01,0.43333333333333335,0.4004872143268585,-0.03284611900647483,0.03284611900647483,0.0010788675337875069,True,False,MODERATE
2016-12-14 08:30:00,Others-CCCPS98,0.24299065420560748,0.27583351731300354,0.032842863107396064,0.032842863107396064,0.0010786536570911575,False,True,LOW
2016-12-13 11:00:00,BHMMBMMBX01,0.8064046579330422,0.7736183404922485,-0.03278631744079363,0.03278631744079363,0.0010749426113284889,True,False,VERY_HIGH
2016-12-12 08:00:00,Others-CCCPS135a,0.43085243368529486,0.39808452129364014,-0.03276791239165472,0.03276791239165472,0.001073736082507159,True,False,MODERATE
2016-12-10 08:30:00,BHMBCCSNH01,0.3511008111239861,0.3837895095348358,0.032688698410849704,0.032688698410849704,0.0010685510037954878,False,True,MODERATE
2016-12-12 11:30:00,BHMBCCPST01,0.3753943217665615,0.40806689858436584,0.03267257681780433,0.03267257681780433,0.001067497275915325,False,True,MODERATE
2016-12-09 09:30:00,BHMEURBRD02,0.6681818181818182,0.700838029384613,0.03265621120279483,0.03265621120279483,0.0010664281301215424,False,True,HIGH
2016-12-11 09:00:00,BHMNCPRAN01,0.245,0.2775800824165344,0.03258008241653443,0.03258008241653443,0.001061461770268176,False,True,LOW
2016-12-13 08:30:00,BHMNCPNHS01,0.57,0.6025516390800476,0.032551639080047656,0.032551639080047656,0.0010596092067976857,False,True,HIGH
2016-12-10 15:30:00,BHMBCCMKT01,0.7850953206239168,0.7525801062583923,-0.032515214365524514,0.032515214365524514,0.0010572391652360117,True,False,VERY_HIGH
2016-12-08 16:00:00,BHMBCCSNH01,0.7833140208574739,0.7508400678634644,-0.03247395299400957,0.03247395299400957,0.001054557623057143,True,False,VERY_HIGH
2016-12-11 13:30:00,BHMNCPPLS01,0.6777777777777778,0.6453194618225098,-0.03245831595526805,0.03245831595526805,0.0010535422746520081,True,False,HIGH
2016-12-18 10:00:00,BHMMBMMBX01,0.4192139737991266,0.386760413646698,-0.03245356015242862,0.03245356015242862,0.0010532335665673026,True,False,MODERATE
2016-12-14 15:30:00,BHMMBMMBX01,0.8908296943231441,0.8583855032920837,-0.03244419103106033,0.03244419103106033,0.0010526255316599357,True,False,VERY_HIGH
2016-12-17 09:30:00,Bull Ring,0.4759253193580085,0.5083048343658447,0.0323795150078362,0.0323795150078362,0.0010484329921426898,False,True,MODERATE
2016-12-12 14:00:00,BHMBRCBRG02,0.8333333333333334,0.8656827807426453,0.03234944740931189,0.03234944740931189,0.001046486747687836,False,True,VERY_HIGH
2016-12-16 08:30:00,BHMMBMMBX01,0.5633187772925764,0.5956594944000244,0.032340717107448014,0.032340717107448014,0.0010459219830239806,False,True,HIGH
2016-12-19 12:00:00,BHMNCPLDH01,0.8541666666666666,0.8218618631362915,-0.032304803530375126,0.032304803530375126,0.0010436003311361372,True,False,VERY_HIGH
2016-12-19 10:30:00,Broad Street,0.7884057971014493,0.7561248540878296,-0.03228094301361972,0.03228094301361972,0.001042059281848564,True,False,VERY_HIGH
2016-12-15 14:30:00,BHMBCCPST01,0.42586750788643535,0.4580608308315277,0.03219332294509236,0.03219332294509236,0.0010364100422470103,False,True,MODERATE
2016-12-12 12:00:00,BHMBCCPST01,0.4227129337539432,0.390522301197052,-0.0321906325568912,0.0321906325568912,0.0010362368244127835,True,False,MODERATE
2016-12-17 08:00:00,BHMBCCSNH01,0.3047508690614137,0.33693844079971313,0.03218757173829945,0.03218757173829945,0.0010360397744081733,False,True,MODERATE
2016-12-18 15:30:00,BHMBRTARC01,0.7358870967741935,0.7037103772163391,-0.032176719557854394,0.032176719557854394,0.0010353412815048094,True,False,HIGH
2016-12-15 14:30:00,BHMNCPPLS01,0.33111111111111113,0.3632754683494568,0.03216435723834565,0.03216435723834565,0.0010345458765559183,False,True,MODERATE
2016-12-12 15:00:00,BHMBRCBRG01,0.7841584158415842,0.816321611404419,0.03216319556283476,0.03216319556283476,0.0010344711488131533,False,True,VERY_HIGH
2016-12-10 15:30:00,BHMBCCSNH01,0.7114716106604867,0.7435121536254883,0.032040542965001584,0.032040542965001584,0.0010265963934921124,False,True,HIGH
2016-12-10 09:00:00,BHMMBMMBX01,0.537117903930131,0.5691426992416382,0.03202479531150715,0.03202479531150715,0.0010255875147439303,False,True,HIGH
2016-12-13 09:00:00,Shopping,0.5807291666666666,0.6127232909202576,0.03199412425359094,0.03199412425359094,0.0010236239867542159,False,True,HIGH
2016-12-15 12:00:00,BHMNCPPLS01,0.3488888888888889,0.31690871715545654,-0.03198017173343237,0.03198017173343237,0.0010227313840998268,True,False,MODERATE
2016-12-14 15:30:00,BHMBRCBRG01,0.7148514851485148,0.6829236149787903,-0.03192787016972454,0.03192787016972454,0.001019388893574786,True,False,HIGH
2016-12-15 11:00:00,BHMMBMMBX01,0.8034934497816594,0.8354009389877319,0.03190748920607256,0.03190748920607256,0.0010180878674356368,False,True,VERY_HIGH
2016-12-10 10:00:00,BHMNCPLDH01,0.4388888888888889,0.406982421875,-0.031906467013888884,0.031906467013888884,0.0010180226373083794,True,False,MODERATE
2016-12-12 14:30:00,BHMBCCPST01,0.40063091482649843,0.4325121343135834,0.031881219487084944,0.031881219487084944,0.0010164121559836847,False,True,MODERATE
2016-12-15 08:30:00,BHMMBMMBX01,0.5909752547307132,0.6228560209274292,0.03188076619671598,0.03188076619671598,0.0010163832532896684,False,True,HIGH
2016-12-18 15:00:00,Broad Street,0.427536231884058,0.3956640660762787,-0.031872165807779296,0.031872165807779296,0.0010158349532785756,True,False,MODERATE
2016-12-18 10:00:00,BHMNCPLDH01,0.30833333333333335,0.27646487951278687,-0.03186845382054648,0.03186845382054648,0.0010155983489123037,True,False,MODERATE
2016-12-13 10:30:00,BHMNCPPLS01,0.2088888888888889,0.24075356125831604,0.03186467236942714,0.03186467236942714,0.0010153573452109333,False,True,LOW
2016-12-12 15:30:00,BHMMBMMBX01,0.7510917030567685,0.719230592250824,-0.03186111080594456,0.03186111080594456,0.0010151303817886772,True,False,VERY_HIGH
2016-12-13 14:00:00,Others-CCCPS105a,0.7058237929318069,0.7376712560653687,0.03184746313356179,0.03184746313356179,0.0010142609080435775,False,True,HIGH
2016-12-09 15:30:00,BHMNCPPLS01,0.18666666666666668,0.2184726595878601,0.03180599292119343,0.03180599292119343,0.0010116211857030067,False,True,LOW
2016-12-17 12:00:00,BHMBCCSNH01,0.6801853997682503,0.7119907736778259,0.03180537390957561,0.03180537390957561,0.0010115818095279127,False,True,HIGH
2016-12-18 16:00:00,BHMNCPNHS01,0.04,0.07178431004285812,0.03178431004285812,0.03178431004285812,0.0010102423649005318,False,True,LOW
2016-12-09 12:30:00,BHMBRCBRG02,0.8592964824120602,0.8275124430656433,-0.03178403934641694,0.03178403934641694,0.00101022515717458,True,False,VERY_HIGH
2016-12-10 08:30:00,Others-CCCPS133,0.2560427807486631,0.2242647111415863,-0.0317780696070768,0.0317780696070768,0.001009845707952218,True,False,MODERATE
2016-12-10 15:30:00,BHMBCCPST01,0.8990536277602523,0.867297887802124,-0.031755739958128304,0.031755739958128304,0.0010084270202882666,True,False,VERY_HIGH
2016-12-13 11:30:00,BHMBRCBRG01,0.9811881188118812,0.9494519829750061,-0.03173613583687507,0.03173613583687507,0.001007182317856586,True,False,VERY_HIGH
2016-12-15 11:30:00,BHMBRCBRG03,0.36160188457008247,0.3933146595954895,0.031712775025407036,0.031712775025407036,0.0010057000998120803,False,True,MODERATE
2016-12-15 15:00:00,BHMEURBRD02,0.8409090909090909,0.8092756271362305,-0.03163346377286047,0.03163346377286047,0.0010006760302688758,True,False,VERY_HIGH
2016-12-19 10:00:00,BHMNCPPLS01,0.22,0.18847638368606567,-0.03152361631393433,0.03152361631393433,0.0009937383855081465,True,False,LOW
2016-12-14 08:30:00,Shopping,0.5208333333333334,0.5523348450660706,0.031501511732737186,0.031501511732737186,0.0009923452414477786,False,True,HIGH
2016-12-18 09:30:00,BHMBCCTHL01,0.5555555555555556,0.5241010189056396,-0.03145453664991593,0.03145453664991593,0.0009893878758609046,True,False,HIGH
2016-12-15 09:30:00,Shopping,0.6098958333333333,0.641326904296875,0.031431070963541696,0.031431070963541696,0.000987912221915194,False,True,HIGH
2016-12-18 14:00:00,BHMBCCSNH01,0.8238702201622248,0.792451024055481,-0.03141919610674382,0.03141919610674382,0.000987165883994026,True,False,VERY_HIGH
2016-12-14 13:30:00,BHMMBMMBX01,0.9970887918486172,0.9656749367713928,-0.031413855077224384,0.031413855077224384,0.0009868302908128562,True,False,VERY_HIGH
2016-12-09 13:30:00,BHMNCPPLS01,0.35333333333333333,0.38468414545059204,0.03135081211725871,0.03135081211725871,0.0009828734204116556,False,True,MODERATE
2016-12-17 13:30:00,BHMEURBRD02,0.2818181818181818,0.25047412514686584,-0.031344056671315956,0.031344056671315956,0.0009824498886146663,True,False,MODERATE
2016-12-19 15:30:00,BHMBRCBRG03,0.6160188457008245,0.6473499536514282,0.031331107950603676,0.031331107950603676,0.0009816383254123808,False,True,HIGH
2016-12-16 13:00:00,BHMBCCMKT01,0.32062391681109187,0.28932127356529236,-0.03130264324579951,0.03130264324579951,0.0009798554741737976,True,False,MODERATE
2016-12-19 09:00:00,Shopping,0.5729166666666666,0.6042149662971497,0.03129829963048303,0.03129829963048303,0.000979583559759494,False,True,HIGH
2016-12-13 12:00:00,BHMBCCPST01,0.4952681388012618,0.4639762043952942,-0.031291934405967614,0.031291934405967614,0.0009791851588673798,True,False,MODERATE
2016-12-15 10:00:00,BHMBCCPST01,0.30914826498422715,0.2778739333152771,-0.03127433166895005,0.03127433166895005,0.0009780838213394921,True,False,MODERATE
2016-12-15 16:00:00,BHMNCPRAN01,0.7266666666666667,0.6953936219215393,-0.031273044745127376,0.031273044745127376,0.000978003327630739,True,False,HIGH
2016-12-11 10:30:00,Others-CCCPS8,0.510590015128593,0.47933536767959595,-0.031254647448997086,0.031254647448997086,0.0009768529871611,True,False,HIGH
2016-12-09 08:30:00,BHMNCPRAN01,0.6283333333333333,0.6595876812934875,0.03125434796015425,0.03125434796015425,0.0009768342664143981,False,True,HIGH
2016-12-12 13:30:00,BHMEURBRD02,0.9818181818181818,0.9506011009216309,-0.031217080896550953,0.031217080896550953,0.0009745061397018064,True,False,VERY_HIGH
2016-12-08 15:30:00,BHMBCCPST01,0.416403785488959,0.38519421219825745,-0.031209573290701564,0.031209573290701564,0.0009740374649876725,True,False,MODERATE
2016-12-09 10:00:00,BHMBCCTHL01,0.8604651162790697,0.829255998134613,-0.031209118144456705,0.031209118144456705,0.0009740090553546567,True,False,VERY_HIGH
2016-12-11 14:30:00,BHMBCCMKT01,0.5632582322357019,0.5320607423782349,-0.031197489857467064,0.031197489857467064,0.0009732833734067604,True,False,HIGH
2016-12-19 14:30:00,BHMEURBRD02,0.8772727272727273,0.8460818529129028,-0.031190874359824483,0.031190874359824483,0.0009728706433303564,True,False,VERY_HIGH
2016-12-10 11:30:00,BHMNCPNST01,0.49690721649484537,0.4657169580459595,-0.0311902584488859,0.0311902584488859,0.0009728322221082982,True,False,MODERATE
2016-12-12 14:00:00,BHMBRCBRG01,0.9574257425742574,0.9885764718055725,0.031150729231315122,0.031150729231315122,0.0009703679316427104,False,True,VERY_HIGH
2016-12-16 12:30:00,BHMBCCPST01,0.5173501577287066,0.54849773645401,0.031147578725303382,0.031147578725303382,0.0009701716604489718,False,True,HIGH
2016-12-09 16:00:00,BHMNCPNHS01,0.526,0.49486351013183594,-0.031136489868164086,0.031136489868164086,0.0009694810013102848,True,False,HIGH
2016-12-09 13:30:00,BHMBRCBRG01,0.9465346534653465,0.9776530861854553,0.031118432720108835,0.031118432720108835,0.0009683568549559401,False,True,VERY_HIGH
2016-12-09 15:30:00,BHMBRCBRG01,0.698019801980198,0.7291311621665955,0.031111360186397485,0.031111360186397485,0.0009679167326477585,False,True,HIGH
2016-12-09 08:30:00,BHMNCPNST01,0.5319587628865979,0.5630501508712769,0.03109138798467892,0.03109138798467892,0.0009666744068138367,False,True,HIGH
2016-12-11 15:30:00,BHMNCPLDH01,0.5166666666666667,0.5477533340454102,0.031086667378743438,0.031086667378743438,0.0009663808887166314,False,True,HIGH
2016-12-12 09:30:00,Others-CCCPS133,0.35294117647058826,0.3218638002872467,-0.031077376183341554,0.031077376183341554,0.0009658033104409248,True,False,MODERATE
2016-12-12 08:30:00,Broad Street,0.5681159420289855,0.59918612241745,0.03107018038846443,0.03107018038846443,0.0009653561093717197,False,True,HIGH
2016-12-16 14:00:00,BHMBRCBRG02,0.8333333333333334,0.8022986054420471,-0.03103472789128625,0.03103472789128625,0.0009631543352861808,True,False,VERY_HIGH
2016-12-16 14:00:00,Broad Street,0.7623188405797101,0.7314562201499939,-0.030862620429716214,0.030862620429716214,0.0009525013397887367,True,False,VERY_HIGH
2016-12-11 14:00:00,BHMBCCSNH01,0.9860950173812283,0.9552541375160217,-0.03084087986520656,0.03084087986520656,0.0009511598708601035,True,False,VERY_HIGH
2016-12-12 13:00:00,BHMBCCPST01,0.47318611987381703,0.5040002465248108,0.030814126650993756,0.030814126650993756,0.0009495104012634837,False,True,MODERATE
2016-12-17 09:30:00,BHMEURBRD02,0.2318181818181818,0.26261404156684875,0.030795859748666943,0.030795859748666943,0.0009483849776595648,False,True,LOW
2016-12-08 15:00:00,BHMMBMMBX01,0.9330422125181951,0.9022533297538757,-0.030788882764319347,0.030788882764319347,0.000947955301875001,True,False,VERY_HIGH
2016-12-13 10:30:00,BHMNCPRAN01,0.9866666666666667,0.955894410610199,-0.030772256056467717,0.030772256056467717,0.0009469317428048141,True,False,VERY_HIGH
2016-12-16 09:30:00,Bull Ring,0.369472649852604,0.3387172222137451,-0.030755427638858857,0.030755427638858857,0.0009458963292490833,True,False,MODERATE
2016-12-12 14:30:00,BHMBRCBRG01,0.8930693069306931,0.9238193035125732,0.030749996581880157,0.030749996581880157,0.0009455622897856413,False,True,VERY_HIGH
2016-12-19 10:00:00,BHMBCCMKT01,0.1681109185441941,0.13738055527210236,-0.03073036327209175,0.03073036327209175,0.0009443552268347255,True,False,LOW
2016-12-09 10:30:00,BHMNCPNHS01,0.694,0.7247244119644165,0.030724411964416554,0.030724411964416554,0.000943989490559183,False,True,HIGH
2016-12-16 09:00:00,BHMEURBRD01,0.6063829787234043,0.6370809078216553,0.030697929098250976,0.030697929098250976,0.0009423628509212439,False,True,HIGH
2016-12-19 09:30:00,BHMNCPHST01,0.5341666666666667,0.5648459792137146,0.03067931254704792,0.03067931254704792,0.000941220218359452,False,True,HIGH
2016-12-15 16:00:00,BHMBCCSNH01,0.7821552723059096,0.7514867782592773,-0.0306684940466323,0.0306684940466323,0.0009405565270883209,True,False,VERY_HIGH
2016-12-16 15:30:00,BHMNCPNST01,0.5463917525773195,0.5770562291145325,0.030664476537212937,0.030664476537212937,0.0009403101213012827,False,True,HIGH
2016-12-16 13:00:00,BHMNCPRAN01,0.7083333333333334,0.6776700019836426,-0.030663331349690792,0.030663331349690792,0.0009402398894609301,True,False,HIGH
2016-12-19 08:30:00,Others-CCCPS98,0.46632291330970027,0.49697956442832947,0.030656651118629197,0.030656651118629197,0.0009398302578093487,False,True,MODERATE
2016-12-17 14:30:00,BHMNCPNST01,0.7917525773195876,0.8223990797996521,0.030646502480064508,0.030646502480064508,0.0009392081142606001,False,True,VERY_HIGH
2016-12-18 13:00:00,Broad Street,0.29130434782608694,0.2606734037399292,-0.03063094408615774,0.03063094408615774,0.0009382547356093218,True,False,MODERATE
2016-12-17 14:30:00,BHMBCCSNH01,0.8203939745075318,0.7898040413856506,-0.030589933121881185,0.030589933121881185,0.0009357440084011636,True,False,VERY_HIGH
2016-12-15 15:30:00,BHMNCPLDH01,0.7833333333333333,0.8139140009880066,0.030580667654673266,0.030580667654673266,0.0009351772342055797,False,True,VERY_HIGH
2016-12-11 12:30:00,BHMBCCSNH01,0.9038238702201622,0.8732569813728333,-0.030566888847328944,0.030566888847328944,0.0009343346938049626,True,False,VERY_HIGH
2016-12-18 13:00:00,BHMBRCBRG03,0.49469964664310956,0.4641554057598114,-0.030544240883298157,0.030544240883298157,0.0009329506511369425,True,False,MODERATE
2016-12-09 13:00:00,BHMEURBRD02,0.7136363636363636,0.7441242933273315,0.03048792969096792,0.03048792969096792,0.0009295138568414031,False,True,HIGH
2016-12-11 08:00:00,BHMMBMMBX01,0.5240174672489083,0.5544881224632263,0.03047065521431802,0.03047065521431802,0.000928460829189846,False,True,HIGH
2016-12-12 08:00:00,BHMEURBRD01,0.3872340425531915,0.41770049929618835,0.03046645674299686,0.03046645674299686,0.0009282049864728989,False,True,MODERATE
2016-12-16 09:30:00,BHMBCCTHL01,0.7571059431524548,0.7266471982002258,-0.030458744952229,0.030458744952229,0.0009277351440649356,True,False,VERY_HIGH
2016-12-11 15:30:00,BHMNCPPLS01,0.5177777777777778,0.5482131838798523,0.030435406102074514,0.030435406102074514,0.0009263139445981946,False,True,HIGH
2016-12-15 12:30:00,BHMNCPNHS01,0.91,0.8795850872993469,-0.030414912700653107,0.030414912700653107,0.0009250669145883497,True,False,VERY_HIGH
2016-12-13 15:30:00,BHMBCCPST01,0.3943217665615142,0.42471569776535034,0.030393931203836155,0.030393931203836155,0.0009237910540235251,False,True,MODERATE
2016-12-16 09:30:00,NIA South,0.1446700507614213,0.17504124343395233,0.030371192672531022,0.030371192672531022,0.000922409344352002,False,True,LOW
2016-12-09 13:30:00,BHMBCCMKT01,0.37608318890814557,0.3458152115345001,-0.03026797737364545,0.03026797737364545,0.0009161504542915128,True,False,MODERATE
2016-12-14 08:30:00,Others-CCCPS133,0.21411764705882352,0.24436236917972565,0.030244722120902123,0.030244722120902123,0.0009147432161705862,False,True,LOW
2016-12-09 12:00:00,BHMNCPPLS01,0.32666666666666666,0.2964285910129547,-0.03023807565371195,0.03023807565371195,0.0009143412192396073,True,False,MODERATE
2016-12-09 14:30:00,BHMBCCTHL01,1.0,0.9697763323783875,-0.03022366762161255,0.03022366762161255,0.0009134700845017107,True,False,VERY_HIGH
2016-12-17 09:00:00,BHMBCCTHL01,0.5684754521963824,0.538275957107544,-0.030199495088838457,0.030199495088838457,0.0009120095036207781,True,False,HIGH
2016-12-17 10:00:00,BHMEURBRD01,0.2148936170212766,0.1847303807735443,-0.03016323624773229,0.03016323624773229,0.000909820820936511,True,False,LOW
2016-12-15 15:00:00,BHMNCPHST01,0.6483333333333333,0.6182367205619812,-0.030096612771352116,0.030096612771352116,0.0009058061003087153,True,False,HIGH
2016-12-11 16:00:00,Broad Street,0.2898550724637681,0.25977495312690735,-0.030080119336860778,0.030080119336860778,0.0009048135793197857,True,False,MODERATE
2016-12-16 14:30:00,BHMBRTARC01,0.7520161290322581,0.7219488620758057,-0.030067266956452454,0.030067266956452454,0.0009040405422305777,True,False,VERY_HIGH
2016-12-16 08:30:00,BHMNCPNST01,0.5855670103092784,0.6156333684921265,0.030066358182848085,0.030066358182848085,0.000903985894379316,False,True,HIGH
2016-12-19 08:00:00,Others-CCCPS135a,0.4416688127736286,0.41160550713539124,-0.030063305638237392,0.030063305638237392,0.0009038023458980761,True,False,MODERATE
2016-12-17 09:30:00,BHMNCPLDH01,0.37777777777777777,0.40783658623695374,0.030058808459175967,0.030058808459175967,0.0009035319659854288,False,True,MODERATE
2016-12-10 12:00:00,BHMNCPNST01,0.554639175257732,0.5245823860168457,-0.030056789240886284,0.030056789240886284,0.0009034105794710575,True,False,HIGH
2016-12-13 14:00:00,BHMNCPRAN01,0.96,0.9299866557121277,-0.03001334428787228,0.03001334428787228,0.0009008008353423555,True,False,VERY_HIGH
2016-12-11 10:30:00,BHMNCPLDH01,0.3736111111111111,0.3435989320278168,-0.030012179083294344,0.030012179083294344,0.0009007308933277306,True,False,MODERATE
2016-12-09 09:00:00,BHMEURBRD02,0.6227272727272727,0.6527301073074341,0.030002834580161397,0.030002834580161397,0.0009001700828445285,False,True,HIGH
2016-12-19 08:30:00,Broad Street,0.5811594202898551,0.611160397529602,0.03000097723974693,0.03000097723974693,0.0009000586353398132,False,True,HIGH
2016-12-19 16:00:00,BHMBCCPST01,0.8422712933753943,0.8122836351394653,-0.02998765823592897,0.02998765823592897,0.0008992596464748786,True,False,VERY_HIGH
2016-12-18 12:30:00,BHMNCPHST01,0.4075,0.4374837577342987,0.029983757734298733,0.029983757734298733,0.0008990257278691191,False,True,MODERATE
2016-12-13 08:30:00,BHMMBMMBX01,0.7656477438136827,0.735669732093811,-0.02997801171987169,0.02997801171987169,0.0008986811866767643,True,False,VERY_HIGH
2016-12-08 15:30:00,BHMNCPNST01,0.6020618556701031,0.63199782371521,0.029935968045106898,0.029935968045106898,0.0008961621827976613,False,True,HIGH
2016-12-16 16:00:00,BHMEURBRD01,0.6595744680851063,0.6296623349189758,-0.029912133166130506,0.029912133166130506,0.0008947357105483246,True,False,HIGH
2016-12-11 11:00:00,BHMBCCPST01,0.47003154574132494,0.4997800290584564,0.02974848331713148,0.02974848331713148,0.00088497225966965,False,True,MODERATE
2016-12-19 09:00:00,Others-CCCPS135a,0.6219417975791913,0.6516823172569275,0.029740519677736166,0.029740519677736166,0.0008844985107018121,False,True,HIGH
2016-12-13 08:00:00,BHMNCPPLS01,0.06888888888888889,0.09861335903406143,0.029724470145172543,0.029724470145172543,0.0008835441254112539,False,True,LOW
2016-12-18 15:30:00,Others-CCCPS135a,0.3886170486737059,0.41831985116004944,0.02970280248634355,0.02970280248634355,0.0008822564755427365,False,True,MODERATE
2016-12-14 08:30:00,NIA South,0.19289340101522842,0.22259077429771423,0.02969737328248581,0.02969737328248581,0.0008819339798793022,False,True,LOW
2016-12-15 15:00:00,BHMNCPPLS01,0.2866666666666667,0.3163257837295532,0.029659117062886542,0.029659117062886542,0.0008796632249500077,False,True,MODERATE
2016-12-15 09:00:00,Broad Street,0.6797101449275362,0.7093319892883301,0.029621844360793848,0.029621844360793848,0.0008774536633350943,False,True,HIGH
2016-12-19 13:00:00,BHMMBMMBX01,0.9985443959243085,0.9689610600471497,-0.02958333587715889,0.02958333587715889,0.0008751737616207963,True,False,VERY_HIGH
2016-12-19 09:30:00,Others-CCCPS119a,0.4067070995362112,0.43628695607185364,0.029579856535642435,0.029579856535642435,0.0008749679126691884,False,True,MODERATE
2016-12-16 09:30:00,BHMNCPNST01,0.5938144329896907,0.6233766078948975,0.02956217490520674,0.02956217490520674,0.0008739221851260351,False,True,HIGH
2016-12-15 10:00:00,Bull Ring,0.41074353095316085,0.3811868727207184,-0.029556658232442468,0.029556658232442468,0.0008735960458694091,True,False,MODERATE
2016-12-19 10:30:00,Bull Ring,0.5974451359318703,0.5679836273193359,-0.02946150861253438,0.02946150861253438,0.0008679804897264375,True,False,HIGH
2016-12-16 15:00:00,BHMNCPNST01,0.5814432989690722,0.5519827008247375,-0.02946059814433466,0.02946059814433466,0.0008679268430219748,True,False,HIGH
2016-12-19 13:00:00,Broad Street,0.9159420289855073,0.8864952325820923,-0.029446796403414965,0.029446796403414965,0.0008671138184241726,True,False,VERY_HIGH
2016-12-09 11:00:00,BHMBCCTHL01,1.0,0.9705686569213867,-0.02943134307861328,0.02943134307861328,0.0008662039554110379,True,False,VERY_HIGH
2016-12-13 15:30:00,BHMNCPLDH01,0.7736111111111111,0.8030203580856323,0.029409246974521186,0.029409246974521186,0.0008649038076083836,False,True,VERY_HIGH
2016-12-10 14:30:00,BHMNCPLDH01,0.6847222222222222,0.7140658497810364,0.029343627558814145,0.029343627558814145,0.0008610484783103969,False,True,HIGH
2016-12-19 12:00:00,BHMMBMMBX01,0.9519650655021834,0.9226572513580322,-0.02930781414415118,0.02930781414415118,0.0008589479699081079,True,False,VERY_HIGH
2016-12-12 12:00:00,BHMNCPLDH01,0.9611111111111111,0.9318333268165588,-0.0292777842945523,0.0292777842945523,0.0008571886531983334,True,False,VERY_HIGH
2016-12-15 12:30:00,BHMBCCPST01,0.45425867507886436,0.48352256417274475,0.02926388909388039,0.02926388909388039,0.0008563752048989316,False,True,MODERATE
2016-12-15 15:00:00,Broad Street,0.8304347826086956,0.8011715412139893,-0.029263241394706374,0.029263241394706374,0.0008563372969248566,True,False,VERY_HIGH
2016-12-08 16:00:00,BHMBRCBRG02,0.5469011725293133,0.5176416635513306,-0.029259508977982684,0.029259508977982684,0.0008561188656326493,True,False,HIGH
2016-12-16 09:30:00,BHMNCPNHS01,0.694,0.7232583165168762,0.02925831651687627,0.02925831651687627,0.0008560490854017148,False,True,HIGH
2016-12-18 10:00:00,BHMEURBRD01,0.21063829787234042,0.18140071630477905,-0.02923758156756137,0.02923758156756137,0.0008548361759198044,True,False,LOW
2016-12-18 08:00:00,Others-CCCPS202,0.13925774599931903,0.16841769218444824,0.02915994618512921,0.02915994618512921,0.0008503024615196316,False,True,LOW
2016-12-10 10:00:00,BHMBCCPST01,0.41009463722397477,0.38094884157180786,-0.029145795652166906,0.029145795652166906,0.0008494774041978713,True,False,MODERATE
2016-12-16 13:30:00,BHMBCCPST01,0.5772870662460567,0.5481463670730591,-0.029140699172997664,0.029140699172997664,0.0008491803482911467,True,False,HIGH
2016-12-08 14:30:00,BHMBRCBRG03,0.3957597173144876,0.4248833954334259,0.02912367811893829,0.02912367811893829,0.0008481886271755249,False,True,MODERATE
2016-12-15 08:30:00,BHMNCPNHS01,0.584,0.6131159663200378,0.029115966320037878,0.029115966320037878,0.0008477394947495801,False,True,HIGH
2016-12-17 15:00:00,BHMNCPNST01,0.7896907216494845,0.8187872171401978,0.029096495490713248,0.029096495490713248,0.0008466060498410964,False,True,VERY_HIGH
2016-12-12 09:30:00,BHMNCPPLS01,0.15333333333333332,0.12425392866134644,-0.029079404671986886,0.029079404671986886,0.0008456117760771727,True,False,LOW
2016-12-14 14:30:00,BHMNCPLDH01,0.8694444444444445,0.8403960466384888,-0.029048397805955695,0.029048397805955695,0.0008438094150930516,True,False,VERY_HIGH
2016-12-09 09:00:00,Broad Street,0.6333333333333333,0.662369430065155,0.029036096731821726,0.029036096731821726,0.0008430949134197083,False,True,HIGH
2016-12-12 12:00:00,BHMNCPPLS01,0.36666666666666664,0.33766621351242065,-0.029000453154245986,0.029000453154245986,0.000841026283151616,True,False,MODERATE
2016-12-11 08:00:00,BHMBCCSNH01,0.30243337195828507,0.3314187824726105,0.028985410514325405,0.028985410514325405,0.0008401540226839658,False,True,MODERATE
2016-12-11 10:00:00,Others-CCCPS133,0.29112299465240643,0.26216813921928406,-0.028954855433122373,0.028954855433122373,0.0008383836531530162,True,False,MODERATE
2016-12-15 13:00:00,BHMBCCPST01,0.48264984227129337,0.4537188410758972,-0.028931001195396155,0.028931001195396155,0.0008370028301680138,True,False,MODERATE
2016-12-17 11:00:00,BHMEURBRD01,0.2957446808510638,0.3246687948703766,0.028924114019312774,0.028924114019312774,0.0008366043718022058,False,True,MODERATE
2016-12-09 10:00:00,Bull Ring,0.43956763838847035,0.41066884994506836,-0.02889878844340199,0.02889878844340199,0.0008351399734965045,True,False,MODERATE
2016-12-12 08:00:00,BHMBCCSNH01,0.5318655851680185,0.5030043721199036,-0.028861213048114953,0.028861213048114953,0.0008329696186086808,True,False,HIGH
2016-12-11 13:30:00,Others-CCCPS105a,0.7909407665505227,0.7620806694030762,-0.02886009714744653,0.02886009714744653,0.0008329052073600512,True,False,VERY_HIGH
2016-12-09 11:00:00,BHMBCCSNH01,0.9721900347624566,0.9433426260948181,-0.028847408667638463,0.028847408667638463,0.0008321729868377428,True,False,VERY_HIGH
2016-12-15 10:00:00,BHMBCCTHL01,0.8165374677002584,0.7876911163330078,-0.028846351367250556,0.028846351367250556,0.000832111987202878,True,False,VERY_HIGH
2016-12-14 09:00:00,Shopping,0.59375,0.6225809454917908,0.02883094549179077,0.02883094549179077,0.0008312234179506106,False,True,HIGH
2016-12-18 11:30:00,Broad Street,0.24347826086956523,0.2722768485546112,0.02879858768504598,0.02879858768504598,0.0008293586526532819,False,True,LOW
2016-12-12 09:30:00,Bull Ring,0.28922371437929906,0.2604323923587799,-0.02879132202051915,0.02879132202051915,0.0008289402236892309,True,False,MODERATE
2016-12-18 11:00:00,BHMBCCTHL01,0.9974160206718347,0.9686270952224731,-0.028788925449361513,0.028788925449361513,0.000828802228528895,True,False,VERY_HIGH
2016-12-08 16:00:00,BHMBCCMKT01,0.18197573656845753,0.21075387299060822,0.028778136422150685,0.028778136422150685,0.0008281811359319159,False,True,LOW
2016-12-10 08:00:00,BHMBCCPST01,0.11356466876971609,0.08480191975831985,-0.028762749011396235,0.028762749011396235,0.0008272957306925752,True,False,LOW
2016-12-17 12:30:00,BHMBCCPST01,0.8296529968454258,0.8008955121040344,-0.028757484741391393,0.028757484741391393,0.0008269929286513587,True,False,VERY_HIGH
2016-12-14 14:30:00,BHMBCCSNH01,0.8887601390498262,0.9175127744674683,0.02875263541764206,0.02875263541764206,0.0008267140434598445,False,True,VERY_HIGH
2016-12-10 10:00:00,BHMBRCBRG02,0.5385259631490787,0.5097766518592834,-0.0287493112897953,0.0287493112897953,0.0008265228996375514,True,False,HIGH
2016-12-10 08:00:00,BHMBRCBRG01,0.10693069306930693,0.07819335907697678,-0.028737333992330152,0.028737333992330152,0.0008258343649867341,True,False,LOW
2016-12-16 16:00:00,Others-CCCPS8,0.5605143721633888,0.5317826271057129,-0.02873174505767595,0.02873174505767595,0.0008255131740592863,True,False,HIGH
2016-12-11 14:30:00,Bull Ring,0.8670160497870947,0.838286817073822,-0.028729232713272657,0.028729232713272657,0.0008253688122933757,True,False,VERY_HIGH
2016-12-17 11:00:00,BHMBCCMKT01,0.4558058925476603,0.42712223529815674,-0.028683657249503558,0.028683657249503558,0.000822752193206998,True,False,MODERATE
2016-12-17 08:30:00,Others-CCCPS119a,0.37210132001427043,0.4007633924484253,0.02866207243415486,0.02866207243415486,0.00082151439622074,False,True,MODERATE
2016-12-09 14:00:00,BHMNCPPLS01,0.32,0.3486359119415283,0.028635911941528314,0.028635911941528314,0.0008200154527229638,False,True,MODERATE
2016-12-17 10:30:00,BHMBRCBRG01,0.9316831683168317,0.9603119492530823,0.028628780936250542,0.028628780936250542,0.0008196070978958225,False,True,VERY_HIGH
2016-12-19 13:30:00,BHMNCPNST01,0.6,0.5714557766914368,-0.02854422330856321,0.02854422330856321,0.0008147726842891233,True,False,HIGH
2016-12-18 11:30:00,Others-CCCPS8,0.5332829046898638,0.5618264079093933,0.028543503219529476,0.028543503219529476,0.0008147315760432895,False,True,HIGH
2016-12-08 16:00:00,BHMBRCBRG01,0.6425742574257426,0.6711177229881287,0.028543465562386072,0.028543465562386072,0.0008147294263111197,False,True,HIGH
2016-12-18 14:00:00,BHMBCCPST01,0.7160883280757098,0.6875520944595337,-0.028536233616176077,0.028536233616176077,0.0008143166289969776,True,False,HIGH
2016-12-16 14:00:00,BHMEURBRD01,0.7978723404255319,0.7693464159965515,-0.028525924428980387,0.028525924428980387,0.0008137283645279,True,False,VERY_HIGH
2016-12-19 14:30:00,BHMBRCBRG02,0.9355108877721943,0.9639898538589478,0.028478966086753488,0.028478966086753488,0.0008110515093704552,False,True,VERY_HIGH
2016-12-13 11:00:00,Others-CCCPS105a,0.6674962667994027,0.6391319632530212,-0.02836430354638142,0.02836430354638142,0.0008045337156712656,True,False,HIGH
2016-12-09 09:30:00,BHMBRCBRG01,0.3811881188118812,0.35283413529396057,-0.028353983517920622,0.028353983517920622,0.0008039483813345143,True,False,MODERATE
2016-12-13 10:30:00,BHMBRCBRG02,0.4020100502512563,0.4303508400917053,0.02834078984044902,0.02834078984044902,0.0008032003687804984,False,True,MODERATE
2016-12-16 15:00:00,BHMBCCSNH01,0.813441483198146,0.8417758941650391,0.028334410966893042,0.028334410966893042,0.0008028388448407887,False,True,VERY_HIGH
2016-12-10 08:30:00,BHMBCCTHL01,0.5710594315245479,0.5427460074424744,-0.02831342408207349,0.02831342408207349,0.000801649983251339,True,False,HIGH
2016-12-16 13:00:00,BHMBRCBRG01,1.0,0.971700131893158,-0.02829986810684204,0.02829986810684204,0.0008008825348646553,True,False,VERY_HIGH
2016-12-17 12:30:00,BHMNCPLDH01,0.6291666666666667,0.6008706092834473,-0.028296057383219386,0.028296057383219386,0.0008006668634344444,True,False,HIGH
2016-12-19 09:30:00,BHMBCCPST01,0.31545741324921134,0.34374693036079407,0.02828951711158273,0.02828951711158273,0.0008002967784065321,False,True,MODERATE
2016-12-15 14:30:00,BHMBCCTHL01,1.0,0.9717167615890503,-0.028283238410949707,0.028283238410949707,0.0007999415750106209,True,False,VERY_HIGH
2016-12-17 08:30:00,BHMNCPNHS01,0.364,0.39226576685905457,0.028265766859054575,0.028265766859054575,0.0007989535761304279,False,True,MODERATE
2016-12-16 09:00:00,BHMNCPNHS01,0.646,0.6742518544197083,0.028251854419708233,0.028251854419708233,0.0007981672781523876,False,True,HIGH
2016-12-15 16:00:00,Others-CCCPS105a,0.6963663514186162,0.6681244969367981,-0.02824185448181815,0.02824185448181815,0.000797602344572192,True,False,HIGH
2016-12-19 11:30:00,Others-CCCPS133,0.7172192513368983,0.6889833211898804,-0.028235930147017974,0.028235930147017974,0.0007972677512672785,True,False,HIGH
2016-12-19 09:00:00,BHMMBMMBX01,0.636098981077147,0.6643320918083191,0.028233110731172073,0.028233110731172073,0.0007971085415586236,False,True,HIGH
2016-12-08 14:30:00,BHMNCPNST01,0.6659793814432989,0.6941948533058167,0.028215471862517716,0.028215471862517716,0.0007961128524245289,False,True,HIGH
2016-12-19 09:30:00,Shopping,0.6208333333333333,0.648999810218811,0.028166476885477687,0.028166476885477687,0.0007933504201401489,False,True,HIGH
2016-12-19 09:00:00,BHMBRCBRG01,0.2702970297029703,0.2984313368797302,0.02813430717675991,0.02813430717675991,0.0007915392403162842,False,True,MODERATE
2016-12-19 09:30:00,BHMNCPLDH01,0.7652777777777777,0.7934057116508484,0.028127933873070665,0.028127933873070665,0.0007911806639678361,False,True,VERY_HIGH
2016-12-10 08:30:00,BHMBRCBRG03,0.18021201413427562,0.15209746360778809,-0.028114550526487536,0.028114550526487536,0.0007904279513064206,True,False,LOW
2016-12-08 15:00:00,BHMEURBRD01,0.8425531914893617,0.8144693374633789,-0.02808385402598279,0.02808385402598279,0.0007887028569527098,True,False,VERY_HIGH
2016-12-14 08:00:00,NIA Car Parks,0.11435331230283911,0.08627159893512726,-0.028081713367711855,0.028081713367711855,0.0007885826256663267,True,False,LOW
2016-12-12 11:00:00,BHMBCCMKT01,0.2720970537261698,0.30016982555389404,0.02807277182772422,0.02807277182772422,0.0007880805180914666,False,True,MODERATE
2016-12-09 15:30:00,BHMNCPNHS01,0.556,0.5840126872062683,0.02801268720626826,0.02801268720626826,0.0007847106445162255,False,True,HIGH
2016-12-11 09:30:00,BHMBRCBRG03,0.11425206124852769,0.14221598207950592,0.027963920830978234,0.027963920830978234,0.0007819808682412184,False,True,LOW
2016-12-10 09:30:00,BHMMBMMBX01,0.5618631732168851,0.5897980332374573,0.027934860020572216,0.027934860020572216,0.0007803564043689639,False,True,HIGH
2016-12-19 15:30:00,Others-CCCPS133,0.730909090909091,0.7588149905204773,0.027905899611386342,0.027905899611386342,0.0007787392331207724,False,True,HIGH
2016-12-19 12:00:00,Others-CCCPS133,0.7715508021390375,0.7436460852622986,-0.0279047168767389,0.0279047168767389,0.0007786732239709568,True,False,VERY_HIGH
2016-12-10 10:30:00,BHMBCCSNH01,0.6037079953650057,0.6315959095954895,0.027887914230483757,0.027887914230483757,0.0007777357601268185,False,True,HIGH
2016-12-14 08:00:00,Others-CCCPS202,0.2843037112700034,0.2564942538738251,-0.02780945739617835,0.02780945739617835,0.0007733659206698587,True,False,MODERATE
2016-12-09 08:00:00,BHMEURBRD01,0.46595744680851064,0.4381744861602783,-0.027782960648232324,0.027782960648232324,0.0007718929023812259,True,False,MODERATE
2016-12-16 12:30:00,BHMNCPHST01,0.6208333333333333,0.6485957503318787,0.027762416998545314,0.027762416998545314,0.0007707517976011178,False,True,HIGH
2016-12-16 14:00:00,BHMBCCTHL01,1.0,0.9722710847854614,-0.027728915214538574,0.027728915214538574,0.0007688927389750688,True,False,VERY_HIGH
2016-12-19 10:30:00,BHMBCCSNH01,0.9188876013904983,0.8911702632904053,-0.027717338100093025,0.027717338100093025,0.0007682508313548685,True,False,VERY_HIGH
2016-12-18 11:00:00,Others-CCCPS202,0.24719101123595505,0.2748798727989197,0.02768886156296463,0.02768886156296463,0.00076667305465302,False,True,LOW
2016-12-19 12:30:00,BHMNCPLDH01,0.8791666666666667,0.8514808416366577,-0.027685825030008937,0.027685825030008937,0.0007665049075922693,True,False,VERY_HIGH
2016-12-09 11:30:00,BHMBRCBRG01,0.994059405940594,0.966384768486023,-0.027674637454571105,0.027674637454571105,0.0007658855582419498,True,False,VERY_HIGH
2016-12-16 15:30:00,BHMBCCTHL01,1.0,0.9723644852638245,-0.027635514736175537,0.027635514736175537,0.0007637216747333753,True,False,VERY_HIGH
2016-12-09 11:00:00,BHMBRCBRG01,0.8821782178217822,0.854591965675354,-0.02758625214642818,0.02758625214642818,0.0007610013074863134,True,False,VERY_HIGH
2016-12-19 14:30:00,BHMBCCMKT01,0.5199306759098787,0.49237918853759766,-0.02755148737228108,0.02755148737228108,0.0007590844564249638,True,False,HIGH
2016-12-14 11:30:00,BHMBRCBRG01,0.8930693069306931,0.9205951690673828,0.027525862136689727,0.027525862136689727,0.0007576730863680492,False,True,VERY_HIGH
2016-12-15 12:00:00,BHMBCCPST01,0.47003154574132494,0.4425191283226013,-0.027512417418723623,0.027512417418723623,0.000756933112222087,True,False,MODERATE
2016-12-17 14:00:00,Broad Street,0.43043478260869567,0.4029243588447571,-0.027510423763938585,0.027510423763938585,0.0007568234156714768,True,False,MODERATE
2016-12-17 09:30:00,Others-CCCPS133,0.44834224598930483,0.4758418798446655,0.027499633855360694,0.027499633855360694,0.0007562298621789001,False,True,MODERATE
2016-12-17 13:00:00,BHMNCPLDH01,0.6458333333333334,0.6733251214027405,0.027491788069407108,0.027491788069407108,0.000755798411253195,False,True,HIGH
2016-12-11 12:00:00,Bull Ring,0.8372093023255814,0.8646791577339172,0.027469855408335797,0.027469855408335797,0.0007545929561548754,False,True,VERY_HIGH
2016-12-15 14:00:00,BHMBCCPST01,0.47634069400630913,0.4488917887210846,-0.027448905285224534,0.027448905285224534,0.0007534424013572274,True,False,MODERATE
2016-12-19 13:00:00,BHMBRCBRG02,0.9932998324958124,0.9658758640289307,-0.027423968466881776,0.027423968466881776,0.000752074046472526,True,False,VERY_HIGH
2016-12-10 09:30:00,Others-CCCPS133,0.44620320855614976,0.47361302375793457,0.027409815201784815,0.027409815201784815,0.000751297969395994,False,True,MODERATE
2016-12-19 14:00:00,Bull Ring,0.9276121847363249,0.9002047777175903,-0.027407407018734564,0.027407407018734564,0.0007511659594905807,True,False,VERY_HIGH
2016-12-12 12:00:00,BHMBRCBRG02,0.7922948073701842,0.7649129033088684,-0.027381904061315798,0.027381904061315798,0.0007497686700231026,True,False,VERY_HIGH
2016-12-13 10:30:00,BHMBCCSNH01,0.9942062572421785,0.9668394327163696,-0.027366824525808853,0.027366824525808853,0.0007489430846264129,True,False,VERY_HIGH
2016-12-15 15:00:00,Shopping,0.7265625,0.6992040276527405,-0.02735847234725952,0.02735847234725952,0.0007484860091757639,True,False,HIGH
2016-12-10 10:00:00,Bull Ring,0.617097936455945,0.5897724032402039,-0.02732553321574116,0.02732553321574116,0.0007466847655245734,True,False,HIGH
2016-12-16 13:00:00,BHMBRCBRG02,0.8241206030150754,0.7967993021011353,-0.02732130091394014,0.02732130091394014,0.0007464534836300662,True,False,VERY_HIGH
2016-12-15 12:00:00,BHMBRCBRG01,0.999009900990099,0.9717276692390442,-0.02728223175105482,0.02728223175105482,0.0007443201693182638,True,False,VERY_HIGH
2016-12-12 10:30:00,BHMBCCTHL01,0.9250645994832042,0.8977862000465393,-0.02727839943666488,0.02727839943666488,0.0007441110758262388,True,False,VERY_HIGH
2016-12-14 09:00:00,BHMBRCBRG01,0.19900990099009902,0.1717321276664734,-0.02727777332362563,0.02727777332362563,0.0007440769174951021,True,False,LOW
2016-12-17 15:30:00,Others-CCCPS133,0.8427807486631016,0.815504252910614,-0.027276495752487584,0.027276495752487584,0.0007440072205354732,True,False,VERY_HIGH
2016-12-12 15:00:00,BHMBCCSNH01,0.8435689455388181,0.8708374500274658,0.027268504488647705,0.027268504488647705,0.0007435713370474,False,True,VERY_HIGH
2016-12-19 09:00:00,BHMNCPNHS01,0.614,0.6412625312805176,0.027262531280517588,0.027262531280517588,0.0007432456118212,False,True,HIGH
2016-12-12 14:30:00,BHMBCCTHL01,1.0,0.9727709889411926,-0.027229011058807373,0.027229011058807373,0.0007414190432406542,True,False,VERY_HIGH
2016-12-13 08:30:00,Broad Street,0.6333333333333333,0.606116771697998,-0.027216561635335257,0.027216561635335257,0.0007407412272500029,True,False,HIGH
2016-12-09 15:00:00,BHMBCCMKT01,0.2807625649913345,0.3079560697078705,0.027193504716535977,0.027193504716535977,0.0007394866987682644,False,True,MODERATE
2016-12-15 10:00:00,Others-CCCPS133,0.4588235294117647,0.4316563904285431,-0.027167138983221595,0.027167138983221595,0.0007380534405336785,True,False,MODERATE
2016-12-17 16:00:00,BHMEURBRD01,0.5872340425531914,0.5601246953010559,-0.02710934725213554,0.02710934725213554,0.0007349167084368688,True,False,HIGH
2016-12-12 11:00:00,BHMNCPNHS01,0.88,0.9070448279380798,0.02704482793807983,0.02704482793807983,0.0007314227182003433,False,True,VERY_HIGH
2016-12-10 16:00:00,BHMNCPNST01,0.709278350515464,0.7363166809082031,0.027038330392739174,0.027038330392739174,0.0007310713104269229,False,True,HIGH
2016-12-17 08:00:00,BHMBCCPST01,0.17034700315457413,0.1433306336402893,-0.02701636951428482,0.02701636951428482,0.0007298842217323783,True,False,LOW
2016-12-14 12:30:00,BHMBCCMKT01,0.3466204506065858,0.31960463523864746,-0.027015815367938345,0.027015815367938345,0.0007298542799945337,True,False,MODERATE
2016-12-13 10:30:00,BHMBCCMKT01,0.30329289428076256,0.2763390839099884,-0.026953810370774156,0.026953810370774156,0.0007265078935036524,True,False,MODERATE
2016-12-11 10:30:00,BHMNCPPLS01,0.17555555555555555,0.14863264560699463,-0.02692290994856092,0.02692290994856092,0.0007248430800983205,True,False,LOW
2016-12-14 09:00:00,BHMNCPLDH01,0.7777777777777778,0.804693877696991,0.026916099919213177,0.026916099919213177,0.0007244764348610676,False,True,VERY_HIGH
2016-12-15 08:30:00,Others-CCCPS105a,0.4410154305624689,0.4679180681705475,0.026902637608078594,0.026902637608078594,0.0007237519102716047,False,True,MODERATE
2016-12-16 13:00:00,BHMEURBRD01,0.776595744680851,0.7496955990791321,-0.02690014560171894,0.02690014560171894,0.0007236178333936788,True,False,VERY_HIGH
2016-12-19 08:00:00,BHMNCPRAN01,0.47,0.4431019425392151,-0.026898057460784885,0.026898057460784885,0.0007235054951636855,True,False,MODERATE
2016-12-08 15:00:00,Others-CCCPS105a,0.7431557989049278,0.7162656784057617,-0.02689012049916606,0.02689012049916606,0.0007230785804596707,True,False,HIGH
2016-12-13 16:00:00,BHMBRTARC01,0.7479838709677419,0.7210941910743713,-0.026889679893370544,0.026889679893370544,0.0007230548847679361,True,False,HIGH
2016-12-19 11:00:00,BHMNCPHST01,0.655,0.6281172037124634,-0.026882796287536648,0.026882796287536648,0.0007226847362371942,True,False,HIGH
2016-12-09 09:00:00,BHMNCPLDH01,0.7777777777777778,0.750922679901123,-0.026855097876654743,0.026855097876654743,0.0007211962819647062,True,False,VERY_HIGH
2016-12-18 10:30:00,BHMNCPRAN01,0.16666666666666666,0.19350022077560425,0.02683355410893759,0.02683355410893759,0.0007200396261172814,False,True,LOW
2016-12-17 15:00:00,BHMBRTARC01,0.7782258064516129,0.751438558101654,-0.026787248349958825,0.026787248349958825,0.0007175566741623718,True,False,VERY_HIGH
2016-12-18 09:30:00,BHMNCPHST01,0.19083333333333333,0.21761676669120789,0.02678343335787456,0.02678343335787456,0.0007173523024357076,False,True,LOW
2016-12-18 14:00:00,BHMBRCBRG03,0.5300353356890459,0.5033159852027893,-0.02671935048625662,0.02671935048625662,0.000713923690407422,True,False,HIGH
2016-12-14 13:30:00,Others-CCCPS8,0.6391830559757943,0.6124793291091919,-0.026703726866602384,0.026703726866602384,0.0007130890285661019,True,False,HIGH
2016-12-09 10:00:00,BHMNCPNHS01,0.7,0.7267020344734192,0.026702034473419234,0.026702034473419234,0.0007129986450196691,False,True,HIGH
2016-12-10 11:00:00,BHMBCCMKT01,0.42287694974003465,0.3961758315563202,-0.026701118183714456,0.026701118183714456,0.0007129497122606868,True,False,MODERATE
2016-12-15 16:00:00,BHMEURBRD01,0.7297872340425532,0.7030981779098511,-0.026689056132702116,0.026689056132702116,0.0007123057172545244,True,False,HIGH
2016-12-19 10:00:00,Others-CCCPS105a,0.5684420109507218,0.5417752265930176,-0.0266667843577042,0.0266667843577042,0.0007111173879802973,True,False,HIGH
2016-12-09 08:00:00,Others-CCCPS98,0.2835965194972607,0.3102458417415619,0.026649322244301166,0.026649322244301166,0.0007101863760806049,False,True,MODERATE
2016-12-17 08:00:00,Others-CCCPS119a,0.360328219764538,0.38697078824043274,0.026642568475894746,0.026642568475894746,0.0007098264549927405,False,True,MODERATE
2016-12-09 13:30:00,BHMMBMMBX01,0.9053857350800583,0.9319943785667419,0.02660864348668368,0.02660864348668368,0.0007080199082014338,False,True,VERY_HIGH
2016-12-14 08:30:00,BHMBRCBRG02,0.11641541038525963,0.1430237740278244,0.026608363642564775,0.026608363642564775,0.000708005015734963,False,True,LOW
2016-12-13 08:30:00,Others-CCCPS202,0.306775621382363,0.28021544218063354,-0.026560179201729428,0.026560179201729428,0.0007054431192279805,True,False,MODERATE
2016-12-17 16:00:00,BHMBRCBRG03,0.6065959952885748,0.633155345916748,0.026559350628173273,0.026559350628173273,0.000705399105790248,False,True,HIGH
2016-12-17 13:30:00,BHMNCPHST01,0.5091666666666667,0.48264986276626587,-0.026516803900400787,0.026516803900400787,0.0007031408890923104,True,False,HIGH
2016-12-08 16:00:00,BHMNCPLDH01,0.7166666666666667,0.743168830871582,0.026502164204915357,0.026502164204915357,0.0007023647075442968,False,True,HIGH
2016-12-10 16:00:00,BHMBRCBRG03,0.6171967020023557,0.5907237529754639,-0.02647294902689179,0.02647294902689179,0.000700817030180411,True,False,HIGH
2016-12-18 10:00:00,BHMBCCPST01,0.17981072555205047,0.15334458649158478,-0.026466139060465688,0.026466139060465688,0.0007004565167679076,True,False,LOW
2016-12-17 09:30:00,Others-CCCPS119a,0.410631466286122,0.436974436044693,0.026342969758570978,0.026342969758570978,0.0006939520557009851,False,True,MODERATE
2016-12-12 14:30:00,BHMEURBRD02,0.9818181818181818,0.9555021524429321,-0.026316029375249683,0.026316029375249683,0.0006925334020790043,True,False,VERY_HIGH
2016-12-19 12:00:00,BHMBCCPST01,0.6403785488958991,0.6140660643577576,-0.0263124845381415,0.0263124845381415,0.0006923468425699355,True,False,HIGH
2016-12-15 12:00:00,BHMBRCBRG02,0.6825795644891123,0.7088809013366699,0.026301336847557644,0.026301336847557644,0.0006917603199686935,False,True,HIGH
2016-12-09 16:00:00,BHMBRCBRG01,0.6118811881188119,0.638176679611206,0.026295491492394185,0.026295491492394185,0.000691452872826575,False,True,HIGH
2016-12-11 13:00:00,BHMNCPHST01,0.4841666666666667,0.5104516744613647,0.026285007794698056,0.026285007794698056,0.0006909016347673376,False,True,MODERATE
2016-12-16 12:00:00,BHMBRCBRG02,0.7185929648241206,0.6923090815544128,-0.026283883269707764,0.026283883269707764,0.0006908425197356237,True,False,HIGH
2016-12-16 08:00:00,BHMBCCTHL01,0.49870801033591733,0.5249345302581787,0.026226519922261382,0.026226519922261382,0.0006878303472327732,False,True,MODERATE
2016-12-13 11:00:00,BHMBRCBRG03,0.3792697290930506,0.40549400448799133,0.02622427539494071,0.02622427539494071,0.0006877126199896928,False,True,MODERATE
2016-12-17 12:30:00,BHMBCCMKT01,0.6117850953206239,0.6379942893981934,0.026209194077569498,0.026209194077569498,0.000686921854195704,False,True,HIGH
2016-12-12 08:30:00,BHMBRCBRG01,0.08712871287128712,0.11331674456596375,0.026188031694676622,0.026188031694676622,0.0006858130040413873,False,True,LOW
2016-12-09 15:30:00,BHMNCPHST01,0.5383333333333333,0.5121597051620483,-0.02617362817128499,0.02617362817128499,0.0006850588116486833,True,False,HIGH
2016-12-10 09:30:00,BHMBRCBRG02,0.37520938023450584,0.40138062834739685,0.02617124811289101,0.02617124811289101,0.0006849342277865012,False,True,MODERATE
2016-12-19 12:30:00,BHMBRCBRG02,0.9547738693467337,0.9286165237426758,-0.026157345604057913,0.026157345604057913,0.0006842067290501278,True,False,VERY_HIGH
2016-12-11 13:00:00,BHMNCPPLS01,0.6066666666666667,0.6328132748603821,0.026146608193715393,0.026146608193715393,0.0006836451200356649,False,True,HIGH
2016-12-18 08:30:00,BHMBRCBRG03,0.07891637220259129,0.05278802663087845,-0.02612834557171284,0.02612834557171284,0.000682690442314846,True,False,LOW
2016-12-16 10:30:00,BHMNCPRAN01,0.7466666666666667,0.7727853655815125,0.02611869891484575,0.02611869891484575,0.0006821864330043646,False,True,HIGH
2016-12-13 14:00:00,BHMEURBRD02,0.9318181818181818,0.957927942276001,0.02610976045781921,0.02610976045781921,0.0006817195911646996,False,True,VERY_HIGH
2016-12-11 14:30:00,BHMBCCPST01,0.9053627760252366,0.8792600035667419,-0.026102772458494683,0.026102772458494683,0.0006813547300199486,True,False,VERY_HIGH
2016-12-18 12:30:00,BHMNCPLDH01,0.5041666666666667,0.5302362442016602,0.026069577534993504,0.026069577534993504,0.000679622872853038,False,True,HIGH
2016-12-11 11:30:00,Shopping,0.396875,0.37086549401283264,-0.026009505987167336,0.026009505987167336,0.0006764944016964935,True,False,MODERATE
2016-12-11 15:30:00,BHMNCPHST01,0.47583333333333333,0.5018125176429749,0.025979184309641523,0.025979184309641523,0.0006749180173943243,False,True,MODERATE
2016-12-15 11:30:00,BHMMBMMBX01,0.851528384279476,0.8255566954612732,-0.025971688818202776,0.025971688818202776,0.0006745286200695592,True,False,VERY_HIGH
2016-12-15 10:30:00,BHMBCCTHL01,0.9121447028423773,0.8861740827560425,-0.025970620086334772,0.025970620086334772,0.0006744731076687351,True,False,VERY_HIGH
2016-12-17 13:30:00,BHMNCPLDH01,0.6541666666666667,0.6800910234451294,0.02592435677846272,0.02592435677846272,0.000672072274377026,False,True,HIGH
2016-12-13 14:00:00,BHMNCPNST01,0.6,0.6259234547615051,0.02592345476150515,0.02592345476150515,0.000672025506771804,False,True,HIGH
2016-12-11 15:00:00,BHMEURBRD02,0.15454545454545454,0.12862373888492584,-0.0259217156605287,0.0259217156605287,0.0006719353427852988,True,False,LOW
2016-12-14 09:30:00,BHMNCPRAN01,0.9,0.8741125464439392,-0.025887453556060813,0.025887453556060813,0.0006701602516172056,True,False,VERY_HIGH
2016-12-08 14:30:00,Bull Ring,0.6534556174254831,0.6793103218078613,0.025854704382378246,0.025854704382378246,0.0006684657387001689,False,True,HIGH
2016-12-14 16:00:00,Shopping,0.6057291666666667,0.6315697431564331,0.025840576489766454,0.025840576489766454,0.0006677353933234707,False,True,HIGH
2016-12-13 15:30:00,BHMEURBRD02,0.8545454545454545,0.8287423253059387,-0.025803129239515776,0.025803129239515776,0.000665801478551154,True,False,VERY_HIGH
2016-12-17 13:30:00,Broad Street,0.3927536231884058,0.36696410179138184,-0.02578952139702395,0.02578952139702395,0.0006650994138875562,True,False,MODERATE
2016-12-16 14:00:00,BHMNCPNHS01,0.74,0.7142440676689148,-0.025755932331085196,0.025755932331085196,0.0006633680502434397,True,False,HIGH
2016-12-15 16:00:00,Others-CCCPS133,0.5529411764705883,0.5271928906440735,-0.025748285826514783,0.025748285826514783,0.000662974223003902,True,False,HIGH
2016-12-19 11:00:00,BHMBRCBRG01,1.0,0.974260687828064,-0.025739312171936035,0.025739312171936035,0.0006625121910843745,True,False,VERY_HIGH
2016-12-18 10:00:00,Broad Street,0.18115942028985507,0.15542471408843994,-0.02573470620141513,0.02573470620141513,0.0006622751032731544,True,False,LOW
2016-12-10 16:00:00,Bull Ring,0.8657058630854897,0.8400448560714722,-0.025661007014017523,0.025661007014017523,0.0006584872809734566,True,False,VERY_HIGH
2016-12-09 12:00:00,BHMBCCSNH01,0.9953650057937428,0.969704806804657,-0.02566019898908578,0.02566019898908578,0.0006584458121594789,True,False,VERY_HIGH
2016-12-13 08:00:00,Others-CCCPS133,0.21390374331550802,0.2395578771829605,0.025654133867452494,0.025654133867452494,0.0006581345844891731,False,True,LOW
2016-12-16 12:30:00,BHMNCPRAN01,0.6866666666666666,0.7123003602027893,0.02563369353612266,0.02563369353612266,0.0006570862443038566,False,True,HIGH
2016-12-16 16:00:00,BHMBCCMKT01,0.23743500866551126,0.2630617320537567,0.025626723388245454,0.025626723388245454,0.0006567289516176465,False,True,LOW
2016-12-11 08:30:00,BHMBCCSNH01,0.30590961761297797,0.3315203785896301,0.025610760976652158,0.025610760976652158,0.000655911077803209,False,True,MODERATE
2016-12-14 15:30:00,Broad Street,0.8101449275362319,0.784555196762085,-0.025589730774146946,0.025589730774146946,0.0006548343210933232,True,False,VERY_HIGH
2016-12-14 08:30:00,Others-CCCPS8,0.4016641452344932,0.427249938249588,0.025585793015094838,0.025585793015094838,0.0006546328042112757,False,True,MODERATE
2016-12-10 10:30:00,BHMBRCBRG03,0.44287396937573614,0.4684430956840515,0.02556912630831537,0.02556912630831537,0.0006537802201705852,False,True,MODERATE
2016-12-09 13:30:00,Others-CCCPS133,0.7392513368983957,0.7647926807403564,0.025541343841960717,0.025541343841960717,0.0006523602452532647,False,True,HIGH
2016-12-17 10:00:00,Broad Street,0.22318840579710145,0.19767524302005768,-0.02551316277704377,0.02551316277704377,0.0006509214748879317,True,False,LOW
2016-12-15 09:30:00,BHMNCPHST01,0.575,0.6005024313926697,0.025502431392669722,0.025502431392669722,0.0006503740069378262,False,True,HIGH
2016-12-11 09:30:00,BHMMBMMBX01,0.5211062590975255,0.5466071367263794,0.02550087762885389,0.02550087762885389,0.0006502947598417808,False,True,HIGH
2016-12-17 10:30:00,BHMNCPNHS01,0.35,0.3754851222038269,0.025485122203826927,0.025485122203826927,0.0006494914537439922,False,True,MODERATE
2016-12-13 10:30:00,BHMEURBRD02,1.0,0.974524974822998,-0.025475025177001953,0.025475025177001953,0.0006489769077688834,True,False,VERY_HIGH
2016-12-18 14:30:00,Bull Ring,0.8660334097608909,0.8405965566635132,-0.025436853097377754,0.025436853097377754,0.0006470334954975762,True,False,VERY_HIGH
2016-12-12 11:00:00,BHMBCCSNH01,1.0,0.9745841026306152,-0.025415897369384766,0.025415897369384766,0.0006459678390910994,True,False,VERY_HIGH
2016-12-15 12:30:00,BHMBCCMKT01,0.37954939341421146,0.40492063760757446,0.025371244193363007,0.025371244193363007,0.0006437000319192561,False,True,MODERATE
2016-12-10 13:00:00,BHMEURBRD01,0.28085106382978725,0.25549447536468506,-0.025356588465102192,0.025356588465102192,0.0006429565785885536,True,False,MODERATE
2016-12-14 12:30:00,BHMBRCBRG01,0.995049504950495,0.9697055220603943,-0.025343982890100758,0.025343982890100758,0.00064231746873372,True,False,VERY_HIGH
2016-12-11 16:00:00,BHMBCCTHL01,1.0,0.9746789932250977,-0.025321006774902344,0.025321006774902344,0.0006411533840946504,True,False,VERY_HIGH
2016-12-08 16:00:00,BHMBCCTHL01,0.9534883720930233,0.9282214641571045,-0.025266907935918792,0.025266907935918792,0.000638416636642196,True,False,VERY_HIGH
2016-12-09 16:00:00,Others-CCCPS8,0.5068078668683812,0.4815424382686615,-0.025265428599719697,0.025265428599719697,0.000638341882327534,True,False,HIGH
2016-12-10 13:30:00,BHMBCCPST01,0.8801261829652997,0.9053909778594971,0.025264794894197418,0.025264794894197418,0.0006383098610458639,False,True,VERY_HIGH
2016-12-14 10:00:00,BHMBRCBRG02,0.33835845896147404,0.3130989074707031,-0.025259551490770915,0.025259551490770915,0.0006380449415149072,True,False,MODERATE
2016-12-13 12:30:00,BHMMBMMBX01,0.9286754002911208,0.9034280180931091,-0.025247382198011703,0.025247382198011703,0.0006374303078524782,True,False,VERY_HIGH
2016-12-09 10:00:00,BHMBCCPST01,0.29652996845425866,0.271312952041626,-0.025217016412632687,0.025217016412632687,0.0006358979167549863,True,False,MODERATE
2016-12-13 14:00:00,BHMBCCPST01,0.4889589905362776,0.5141540765762329,0.025195086039955294,0.025195086039955294,0.0006347923605607501,False,True,MODERATE
2016-12-17 11:00:00,BHMBCCPST01,0.5899053627760252,0.6150751709938049,0.0251698082177797,0.0251698082177797,0.0006335192457198104,False,True,HIGH
2016-12-17 15:30:00,Broad Street,0.4681159420289855,0.44294896721839905,-0.02516697481058644,0.02516697481058644,0.0006333766211166924,True,False,MODERATE
2016-12-14 09:30:00,Others-CCCPS133,0.35058823529411764,0.32542312145233154,-0.025165113841786102,0.025165113841786102,0.0006332829546700545,True,False,MODERATE
2016-12-13 10:30:00,Others-CCCPS105a,0.6376306620209059,0.6124764680862427,-0.025154193934663227,0.025154193934663227,0.0006327334725026482,True,False,HIGH
2016-12-13 09:00:00,BHMBRTARC01,0.8145161290322581,0.8396589159965515,0.025142786964293395,0.025142786964293395,0.0006321597363318419,False,True,VERY_HIGH
2016-12-17 10:30:00,Others-CCCPS133,0.5792513368983957,0.6043838858604431,0.02513254896204742,0.02513254896204742,0.0006316450173297108,False,True,HIGH
2016-12-17 14:30:00,BHMNCPHST01,0.5658333333333333,0.5407289862632751,-0.025104347070058153,0.025104347070058153,0.0006302282418139374,True,False,HIGH
2016-12-10 12:00:00,BHMBCCMKT01,0.5961871750433275,0.5710868835449219,-0.025100291498405647,0.025100291498405647,0.0006300246333049348,True,False,HIGH
2016-12-09 09:30:00,BHMMBMMBX01,0.75254730713246,0.77760910987854,0.025061802746080053,0.025061802746080053,0.0006280939568834257,False,True,VERY_HIGH
2016-12-09 09:30:00,BHMNCPLDH01,0.8222222222222222,0.8472785949707031,0.025056372748480937,0.025056372748480937,0.0006278218153108182,False,True,VERY_HIGH
2016-12-09 12:00:00,Others-CCCPS105a,0.7511199601791936,0.7261112928390503,-0.025008667340143287,0.025008667340143287,0.0006254334421299495,True,False,VERY_HIGH
2016-12-09 13:30:00,Bull Ring,0.7851293809367835,0.8101356625556946,0.025006281618911053,0.025006281618911053,0.0006253141204042887,False,True,VERY_HIGH
2016-12-18 13:30:00,BHMMBMMBX01,0.7569141193595342,0.7319121956825256,-0.025001923677008597,0.025001923677008597,0.000625096187550963,True,False,VERY_HIGH
2016-12-13 16:00:00,BHMBRCBRG02,0.5343383584589615,0.5093594789505005,-0.024978879508461005,0.024978879508461005,0.000623944421498213,True,False,HIGH
2016-12-14 08:30:00,NIA Car Parks,0.13170347003154576,0.15667524933815002,0.02497177930660427,0.02497177930660427,0.0006235897617377492,False,True,LOW
2016-12-18 10:30:00,Others-CCCPS105a,0.45843703334992536,0.43347036838531494,-0.02496666496461042,0.02496666496461042,0.0006233343594551053,True,False,MODERATE
2016-12-14 08:30:00,BHMBRCBRG03,0.13780918727915195,0.1627635806798935,0.024954393400741542,0.024954393400741542,0.000622721749998973,False,True,LOW
2016-12-19 11:30:00,Others-CCCPS105a,0.7033349925335988,0.6783828735351562,-0.02495211899844252,0.02495211899844252,0.0006226082425124361,True,False,HIGH
2016-12-16 08:00:00,Shopping,0.4,0.37506556510925293,-0.024934434890747093,0.024934434890747093,0.000621726043320906,True,False,MODERATE
2016-12-08 14:30:00,BHMEURBRD02,0.9045454545454545,0.8796143531799316,-0.0249311013655229,0.0249311013655229,0.0006215598152979778,True,False,VERY_HIGH
2016-12-13 11:30:00,BHMBCCPST01,0.4479495268138801,0.4728759825229645,0.02492645570908436,0.02492645570908436,0.0006213281942169444,False,True,MODERATE
2016-12-16 13:00:00,BHMNCPHST01,0.635,0.6100894212722778,-0.024910578727722177,0.024910578727722177,0.0006205369325500447,True,False,HIGH
2016-12-16 09:00:00,BHMBRCBRG02,0.21273031825795644,0.23763851821422577,0.024908199956269333,0.024908199956269333,0.0006204184250614956,False,True,LOW
2016-12-11 14:00:00,BHMMBMMBX01,0.8326055312954876,0.8077223300933838,-0.024883201202103855,0.024883201202103855,0.0006191737020643827,True,False,VERY_HIGH
2016-12-18 15:00:00,BHMBRTARC01,0.7278225806451613,0.7029762864112854,-0.024846294233875854,0.024846294233875854,0.0006173383371563325,True,False,HIGH
2016-12-11 10:30:00,BHMBCCMKT01,0.14211438474870017,0.1172705888748169,-0.024843795873883273,0.024843795873883273,0.0006172141934231795,True,False,LOW
2016-12-11 11:00:00,BHMMBMMBX01,0.5953420669577875,0.5705013871192932,-0.02484067983849425,0.02484067983849425,0.0006170593748385748,True,False,HIGH
2016-12-17 09:00:00,BHMEURBRD02,0.2318181818181818,0.25665271282196045,0.024834531003778637,0.024834531003778637,0.0006167539301776423,False,True,LOW
2016-12-12 15:30:00,BHMNCPNHS01,0.806,0.83082115650177,0.02482115650176997,0.02482115650176997,0.0006160898100853576,False,True,VERY_HIGH
2016-12-09 11:00:00,Others-CCCPS133,0.6310160427807486,0.6061979532241821,-0.024818089556566503,0.024818089556566503,0.0006159375692377553,True,False,HIGH
2016-12-13 09:30:00,BHMBRTARC01,0.8125,0.837314248085022,0.024814248085021973,0.024814248085021973,0.0006157469080250166,False,True,VERY_HIGH
2016-12-10 12:00:00,BHMEURBRD01,0.23191489361702128,0.25672438740730286,0.024809493790281578,0.024809493790281578,0.0006155109821300202,False,True,LOW
2016-12-11 15:30:00,BHMMBMMBX01,0.8078602620087336,0.832642138004303,0.024781875995569358,0.024781875995569358,0.0006141413778597768,False,True,VERY_HIGH
2016-12-09 08:00:00,BHMNCPNHS01,0.388,0.36322107911109924,-0.02477892088890077,0.02477892088890077,0.0006139949204184028,True,False,MODERATE
2016-12-14 12:00:00,BHMNCPNST01,0.5402061855670103,0.5649742484092712,0.024768062842260963,0.024768062842260963,0.0006134569369581882,False,True,HIGH
2016-12-19 16:00:00,BHMBCCTHL01,1.0,0.9752355217933655,-0.02476447820663452,0.02476447820663452,0.0006132793808468762,True,False,VERY_HIGH
2016-12-15 12:00:00,BHMNCPRAN01,0.9516666666666667,0.9764212965965271,0.02475462992986044,0.02475462992986044,0.0006127917029643422,False,True,VERY_HIGH
2016-12-10 11:00:00,BHMBRCBRG03,0.4817432273262662,0.506489634513855,0.024746407187588804,0.024746407187588804,0.0006123846686939468,False,True,MODERATE
2016-12-13 14:00:00,Others-CCCPS8,0.613464447806354,0.6382074356079102,0.02474298780155615,0.02474298780155615,0.0006122154453479564,False,True,HIGH
2016-12-12 14:30:00,BHMNCPNHS01,0.886,0.8612622022628784,-0.024737797737121592,0.024737797737121592,0.0006119586368827382,True,False,VERY_HIGH
2016-12-17 10:30:00,BHMMBMMBX01,0.4861717612809316,0.5109056830406189,0.024733921759687305,0.024733921759687305,0.0006117668856143332,False,True,MODERATE
2016-12-11 10:00:00,BHMBRCBRG03,0.13780918727915195,0.16253750026226044,0.024728312983108486,0.024728312983108486,0.0006114894629905717,False,True,LOW
2016-12-15 11:00:00,BHMBCCPST01,0.3911671924290221,0.4158947765827179,0.024727584153695803,0.024727584153695803,0.0006114534180781078,False,True,MODERATE
2016-12-11 11:30:00,BHMNCPNST01,0.5525773195876289,0.5278930068016052,-0.024684312786023677,0.024684312786023677,0.000609315297718252,True,False,HIGH
2016-12-13 15:00:00,BHMNCPRAN01,0.9083333333333333,0.883716881275177,-0.024616452058156324,0.024616452058156324,0.0006059697119315087,True,False,VERY_HIGH
2016-12-16 10:00:00,BHMNCPNST01,0.5793814432989691,0.6039595007896423,0.02457805749067321,0.02457805749067321,0.0006040809100148376,False,True,HIGH
2016-12-09 11:00:00,BHMNCPPLS01,0.23777777777777778,0.21320100128650665,-0.02457677649127113,0.02457677649127113,0.0006040179427018972,True,False,LOW
2016-12-13 14:00:00,BHMNCPPLS01,0.3022222222222222,0.32677289843559265,0.024550676213370426,0.024550676213370426,0.0006027357025337524,False,True,MODERATE
2016-12-11 16:00:00,Others-CCCPS105a,0.6963663514186162,0.6718183159828186,-0.024548035435797644,0.024548035435797644,0.0006026060437571768,True,False,HIGH
2016-12-19 12:30:00,Others-CCCPS133,0.8263101604278075,0.8017625212669373,-0.024547639160870216,0.024547639160870216,0.000602586588372289,True,False,VERY_HIGH
2016-12-17 13:30:00,BHMMBMMBX01,0.6841339155749636,0.6596159934997559,-0.024517922075207754,0.024517922075207754,0.0006011285028859597,True,False,HIGH
2016-12-14 10:00:00,BHMEURBRD02,0.95,0.9745047092437744,0.02450470924377446,0.02450470924377446,0.0006004807751219254,False,True,VERY_HIGH
2016-12-09 15:30:00,BHMEURBRD02,0.6045454545454545,0.6290363073348999,0.024490852789445405,0.024490852789445405,0.0005998018703542858,False,True,HIGH
2016-12-10 12:00:00,BHMBRCBRG03,0.5594817432273262,0.5839464664459229,0.024464723218596607,0.024464723218596607,0.0005985226821625399,False,True,HIGH
2016-12-09 12:00:00,BHMBCCMKT01,0.35181975736568455,0.37627673149108887,0.024456974125404318,0.024456974125404318,0.0005981435833706963,False,True,MODERATE
2016-12-13 10:00:00,Others-CCCPS135a,0.822559876384239,0.7981051206588745,-0.024454755725364485,0.024454755725364485,0.0005980350775872471,True,False,VERY_HIGH
2016-12-11 09:00:00,BHMBRCBRG03,0.08716136631330977,0.11161521822214127,0.024453851908831495,0.024453851908831495,0.0005979908731790618,False,True,LOW
2016-12-12 09:30:00,BHMBRCBRG02,0.2805695142378559,0.2561415135860443,-0.02442800065181161,0.02442800065181161,0.0005967272158449085,True,False,MODERATE
2016-12-16 14:30:00,BHMEURBRD02,0.6545454545454545,0.678969144821167,0.02442369027571245,0.02442369027571245,0.000596516646683931,False,True,HIGH
2016-12-14 10:00:00,BHMBCCTHL01,1.0,0.9755805730819702,-0.024419426918029785,0.024419426918029785,0.0005963084110049977,True,False,VERY_HIGH
2016-12-11 15:00:00,BHMBCCSNH01,0.9235225955967555,0.8991535305976868,-0.024369064999068768,0.024369064999068768,0.0005938513289288385,True,False,VERY_HIGH
2016-12-10 11:00:00,Bull Ring,0.7838191942351785,0.8081867694854736,0.024367575250295093,0.024367575250295093,0.000593778723578794,False,True,VERY_HIGH
2016-12-12 08:00:00,Shopping,0.38333333333333336,0.3589726984500885,-0.024360634883244858,0.024360634883244858,0.0005934405319147662,True,False,MODERATE
2016-12-11 14:30:00,BHMBRCBRG03,0.5229681978798587,0.4986157715320587,-0.024352426347799994,0.024352426347799994,0.0005930406690250233,True,False,HIGH
2016-12-08 16:00:00,Others-CCCPS8,0.5605143721633888,0.536175549030304,-0.024338823133084886,0.024338823133084886,0.000592378311503588,True,False,HIGH
2016-12-18 16:00:00,BHMBCCSNH01,0.6384704519119351,0.614152729511261,-0.02431772240067409,0.02431772240067409,0.0005913516227562465,True,False,HIGH
2016-12-16 15:30:00,BHMBCCMKT01,0.29116117850953205,0.3154766261577606,0.024315447648228572,0.024315447648228572,0.0005912409943337444,False,True,MODERATE
2016-12-18 13:30:00,Broad Street,0.34782608695652173,0.3235323429107666,-0.024293744045755128,0.024293744045755128,0.0005901859997606627,True,False,MODERATE
2016-12-17 13:30:00,BHMBCCTHL01,1.0,0.9757242202758789,-0.024275779724121094,0.024275779724121094,0.0005893134812140488,True,False,VERY_HIGH
2016-12-13 12:00:00,BHMMBMMBX01,0.8893740902474527,0.8651002645492554,-0.02427382569819736,0.02427382569819736,0.0005892186140264666,True,False,VERY_HIGH
2016-12-17 10:00:00,BHMBCCPST01,0.48264984227129337,0.45839056372642517,-0.0242592785448682,0.0242592785448682,0.0005885125955175026,True,False,MODERATE
2016-12-14 09:30:00,Others-CCCPS8,0.5060514372163388,0.4818188548088074,-0.024232582407531456,0.024232582407531456,0.000587218050137803,True,False,HIGH
2016-12-13 11:30:00,BHMNCPPLS01,0.28444444444444444,0.2602306604385376,-0.024213784005906847,0.024213784005906847,0.0005863073358847102,True,False,MODERATE
2016-12-09 10:30:00,BHMBRCBRG01,0.7386138613861386,0.7628224492073059,0.024208587821167304,0.024208587821167304,0.0005860557242951699,False,True,HIGH
2016-12-14 08:30:00,Bull Ring,0.12053717654765804,0.14472943544387817,0.024192258896220134,0.024192258896220134,0.0005852653905017422,False,True,LOW
2016-12-12 11:30:00,BHMMBMMBX01,0.8500727802037845,0.8258844017982483,-0.024188378405536226,0.024188378405536226,0.0005850776498894112,True,False,VERY_HIGH
2016-12-09 09:00:00,Bull Ring,0.199475925319358,0.17531603574752808,-0.024159889571829934,0.024159889571829934,0.0005837002641230168,True,False,LOW
2016-12-13 14:30:00,Others-CCCPS119a,0.196931858722797,0.22105996310710907,0.024128104384312066,0.024128104384312066,0.0005821654211802591,False,True,LOW
2016-12-08 15:30:00,BHMMBMMBX01,0.9068413391557496,0.8827190399169922,-0.024122299238757416,0.024122299238757416,0.0005818853205641567,True,False,VERY_HIGH
2016-12-09 09:00:00,Shopping,0.5770833333333333,0.552970826625824,-0.024112506707509307,0.024112506707509307,0.0005814129797196814,True,False,HIGH
2016-12-13 15:00:00,BHMNCPPLS01,0.24444444444444444,0.26853474974632263,0.024090305301878195,0.024090305301878195,0.0005803428095377007,False,True,LOW
2016-12-09 14:30:00,BHMBRCBRG02,0.8082077051926299,0.7841310501098633,-0.024076655082766574,0.024076655082766574,0.0005796853199745095,True,False,VERY_HIGH
2016-12-12 08:30:00,BHMNCPHST01,0.37083333333333335,0.3949072062969208,0.024073872963587428,0.024073872963587428,0.0005795513594669458,False,True,MODERATE
2016-12-17 11:30:00,BHMBCCTHL01,0.8888888888888888,0.864824652671814,-0.024064236217074875,0.024064236217074875,0.0005790874647111781,True,False,VERY_HIGH
2016-12-17 11:30:00,BHMNCPNST01,0.5298969072164949,0.5058389902114868,-0.024057917005008034,0.024057917005008034,0.0005787833706198547,True,False,HIGH
2016-12-16 13:30:00,BHMMBMMBX01,0.8034934497816594,0.7794371247291565,-0.02405632505250288,0.02405632505250288,0.0005787067750316777,True,False,VERY_HIGH
2016-12-16 11:00:00,BHMBRCBRG01,0.9356435643564357,0.9596819281578064,0.0240383638013707,0.0240383638013707,0.0005778429342470491,False,True,VERY_HIGH
2016-12-12 11:00:00,BHMNCPPLS01,0.29777777777777775,0.3217929005622864,0.024015122784508625,0.024015122784508625,0.0005767261223550253,False,True,MODERATE
2016-12-09 12:30:00,Others-CCCPS98,0.36384144376409927,0.387848436832428,0.024006993068328708,0.024006993068328708,0.0005763357161827827,False,True,MODERATE
2016-12-17 12:30:00,Bull Ring,0.8856862102849656,0.8617008924484253,-0.023985317836540343,0.023985317836540343,0.0005752954717198603,True,False,VERY_HIGH
2016-12-19 12:30:00,BHMNCPNHS01,0.734,0.7100220918655396,-0.023977908134460435,0.023977908134460435,0.0005749400785046239,True,False,HIGH
2016-12-11 16:00:00,BHMBCCMKT01,0.44194107452339687,0.4179736077785492,-0.023967466744847676,0.023967466744847676,0.0005744394621653793,True,False,MODERATE
2016-12-13 14:00:00,Others-CCCPS98,0.3557847244601998,0.37974098324775696,0.02395625878755714,0.02395625878755714,0.0005739023350964087,False,True,MODERATE
2016-12-09 15:00:00,Bull Ring,0.6564035375040943,0.6324718594551086,-0.02393167804898566,0.02393167804898566,0.0005727252142403021,True,False,HIGH
2016-12-16 10:30:00,BHMBRTARC01,0.7560483870967742,0.7799634337425232,0.02391504664574895,0.02391504664574895,0.0005719294560683481,False,True,VERY_HIGH
2016-12-12 09:30:00,BHMBCCSNH01,0.884125144843569,0.8602300882339478,-0.023895056609621212,0.023895056609621212,0.0005709737303770024,True,False,VERY_HIGH
2016-12-08 15:00:00,Broad Street,0.8565217391304348,0.8326563835144043,-0.023865355616030537,0.023865355616030537,0.0005695551986796002,True,False,VERY_HIGH
2016-12-15 10:00:00,BHMEURBRD01,0.8170212765957446,0.7931757569313049,-0.023845519664439707,0.023845519664439707,0.0005686088080671807,True,False,VERY_HIGH
2016-12-12 11:00:00,BHMMBMMBX01,0.8064046579330422,0.7826012372970581,-0.023803420635984063,0.023803420635984063,0.0005666028339735919,True,False,VERY_HIGH
2016-12-12 13:00:00,Bull Ring,0.815263675073698,0.791499137878418,-0.023764537195280044,0.023764537195280044,0.0005647532281058487,True,False,VERY_HIGH
2016-12-12 09:30:00,Others-CCCPS105a,0.5246391239422599,0.5009252429008484,-0.023713881041411478,0.023713881041411478,0.0005623481540462148,True,False,HIGH
2016-12-19 09:30:00,BHMMBMMBX01,0.6855895196506551,0.7093011140823364,0.02371159443168136,0.02371159443168136,0.0005622397104925425,False,True,HIGH
2016-12-09 16:00:00,Others-CCCPS105a,0.5888501742160279,0.5652052760124207,-0.023644898203607267,0.023644898203607267,0.0005590812110589502,True,False,HIGH
2016-12-12 08:30:00,Others-CCCPS105a,0.39621702339472376,0.41981589794158936,0.0235988745468656,0.0235988745468656,0.0005569068798787011,False,True,MODERATE
2016-12-14 09:30:00,Bull Ring,0.2793973141172617,0.25580674409866333,-0.023590570018598378,0.023590570018598378,0.0005565149938023926,True,False,MODERATE
2016-12-17 12:30:00,BHMBRCBRG03,0.6301531213191991,0.6065662503242493,-0.023586870994949827,0.023586870994949827,0.0005563404833324055,True,False,HIGH
2016-12-09 15:30:00,BHMBCCMKT01,0.2720970537261698,0.24851198494434357,-0.023585068781826257,0.023585068781826257,0.0005562554694434755,True,False,MODERATE
2016-12-17 11:00:00,BHMBCCTHL01,0.8217054263565892,0.8452877998352051,0.023582373478615914,0.023582373478615914,0.0005561283388849273,False,True,VERY_HIGH
2016-12-11 12:00:00,BHMNCPLDH01,0.5611111111111111,0.5375433564186096,-0.023567754692501497,0.023567754692501497,0.0005554390612459263,True,False,HIGH
2016-12-15 10:00:00,Others-CCCPS105a,0.6007964161274266,0.5772318243980408,-0.023564591729385853,0.023564591729385853,0.0005552899833726402,True,False,HIGH
2016-12-11 08:00:00,BHMEURBRD02,0.17727272727272728,0.20082694292068481,0.023554215647957538,0.023554215647957538,0.0005548010747904878,False,True,LOW
2016-12-17 10:00:00,Others-CCCPS8,0.4795763993948563,0.5031234622001648,0.023547062805308494,0.023547062805308494,0.0005544641667571428,False,True,MODERATE
2016-12-09 11:00:00,BHMNCPRAN01,0.7716666666666666,0.7952055931091309,0.023538926442464247,0.023538926442464247,0.0005540810580637425,False,True,VERY_HIGH
2016-12-13 11:00:00,BHMBCCMKT01,0.32062391681109187,0.34415048360824585,0.02352656679715398,0.02352656679715398,0.0005534993452609481,False,True,MODERATE
2016-12-09 15:30:00,Broad Street,0.6478260869565218,0.6713493466377258,0.023523259681204056,0.023523259681204056,0.0005533437460293603,False,True,HIGH
2016-12-18 14:30:00,BHMBRCBRG03,0.5241460541813898,0.5006259679794312,-0.023520086201958668,0.023520086201958668,0.0005531944549475665,True,False,HIGH
2016-12-11 15:30:00,Others-CCCPS98,0.34353851111827266,0.36704790592193604,0.023509394803663375,0.023509394803663375,0.0005526916440345145,False,True,MODERATE
2016-12-11 14:00:00,Broad Street,0.26956521739130435,0.24609334766864777,-0.02347186972265658,0.02347186972265658,0.0005509286682773627,True,False,MODERATE
2016-12-14 14:30:00,BHMBRTARC01,0.8387096774193549,0.8152684569358826,-0.023441220483472303,0.023441220483472303,0.0005494908177547615,True,False,VERY_HIGH
2016-12-14 15:30:00,BHMBCCTHL01,0.9948320413436692,0.9713932275772095,-0.023438813766459732,0.023438813766459732,0.0005493779907787822,True,False,VERY_HIGH
2016-12-15 14:30:00,Bull Ring,0.634457910252211,0.6578907370567322,0.02343282680452119,0.02343282680452119,0.0005490973720506867,False,True,HIGH
2016-12-18 12:00:00,BHMNCPPLS01,0.35777777777777775,0.3343646824359894,-0.02341309534178837,0.02341309534178837,0.0005481730334836723,True,False,MODERATE
2016-12-11 11:00:00,Others-CCCPS105a,0.5923344947735192,0.5689458847045898,-0.02338861006892934,0.02338861006892934,0.0005470270809564228,True,False,HIGH
2016-12-13 08:30:00,BHMBCCSNH01,0.6106604866743917,0.587279736995697,-0.023380749678694634,0.023380749678694634,0.0005466594555377793,True,False,HIGH
2016-12-16 08:30:00,BHMBRCBRG01,0.17326732673267325,0.14988937973976135,-0.023377946992911902,0.023377946992911902,0.0005465284056033986,True,False,LOW
2016-12-10 14:00:00,BHMEURBRD01,0.3127659574468085,0.336132287979126,0.02336633053231746,0.02336633053231746,0.0005459854025455111,False,True,MODERATE
2016-12-18 10:30:00,Shopping,0.2630208333333333,0.2863684892654419,0.02334765593210858,0.02334765593210858,0.0005451130375241249,False,True,MODERATE
2016-12-18 10:00:00,BHMBCCSNH01,0.38354577056778677,0.36022859811782837,-0.0233171724499584,0.0233171724499584,0.0005436905310610991,True,False,MODERATE
2016-12-14 09:00:00,BHMBCCSNH01,0.7450753186558516,0.7217712998390198,-0.023304018816831862,0.023304018816831862,0.0005430772930152534,True,False,HIGH
2016-12-16 09:30:00,NIA Car Parks,0.08990536277602523,0.11319596320390701,0.02329060042788178,0.02329060042788178,0.0005424520682912469,False,True,LOW
2016-12-09 15:00:00,Broad Street,0.7115942028985507,0.6883119344711304,-0.023282268427420316,0.023282268427420316,0.0005420640231264529,True,False,HIGH
2016-12-15 16:00:00,BHMBRCBRG01,0.6376237623762376,0.6608756184577942,0.023251856081556554,0.023251856081556554,0.0005406488112374185,False,True,HIGH
2016-12-15 16:00:00,BHMNCPNHS01,0.73,0.7532379031181335,0.023237903118133563,0.023237903118133563,0.0005400001413277616,False,True,HIGH
2016-12-08 15:00:00,Others-CCCPS8,0.6444780635400907,0.621244490146637,-0.023233573393453777,0.023233573393453777,0.0005397989326290033,True,False,HIGH
2016-12-09 13:00:00,BHMBRCBRG02,0.8994974874371859,0.8763079643249512,-0.023189523112234767,0.023189523112234767,0.0005377539821728705,True,False,VERY_HIGH
2016-12-13 15:00:00,BHMBCCPST01,0.444794952681388,0.421610563993454,-0.023184388687934043,0.023184388687934043,0.000537515878833204,True,False,MODERATE
2016-12-08 14:30:00,BHMMBMMBX01,0.9374090247452693,0.9605885744094849,0.023179549664215537,0.023179549664215537,0.0005372915226358346,False,True,VERY_HIGH
2016-12-13 08:30:00,BHMEURBRD01,0.6234042553191489,0.6002343893051147,-0.023169866014034146,0.023169866014034146,0.0005368426911082946,True,False,HIGH
2016-12-14 11:30:00,Bull Ring,0.6220111365869636,0.6451771259307861,0.023165989343822524,0.023165989343822524,0.0005366630622780987,False,True,HIGH
2016-12-11 15:30:00,Shopping,0.49114583333333334,0.5143116116523743,0.02316577831904093,0.02316577831904093,0.0005366532851269468,False,True,MODERATE
2016-12-14 09:30:00,BHMBCCMKT01,0.1386481802426343,0.11557287722826004,-0.02307530301437427,0.02307530301437427,0.0005324696092051903,True,False,LOW
2016-12-19 13:30:00,BHMBCCMKT01,0.5285961871750433,0.5055665969848633,-0.023029590190180027,0.023029590190180027,0.0005303620243276361,True,False,HIGH
2016-12-14 11:30:00,BHMNCPPLS01,0.26222222222222225,0.2852301299571991,0.02300790773497685,0.02300790773497685,0.0005293638183412077,False,True,MODERATE
2016-12-11 11:00:00,Shopping,0.321875,0.2988765835762024,-0.02299841642379763,0.02299841642379763,0.0005289271580024046,True,False,MODERATE
2016-12-09 09:00:00,BHMNCPHST01,0.45666666666666667,0.4336732029914856,-0.02299346367518107,0.02299346367518107,0.0005286993717818713,True,False,MODERATE
2016-12-18 12:00:00,BHMBRCBRG02,0.9765494137353434,0.9535724520683289,-0.022976961667014573,0.022976961667014573,0.0005279407674474571,True,False,VERY_HIGH
2016-12-18 12:30:00,BHMNCPPLS01,0.43777777777777777,0.414812833070755,-0.02296494470702276,0.02296494470702276,0.0005273886853966127,True,False,MODERATE
2016-12-14 11:30:00,BHMNCPRAN01,0.965,0.9879514575004578,0.022951457500457795,0.022951457500457795,0.0005267694013953204,False,True,VERY_HIGH
2016-12-17 10:00:00,BHMBRCBRG01,0.8524752475247525,0.8754132390022278,0.022937991477475328,0.022937991477475328,0.0005261514530207308,False,True,VERY_HIGH
2016-12-14 09:30:00,BHMBRCBRG02,0.23450586264656617,0.21158568561077118,-0.022920177035794992,0.022920177035794992,0.0005253345153521841,True,False,LOW
2016-12-16 08:30:00,Others-CCCPS8,0.41376701966717094,0.4366603493690491,0.02289332970187813,0.02289332970187813,0.0005241045448388953,False,True,MODERATE
2016-12-13 08:00:00,BHMNCPHST01,0.29083333333333333,0.2679474651813507,-0.022885868151982625,0.022885868151982625,0.0005237629610699326,True,False,MODERATE
2016-12-13 08:30:00,BHMBCCPST01,0.14511041009463724,0.12223503738641739,-0.02287537270821985,0.02287537270821985,0.0005232826765399695,True,False,LOW
2016-12-19 12:30:00,BHMBCCSNH01,0.9907300115874855,0.9678822755813599,-0.022847736006125663,0.022847736006125663,0.0005220190406056111,True,False,VERY_HIGH
2016-12-13 11:30:00,Others-CCCPS133,0.6479144385026738,0.6250811219215393,-0.022833316581134522,0.022833316581134522,0.0005213603460943127,True,False,HIGH
2016-12-13 14:30:00,BHMNCPNHS01,0.968,0.9451794028282166,-0.02282059717178342,0.02282059717178342,0.0005207796552768093,True,False,VERY_HIGH
2016-12-18 16:00:00,BHMBCCTHL01,0.9431524547803618,0.9659521579742432,0.02279970319388136,0.02279970319388136,0.0005198264657290839,False,True,VERY_HIGH
2016-12-09 09:30:00,BHMNCPRAN01,0.7516666666666667,0.7744560241699219,0.02278935750325517,0.02278935750325517,0.0005193548154111727,False,True,VERY_HIGH
2016-12-18 08:30:00,BHMEURBRD02,0.11818181818181818,0.14097091555595398,0.0227890973741358,0.0227890973741358,0.0005193429591278432,False,True,LOW
2016-12-12 09:00:00,Others-CCCPS105a,0.44051767048282725,0.46330124139785767,0.022783570915030416,0.022783570915030416,0.0005190911036402198,False,True,MODERATE
2016-12-12 08:00:00,BHMNCPNST01,0.3525773195876289,0.37534964084625244,0.02277232125862355,0.02277232125862355,0.0005185786155059582,False,True,MODERATE
2016-12-10 12:00:00,BHMBCCPST01,0.7949526813880127,0.7721830010414124,-0.02276968034660032,0.02276968034660032,0.0005184583430863568,True,False,VERY_HIGH
2016-12-13 11:00:00,BHMNCPNST01,0.5938144329896907,0.6165819764137268,0.022767543424036085,0.022767543424036085,0.0005183610335653688,False,True,HIGH
2016-12-18 10:00:00,BHMNCPPLS01,0.09111111111111111,0.06835316866636276,-0.022757942444748352,0.022757942444748352,0.0005179239443184787,True,False,LOW
2016-12-11 12:00:00,Others-CCCPS133,0.7561497326203208,0.7788951992988586,0.02274546667853783,0.02274546667853783,0.0005173562544244747,False,True,VERY_HIGH
2016-12-19 08:00:00,Others-CCCPS8,0.2503782148260212,0.2731081247329712,0.022729909906950008,0.022729909906950008,0.0005166488043780641,False,True,MODERATE
2016-12-09 13:30:00,BHMNCPNST01,0.5731958762886598,0.5958936810493469,0.022697804760687168,0.022697804760687168,0.0005151903409542731,False,True,HIGH
2016-12-15 14:30:00,Broad Street,0.8507246376811595,0.8733817338943481,0.022657096213188677,0.022657096213188677,0.0005133440088136887,False,True,VERY_HIGH
2016-12-16 15:00:00,BHMNCPRAN01,0.5883333333333334,0.61095130443573,0.022617971102396606,0.022617971102396606,0.0005115726167888479,False,True,HIGH
2016-12-09 14:00:00,BHMBCCMKT01,0.37608318890814557,0.35346877574920654,-0.02261441315893903,0.02261441315893903,0.0005114116825231947,True,False,MODERATE
2016-12-14 15:30:00,BHMNCPHST01,0.6233333333333333,0.6007590293884277,-0.02257430394490556,0.02257430394490556,0.0005095991985969787,True,False,HIGH
2016-12-19 09:30:00,Others-CCCPS98,0.4975829842088302,0.5201528072357178,0.022569823026887592,0.022569823026887592,0.0005093969114650254,False,True,MODERATE
2016-12-16 10:00:00,BHMEURBRD01,0.6829787234042554,0.7055143117904663,0.022535588386210947,0.022535588386210947,0.0005078527439127257,False,True,HIGH
2016-12-10 15:30:00,BHMEURBRD01,0.37446808510638296,0.39697542786598206,0.02250734275959909,0.02250734275959909,0.0005065804780980777,False,True,MODERATE
2016-12-17 10:30:00,Shopping,0.3807291666666667,0.4032284915447235,0.022499324878056837,0.022499324878056837,0.0005062196199683473,False,True,MODERATE
2016-12-10 12:00:00,BHMNCPLDH01,0.6388888888888888,0.6163981556892395,-0.022490733199649338,0.022490733199649338,0.000505833079857809,True,False,HIGH
2016-12-19 10:30:00,Others-CCCPS133,0.5775401069518716,0.5550559759140015,-0.02248413103787017,0.02248413103787017,0.0005055361485281167,True,False,HIGH
2016-12-18 11:30:00,Others-CCCPS105a,0.5226480836236934,0.5451068878173828,0.022458804193689397,0.022458804193689397,0.0005043978858104805,False,True,HIGH
2016-12-15 11:00:00,BHMBRCBRG02,0.5804020100502513,0.6028518080711365,0.022449798020885203,0.022449798020885203,0.0005039934311785412,False,True,HIGH
2016-12-08 15:30:00,BHMEURBRD01,0.7723404255319148,0.7947108149528503,0.0223703894209355,0.0223703894209355,0.0005004343228443028,False,True,VERY_HIGH
2016-12-17 12:00:00,BHMBRTARC01,0.7338709677419355,0.7562302350997925,0.022359267357856982,0.022359267357856982,0.0004999368367801288,False,True,HIGH
2016-12-13 14:00:00,NIA Car Parks,0.15772870662460567,0.18008284270763397,0.022354136083028303,0.022354136083028303,0.000499707400018548,False,True,LOW
2016-12-15 08:00:00,Broad Street,0.4043478260869565,0.38200730085372925,-0.02234052523322727,0.02234052523322727,0.0004990990676964645,True,False,MODERATE
2016-12-12 08:00:00,BHMBCCPST01,0.11356466876971609,0.09122772514820099,-0.0223369436215151,0.0223369436215151,0.0004989390503507442,True,False,LOW
2016-12-15 08:30:00,Broad Street,0.6130434782608696,0.5907217860221863,-0.0223216922386833,0.0223216922386833,0.0004982579443984943,True,False,HIGH
2016-12-16 14:00:00,BHMEURBRD02,0.6863636363636364,0.664052426815033,-0.02231120954860344,0.02231120954860344,0.0004977900715216933,True,False,HIGH
2016-12-09 08:30:00,BHMBRCBRG03,0.1330977620730271,0.15537898242473602,0.02228122035170893,0.02228122035170893,0.0004964527803614082,False,True,LOW
2016-12-14 09:30:00,BHMEURBRD01,0.8680851063829788,0.8903493881225586,0.02226428173957984,0.02226428173957984,0.0004956982413793882,False,True,VERY_HIGH
2016-12-11 12:00:00,BHMMBMMBX01,0.6797671033478894,0.6575164794921875,-0.022250623855701868,0.022250623855701868,0.000495090261967929,True,False,HIGH
2016-12-16 10:00:00,BHMBRCBRG01,0.6663366336633664,0.6885565519332886,0.0222199182699222,0.0222199182699222,0.0004937247679220224,False,True,HIGH
2016-12-09 14:00:00,BHMMBMMBX01,0.8704512372634643,0.8926370739936829,0.022185836730218567,0.022185836730218567,0.0004922113514199153,False,True,VERY_HIGH
2016-12-19 09:30:00,Others-CCCPS135a,0.6706155034766933,0.6927801966667175,0.02216469319002423,0.02216469319002423,0.0004912736242079066,False,True,HIGH
2016-12-19 10:00:00,BHMMBMMBX01,0.75254730713246,0.7303848266601562,-0.022162480472303736,0.022162480472303736,0.0004911755406852445,True,False,VERY_HIGH
2016-12-16 09:00:00,BHMBCCPST01,0.2618296529968454,0.23968149721622467,-0.022148155780620737,0.022148155780620737,0.0004905408044826438,True,False,MODERATE
2016-12-13 09:00:00,BHMNCPRAN01,0.8316666666666667,0.8095235228538513,-0.022143143812815347,0.022143143812815347,0.0004903188179150226,True,False,VERY_HIGH
2016-12-12 09:00:00,BHMNCPNHS01,0.722,0.7441343069076538,0.022134306907653833,0.022134306907653833,0.0004899275422822122,False,True,HIGH
2016-12-10 11:00:00,BHMBCCSNH01,0.6512166859791425,0.6733250021934509,0.02210831621430842,0.02210831621430842,0.0004887776458318527,False,True,HIGH
2016-12-18 10:30:00,Others-CCCPS8,0.4599092284417549,0.4378080666065216,-0.022101161835233307,0.022101161835233307,0.0004884613544671733,True,False,MODERATE
2016-12-15 09:00:00,BHMBCCMKT01,0.10918544194107452,0.08708798140287399,-0.022097460538200525,0.022097460538200525,0.0004882977622373294,True,False,LOW
2016-12-19 12:30:00,Others-CCCPS8,0.6709531013615734,0.6488755941390991,-0.022077507222474257,0.022077507222474257,0.000487416325158403,True,False,HIGH
2016-12-15 15:00:00,Others-CCCPS133,0.6258823529411764,0.6038122773170471,-0.022070075624129326,0.022070075624129326,0.00048708823805478747,True,False,HIGH
2016-12-19 16:00:00,Others-CCCPS98,0.5385111182726394,0.5164448022842407,-0.0220663159883987,0.0220663159883987,0.00048692230129986005,True,False,HIGH
2016-12-19 11:30:00,BHMBRCBRG03,0.5135453474676089,0.4914892315864563,-0.022056115881152638,0.022056115881152638,0.00048647224776283363,True,False,HIGH
2016-12-12 14:30:00,BHMMBMMBX01,0.8122270742358079,0.8342782855033875,0.022051211267579585,0.022051211267579585,0.0004862559183674288,False,True,VERY_HIGH
2016-12-12 16:00:00,BHMBCCSNH01,0.7114716106604867,0.6894308924674988,-0.022040718192987918,0.022040718192987918,0.0004857932584627086,True,False,HIGH
2016-12-17 10:30:00,BHMNCPHST01,0.3383333333333333,0.3603687286376953,0.022035395304361993,0.022035395304361993,0.00048555864621949857,False,True,MODERATE
2016-12-13 08:00:00,BHMBRCBRG03,0.11425206124852769,0.13628238439559937,0.02203032314707168,0.02203032314707168,0.0004853351379644022,False,True,LOW
2016-12-18 13:00:00,BHMNCPLDH01,0.5472222222222223,0.5251960754394531,-0.02202614678276915,0.02202614678276915,0.00048515114209609186,True,False,HIGH
2016-12-15 08:30:00,Others-CCCPS8,0.3630862329803328,0.38510775566101074,0.02202152268067792,0.02202152268067792,0.00048494746117561197,False,True,MODERATE
2016-12-15 11:30:00,BHMBCCMKT01,0.37261698440207974,0.3506337106227875,-0.021983273779292267,0.021983273779292267,0.00048326432605531893,True,False,MODERATE
2016-12-14 15:30:00,BHMNCPNHS01,0.754,0.7759828567504883,0.021982856750488278,0.021982856750488278,0.00048324599091248806,False,True,VERY_HIGH
2016-12-09 14:00:00,BHMBRCBRG01,0.9227722772277228,0.9007989168167114,-0.02197336041101139,0.02197336041101139,0.0004828285677522026,True,False,VERY_HIGH
2016-12-15 12:00:00,BHMBRCBRG03,0.3934040047114252,0.37143436074256897,-0.021969643968856256,0.021969643968856256,0.0004826652561183021,True,False,MODERATE
2016-12-19 16:00:00,Others-CCCPS119a,0.45023189439885836,0.42829015851020813,-0.021941735888650227,0.021941735888650227,0.00048143977380728134,True,False,MODERATE
2016-12-17 11:00:00,BHMBRTARC01,0.7399193548387096,0.761855959892273,0.02193660505356332,0.02193660505356332,0.00048121464127601974,False,True,HIGH
2016-12-14 16:00:00,BHMBCCSNH01,0.7311703360370799,0.7092496752738953,-0.021920660763184663,0.021920660763184663,0.00048051536829462363,True,False,HIGH
2016-12-10 15:00:00,BHMNCPNST01,0.756701030927835,0.7786091566085815,0.021908125680746515,0.021908125680746515,0.00047996597084338496,False,True,VERY_HIGH
2016-12-10 16:00:00,BHMBCCTHL01,1.0,0.9781138300895691,-0.021886169910430908,0.021886169910430908,0.00047900443334825127,True,False,VERY_HIGH
2016-12-19 15:00:00,BHMBRCBRG01,0.9702970297029703,0.9484111070632935,-0.021885922639676814,0.021885922639676814,0.0004789936097899181,True,False,VERY_HIGH
2016-12-14 13:30:00,Others-CCCPS105a,0.7615729218516675,0.7396894097328186,-0.02188351211884887,0.02188351211884887,0.0004788881026558053,True,False,VERY_HIGH
2016-12-19 14:00:00,BHMBCCSNH01,0.9640787949015064,0.9422266483306885,-0.02185214657081791,0.02185214657081791,0.00047751630975250895,True,False,VERY_HIGH
2016-12-09 11:00:00,Others-CCCPS8,0.583963691376702,0.562155544757843,-0.021808146618858992,0.021808146618858992,0.0004755952589496509,True,False,HIGH
2016-12-16 11:00:00,Others-CCCPS133,0.6115508021390375,0.6333475112915039,0.021796709152466454,0.021796709152466454,0.00047509652987721485,False,True,HIGH
2016-12-11 14:30:00,BHMMBMMBX01,0.8617176128093159,0.839932918548584,-0.02178469426073193,0.02178469426073193,0.0004745729040335667,True,False,VERY_HIGH
2016-12-08 14:30:00,BHMEURBRD01,0.8531914893617021,0.8749710321426392,0.021779542780937078,0.021779542780937078,0.0004743484837466684,False,True,VERY_HIGH
2016-12-10 15:30:00,BHMNCPHST01,0.5566666666666666,0.5348960757255554,-0.021770590941111223,0.021770590941111223,0.00047395862992519406,True,False,HIGH
2016-12-11 16:00:00,Others-CCCPS202,0.29996595165134493,0.27819621562957764,-0.021769736021767294,0.021769736021767294,0.0004739214064574325,True,False,MODERATE
2016-12-19 08:00:00,Others-CCCPS105a,0.3359880537580886,0.3577271103858948,0.021739056627806175,0.021739056627806175,0.00047258658306696357,False,True,MODERATE
2016-12-18 10:30:00,BHMBCCMKT01,0.15424610051993068,0.13251058757305145,-0.021735512946879226,0.021735512946879226,0.00047243252306395446,True,False,LOW
2016-12-16 13:00:00,BHMBCCPST01,0.5488958990536278,0.5272179841995239,-0.021677914854103864,0.021677914854103864,0.00046993199242177696,True,False,HIGH
2016-12-18 10:30:00,BHMNCPPLS01,0.16666666666666666,0.14500534534454346,-0.0216613213221232,0.0216613213221232,0.0004692128414202692,True,False,LOW
2016-12-15 15:30:00,NIA Car Parks,0.22476340694006308,0.20310473442077637,-0.021658672519286715,0.021658672519286715,0.00046909809529770553,True,False,LOW
2016-12-12 16:00:00,Bull Ring,0.5257124140189977,0.5040985345840454,-0.0216138794349523,0.0216138794349523,0.0004671597842286539,True,False,HIGH
2016-12-19 11:00:00,BHMNCPLDH01,0.8125,0.8340988755226135,0.021598875522613525,0.021598875522613525,0.0004665114238413537,False,True,VERY_HIGH
2016-12-11 12:00:00,Broad Street,0.19130434782608696,0.21289342641830444,0.02158907859221748,0.02158907859221748,0.00046608831446094315,False,True,LOW
2016-12-16 13:00:00,Bull Ring,0.784474287585981,0.7629090547561646,-0.021565232829816483,0.021565232829816483,0.0004650592670041946,True,False,VERY_HIGH
2016-12-17 15:30:00,Others-CCCPS8,0.762481089258699,0.7409350275993347,-0.021546061659364235,0.021546061659364235,0.0004642327730291255,True,False,VERY_HIGH
2016-12-15 12:30:00,BHMNCPPLS01,0.37555555555555553,0.3970979154109955,0.021542359855439952,0.021542359855439952,0.0004640732681412708,False,True,MODERATE
2016-12-13 16:00:00,Broad Street,0.7681159420289855,0.7465832829475403,-0.021532659081445193,0.021532659081445193,0.0004636554071177442,True,False,VERY_HIGH
2016-12-11 15:30:00,Others-CCCPS133,0.7345454545454545,0.7560672163963318,0.021521761850877286,0.021521761850877286,0.0004631862331658769,False,True,HIGH
2016-12-13 08:00:00,Others-CCCPS8,0.33358547655068077,0.35508430004119873,0.02149882349051796,0.02149882349051796,0.0004621994114764468,False,True,MODERATE
2016-12-18 15:30:00,BHMBCCMKT01,0.42807625649913345,0.44954270124435425,0.021466444745220803,0.021466444745220803,0.00046080824999961785,False,True,MODERATE
2016-12-16 08:00:00,BHMBCCPST01,0.14826498422712933,0.1268015205860138,-0.021463463641115538,0.021463463641115538,0.00046068027147348864,True,False,LOW
2016-12-10 10:00:00,BHMBCCSNH01,0.5422943221320974,0.5208333134651184,-0.021461008666978976,0.021461008666978976,0.0004605748930041467,True,False,HIGH
2016-12-18 14:00:00,BHMEURBRD02,0.15,0.1285700649023056,-0.02142993509769439,0.02142993509769439,0.00045924211829139394,True,False,LOW
2016-12-17 10:30:00,Others-CCCPS8,0.49016641452344933,0.511581301689148,0.021414887165698615,0.021414887165698615,0.0004585973923196033,False,True,MODERATE
2016-12-10 09:30:00,BHMNCPLDH01,0.375,0.3963969349861145,0.021396934986114502,0.021396934986114502,0.0004578288268000108,False,True,MODERATE
2016-12-11 08:00:00,Shopping,0.15833333333333333,0.1797274500131607,0.02139411667982738,0.02139411667982738,0.0004577082285100681,False,True,LOW
2016-12-11 14:30:00,BHMBRCBRG02,1.0,0.97864830493927,-0.02135169506072998,0.02135169506072998,0.00045589488196640104,True,False,VERY_HIGH
2016-12-13 11:30:00,BHMBRCBRG03,0.4004711425206125,0.4218093156814575,0.02133817316084502,0.02133817316084502,0.00045531763384220675,False,True,MODERATE
2016-12-16 10:00:00,BHMBCCPST01,0.34069400630914826,0.3620084524154663,0.021314446106318052,0.021314446106318052,0.0004543056128191368,False,True,MODERATE
2016-12-19 09:00:00,BHMNCPLDH01,0.7375,0.7588039636611938,0.021303963661193803,0.021303963661193803,0.0004538588676774661,False,True,HIGH
2016-12-13 15:30:00,Others-CCCPS105a,0.5958188153310104,0.6170964241027832,0.02127760877177276,0.02127760877177276,0.00045273663504462113,False,True,HIGH
2016-12-15 10:00:00,BHMNCPNST01,0.5711340206185567,0.5924075245857239,0.021273503967167207,0.021273503967167207,0.0004525619710410789,False,True,HIGH
2016-12-11 15:30:00,BHMBCCPST01,0.7476340694006309,0.7688907384872437,0.021256669086612723,0.021256669086612723,0.00045184598065775697,False,True,HIGH
2016-12-14 11:30:00,BHMBCCPST01,0.4037854889589905,0.38254597783088684,-0.021239511128103683,0.021239511128103683,0.00045111683296084016,True,False,MODERATE
2016-12-12 09:30:00,Others-CCCPS8,0.44478063540090773,0.42354679107666016,-0.021233844324247575,0.021233844324247575,0.000450876144786381,True,False,MODERATE
2016-12-09 14:30:00,Broad Street,0.7347826086956522,0.7135621905326843,-0.021220418162967825,0.021220418162967825,0.00045030614701121476,True,False,HIGH
2016-12-11 12:00:00,BHMEURBRD01,0.2170212765957447,0.2382199615240097,0.021198684928265016,0.021198684928265016,0.00044938424268785033,False,True,LOW
2016-12-14 15:30:00,Others-CCCPS105a,0.6839223494275759,0.662735104560852,-0.021187244866723853,0.021187244866723853,0.00044889934504251626,True,False,HIGH
2016-12-11 08:00:00,Others-CCCPS8,0.27987897125567324,0.3010566234588623,0.021177652203189068,0.021177652203189068,0.00044849295283923876,False,True,MODERATE
2016-12-12 14:30:00,BHMBCCMKT01,0.2755632582322357,0.2543928027153015,-0.021170455516934195,0.021170455516934195,0.00044818818679448946,True,False,MODERATE
2016-12-17 14:30:00,BHMEURBRD02,0.2727272727272727,0.2938896715641022,0.021162398836829466,0.021162398836829466,0.00044784712452904113,False,True,MODERATE
2016-12-19 13:30:00,Others-CCCPS8,0.7337367624810892,0.7125996351242065,-0.021137127356882668,0.021137127356882668,0.0004467781529010777,True,False,HIGH
2016-12-18 12:00:00,BHMMBMMBX01,0.5531295487627366,0.5319952368736267,-0.021134311889109858,0.021134311889109858,0.0004466591390261703,True,False,HIGH
2016-12-19 15:00:00,BHMBCCPST01,0.9495268138801262,0.9284019470214844,-0.02112486685864179,0.02112486685864179,0.0004462599997953422,True,False,VERY_HIGH
2016-12-12 13:30:00,BHMMBMMBX01,0.8951965065502183,0.9163212776184082,0.021124771068189885,0.021124771068189885,0.0004462559526834324,False,True,VERY_HIGH
2016-12-12 13:30:00,Others-CCCPS135a,0.8542364151429307,0.8331385850906372,-0.021097830052293487,0.021097830052293487,0.0004451184329154582,True,False,VERY_HIGH
2016-12-17 10:30:00,Others-CCCPS135a,0.3989183620911666,0.42001551389694214,0.021097151805775538,0.021097151805775538,0.00044508981431593805,False,True,MODERATE
2016-12-16 16:00:00,BHMBRCBRG02,0.6490787269681743,0.6279826164245605,-0.02109611054361371,0.02109611054361371,0.00044504588006836956,True,False,HIGH
2016-12-15 09:30:00,Broad Street,0.7521739130434782,0.7732641100883484,0.02109019704487014,0.02109019704487014,0.0004447964113914492,False,True,VERY_HIGH
2016-12-18 16:00:00,BHMEURBRD02,0.20454545454545456,0.18347595632076263,-0.021069498224691924,0.021069498224691924,0.00044392375544029613,True,False,LOW
2016-12-18 10:30:00,BHMNCPHST01,0.21833333333333332,0.2393840104341507,0.021050677100817372,0.021050677100817372,0.00044313100640287686,False,True,LOW
2016-12-09 09:00:00,BHMBCCMKT01,0.10051993067590988,0.07947374880313873,-0.021046181872771144,0.021046181872771144,0.0004429417714217607,True,False,LOW
2016-12-18 08:00:00,BHMBCCSNH01,0.2746234067207416,0.2956533133983612,0.021029906677619614,0.021029906677619614,0.00044225697486939005,False,True,MODERATE
2016-12-12 08:30:00,BHMBCCTHL01,0.5426356589147286,0.563628077507019,0.020992418592290396,0.020992418592290396,0.0004406816383539395,False,True,HIGH
2016-12-13 11:00:00,BHMNCPRAN01,0.9983333333333333,0.9773536920547485,-0.02097964127858476,0.02097964127858476,0.0004401453481780976,True,False,VERY_HIGH
2016-12-09 13:00:00,Others-CCCPS105a,0.7491289198606271,0.7281540036201477,-0.020974916240479424,0.020974916240479424,0.0004399471112951275,True,False,HIGH
2016-12-19 12:30:00,BHMBRCBRG03,0.6277974087161367,0.6068295240402222,-0.020967884675914483,0.020967884675914483,0.00043965218778244943,True,False,HIGH
2016-12-14 15:00:00,BHMNCPNST01,0.5876288659793815,0.6085819602012634,0.020953094221881963,0.020953094221881963,0.00043903215747106327,False,True,HIGH
2016-12-19 15:00:00,BHMBRCBRG03,0.6925795053003534,0.7135206460952759,0.020941140794922486,0.020941140794922486,0.0004385313777927668,False,True,HIGH
2016-12-16 14:00:00,Shopping,0.6567708333333333,0.6776829957962036,0.02091216246287031,0.02091216246287031,0.000437318538873482,False,True,HIGH
2016-12-09 11:30:00,BHMBRCBRG02,0.6867671691792295,0.707679033279419,0.020911864100189415,0.020911864100189415,0.00043730606014479083,False,True,HIGH
2016-12-09 13:00:00,BHMNCPNHS01,0.676,0.6968892812728882,0.02088928127288814,0.02088928127288814,0.00043636207209783506,False,True,HIGH
2016-12-17 08:00:00,BHMNCPLDH01,0.2902777777777778,0.31116563081741333,0.02088785303963553,0.02088785303963553,0.0004363024046054112,False,True,MODERATE
2016-12-11 09:30:00,BHMNCPNST01,0.46804123711340206,0.4889063537120819,0.020865116598679845,0.020865116598679845,0.0004353530906765052,False,True,MODERATE
2016-12-13 10:30:00,BHMBCCTHL01,0.9664082687338501,0.945544421672821,-0.02086384706102906,0.02086384706102906,0.000435300114186011,True,False,VERY_HIGH
2016-12-17 09:30:00,BHMNCPNST01,0.48041237113402063,0.5012707114219666,0.02085834028794592,0.02085834028794592,0.0004350703595677479,False,True,MODERATE
2016-12-11 15:00:00,BHMNCPRAN01,0.18666666666666668,0.16581761837005615,-0.020849048296610523,0.020849048296610523,0.00043468281487439814,True,False,LOW
2016-12-10 12:30:00,BHMEURBRD01,0.2425531914893617,0.2634015679359436,0.020848376446581912,0.020848376446581912,0.00043465480045839144,False,True,LOW
2016-12-13 14:00:00,Others-CCCPS133,0.6755080213903744,0.6963517665863037,0.020843745195929353,0.020843745195929353,0.000434461713792828,False,True,HIGH
2016-12-18 11:30:00,Others-CCCPS133,0.6419251336898396,0.6627506017684937,0.02082546807865404,0.02082546807865404,0.00043370012069503846,False,True,HIGH
2016-12-09 14:30:00,BHMEURBRD01,0.7617021276595745,0.7408817410469055,-0.02082038661266894,0.02082038661266894,0.000433488498701004,True,False,VERY_HIGH
2016-12-18 10:30:00,BHMBCCPST01,0.2807570977917981,0.25993824005126953,-0.02081885774052855,0.02081885774052855,0.00043342483762036555,True,False,MODERATE
2016-12-11 14:30:00,Others-CCCPS133,0.8258823529411765,0.8050674796104431,-0.020814873330733397,0.020814873330733397,0.0004332589517744764,True,False,VERY_HIGH
2016-12-19 08:30:00,BHMNCPLDH01,0.6916666666666667,0.7124661803245544,0.02079951365788779,0.02079951365788779,0.0004326197684046608,False,True,HIGH
2016-12-15 14:00:00,BHMBRCBRG01,0.9168316831683169,0.9376184344291687,0.020786751260851832,0.020786751260851832,0.00043208902798052526,False,True,VERY_HIGH
2016-12-18 14:30:00,BHMNCPLDH01,0.5305555555555556,0.5513178706169128,0.020762315061357284,0.020762315061357284,0.00043107372670706353,False,True,HIGH
2016-12-12 08:00:00,Others-CCCPS105a,0.3464410154305625,0.36714985966682434,0.020708844236261847,0.020708844236261847,0.00042885622960175555,False,True,MODERATE
2016-12-12 09:00:00,NIA Car Parks,0.1167192429022082,0.13742195069789886,0.020702707795690667,0.020702707795690667,0.0004286021100737511,False,True,LOW
2016-12-11 16:00:00,BHMBRCBRG03,0.4016489988221437,0.38094761967658997,-0.020701379145553755,0.020701379145553755,0.00042854709852796794,True,False,MODERATE
2016-12-15 15:30:00,BHMNCPPLS01,0.25555555555555554,0.2762405574321747,0.020685001876619147,0.020685001876619147,0.00042786930263573764,False,True,MODERATE
2016-12-18 08:00:00,Others-CCCPS105a,0.29965156794425085,0.3203352391719818,0.02068367122773096,0.02068367122773096,0.00042781425545686556,False,True,MODERATE
2016-12-10 15:00:00,Others-CCCPS105a,0.7894474863115978,0.7688032984733582,-0.020644187838239625,0.020644187838239625,0.00042618249150052083,True,False,VERY_HIGH
2016-12-09 15:00:00,BHMMBMMBX01,0.8224163027656477,0.8017775416374207,-0.020638761128227046,0.020638761128227046,0.00042595846090801574,True,False,VERY_HIGH
2016-12-15 15:00:00,BHMNCPNST01,0.6721649484536083,0.6515340209007263,-0.020630927552881984,0.020630927552881984,0.000425635171692265,True,False,HIGH
2016-12-12 09:00:00,BHMNCPLDH01,0.7638888888888888,0.7845185399055481,0.020629651016659256,0.020629651016659256,0.0004255825010691503,False,True,VERY_HIGH
2016-12-15 15:00:00,BHMNCPRAN01,0.835,0.8556289672851562,0.020628967285156286,0.020628967285156286,0.0004255542912520483,False,True,VERY_HIGH
2016-12-17 08:30:00,BHMBRCBRG03,0.19081272084805653,0.17020408809185028,-0.020608632756206252,0.020608632756206252,0.0004247157440801773,True,False,LOW
2016-12-16 14:30:00,BHMNCPHST01,0.5791666666666667,0.558577835559845,-0.020588831106821748,0.020588831106821748,0.0004238999663452308,True,False,HIGH
2016-12-12 11:30:00,BHMEURBRD02,0.9863636363636363,0.9657758474349976,-0.020587788928638773,0.020587788928638773,0.0004238570529701812,True,False,VERY_HIGH
2016-12-12 11:30:00,BHMNCPHST01,0.6816666666666666,0.6610821485519409,-0.020584518114725725,0.020584518114725725,0.0004237223860154715,True,False,HIGH
2016-12-13 09:30:00,BHMBCCTHL01,0.8165374677002584,0.7959743142127991,-0.020563153487459296,0.020563153487459296,0.0004228432813488094,True,False,VERY_HIGH
2016-12-15 14:30:00,Others-CCCPS133,0.6601069518716578,0.6806466579437256,0.020539706072067787,0.020539706072067787,0.0004218795255269383,False,True,HIGH
2016-12-19 14:00:00,BHMNCPHST01,0.7433333333333333,0.7228127121925354,-0.02052062114079789,0.02052062114079789,0.0004210958920041613,True,False,HIGH
2016-12-16 09:30:00,Others-CCCPS105a,0.5530114484818317,0.5735300183296204,0.02051856984778866,0.02051856984778866,0.00042101170859858194,False,True,HIGH
2016-12-14 08:30:00,Others-CCCPS105a,0.4489795918367347,0.46947845816612244,0.020498866329387744,0.020498866329387744,0.00042020352079010653,False,True,MODERATE
2016-12-16 10:30:00,BHMBCCTHL01,0.8992248062015504,0.9197085499763489,0.020483743774798446,0.020483743774798446,0.0004195837590315941,False,True,VERY_HIGH
2016-12-14 09:30:00,BHMNCPHST01,0.585,0.5645209550857544,-0.02047904491424557,0.02047904491424557,0.00041939128059968734,True,False,HIGH
2016-12-19 09:30:00,Bull Ring,0.28562070094988534,0.3060741424560547,0.020453441506169345,0.020453441506169345,0.0004183432694462909,False,True,MODERATE
2016-12-16 16:00:00,Others-CCCPS135a,0.5663147051249035,0.5458621978759766,-0.020452507248926888,0.020452507248926888,0.00041830505276740687,True,False,HIGH
2016-12-16 14:00:00,BHMNCPNST01,0.5360824742268041,0.5156444311141968,-0.02043804311260733,0.02043804311260733,0.00041771360627279586,True,False,HIGH
2016-12-19 13:30:00,BHMBRCBRG02,1.0,0.9796133041381836,-0.020386695861816406,0.020386695861816406,0.0004156173681622022,True,False,VERY_HIGH
2016-12-17 08:30:00,BHMBCCPST01,0.23974763406940064,0.2193928062915802,-0.02035482777782044,0.02035482777782044,0.00041431901386473056,True,False,LOW
2016-12-13 12:30:00,BHMNCPRAN01,0.9916666666666667,0.9713199734687805,-0.02034669319788618,0.02034669319788618,0.0004139879240889077,True,False,VERY_HIGH
2016-12-18 14:00:00,BHMNCPPLS01,0.54,0.5196701884269714,-0.0203298115730286,0.0203298115730286,0.0004133012385948476,True,False,HIGH
2016-12-17 08:30:00,Others-CCCPS8,0.34190620272314676,0.32158395648002625,-0.020322246243120512,0.020322246243120512,0.00041299369236602574,True,False,MODERATE
2016-12-17 08:00:00,Others-CCCPS98,0.44247502417015794,0.46278804540634155,0.020313021236183615,0.020313021236183615,0.0004126188317416465,False,True,MODERATE
2016-12-19 16:00:00,Others-CCCPS105a,0.6694873071179691,0.6491854786872864,-0.020301828430682733,0.020301828430682733,0.00041216423762887775,True,False,HIGH
2016-12-13 09:30:00,BHMBCCSNH01,0.8250289687137891,0.8453279137611389,0.02029894504734986,0.02029894504734986,0.00041204717003532937,False,True,VERY_HIGH
2016-12-11 09:00:00,BHMBCCTHL01,0.39018087855297157,0.4104556739330292,0.02027479538005761,0.02027479538005761,0.0004110673277032053,False,True,MODERATE
2016-12-14 11:30:00,BHMBRTARC01,0.8387096774193549,0.8184589743614197,-0.020250703057935193,0.020250703057935193,0.00041009097434066577,True,False,VERY_HIGH
2016-12-11 11:00:00,Others-CCCPS98,0.279084756687077,0.2588564455509186,-0.020228311136158417,0.020228311136158417,0.00040918457142123064,True,False,MODERATE
2016-12-17 10:30:00,BHMBCCMKT01,0.37261698440207974,0.35239166021347046,-0.020225324188609284,0.020225324188609284,0.0004090637385343438,True,False,MODERATE
2016-12-15 09:00:00,BHMMBMMBX01,0.6375545851528385,0.6577784419059753,0.02022385675313687,0.02022385675313687,0.0004090043819713998,False,True,HIGH
2016-12-18 12:30:00,BHMBCCMKT01,0.37261698440207974,0.3928307294845581,0.020213745082478363,0.020213745082478363,0.00040859549025941817,False,True,MODERATE
2016-12-17 10:00:00,BHMBCCSNH01,0.5480880648899189,0.5278978943824768,-0.020190170507442096,0.020190170507442096,0.0004076429851195846,True,False,HIGH
2016-12-11 10:30:00,Others-CCCPS202,0.23833844058563158,0.218153178691864,-0.02018526189376757,0.02018526189376757,0.00040744479771998514,True,False,LOW
2016-12-16 12:00:00,BHMNCPNHS01,0.748,0.7278236150741577,-0.020176384925842283,0.020176384925842283,0.00040708650867575573,True,False,HIGH
2016-12-09 08:00:00,Broad Street,0.4318840579710145,0.4117107689380646,-0.020173289032949904,0.020173289032949904,0.00040696159040693684,True,False,MODERATE
2016-12-14 15:30:00,BHMNCPRAN01,0.8366666666666667,0.8164987564086914,-0.020167910257975263,0.020167910257975263,0.00040674460417374387,True,False,VERY_HIGH
2016-12-18 13:00:00,BHMMBMMBX01,0.6928675400291121,0.672709047794342,-0.020158492234770065,0.020158492234770065,0.000406364809179285,True,False,HIGH
2016-12-18 12:00:00,Bull Ring,0.8368817556501802,0.8570216298103333,0.02013987416015306,0.02013987416015306,0.0004056145311868009,False,True,VERY_HIGH
2016-12-18 10:00:00,BHMNCPHST01,0.20833333333333334,0.2284710705280304,0.020137737194697053,0.020137737194697053,0.00040552845932268514,False,True,LOW
2016-12-10 12:30:00,Broad Street,0.1956521739130435,0.21578876674175262,0.020136592828709138,0.020136592828709138,0.00040548237074922026,False,True,LOW
2016-12-14 12:00:00,Others-CCCPS133,0.6511229946524064,0.6309998035430908,-0.020123191109315597,0.020123191109315597,0.0004049428204220383,True,False,HIGH
2016-12-14 16:00:00,BHMEURBRD02,0.6590909090909091,0.679201602935791,0.020110693844881955,0.020110693844881955,0.00040444000692257297,False,True,HIGH
2016-12-18 11:00:00,BHMBCCSNH01,0.5979142526071842,0.5778060555458069,-0.020108197061377342,0.020108197061377342,0.0004043395890591844,True,False,HIGH
2016-12-18 11:00:00,Others-CCCPS105a,0.4927824788451966,0.5128851532936096,0.020102674448413016,0.020102674448413016,0.00040411751997887756,False,True,MODERATE
2016-12-14 09:30:00,Others-CCCPS105a,0.5714285714285714,0.5513297319412231,-0.020098839487348252,0.020098839487348252,0.00040396334873818934,True,False,HIGH
2016-12-18 14:00:00,BHMEURBRD01,0.4829787234042553,0.5030589699745178,0.020080246570262528,0.020080246570262528,0.00040321630232254,False,True,MODERATE
2016-12-13 12:30:00,BHMBRCBRG03,0.4452296819787986,0.4251526892185211,-0.020076992760277468,0.020076992760277468,0.00040308563829623387,True,False,MODERATE
2016-12-12 08:00:00,BHMNCPLDH01,0.5569444444444445,0.5368677377700806,-0.020076706674363898,0.020076706674363898,0.0004030741508884479,True,False,HIGH
2016-12-10 16:00:00,BHMBCCSNH01,0.6743916570104287,0.6543242931365967,-0.02006736387383201,0.02006736387383201,0.0004026990928447781,True,False,HIGH
2016-12-12 16:00:00,Others-CCCPS133,0.5242780748663102,0.5042154788970947,-0.020062595969215447,0.020062595969215447,0.0004025077570239799,True,False,HIGH
2016-12-11 09:00:00,BHMMBMMBX01,0.5211062590975255,0.5411579608917236,0.02005170179419813,0.02005170179419813,0.00040207074484344845,False,True,HIGH
2016-12-14 13:30:00,BHMBRCBRG01,0.9524752475247524,0.97249835729599,0.020023109771237557,0.020023109771237557,0.00040092492491102894,False,True,VERY_HIGH
2016-12-16 09:00:00,BHMBCCMKT01,0.11785095320623917,0.09782899171113968,-0.020021961495099494,0.020021961495099494,0.0004008789421112468,True,False,LOW
2016-12-13 12:00:00,BHMNCPLDH01,0.9111111111111111,0.931132972240448,0.020021861129336904,0.020021861129336904,0.00040087492308245207,False,True,VERY_HIGH
2016-12-19 15:30:00,BHMBCCTHL01,1.0,0.9799930453300476,-0.020006954669952393,0.020006954669952393,0.00040027823516552985,True,False,VERY_HIGH
2016-12-18 14:30:00,BHMNCPHST01,0.49666666666666665,0.4766644239425659,-0.020002242724100727,0.020002242724100727,0.00040008971399384046,True,False,MODERATE
2016-12-18 14:30:00,Broad Street,0.3898550724637681,0.40985116362571716,0.01999609116194906,0.01999609116194906,0.0003998436617569773,False,True,MODERATE
2016-12-17 08:30:00,BHMNCPHST01,0.17166666666666666,0.15167126059532166,-0.019995406071345007,0.019995406071345007,0.00039981626395798074,True,False,LOW
2016-12-14 16:00:00,BHMNCPPLS01,0.18444444444444444,0.2044297307729721,0.01998528632852767,0.01998528632852767,0.00039941166963323494,False,True,LOW
2016-12-15 11:00:00,Others-CCCPS105a,0.670980587356894,0.6909574270248413,0.019976839667947277,0.019976839667947277,0.0003990741231188719,False,True,HIGH
2016-12-18 08:30:00,BHMMBMMBX01,0.3784570596797671,0.3984284996986389,0.0199714400188718,0.0199714400188718,0.00039885841642739407,False,True,MODERATE
2016-12-16 16:00:00,BHMNCPPLS01,0.19555555555555557,0.21551884710788727,0.019963291552331702,0.019963291552331702,0.00039853300960339833,False,True,LOW
2016-12-08 15:00:00,BHMNCPNST01,0.6618556701030928,0.6419327259063721,-0.019922944196720693,0.019922944196720693,0.00039692370546564676,True,False,HIGH
2016-12-15 15:00:00,BHMBCCPST01,0.41324921135646686,0.39333057403564453,-0.01991863732082233,0.01991863732082233,0.00039675211271845615,True,False,MODERATE
2016-12-15 15:30:00,Shopping,0.6635416666666667,0.6834319233894348,0.019890256722768118,0.019890256722768118,0.00039562231249762233,False,True,HIGH
2016-12-16 11:00:00,BHMMBMMBX01,0.727802037845706,0.747685432434082,0.01988339458837607,0.01988339458837607,0.0003953493803570627,False,True,HIGH
2016-12-12 16:00:00,BHMNCPLDH01,0.6791666666666667,0.6990461945533752,0.019879527886708548,0.019879527886708548,0.00039519562899842283,False,True,HIGH
2016-12-09 10:00:00,BHMMBMMBX01,0.8093158660844251,0.789460301399231,-0.019855564685194116,0.019855564685194116,0.00039424344896792774,True,False,VERY_HIGH
2016-12-17 13:00:00,BHMNCPHST01,0.4675,0.4873429536819458,0.019842953681945774,0.019842953681945774,0.00039374281082384533,False,True,MODERATE
2016-12-15 12:30:00,BHMNCPNST01,0.6597938144329897,0.6399551630020142,-0.019838651430975518,0.019838651430975518,0.00039357209059974696,True,False,HIGH
2016-12-18 11:30:00,Bull Ring,0.77104487389453,0.79088294506073,0.019838071166199955,0.019838071166199955,0.0003935490675952141,False,True,VERY_HIGH
2016-12-10 10:30:00,BHMBRCBRG02,0.6742043551088778,0.6940417289733887,0.0198373738645109,0.0198373738645109,0.00039352140184038006,False,True,HIGH
2016-12-14 09:00:00,BHMNCPNHS01,0.734,0.7538327574729919,0.019832757472991958,0.019832757472991958,0.00039333826898251835,False,True,HIGH
2016-12-14 09:30:00,BHMNCPLDH01,0.8555555555555555,0.8357436656951904,-0.019811889860365084,0.019811889860365084,0.0003925109798392368,True,False,VERY_HIGH
2016-12-16 16:00:00,Others-CCCPS105a,0.5943255350920856,0.574516773223877,-0.01980876186820868,0.01980876186820868,0.0003923870467513982,True,False,HIGH
2016-12-09 08:00:00,Others-CCCPS105a,0.4375311100049776,0.4573388993740082,0.019807789369030604,0.019807789369030604,0.0003923485196878818,False,True,MODERATE
2016-12-12 13:30:00,BHMNCPRAN01,0.8616666666666667,0.8418760895729065,-0.019790577093760198,0.019790577093760198,0.00039166694170406584,True,False,VERY_HIGH
2016-12-19 12:00:00,Bull Ring,0.8221421552571241,0.8023658394813538,-0.019776315775770326,0.019776315775770326,0.00039110266566298225,True,False,VERY_HIGH
2016-12-10 15:00:00,Others-CCCPS133,0.8440641711229947,0.8242926597595215,-0.019771511363473215,0.019771511363473215,0.0003909126615959505,True,False,VERY_HIGH
2016-12-17 09:30:00,Others-CCCPS98,0.4601998066387367,0.47996464371681213,0.019764837078075415,0.019764837078075415,0.0003906487847228647,False,True,MODERATE
2016-12-08 14:30:00,BHMNCPPLS01,0.32,0.33976271748542786,0.01976271748542785,0.01976271748542785,0.00039056500240883566,False,True,MODERATE
2016-12-09 08:30:00,Others-CCCPS98,0.2964872703834998,0.316246896982193,0.01975962659869318,0.01975962659869318,0.00039044284331978305,False,True,MODERATE
2016-12-16 15:00:00,Bull Ring,0.7022600720602686,0.682521641254425,-0.019738430805843588,0.019738430805843588,0.00038960565067707516,True,False,HIGH
2016-12-14 08:30:00,BHMEURBRD01,0.6808510638297872,0.7005857229232788,0.01973465909349159,0.01973465909349159,0.0003894567695363303,False,True,HIGH
2016-12-17 12:00:00,BHMBCCPST01,0.722397476340694,0.7421294450759888,0.019731968735294814,0.019731968735294814,0.000389350590170652,False,True,HIGH
2016-12-16 11:00:00,Bull Ring,0.646577137242057,0.6663008332252502,0.019723695983193235,0.019723695983193235,0.00038902418323743295,False,True,HIGH
2016-12-11 15:30:00,BHMBCCTHL01,1.0,0.9802831411361694,-0.019716858863830566,0.019716858863830566,0.000388754523456214,True,False,VERY_HIGH
2016-12-13 10:30:00,Others-CCCPS135a,0.8699459181045583,0.8502312898635864,-0.01971462824097192,0.01971462824097192,0.00038866656667972763,True,False,VERY_HIGH
2016-12-16 15:00:00,BHMBCCTHL01,1.0,0.9802963137626648,-0.019703686237335205,0.019703686237335205,0.00038823525133935277,True,False,VERY_HIGH
2016-12-12 13:00:00,BHMEURBRD02,0.9636363636363636,0.943932831287384,-0.01970353234897959,0.01970353234897959,0.0003882291870272852,True,False,VERY_HIGH
2016-12-19 12:00:00,BHMBRCBRG02,0.8542713567839196,0.8345747590065002,-0.01969659777741939,0.01969659777741939,0.0003879559640054424,True,False,VERY_HIGH
2016-12-16 11:00:00,BHMBRCBRG02,0.5804020100502513,0.6000924706459045,0.01969046059565327,0.01969046059565327,0.0003877142384689741,False,True,HIGH
2016-12-12 11:30:00,Bull Ring,0.7104487389452997,0.7301276922225952,0.01967895327729552,0.01967895327729552,0.00038726120208998,False,True,HIGH
2016-12-19 09:00:00,BHMNCPPLS01,0.10222222222222223,0.12187918275594711,0.019656960533724885,0.019656960533724885,0.0003863960974244177,False,True,LOW
2016-12-19 14:00:00,Others-CCCPS8,0.7367624810892587,0.7171217799186707,-0.019640701170588026,0.019640701170588026,0.0003857571424723379,True,False,HIGH
2016-12-10 14:00:00,BHMNCPNST01,0.7525773195876289,0.7722069621086121,0.019629642520983204,0.019629642520983204,0.00038532286550159184,False,True,VERY_HIGH
2016-12-13 09:00:00,BHMEURBRD01,0.7170212765957447,0.7366303205490112,0.01960904395326657,0.01960904395326657,0.0003845146047611402,False,True,HIGH
2016-12-11 10:00:00,Bull Ring,0.24074680641991483,0.22117400169372559,-0.019572804726189247,0.019572804726189247,0.00038309468484953613,True,False,LOW
2016-12-19 15:00:00,BHMBRCBRG02,0.873534338358459,0.853977620601654,-0.019556717756804898,0.019556717756804898,0.000382465209419328,True,False,VERY_HIGH
2016-12-17 16:00:00,BHMNCPNHS01,0.192,0.2115490436553955,0.019549043655395504,0.019549043655395504,0.0003821651078405592,False,True,LOW
2016-12-15 08:00:00,Shopping,0.4078125,0.38826581835746765,-0.01954668164253237,0.01954668164253237,0.000382072763234512,True,False,MODERATE
2016-12-09 11:30:00,BHMBCCSNH01,0.9779837775202781,0.9584429264068604,-0.019540851113417745,0.019540851113417745,0.00038184486223675953,True,False,VERY_HIGH
2016-12-19 12:00:00,BHMBCCSNH01,0.9930475086906141,0.9735129475593567,-0.0195345611312574,0.0195345611312574,0.0003815990785908324,True,False,VERY_HIGH
2016-12-14 15:30:00,Bull Ring,0.5578119882083197,0.5382927060127258,-0.019519282195593846,0.019519282195593846,0.0003810023774312269,True,False,HIGH
2016-12-10 15:00:00,BHMBCCTHL01,1.0,0.9804816246032715,-0.019518375396728516,0.019518375396728516,0.00038096697812761704,True,False,VERY_HIGH
2016-12-13 09:30:00,NIA South,0.21954314720812182,0.23904435336589813,0.019501206157776313,0.019501206157776313,0.00038029704160809277,False,True,LOW
2016-12-15 08:30:00,Others-CCCPS133,0.23336898395721925,0.2528609037399292,0.01949191978270995,0.01949191978270995,0.00037993493681559944,False,True,LOW
2016-12-19 08:30:00,BHMBCCSNH01,0.6071842410196987,0.5877026319503784,-0.019481609069320283,0.019481609069320283,0.0003795330919298223,True,False,HIGH
2016-12-11 11:30:00,BHMNCPHST01,0.3375,0.318027138710022,-0.01947286128997805,0.01947286128997805,0.0003791923268187256,True,False,MODERATE
2016-12-16 14:00:00,BHMNCPPLS01,0.33111111111111113,0.3505804240703583,0.019469312959247143,0.019469312959247143,0.0003790541471051087,False,True,MODERATE
2016-12-14 12:00:00,NIA Car Parks,0.1837539432176656,0.20322267711162567,0.01946873389396006,0.01946873389396006,0.0003790315994338293,False,True,LOW
2016-12-17 10:30:00,Others-CCCPS105a,0.4888003982080637,0.5082686543464661,0.019468256138402362,0.019468256138402362,0.00037901299707044126,False,True,MODERATE
2016-12-12 13:30:00,BHMBRCBRG02,0.8835845896147404,0.903052031993866,0.019467442379125566,0.019467442379125566,0.0003789813127845741,False,True,VERY_HIGH
2016-12-17 11:00:00,BHMNCPHST01,0.3575,0.37696120142936707,0.01946120142936708,0.01946120142936708,0.0003787383610743993,False,True,MODERATE
2016-12-14 10:00:00,BHMBCCMKT01,0.17850953206239167,0.19796308875083923,0.01945355668844756,0.01945355668844756,0.00037844086783064276,False,True,LOW
2016-12-16 12:30:00,Shopping,0.6921875,0.7116289734840393,0.01944147348403935,0.01944147348403935,0.0003779708912306052,False,True,HIGH
2016-12-14 08:00:00,Others-CCCPS119a,0.13985016054227614,0.1204100251197815,-0.019440135422494648,0.019440135422494648,0.00037791886524493113,True,False,LOW
2016-12-12 16:00:00,Others-CCCPS105a,0.5953210552513688,0.57588130235672,-0.019439752894648832,0.019439752894648832,0.00037790399260500765,True,False,HIGH
2016-12-13 08:00:00,BHMMBMMBX01,0.6870451237263464,0.6676063537597656,-0.019438769966580782,0.019438769966580782,0.00037786577781364304,True,False,HIGH
2016-12-10 13:30:00,BHMNCPLDH01,0.6902777777777778,0.7096794247627258,0.019401646984948062,0.019401646984948062,0.0003764239057285442,False,True,HIGH
2016-12-13 15:00:00,BHMBCCMKT01,0.22357019064124783,0.24296118319034576,0.01939099254909793,0.01939099254909793,0.0003760105920391714,False,True,LOW
2016-12-13 12:30:00,BHMBCCPST01,0.5331230283911672,0.5137333869934082,-0.019389641397759005,0.019389641397759005,0.0003759581935336898,True,False,HIGH
2016-12-19 15:30:00,Broad Street,0.8405797101449275,0.8211981058120728,-0.01938160433285474,0.01938160433285474,0.00037564658651533363,True,False,VERY_HIGH
2016-12-17 15:30:00,BHMBRTARC01,0.782258064516129,0.7628996968269348,-0.01935836768919419,0.01935836768919419,0.00037474639959003757,True,False,VERY_HIGH
2016-12-14 15:00:00,BHMBCCSNH01,0.8586326767091541,0.8392797112464905,-0.01935296546266363,0.01935296546266363,0.00037453727219905126,True,False,VERY_HIGH
2016-12-16 12:00:00,BHMBRCBRG01,0.999009900990099,0.9796684384346008,-0.01934146255549818,0.01934146255549818,0.00037409217378573816,True,False,VERY_HIGH
2016-12-12 16:00:00,BHMBCCTHL01,0.9043927648578811,0.9237339496612549,0.019341184803373768,0.019341184803373768,0.0003740814295982564,False,True,VERY_HIGH
2016-12-17 14:30:00,BHMNCPPLS01,0.4711111111111111,0.4904381334781647,0.01932702236705358,0.01932702236705358,0.00037353379357658943,False,True,MODERATE
2016-12-13 14:00:00,Others-CCCPS119a,0.2104887620406707,0.22980742156505585,0.019318659524385134,0.019318659524385134,0.00037321060581911646,False,True,LOW
2016-12-19 15:30:00,BHMBCCMKT01,0.3986135181975737,0.4179230034351349,0.019309485237561208,0.019309485237561208,0.00037285622013959424,False,True,MODERATE
2016-12-16 14:30:00,BHMBCCMKT01,0.3240901213171577,0.30478107929229736,-0.019309042024860334,0.019309042024860334,0.0003728391039178225,True,False,MODERATE
2016-12-12 10:30:00,BHMBRCBRG02,0.5175879396984925,0.5368963479995728,0.01930840830108027,0.01930840830108027,0.0003728146311212255,False,True,HIGH
2016-12-17 11:00:00,Broad Street,0.2753623188405797,0.2946508526802063,0.019288533839626587,0.019288533839626587,0.00037204753768242,False,True,MODERATE
2016-12-17 08:00:00,BHMBRCBRG01,0.08514851485148515,0.06586706638336182,-0.01928144846812334,0.01928144846812334,0.00037177425502889585,True,False,LOW
2016-12-19 12:30:00,Others-CCCPS105a,0.7839721254355401,0.7646977305412292,-0.01927439489431082,0.01927439489431082,0.00037150229854183503,True,False,VERY_HIGH
2016-12-11 14:00:00,BHMNCPNST01,0.6927835051546392,0.7120391726493835,0.01925566749474439,0.01925566749474439,0.0003707807306681556,False,True,HIGH
2016-12-11 15:30:00,BHMBRCBRG02,0.8618090452261307,0.8810486197471619,0.0192395745210312,0.0192395745210312,0.0003701612277503129,False,True,VERY_HIGH
2016-12-11 09:30:00,BHMNCPLDH01,0.2763888888888889,0.2571622431278229,-0.01922664576106603,0.01922664576106603,0.00036966390722151834,True,False,MODERATE
2016-12-11 09:00:00,Bull Ring,0.07075008188666886,0.08997343480587006,0.0192233529192012,0.0192233529192012,0.0003695372974561613,False,True,LOW
2016-12-12 08:30:00,BHMNCPNST01,0.38762886597938145,0.40685132145881653,0.019222455479435074,0.019222455479435074,0.0003695027946588635,False,True,MODERATE
2016-12-16 15:00:00,BHMBRCBRG02,0.7629815745393634,0.7437671422958374,-0.019214432243526036,0.019214432243526036,0.000369194406441053,True,False,VERY_HIGH
2016-12-15 16:00:00,BHMNCPHST01,0.5525,0.5332947373390198,-0.019205262660980216,0.019205262660980216,0.0003688421138772409,True,False,HIGH
2016-12-19 12:30:00,BHMNCPPLS01,0.5044444444444445,0.48525676131248474,-0.019187683131959732,0.019187683131959732,0.000368167183972492,True,False,HIGH
2016-12-13 10:30:00,BHMBRCBRG01,0.7326732673267327,0.713486909866333,-0.01918635746039965,0.01918635746039965,0.0003681163125982333,True,False,HIGH
2016-12-12 15:30:00,Others-CCCPS105a,0.6331508213041314,0.6139666438102722,-0.019184177493859145,0.019184177493859145,0.00036803266611589174,True,False,HIGH
2016-12-15 14:00:00,BHMBRCBRG03,0.40518256772673733,0.4243626892566681,0.01918012152993076,0.01918012152993076,0.0003678770619029135,False,True,MODERATE
2016-12-15 12:00:00,BHMBCCTHL01,1.0,0.9808262586593628,-0.019173741340637207,0.019173741340637207,0.0003676323569976603,True,False,VERY_HIGH
2016-12-10 10:00:00,BHMBRCBRG01,0.9,0.8808281421661377,-0.019171857833862327,0.019171857833862327,0.00036756013280182825,True,False,VERY_HIGH
2016-12-17 08:00:00,BHMBRCBRG02,0.0695142378559464,0.08867722004652023,0.01916298219057383,0.01916298219057383,0.00036721988643624977,False,True,LOW
2016-12-12 11:00:00,BHMBRCBRG03,0.30742049469964666,0.28825801610946655,-0.01916247859018011,0.01916247859018011,0.0003672005857191111,True,False,MODERATE
2016-12-13 14:30:00,BHMBRCBRG01,0.8356435643564356,0.8164889812469482,-0.019154583109487366,0.019154583109487366,0.0003668980540982587,True,False,VERY_HIGH
2016-12-11 12:00:00,BHMBRCBRG03,0.4098939929328622,0.39074891805648804,-0.01914507487637418,0.01914507487637418,0.0003665338920219738,True,False,MODERATE
2016-12-09 08:00:00,BHMMBMMBX01,0.6011644832605532,0.6202840805053711,0.019119597244817932,0.019119597244817932,0.00036555899880404944,False,True,HIGH
2016-12-16 08:00:00,BHMNCPNHS01,0.43,0.41088393330574036,-0.019116066694259637,0.019116066694259637,0.0003654240058593826,True,False,MODERATE
2016-12-19 14:00:00,Others-CCCPS135a,0.815606489827453,0.7964963316917419,-0.01911015813571104,0.01911015813571104,0.00036519814397188293,True,False,VERY_HIGH
2016-12-14 12:00:00,BHMBCCSNH01,0.9837775202780996,0.9646837711334229,-0.019093749144676764,0.019093749144676764,0.00036457125639984466,True,False,VERY_HIGH
2016-12-10 15:00:00,BHMBRCBRG03,0.6619552414605419,0.6428669095039368,-0.019088331956605087,0.019088331956605087,0.000364364416885551,True,False,HIGH
2016-12-13 14:30:00,BHMBCCMKT01,0.2755632582322357,0.2946431338787079,0.019079875646472177,0.019079875646472177,0.0003640416546848421,False,True,MODERATE
2016-12-18 11:00:00,Shopping,0.3098958333333333,0.2908424437046051,-0.019053389628728212,0.019053389628728212,0.0003630316563441278,True,False,MODERATE
2016-12-09 13:00:00,BHMMBMMBX01,0.9403202328966521,0.9212853312492371,-0.01903490164741506,0.01903490164741506,0.0003623274807267645,True,False,VERY_HIGH
2016-12-15 09:30:00,BHMMBMMBX01,0.6812227074235808,0.7002239227294922,0.019001215305911368,0.019001215305911368,0.0003610461831016004,False,True,HIGH
2016-12-15 09:00:00,Others-CCCPS135a,0.6783414885397888,0.6973367929458618,0.018995304406073,0.018995304406073,0.0003608215894793763,False,True,HIGH
2016-12-11 12:30:00,BHMEURBRD01,0.22340425531914893,0.2423878014087677,0.018983546089618775,0.018983546089618775,0.00036037502213668026,False,True,LOW
2016-12-18 15:00:00,BHMNCPNST01,0.49072164948453606,0.5097010135650635,0.018979364080527417,0.018979364080527417,0.0003602162609012143,False,True,MODERATE
2016-12-17 11:30:00,BHMBRCBRG02,0.7646566164154104,0.7457246780395508,-0.018931938375859603,0.018931938375859603,0.00035841829066734555,True,False,VERY_HIGH
2016-12-18 15:30:00,BHMNCPNST01,0.4845360824742268,0.4656042754650116,-0.018931807009215207,0.018931807009215207,0.00035841331663417,True,False,MODERATE
2016-12-19 08:30:00,Others-CCCPS8,0.2980332829046899,0.27911293506622314,-0.018920347838466745,0.018920347838466745,0.0003579795623285732,True,False,MODERATE
2016-12-19 12:30:00,BHMNCPRAN01,0.755,0.7739101052284241,0.018910105228424068,0.018910105228424068,0.00035759207975007124,False,True,VERY_HIGH
2016-12-12 10:00:00,BHMBCCTHL01,0.8268733850129198,0.8079658150672913,-0.01890756994562859,0.01890756994562859,0.0003574962012488375,True,False,VERY_HIGH
2016-12-12 09:00:00,BHMBRCBRG01,0.16831683168316833,0.14941193163394928,-0.018904900049219048,0.018904900049219048,0.00035739524587096236,True,False,LOW
2016-12-17 08:30:00,Others-CCCPS98,0.45085401224621335,0.4697573781013489,0.018903365855135523,0.018903365855135523,0.00035733724065310356,False,True,MODERATE
2016-12-13 12:00:00,Others-CCCPS8,0.6437216338880484,0.6248376965522766,-0.01888393733577176,0.01888393733577176,0.00035660308930135466,True,False,HIGH
2016-12-19 16:00:00,Others-CCCPS8,0.6096822995461422,0.5908044576644897,-0.018877841881652424,0.018877841881652424,0.00035637291410867036,True,False,HIGH
2016-12-15 13:00:00,BHMNCPRAN01,0.9283333333333333,0.9471917748451233,0.018858441511789947,0.018858441511789947,0.0003556408162536023,False,True,VERY_HIGH
2016-12-16 16:00:00,BHMEURBRD02,0.6,0.6188445091247559,0.01884450912475588,0.01884450912475588,0.0003551155241530077,False,True,HIGH
2016-12-19 13:00:00,Others-CCCPS8,0.7049924357034796,0.6861572861671448,-0.018835149536334805,0.018835149536334805,0.00035476285805609325,True,False,HIGH
2016-12-14 16:00:00,BHMBCCTHL01,0.9612403100775194,0.9424185752868652,-0.018821734790654188,0.018821734790654188,0.00035425770052972225,True,False,VERY_HIGH
2016-12-12 09:30:00,BHMBCCPST01,0.21766561514195584,0.23648448288440704,0.0188188677424512,0.0188188677424512,0.0003541497831078704,False,True,LOW
2016-12-12 09:30:00,BHMNCPLDH01,0.8541666666666666,0.8353518843650818,-0.018814782301584843,0.018814782301584843,0.0003539960330560302,True,False,VERY_HIGH
2016-12-11 16:00:00,Bull Ring,0.6904683917458238,0.6716657876968384,-0.018802604048985372,0.018802604048985372,0.0003535379190229211,True,False,HIGH
2016-12-16 12:30:00,BHMEURBRD02,0.6909090909090909,0.7097102403640747,0.01880114945498379,0.01880114945498379,0.00035348322082863725,False,True,HIGH
2016-12-15 16:00:00,BHMBRCBRG02,0.5368509212730318,0.5180544853210449,-0.01879643595198688,0.01879643595198688,0.00035330600449714485,True,False,HIGH
2016-12-19 09:30:00,BHMBCCSNH01,0.7624565469293163,0.7812349796295166,0.018778432700200298,0.018778432700200298,0.00035262953467595187,False,True,VERY_HIGH
2016-12-11 13:00:00,Others-CCCPS105a,0.7466401194624191,0.7278745770454407,-0.018765542416978476,0.018765542416978476,0.0003521455822034184,True,False,HIGH
2016-12-19 13:00:00,BHMEURBRD02,0.8636363636363636,0.8448871970176697,-0.01874916661869397,0.01874916661869397,0.00035153124889554825,True,False,VERY_HIGH
2016-12-11 11:00:00,BHMBCCSNH01,0.6593279258400927,0.6405815482139587,-0.01874637762613396,0.01874637762613396,0.0003514266741016159,True,False,HIGH
2016-12-11 11:30:00,Others-CCCPS119a,0.21905101676774885,0.23779118061065674,0.018740163842907887,0.018740163842907887,0.0003511937408590321,False,True,LOW
2016-12-18 12:00:00,BHMNCPHST01,0.37833333333333335,0.35959601402282715,-0.018737319310506206,0.018737319310506206,0.0003510871349438688,True,False,MODERATE
2016-12-17 10:30:00,BHMBCCPST01,0.5457413249211357,0.5644655227661133,0.018724197844977586,0.018724197844977586,0.00035059558493786327,False,True,HIGH
2016-12-16 16:00:00,BHMBCCPST01,0.47003154574132494,0.4513132572174072,-0.018718288523917714,0.018718288523917714,0.0003503743252646296,True,False,MODERATE
2016-12-18 11:30:00,BHMBCCMKT01,0.28596187175043325,0.3046799898147583,0.01871811806432505,0.01871811806432505,0.0003503679438700118,False,True,MODERATE
2016-12-13 15:30:00,Others-CCCPS135a,0.7450424929178471,0.763756513595581,0.018714020677733978,0.018714020677733978,0.0003502145699266549,False,True,HIGH
2016-12-16 10:30:00,NIA South,0.16370558375634517,0.18240992724895477,0.018704343492609604,0.018704343492609604,0.00034985246548952724,False,True,LOW
2016-12-08 15:00:00,BHMBCCTHL01,1.0,0.9812964200973511,-0.018703579902648926,0.018703579902648926,0.0003498239011747728,True,False,VERY_HIGH
2016-12-13 16:00:00,Others-CCCPS8,0.4977307110438729,0.4790337085723877,-0.018697002471485202,0.018697002471485202,0.00034957790141872374,True,False,MODERATE
2016-12-17 14:00:00,BHMEURBRD02,0.2818181818181818,0.30049654841423035,0.018678366596048546,0.018678366596048546,0.00034888137869638214,False,True,MODERATE
2016-12-12 14:00:00,Broad Street,0.8666666666666667,0.8480058312416077,-0.01866083542505903,0.01866083542505903,0.000348226778761138,True,False,VERY_HIGH
2016-12-09 09:30:00,Others-CCCPS105a,0.565455450472872,0.584108829498291,0.01865337902541897,0.01865337902541897,0.0003479485490659404,False,True,HIGH
2016-12-14 15:30:00,Others-CCCPS133,0.5758288770053476,0.5571807622909546,-0.018648114714392983,0.018648114714392983,0.0003477521824011601,True,False,HIGH
2016-12-10 11:00:00,BHMEURBRD01,0.19787234042553192,0.17922437191009521,-0.018647968515436708,0.018647968515436708,0.0003477467297527187,True,False,LOW
2016-12-18 14:00:00,Others-CCCPS133,0.7933689839572192,0.77472323179245,-0.01864575216476927,0.01864575216476927,0.0003476640737899979,True,False,VERY_HIGH
2016-12-13 09:00:00,Others-CCCPS135a,0.668040175122328,0.686667263507843,0.018627088385514967,0.018627088385514967,0.0003469684217217866,False,True,HIGH
2016-12-10 16:00:00,BHMBRCBRG02,0.949748743718593,0.9311239123344421,-0.01862483138415083,0.01862483138415083,0.00034688434408804977,True,False,VERY_HIGH
2016-12-17 12:30:00,BHMNCPNST01,0.6144329896907217,0.5958167314529419,-0.018616258237779792,0.018616258237779792,0.000346565070775704,True,False,HIGH
2016-12-13 11:30:00,BHMEURBRD01,0.9468085106382979,0.9282007813453674,-0.01860772929293042,0.01860772929293042,0.0003462475894389808,True,False,VERY_HIGH
2016-12-11 14:00:00,BHMBCCMKT01,0.561525129982669,0.542931854724884,-0.01859327525778498,0.01859327525778498,0.0003457098848117591,True,False,HIGH
2016-12-19 11:30:00,BHMNCPHST01,0.6933333333333334,0.6747431755065918,-0.01859015782674156,0.01859015782674156,0.0003455939680231605,True,False,HIGH
2016-12-09 10:30:00,BHMNCPLDH01,0.8569444444444444,0.8755339980125427,0.018589553568098327,0.018589553568098327,0.00034557150186119727,False,True,VERY_HIGH
2016-12-19 11:30:00,BHMBCCMKT01,0.37435008665511266,0.35577234625816345,-0.018577740396949205,0.018577740396949205,0.0003451324382564384,True,False,MODERATE
2016-12-19 16:00:00,BHMBRCBRG02,0.7127303182579564,0.6941817998886108,-0.018548518369345568,0.018548518369345568,0.00034404753369795,True,False,HIGH
2016-12-11 15:00:00,Others-CCCPS105a,0.7964161274265804,0.7778692841529846,-0.018546843273595792,0.018546843273595792,0.0003439853954153255,True,False,VERY_HIGH
2016-12-09 14:30:00,Others-CCCPS8,0.5990922844175491,0.5805479884147644,-0.018544296002784733,0.018544296002784733,0.0003438909142388978,True,False,HIGH
2016-12-16 11:30:00,BHMEURBRD02,0.7090909090909091,0.7276246547698975,0.018533745678988356,0.018533745678988356,0.00034349972889341957,False,True,HIGH
2016-12-17 09:00:00,BHMBRCBRG03,0.26383981154299174,0.2453305572271347,-0.018509254315857038,0.018509254315857038,0.00034259249532907237,True,False,MODERATE
2016-12-19 09:30:00,Others-CCCPS105a,0.49825783972125437,0.5167504549026489,0.018492615181394556,0.018492615181394556,0.0003419768162471444,False,True,MODERATE
2016-12-16 08:30:00,BHMNCPRAN01,0.6383333333333333,0.6568223834037781,0.018489050070444768,0.018489050070444768,0.0003418449725074137,False,True,HIGH
2016-12-08 15:00:00,BHMEURBRD02,0.8863636363636364,0.8678799867630005,-0.018483649600635865,0.018483649600635865,0.00034164530255908636,True,False,VERY_HIGH
2016-12-16 14:00:00,BHMBRTARC01,0.7399193548387096,0.7214640974998474,-0.01845525733886222,0.01845525733886222,0.0003405965234436278,True,False,HIGH
2016-12-12 11:00:00,Others-CCCPS133,0.6331550802139038,0.614704966545105,-0.018450113668798784,0.018450113668798784,0.00034040669439159573,True,False,HIGH
2016-12-16 08:00:00,Others-CCCPS105a,0.4275759084121453,0.44602423906326294,0.018448330651117617,0.018448330651117617,0.0003403409038129658,False,True,MODERATE
2016-12-10 09:30:00,BHMBCCTHL01,0.7855297157622739,0.7670861482620239,-0.018443567500250002,0.018443567500250002,0.00034016518213627814,True,False,VERY_HIGH
2016-12-19 14:00:00,Broad Street,0.9188405797101449,0.9004056453704834,-0.01843493433966148,0.01843493433966148,0.00033984680410763,True,False,VERY_HIGH
2016-12-19 11:00:00,Others-CCCPS133,0.6414973262032085,0.6599302887916565,0.018432962588447954,0.018432962588447954,0.00033977410978712193,False,True,HIGH
2016-12-15 12:30:00,BHMEURBRD01,0.9085106382978724,0.9269287586212158,0.018418120323343445,0.018418120323343445,0.00033922715624515684,False,True,VERY_HIGH
2016-12-10 11:00:00,BHMNCPNST01,0.45979381443298967,0.44139763712882996,-0.01839617730415971,0.01839617730415971,0.00033841933940608084,True,False,MODERATE
2016-12-18 08:00:00,BHMNCPLDH01,0.25555555555555554,0.2739432752132416,0.01838771965768604,0.01838771965768604,0.0003381082342096537,False,True,MODERATE
2016-12-19 11:30:00,BHMNCPRAN01,0.765,0.7466201782226562,-0.018379821777343763,0.018379821777343763,0.00033781784856692004,True,False,VERY_HIGH
2016-12-09 10:00:00,Others-CCCPS105a,0.6127426580388253,0.5943653583526611,-0.018377299686164195,0.018377299686164195,0.0003377251437550906,True,False,HIGH
2016-12-15 09:00:00,BHMBRCBRG01,0.2089108910891089,0.19055363535881042,-0.018357255730298477,0.018357255730298477,0.00033698883794757627,True,False,LOW
2016-12-16 10:30:00,BHMNCPNST01,0.5670103092783505,0.5853557586669922,0.018345449388641688,0.018345449388641688,0.00033655551327121366,False,True,HIGH
2016-12-09 13:00:00,Others-CCCPS8,0.6497730711043873,0.6314432621002197,-0.018329809004167585,0.018329809004167585,0.0003359818981292631,True,False,HIGH
2016-12-17 14:30:00,BHMNCPLDH01,0.6583333333333333,0.6766560077667236,0.018322674433390307,0.018322674433390307,0.0003357203983920148,False,True,HIGH
2016-12-12 11:30:00,Others-CCCPS8,0.6202723146747352,0.638582706451416,0.018310391776680812,0.018310391776680812,0.0003352704470155403,False,True,HIGH
2016-12-14 15:30:00,Others-CCCPS8,0.5763993948562783,0.5581022500991821,-0.018297144757096206,0.018297144757096206,0.0003347855062621332,True,False,HIGH
2016-12-17 15:30:00,BHMBRCBRG01,1.0,0.9817060828208923,-0.018293917179107666,0.018293917179107666,0.0003346674057560506,True,False,VERY_HIGH
2016-12-12 11:00:00,BHMNCPHST01,0.6441666666666667,0.6258766055107117,-0.018290061155954995,0.018290061155954995,0.00033452633708857377,True,False,HIGH
2016-12-19 15:30:00,Others-CCCPS8,0.6580937972768532,0.6763597726821899,0.0182659754053367,0.0182659754053367,0.0003336458575083652,False,True,HIGH
2016-12-12 16:00:00,Others-CCCPS8,0.5408472012102874,0.5225836634635925,-0.01826353774669487,0.01826353774669487,0.0003335568110249483,True,False,HIGH
2016-12-19 09:30:00,Others-CCCPS133,0.3439572192513369,0.36220449209213257,0.018247272840795692,0.018247272840795692,0.0003329629661264401,False,True,MODERATE
2016-12-18 16:00:00,Others-CCCPS98,0.5136964228166291,0.4954518675804138,-0.018244555236215265,0.018244555236215265,0.0003328637957673099,True,False,HIGH
2016-12-18 15:30:00,BHMBRCBRG01,0.9188118811881189,0.9005798697471619,-0.018232011440956986,0.018232011440956986,0.0003324062411831864,True,False,VERY_HIGH
2016-12-12 10:30:00,BHMBRCBRG03,0.26501766784452296,0.28324952721595764,0.018231859371434678,0.018231859371434678,0.0003324006961397705,False,True,MODERATE
2016-12-16 12:00:00,BHMEURBRD01,0.7595744680851064,0.7777981758117676,0.018223707726661154,0.018223707726661154,0.00033210352330676943,False,True,VERY_HIGH
2016-12-10 08:00:00,BHMBRCBRG02,0.06365159128978225,0.0818733423948288,0.01822175110504655,0.01822175110504655,0.00033203221333426514,False,True,LOW
2016-12-12 08:30:00,BHMBCCSNH01,0.645422943221321,0.6636298298835754,0.01820688666225445,0.01820688666225445,0.000331490721932179,False,True,HIGH
2016-12-16 15:00:00,BHMNCPPLS01,0.26222222222222225,0.2804272770881653,0.018205054865943038,0.018205054865943038,0.00033142402267199626,False,True,MODERATE
2016-12-09 10:00:00,BHMNCPRAN01,0.7716666666666666,0.7898582816123962,0.01819161494572963,0.01819161494572963,0.0003309348543336936,False,True,VERY_HIGH
2016-12-08 15:00:00,BHMBRCBRG03,0.3474676089517079,0.36563724279403687,0.018169633842328947,0.018169633842328947,0.0003301355939643054,False,True,MODERATE
2016-12-18 11:30:00,Others-CCCPS202,0.2540006809669731,0.2721664011478424,0.018165720180869316,0.018165720180869316,0.00032999338968964275,False,True,MODERATE
2016-12-16 13:30:00,BHMNCPNST01,0.5319587628865979,0.5137932896614075,-0.018165473225190465,0.018165473225190465,0.0003299844174951117,True,False,HIGH
2016-12-09 14:00:00,BHMBRCBRG02,0.8450586264656617,0.8631972074508667,0.018138580985205044,0.018138580985205044,0.000329008120156842,False,True,VERY_HIGH
2016-12-16 10:30:00,BHMNCPPLS01,0.2511111111111111,0.2329852432012558,-0.01812586790985532,0.01812586790985532,0.00032854708748552284,True,False,MODERATE
2016-12-08 15:00:00,Others-CCCPS202,0.4453524004085802,0.4272303581237793,-0.01812204228480091,0.01812204228480091,0.0003284084165721122,True,False,MODERATE
2016-12-15 09:30:00,BHMNCPNST01,0.5463917525773195,0.5282716155052185,-0.018120137072101028,0.018120137072101028,0.00032833936751173,True,False,HIGH
2016-12-10 14:30:00,BHMBCCMKT01,0.8249566724436742,0.8068752884864807,-0.018081383957193498,0.018081383957193498,0.0003269364458074544,True,False,VERY_HIGH
2016-12-13 16:00:00,BHMNCPPLS01,0.18666666666666668,0.2047424167394638,0.01807575007279713,0.01807575007279713,0.0003267327406942255,False,True,LOW
2016-12-15 13:00:00,BHMEURBRD02,0.8590909090909091,0.8410155773162842,-0.018075331774624948,0.018075331774624948,0.00032671761876276625,True,False,VERY_HIGH
2016-12-09 09:30:00,BHMBCCTHL01,0.7571059431524548,0.739043116569519,-0.018062826582935787,0.018062826582935787,0.0003262657041652117,True,False,VERY_HIGH
2016-12-17 12:00:00,Others-CCCPS8,0.602874432677761,0.5848197937011719,-0.0180546389765891,0.0180546389765891,0.00032596998857497027,True,False,HIGH
2016-12-13 10:00:00,BHMEURBRD01,0.8319148936170213,0.8499467372894287,0.0180318436724074,0.0180318436724074,0.00032514738622613877,False,True,VERY_HIGH
2016-12-11 13:00:00,BHMEURBRD02,0.13636363636363635,0.11833681166172028,-0.018026824701916078,0.018026824701916078,0.0003249664088336117,True,False,LOW
2016-12-19 13:30:00,Others-CCCPS133,0.8705882352941177,0.8525632619857788,-0.018024973308338854,0.018024973308338854,0.0003248996627663281,True,False,VERY_HIGH
2016-12-08 15:30:00,BHMNCPPLS01,0.26222222222222225,0.28023597598075867,0.01801375375853642,0.01801375375853642,0.00032449532447318503,False,True,MODERATE
2016-12-10 14:30:00,BHMNCPPLS01,0.4533333333333333,0.43533456325531006,-0.017998770078023252,0.017998770078023252,0.00032395572432154514,True,False,MODERATE
2016-12-17 09:00:00,BHMEURBRD01,0.14042553191489363,0.15840186178684235,0.01797632987194872,0.01797632987194872,0.0003231484356651159,False,True,LOW
2016-12-15 08:00:00,BHMBCCPST01,0.11041009463722397,0.09246471524238586,-0.017945379394838104,0.017945379394838104,0.00032203664162468,True,False,LOW
2016-12-12 09:30:00,BHMBRCBRG03,0.2061248527679623,0.18820443749427795,-0.017920415273684348,0.017920415273684348,0.0003211412835812993,True,False,LOW
2016-12-15 15:30:00,BHMEURBRD02,0.8181818181818182,0.8002645373344421,-0.017917280847376094,0.017917280847376094,0.0003210289529637502,True,False,VERY_HIGH
2016-12-14 15:00:00,BHMBCCTHL01,1.0,0.9820880889892578,-0.017911911010742188,0.017911911010742188,0.0003208365560567472,True,False,VERY_HIGH
2016-12-16 09:00:00,BHMNCPHST01,0.44916666666666666,0.46706491708755493,0.017898250420888273,0.017898250420888273,0.00032034736812882724,False,True,MODERATE
2016-12-19 14:00:00,BHMNCPNHS01,0.712,0.6941055655479431,-0.01789443445205685,0.01789443445205685,0.00032021078435895916,True,False,HIGH
2016-12-15 12:30:00,Others-CCCPS98,0.4070254592330003,0.38913261890411377,-0.01789284032888655,0.01789284032888655,0.00032015373503502893,True,False,MODERATE
2016-12-11 08:30:00,BHMEURBRD01,0.10851063829787234,0.1264021098613739,0.017891471563501557,0.017891471563501557,0.0003201047547075848,False,True,LOW
2016-12-19 09:30:00,BHMNCPPLS01,0.14888888888888888,0.13101212680339813,-0.017876762085490744,0.017876762085490744,0.00031957862266123935,True,False,LOW
2016-12-09 15:30:00,BHMNCPLDH01,0.7,0.7178613543510437,0.017861354351043746,0.017861354351043746,0.00031902797925354934,False,True,HIGH
2016-12-09 11:30:00,Others-CCCPS133,0.6832085561497326,0.665355384349823,-0.01785317179990964,0.01785317179990964,0.0003187357433170888,True,False,HIGH
2016-12-11 13:30:00,BHMBCCPST01,0.8769716088328076,0.8948174118995667,0.01784580306675909,0.01784580306675909,0.0003184726870975482,False,True,VERY_HIGH
2016-12-12 14:00:00,Bull Ring,0.7713724205699312,0.7892130613327026,0.017840640762771476,0.017840640762771476,0.00031828846282626317,False,True,VERY_HIGH
2016-12-12 15:00:00,BHMBCCTHL01,1.0,0.9821826815605164,-0.017817318439483643,0.017817318439483643,0.0003174568363739638,True,False,VERY_HIGH
2016-12-19 11:30:00,Shopping,0.7416666666666667,0.7238503694534302,-0.01781629721323652,0.01781629721323652,0.0003174204463903794,True,False,HIGH
2016-12-14 15:00:00,BHMBRTARC01,0.8306451612903226,0.8128324151039124,-0.017812746186410267,0.017812746186410267,0.0003172939267014735,True,False,VERY_HIGH
2016-12-15 16:00:00,NIA South,0.3743654822335025,0.35656026005744934,-0.01780522217605318,0.01780522217605318,0.000317025936738616,True,False,MODERATE
2016-12-19 09:00:00,Others-CCCPS133,0.2774331550802139,0.2952267527580261,0.017793597677812245,0.017793597677812245,0.0003166121183198453,False,True,MODERATE
2016-12-17 11:00:00,BHMNCPLDH01,0.49722222222222223,0.47943636775016785,-0.017785854472054385,0.017785854472054385,0.00031633661930109696,True,False,MODERATE
2016-12-19 15:30:00,BHMEURBRD01,0.8617021276595744,0.8439180850982666,-0.017784042561307833,0.017784042561307833,0.0003162721698224085,True,False,VERY_HIGH
2016-12-09 13:30:00,BHMBCCPST01,0.4605678233438486,0.4783158600330353,0.017748036689186675,0.017748036689186675,0.0003149928063207163,False,True,MODERATE
2016-12-11 10:30:00,Others-CCCPS119a,0.20799143774527293,0.19025009870529175,-0.01774133903998118,0.01774133903998118,0.00031475511093156033,True,False,LOW
2016-12-09 08:30:00,Others-CCCPS8,0.38502269288956126,0.4027434289455414,0.017720736055980124,0.017720736055980124,0.000314024486365714,False,True,MODERATE
2016-12-18 12:00:00,Others-CCCPS105a,0.5699352911896466,0.5522191524505615,-0.017716138739085063,0.017716138739085063,0.0003138615718225105,True,False,HIGH
2016-12-19 14:30:00,BHMNCPNHS01,0.71,0.6923002600669861,-0.01769973993301388,0.01769973993301388,0.0003132807936963262,True,False,HIGH
2016-12-14 10:00:00,BHMMBMMBX01,0.7656477438136827,0.7479670643806458,-0.017680679433036972,0.017680679433036972,0.00031260642521381657,True,False,VERY_HIGH
2016-12-14 08:30:00,BHMBRCBRG01,0.11089108910891089,0.12856873869895935,0.017677649590048458,0.017677649590048458,0.00031249929502854043,False,True,LOW
2016-12-14 12:00:00,Others-CCCPS119a,0.2265429896539422,0.2442193329334259,0.017676343279483697,0.017676343279483697,0.0003124531117341485,False,True,LOW
2016-12-10 12:00:00,BHMEURBRD02,0.1,0.08233051002025604,-0.017669489979743963,0.017669489979743963,0.0003122108761442723,True,False,LOW
2016-12-13 09:30:00,BHMEURBRD01,0.7914893617021277,0.8091399669647217,0.017650605262593988,0.017650605262593988,0.00031154386613591056,False,True,VERY_HIGH
2016-12-10 12:30:00,Others-CCCPS133,0.7880213903743315,0.8056493997573853,0.017628009383053755,0.017628009383053755,0.00031074671480903123,False,True,VERY_HIGH
2016-12-11 10:00:00,BHMBCCMKT01,0.060658578856152515,0.0430375374853611,-0.017621041370791415,0.017621041370791415,0.0003105010989911426,True,False,LOW
2016-12-16 09:00:00,BHMBCCSNH01,0.7867902665121669,0.7691795229911804,-0.01761074352098646,0.01761074352098646,0.0003101382873619666,True,False,VERY_HIGH
2016-12-13 11:30:00,Bull Ring,0.6593514575827055,0.6417489051818848,-0.01760255240082076,0.01760255240082076,0.00030984985102364067,True,False,HIGH
2016-12-14 12:30:00,BHMBCCPST01,0.4637223974763407,0.4461231827735901,-0.01759921470275061,0.01759921470275061,0.0003097323581535132,True,False,MODERATE
2016-12-16 12:00:00,Bull Ring,0.7373075663282017,0.7197138071060181,-0.017593759222183647,0.017593759222183647,0.0003095403635681721,True,False,HIGH
2016-12-09 12:00:00,Others-CCCPS133,0.7343315508021391,0.7167387008666992,-0.017592849935439858,0.017592849935439858,0.0003095083688509062,True,False,HIGH
2016-12-14 09:00:00,BHMNCPNST01,0.44742268041237115,0.4650132358074188,0.01759055539504767,0.01759055539504767,0.00030942763910624067,False,True,MODERATE
2016-12-12 11:00:00,Others-CCCPS105a,0.670980587356894,0.6534039378166199,-0.01757664954027416,0.01757664954027416,0.0003089386090616198,True,False,HIGH
2016-12-19 12:00:00,Shopping,0.7682291666666666,0.7506527304649353,-0.017576436201731327,0.017576436201731327,0.00030893110955353153,True,False,VERY_HIGH
2016-12-19 16:00:00,Broad Street,0.782608695652174,0.7650341391563416,-0.017574556495832394,0.017574556495832394,0.0003088650360252046,True,False,VERY_HIGH
2016-12-14 15:00:00,BHMBRCBRG01,0.7415841584158416,0.759145200252533,0.017561041836691382,0.017561041836691382,0.00030839019039002506,False,True,HIGH
2016-12-10 12:00:00,Shopping,0.5052083333333334,0.48765474557876587,-0.0175535877545675,0.0175535877545675,0.0003081284430573021,True,False,HIGH
2016-12-18 13:00:00,BHMEURBRD02,0.11818181818181818,0.10063663870096207,-0.017545179480856113,0.017545179480856113,0.00030783332301545437,True,False,LOW
2016-12-14 09:00:00,BHMNCPHST01,0.48333333333333334,0.5008752346038818,0.0175419012705485,0.0175419012705485,0.00030771830018567104,False,True,MODERATE
2016-12-09 15:30:00,BHMBRCBRG02,0.6666666666666666,0.6842067241668701,0.017540057500203488,0.017540057500203488,0.00030765361711044463,False,True,HIGH
2016-12-14 15:30:00,Shopping,0.6859375,0.6684017181396484,-0.01753578186035154,0.01753578186035154,0.00030750364545383414,True,False,HIGH
2016-12-13 16:00:00,BHMBCCPST01,0.3438485804416404,0.36138400435447693,0.017535423912836523,0.017535423912836523,0.00030749109180287895,False,True,MODERATE
2016-12-19 13:30:00,BHMNCPRAN01,0.77,0.7525098323822021,-0.01749016761779787,0.01749016761779787,0.0003059059632986652,True,False,VERY_HIGH
2016-12-14 14:00:00,BHMBRCBRG02,0.711892797319933,0.6944065093994141,-0.017486287920518984,0.017486287920518984,0.00030577026523928813,True,False,HIGH
2016-12-08 15:00:00,Bull Ring,0.6007206026858828,0.5832551121711731,-0.01746549051470969,0.01746549051470969,0.0003050433589194142,True,False,HIGH
2016-12-18 16:00:00,BHMNCPPLS01,0.3977777777777778,0.3803183138370514,-0.017459463940726394,0.017459463940726394,0.00030483288109752523,True,False,MODERATE
2016-12-13 08:30:00,BHMNCPRAN01,0.7166666666666667,0.6992145776748657,-0.01745208899180095,0.01745208899180095,0.00030457541017773994,True,False,HIGH
2016-12-11 13:30:00,BHMBRCBRG03,0.5135453474676089,0.49609389901161194,-0.017451448455997,0.017451448455997,0.00030455305321232,True,False,HIGH
2016-12-09 09:30:00,Others-CCCPS202,0.3534218590398366,0.37086668610572815,0.017444827065891566,0.017444827065891566,0.0003043219913588629,False,True,MODERATE
2016-12-18 15:30:00,BHMBCCSNH01,0.6848203939745076,0.7022631764411926,0.01744278246668507,0.01744278246668507,0.0003042506601800961,False,True,HIGH
2016-12-19 08:00:00,BHMBRCBRG01,0.08316831683168317,0.06572619080543518,-0.017442126026247992,0.017442126026247992,0.0003042277603155176,True,False,LOW
2016-12-19 13:00:00,BHMBRCBRG03,0.6713780918727915,0.6539435982704163,-0.017434493602375256,0.017434493602375256,0.00030396156717126373,True,False,HIGH
2016-12-16 10:00:00,Bull Ring,0.47461513265640354,0.4920344054698944,0.01741927281349087,0.01741927281349087,0.0003034310653508222,False,True,MODERATE
2016-12-17 15:30:00,Others-CCCPS135a,0.5153232037084728,0.5327158570289612,0.017392653320488338,0.017392653320488338,0.00030250438952669404,False,True,HIGH
2016-12-15 13:00:00,BHMBRCBRG01,1.0,0.9826108813285828,-0.017389118671417236,0.017389118671417236,0.00030238144816863155,True,False,VERY_HIGH
2016-12-18 14:00:00,BHMNCPLDH01,0.5597222222222222,0.5770940780639648,0.01737185584174261,0.01737185584174261,0.0003017813753862869,False,True,HIGH
2016-12-17 09:30:00,BHMBCCTHL01,0.7131782945736435,0.6958178281784058,-0.017360466395237695,0.017360466395237695,0.00030138579346017727,True,False,HIGH
2016-12-19 09:30:00,Others-CCCPS8,0.4009077155824508,0.4182628393173218,0.01735512373487097,0.01735512373487097,0.00030120031985268167,False,True,MODERATE
2016-12-11 09:00:00,BHMBCCPST01,0.138801261829653,0.15615525841712952,0.017353996587476522,0.017353996587476522,0.0003011611975581468,False,True,LOW
2016-12-11 11:00:00,BHMNCPRAN01,0.24,0.22265008091926575,-0.017349919080734244,0.017349919080734244,0.0003010196921080262,True,False,LOW
2016-12-18 15:00:00,BHMMBMMBX01,0.7976710334788938,0.815010666847229,0.017339633368335217,0.017339633368335217,0.0003006628853482841,False,True,VERY_HIGH
2016-12-09 14:00:00,BHMNCPNST01,0.5463917525773195,0.5637274384498596,0.017335685872540085,0.017335685872540085,0.0003005260046713859,False,True,HIGH
2016-12-11 13:30:00,BHMNCPHST01,0.52,0.5026736259460449,-0.017326374053955096,0.017326374053955096,0.00030020323785756836,True,False,HIGH
2016-12-17 15:00:00,BHMMBMMBX01,0.7918486171761281,0.7745452523231506,-0.017303364852977454,0.017303364852977454,0.0002994064352352555,True,False,VERY_HIGH
2016-12-15 08:00:00,NIA Car Parks,0.09621451104100946,0.07896071672439575,-0.01725379431661371,0.01725379431661371,0.0002976934183200116,True,False,LOW
2016-12-14 08:00:00,BHMBRTARC01,0.7762096774193549,0.7934553623199463,0.017245684900591418,0.017245684900591418,0.0002974136476904868,False,True,VERY_HIGH
2016-12-16 09:30:00,Broad Street,0.6594202898550725,0.6766635179519653,0.017243228096892826,0.017243228096892826,0.0002973289152014742,False,True,HIGH
2016-12-15 15:00:00,BHMBCCTHL01,1.0,0.9827752113342285,-0.017224788665771484,0.017224788665771484,0.0002966933445804898,True,False,VERY_HIGH
2016-12-15 15:00:00,Bull Ring,0.5931870291516541,0.5759732127189636,-0.017213816432690487,0.017213816432690487,0.00029631547617836503,True,False,HIGH
2016-12-14 12:00:00,NIA South,0.29314720812182743,0.3103609085083008,0.017213700386473352,0.017213700386473352,0.0002963114809952728,False,True,MODERATE
2016-12-10 13:30:00,BHMNCPNST01,0.7216494845360825,0.7388604879379272,0.017211003401844782,0.017211003401844782,0.0002962186380983127,False,True,HIGH
2016-12-14 08:00:00,BHMBCCTHL01,0.627906976744186,0.6107041835784912,-0.01720279316569484,0.01720279316569484,0.0002959360927016771,True,False,HIGH
2016-12-16 14:30:00,BHMBCCTHL01,1.0,0.9828003644943237,-0.01719963550567627,0.01719963550567627,0.0002958274615281198,True,False,VERY_HIGH
2016-12-18 16:00:00,BHMBCCMKT01,0.35701906412478335,0.3398287296295166,-0.017190334495266746,0.017190334495266746,0.00029550760005915783,True,False,MODERATE
2016-12-15 15:30:00,BHMNCPHST01,0.5916666666666667,0.6088550686836243,0.017188402016957594,0.017188402016957594,0.0002954411638965519,False,True,HIGH
2016-12-18 09:00:00,BHMBRCBRG03,0.10365135453474676,0.12083861231803894,0.01718725778329218,0.01718725778329218,0.0002954018301093376,False,True,LOW
2016-12-09 08:00:00,BHMNCPNST01,0.5257731958762887,0.5429370403289795,0.017163844452690813,0.017163844452690813,0.0002945975563961652,False,True,HIGH
2016-12-15 11:00:00,Shopping,0.753125,0.7702711224555969,0.01714612245559688,0.01714612245559688,0.00029398951526232357,False,True,VERY_HIGH
2016-12-15 09:00:00,BHMBCCSNH01,0.7983777520278099,0.781236469745636,-0.01714128228217393,0.01714128228217393,0.0002938235582771699,True,False,VERY_HIGH
2016-12-12 10:30:00,BHMEURBRD01,0.7702127659574468,0.7873537540435791,0.01714098808613229,0.01714098808613229,0.00029381347256892917,False,True,VERY_HIGH
2016-12-14 11:30:00,BHMEURBRD02,0.8136363636363636,0.796543538570404,-0.01709282506595955,0.01709282506595955,0.00029216466873549507,True,False,VERY_HIGH
2016-12-13 10:00:00,Shopping,0.71875,0.7016720771789551,-0.017077922821044922,0.017077922821044922,0.00029165544788156694,True,False,HIGH
2016-12-14 12:30:00,BHMBCCSNH01,0.9895712630359212,0.9724938273429871,-0.017077435692934184,0.017077435692934184,0.0002916388098463025,True,False,VERY_HIGH
2016-12-10 12:30:00,BHMMBMMBX01,0.7540029112081513,0.7369276285171509,-0.01707528269100045,0.01707528269100045,0.0002915652789775795,True,False,VERY_HIGH
2016-12-10 12:00:00,BHMBRCBRG02,1.0,0.9829334616661072,-0.017066538333892822,0.017066538333892822,0.0002912667307022332,True,False,VERY_HIGH
2016-12-17 13:00:00,Shopping,0.534375,0.5514340400695801,0.017059040069580034,0.017059040069580034,0.0002910108480955372,False,True,HIGH
2016-12-10 09:00:00,Bull Ring,0.33377006223386835,0.3167153298854828,-0.01705473234838556,0.01705473234838556,0.0002908638954750688,True,False,MODERATE
2016-12-16 13:00:00,Others-CCCPS135a,0.7646149884110224,0.7475718259811401,-0.01704316242988224,0.01704316242988224,0.00029046938561134956,True,False,VERY_HIGH
2016-12-18 09:00:00,Shopping,0.203125,0.18609076738357544,-0.01703423261642456,0.01703423261642456,0.00029016508083046233,True,False,LOW
2016-12-18 11:30:00,Others-CCCPS119a,0.45594006421691047,0.47296181321144104,0.017021748994530572,0.017021748994530572,0.00028973993883280253,False,True,MODERATE
2016-12-10 14:30:00,BHMEURBRD01,0.3468085106382979,0.32979872822761536,-0.017009782410682517,0.017009782410682517,0.0002893326976587643,True,False,MODERATE
2016-12-17 15:30:00,BHMMBMMBX01,0.8224163027656477,0.8054140210151672,-0.017002281750480464,0.017002281750480464,0.00028907758472272103,True,False,VERY_HIGH
2016-12-13 12:00:00,BHMBRCBRG02,0.61892797319933,0.6359140276908875,0.016986054491557434,0.016986054491557434,0.00028852604719015846,False,True,HIGH
2016-12-15 09:00:00,BHMBRCBRG02,0.19597989949748743,0.21295218169689178,0.01697228219940436,0.01697228219940436,0.00028805836305621806,False,True,LOW
2016-12-12 15:00:00,BHMBRCBRG02,0.711892797319933,0.694936990737915,-0.016955806582018007,0.016955806582018007,0.00028749937684680515,True,False,HIGH
2016-12-16 15:30:00,BHMNCPHST01,0.5333333333333333,0.5163798332214355,-0.01695350011189778,0.01695350011189778,0.000287421166044118,True,False,HIGH
2016-12-19 15:30:00,Bull Ring,0.7756305273501474,0.7925759553909302,0.016945428040782806,0.016945428040782806,0.0002871475314853482,False,True,VERY_HIGH
2016-12-13 16:00:00,Others-CCCPS105a,0.5594823295171727,0.5425378084182739,-0.016944521098898768,0.016944521098898768,0.00028711679527102554,True,False,HIGH
2016-12-14 08:30:00,BHMNCPLDH01,0.7208333333333333,0.7377766370773315,0.016943303743998217,0.016943303743998217,0.000287075541761384,False,True,HIGH
2016-12-09 16:00:00,BHMMBMMBX01,0.7467248908296943,0.7297899127006531,-0.01693497812904121,0.01693497812904121,0.0002867934842311042,True,False,HIGH
2016-12-09 12:30:00,BHMBCCMKT01,0.36395147313691506,0.347030907869339,-0.01692056526757607,0.01692056526757607,0.0002863055289743017,True,False,MODERATE
2016-12-18 08:30:00,Others-CCCPS119a,0.3681769532643596,0.3850880265235901,0.01691107325923047,0.01691107325923047,0.00028598439877905983,False,True,MODERATE
2016-12-16 15:30:00,BHMNCPPLS01,0.2311111111111111,0.24800699949264526,0.016895888381534163,0.016895888381534163,0.0002854710442012611,False,True,LOW
2016-12-11 08:00:00,Others-CCCPS105a,0.3633648581383773,0.38025131821632385,0.01688646007794653,0.01688646007794653,0.00028515253396408193,False,True,MODERATE
2016-12-08 16:00:00,BHMNCPNHS01,0.74,0.7231239676475525,-0.0168760323524475,0.0168760323524475,0.00028480046796085473,True,False,HIGH
2016-12-10 13:30:00,BHMMBMMBX01,0.8486171761280932,0.8317502737045288,-0.016866902423564367,0.016866902423564367,0.0002844923973660415,True,False,VERY_HIGH
2016-12-13 09:00:00,BHMMBMMBX01,0.8209606986899564,0.804099977016449,-0.016860721673507384,0.016860721673507384,0.0002842839353514816,True,False,VERY_HIGH
2016-12-17 13:30:00,BHMBRCBRG03,0.6914016489988222,0.6745554804801941,-0.01684616851862808,0.01684616851862808,0.0002837933937580158,True,False,HIGH
2016-12-13 09:30:00,BHMNCPRAN01,0.8866666666666667,0.9035102128982544,0.01684354623158768,0.01684354623158768,0.00028370504965563153,False,True,VERY_HIGH
2016-12-12 11:00:00,Others-CCCPS202,0.42083758937691523,0.403994619846344,-0.01684296953057124,0.01684296953057124,0.00028368562260775115,True,False,MODERATE
2016-12-14 13:30:00,Others-CCCPS202,0.45556690500510727,0.43873605132102966,-0.016830853684077607,0.016830853684077607,0.00028327763573482873,True,False,MODERATE
2016-12-12 13:30:00,BHMEURBRD01,0.8148936170212766,0.8317210078239441,0.016827390802667486,0.016827390802667486,0.0002831610812256983,False,True,VERY_HIGH
2016-12-18 14:00:00,Bull Ring,0.8702915165411071,0.8534657955169678,-0.016825721024139373,0.016825721024139373,0.0002831048879821657,True,False,VERY_HIGH
2016-12-09 15:30:00,BHMNCPNST01,0.5051546391752577,0.48834750056266785,-0.016807138612589867,0.016807138612589867,0.00028247990834280926,True,False,HIGH
2016-12-16 13:00:00,BHMEURBRD02,0.6727272727272727,0.6895182728767395,0.016791000149466773,0.016791000149466773,0.00028193768601939316,False,True,HIGH
2016-12-17 16:00:00,Others-CCCPS98,0.5910409281340638,0.5742619037628174,-0.016779024371246454,0.016779024371246454,0.00028153565885088246,True,False,HIGH
2016-12-19 10:00:00,Others-CCCPS8,0.47276853252647505,0.45599329471588135,-0.0167752378105937,0.0167752378105937,0.0002814086036019726,True,False,MODERATE
2016-12-09 10:00:00,BHMNCPLDH01,0.8486111111111111,0.865385115146637,0.01677400403552587,0.01677400403552587,0.00028136721138383815,False,True,VERY_HIGH
2016-12-12 10:00:00,Broad Street,0.8014492753623188,0.8182199001312256,0.016770624768906783,0.016770624768906783,0.0002812538551394697,False,True,VERY_HIGH
2016-12-18 09:00:00,BHMEURBRD01,0.15531914893617021,0.13857430219650269,-0.01674484673966753,0.01674484673966753,0.0002803898923349543,True,False,LOW
2016-12-14 13:00:00,Others-CCCPS8,0.6142208774583964,0.6309646368026733,0.016743759344276965,0.016743759344276965,0.00028035347697906215,False,True,HIGH
2016-12-08 16:00:00,Broad Street,0.6985507246376812,0.7152930498123169,0.016742325174635697,0.016742325174635697,0.00028030545225324024,False,True,HIGH
2016-12-17 14:00:00,BHMBRTARC01,0.7520161290322581,0.7352770566940308,-0.016739072338227357,0.016739072338227357,0.00028019654274440825,True,False,VERY_HIGH
2016-12-14 09:00:00,BHMBCCMKT01,0.07279029462738301,0.0560683012008667,-0.016721993426516313,0.016721993426516313,0.00027962506415645476,True,False,LOW
2016-12-16 10:30:00,Others-CCCPS133,0.57475935828877,0.5580521821975708,-0.016707176091199205,0.016707176091199205,0.00027912973294233836,True,False,HIGH
2016-12-08 16:00:00,BHMEURBRD01,0.6829787234042554,0.6996831893920898,0.016704465987834483,0.016704465987834483,0.00027903918393871904,False,True,HIGH
2016-12-13 12:30:00,BHMEURBRD02,0.9818181818181818,0.965117335319519,-0.01670084649866277,0.01670084649866277,0.0002789182737718965,True,False,VERY_HIGH
2016-12-19 08:00:00,BHMNCPLDH01,0.6138888888888889,0.5971930623054504,-0.01669582658343849,0.01669582658343849,0.00027875062530425133,True,False,HIGH
2016-12-17 10:00:00,Bull Ring,0.5922043891254504,0.6088919043540955,0.01668751522864509,0.01668751522864509,0.00027847316450626175,False,True,HIGH
2016-12-16 11:30:00,BHMBCCTHL01,1.0,0.983316957950592,-0.01668304204940796,0.01668304204940796,0.0002783238920223141,True,False,VERY_HIGH
2016-12-13 14:00:00,BHMNCPHST01,0.6908333333333333,0.7075155973434448,0.016682264010111525,0.016682264010111525,0.00027829793250306223,False,True,HIGH
2016-12-12 15:00:00,Others-CCCPS8,0.596822995461422,0.5801461935043335,-0.01667680195708854,0.01667680195708854,0.0002781157235159521,True,False,HIGH
2016-12-17 09:30:00,BHMBRTARC01,0.7782258064516129,0.7948599457740784,0.01663413932246549,0.01663413932246549,0.0002766945909991927,False,True,VERY_HIGH
2016-12-16 10:00:00,BHMEURBRD02,0.6863636363636364,0.6697555184364319,-0.016608117927204513,0.016608117927204513,0.00027582958108393195,True,False,HIGH
2016-12-14 12:30:00,BHMBRCBRG02,0.6716917922948074,0.6550878286361694,-0.01660396365863792,0.01660396365863792,0.00027569160917736876,True,False,HIGH
2016-12-13 14:00:00,BHMBRCBRG03,0.48056537102473496,0.4639667868614197,-0.016598584163315278,0.016598584163315278,0.00027551299622666074,True,False,MODERATE
2016-12-12 10:00:00,BHMEURBRD01,0.7574468085106383,0.7740304470062256,0.016583638495587305,0.016583638495587305,0.0002750170657523252,False,True,VERY_HIGH
2016-12-19 10:00:00,BHMNCPNHS01,0.676,0.6925740242004395,0.016574024200439408,0.016574024200439408,0.00027469827819675115,False,True,HIGH
2016-12-15 14:00:00,BHMEURBRD02,0.8681818181818182,0.8516215682029724,-0.016560249978845754,0.016560249978845754,0.00027424187936186077,True,False,VERY_HIGH
2016-12-11 12:30:00,BHMBCCMKT01,0.44540727902946275,0.428847074508667,-0.016560204520795763,0.016560204520795763,0.0002742403737705844,True,False,MODERATE
2016-12-13 08:00:00,BHMBRTARC01,0.8125,0.8290520906448364,0.016552090644836426,0.016552090644836426,0.0002739717047148815,False,True,VERY_HIGH
2016-12-16 09:00:00,BHMBRCBRG01,0.3069306930693069,0.2904110848903656,-0.016519608178941325,0.016519608178941325,0.00027289745438574515,True,False,MODERATE
2016-12-12 10:00:00,BHMNCPNHS01,0.856,0.8724604249000549,0.01646042490005495,0.01646042490005495,0.00027094558789034895,False,True,VERY_HIGH
2016-12-14 15:00:00,BHMNCPPLS01,0.23333333333333334,0.2497846931219101,0.016451359788576758,0.016451359788576758,0.0002706472388932003,False,True,LOW
2016-12-15 15:00:00,Others-CCCPS8,0.6399394856278366,0.6234908699989319,-0.01644861562890476,0.01644861562890476,0.00027055695610744997,True,False,HIGH
2016-12-13 10:30:00,Broad Street,0.9159420289855073,0.8994949460029602,-0.016447082982547045,0.016447082982547045,0.00027050653863478863,True,False,VERY_HIGH
2016-12-13 09:00:00,BHMNCPPLS01,0.10888888888888888,0.09244882315397263,-0.016440065734916257,0.016440065734916257,0.0002702757613683676,True,False,LOW
2016-12-18 15:30:00,BHMBCCPST01,0.6656151419558359,0.6820518970489502,0.016436755093114264,0.016436755093114264,0.0002701669179910177,False,True,HIGH
2016-12-15 09:00:00,Others-CCCPS202,0.3255022131426626,0.3419376611709595,0.016435448028296884,0.016435448028296884,0.0002701239518908479,False,True,MODERATE
2016-12-12 08:00:00,BHMNCPHST01,0.2791666666666667,0.26273995637893677,-0.016426710287729906,0.016426710287729906,0.00026983681087701156,True,False,MODERATE
2016-12-18 14:30:00,BHMEURBRD01,0.4978723404255319,0.5142975449562073,0.016425204530675364,0.016425204530675364,0.0002697873438745185,False,True,MODERATE
2016-12-13 12:00:00,BHMEURBRD02,0.9727272727272728,0.989138662815094,0.01641139008782122,0.01641139008782122,0.0002693337246146366,False,True,VERY_HIGH
2016-12-15 15:30:00,Others-CCCPS105a,0.7257341961174714,0.7093314528465271,-0.016402743270944264,0.016402743270944264,0.00026904998681250735,True,False,HIGH
2016-12-11 12:00:00,BHMNCPPLS01,0.5,0.5163925886154175,0.01639258861541748,0.01639258861541748,0.0002687169615143148,False,True,MODERATE
2016-12-11 13:30:00,BHMEURBRD01,0.27872340425531916,0.26233360171318054,-0.01638980254213862,0.01638980254213862,0.0002686256273702936,True,False,MODERATE
2016-12-10 08:30:00,Others-CCCPS8,0.35930408472012104,0.3429204523563385,-0.01638363236378254,0.01638363236378254,0.0002684234094315827,True,False,MODERATE
2016-12-09 10:00:00,BHMBCCSNH01,0.9119351100811124,0.89555424451828,-0.01638086556283236,0.01638086556283236,0.0002683327565875871,True,False,VERY_HIGH
2016-12-10 13:00:00,BHMNCPNST01,0.6783505154639176,0.6619835495948792,-0.016366965869038408,0.016366965869038408,0.00026787757175826814,True,False,HIGH
2016-12-19 14:00:00,BHMEURBRD02,0.8681818181818182,0.8518159985542297,-0.01636581962758843,0.01636581962758843,0.00026784005208275866,True,False,VERY_HIGH
2016-12-14 08:30:00,Others-CCCPS119a,0.1569746699964324,0.17333276569843292,0.01635809570200053,0.01635809570200053,0.00026758729499580823,False,True,LOW
2016-12-11 12:00:00,BHMNCPHST01,0.40166666666666667,0.3853260576725006,-0.01634060899416606,0.01634060899416606,0.0002670155023002208,True,False,MODERATE
2016-12-18 15:00:00,Others-CCCPS119a,0.4555833036032822,0.43925219774246216,-0.01633110586082004,0.01633110586082004,0.0002667050186373106,True,False,MODERATE
2016-12-13 11:30:00,BHMBRCBRG02,0.5711892797319933,0.5548781752586365,-0.01631110447335682,0.01631110447335682,0.0002660521291407608,True,False,HIGH
2016-12-16 16:00:00,BHMNCPNHS01,0.598,0.5816892981529236,-0.016310701847076392,0.016310701847076392,0.0002660389947442212,True,False,HIGH
2016-12-17 09:30:00,Others-CCCPS135a,0.33530775173834665,0.3515962064266205,0.016288454688273835,0.016288454688273835,0.00026531375613194984,False,True,MODERATE
2016-12-13 16:00:00,BHMNCPNST01,0.5257731958762887,0.5094868540763855,-0.01628634179990318,0.01628634179990318,0.0002652449292232736,True,False,HIGH
2016-12-17 14:30:00,Shopping,0.6005208333333333,0.5842486619949341,-0.0162721713383992,0.0162721713383992,0.0002647835600662204,True,False,HIGH
2016-12-14 09:00:00,BHMBCCTHL01,0.7958656330749354,0.779596745967865,-0.016268887107070418,0.016268887107070418,0.00026467668770260204,True,False,VERY_HIGH
2016-12-10 14:30:00,Others-CCCPS105a,0.7740169238427078,0.7577558159828186,-0.016261107859889212,0.016261107859889212,0.0002644236288309507,True,False,VERY_HIGH
2016-12-18 15:30:00,Bull Ring,0.7602358336062889,0.743980348110199,-0.016255485496089905,0.016255485496089905,0.00026424080871358926,True,False,VERY_HIGH
2016-12-19 11:30:00,BHMEURBRD01,0.8702127659574468,0.8539629578590393,-0.01624980809840748,0.01624980809840748,0.00026405626323506936,True,False,VERY_HIGH
2016-12-17 16:00:00,BHMBCCTHL01,1.0,0.9837594032287598,-0.016240596771240234,0.016240596771240234,0.0002637569834860187,True,False,VERY_HIGH
2016-12-13 09:30:00,Broad Street,0.8231884057971014,0.8394225835800171,0.016234177782915693,0.016234177782915693,0.0002635485282873135,False,True,VERY_HIGH
2016-12-13 12:00:00,Others-CCCPS105a,0.7277252364360378,0.7114954590797424,-0.016229777356295383,0.016229777356295383,0.00026340567303491835,True,False,HIGH
2016-12-13 11:00:00,BHMEURBRD01,0.9085106382978724,0.8922833204269409,-0.016227317870931457,0.016227317870931457,0.0002633258452842514,True,False,VERY_HIGH
2016-12-19 10:30:00,BHMBRCBRG03,0.3792697290930506,0.36304694414138794,-0.016222784951662683,0.016222784951662683,0.0002631787515878932,True,False,MODERATE
2016-12-16 09:30:00,BHMBRCBRG03,0.2826855123674912,0.26646408438682556,-0.016221427980665615,0.016221427980665615,0.00026313472573192133,True,False,MODERATE
2016-12-13 14:00:00,BHMBRCBRG01,0.8811881188118812,0.8974078297615051,0.016219710949623933,0.016219710949623933,0.00026307902328935053,False,True,VERY_HIGH
2016-12-08 16:00:00,Others-CCCPS133,0.5366844919786097,0.5204665064811707,-0.016217985497439025,0.016217985497439025,0.0002630230535951425,True,False,HIGH
2016-12-08 15:00:00,BHMBRCBRG01,0.7683168316831683,0.7521012425422668,-0.016215589140901487,0.016215589140901487,0.0002629453311865222,True,False,VERY_HIGH
2016-12-10 15:00:00,BHMBCCMKT01,0.7937608318890814,0.8099760413169861,0.016215209427904664,0.016215209427904664,0.0002629330167908083,False,True,VERY_HIGH
2016-12-19 13:30:00,Bull Ring,0.9240091713069112,0.907798707485199,-0.016210463821712207,0.016210463821712207,0.0002627791373150403,True,False,VERY_HIGH
2016-12-11 14:00:00,BHMEURBRD02,0.1409090909090909,0.12471020966768265,-0.016198881241408253,0.016198881241408253,0.0002624037534732482,True,False,LOW
2016-12-15 10:30:00,BHMNCPNHS01,0.838,0.8541960716247559,0.016196071624755892,0.016196071624755892,0.00026231273607422295,False,True,VERY_HIGH
2016-12-14 13:00:00,Others-CCCPS202,0.4402451481103167,0.4564380645751953,0.016192916464878637,0.016192916464878637,0.00026221054363853764,False,True,MODERATE
2016-12-12 09:00:00,NIA South,0.18781725888324874,0.20399640500545502,0.016179146122206278,0.016179146122206278,0.0002617647692437024,False,True,LOW
2016-12-11 12:00:00,BHMEURBRD02,0.13636363636363635,0.1525387465953827,0.016175110231746337,0.016175110231746337,0.00026163419100914503,False,True,LOW
2016-12-17 15:00:00,BHMBCCSNH01,0.8250289687137891,0.8088582754135132,-0.016170693300275873,0.016170693300275873,0.000261491321811587,True,False,VERY_HIGH
2016-12-13 11:30:00,BHMNCPNHS01,0.996,0.9798349738121033,-0.016165026187896725,0.016165026187896725,0.00026130807165538695,True,False,VERY_HIGH
2016-12-18 11:30:00,BHMNCPPLS01,0.2822222222222222,0.2983868420124054,0.016164619790183188,0.016164619790183188,0.00026129493296118197,False,True,MODERATE
2016-12-14 13:00:00,BHMBRCBRG02,0.7102177554438861,0.6940642595291138,-0.01615349591477233,0.01615349591477233,0.0002609354302685664,True,False,HIGH
2016-12-17 11:00:00,BHMNCPNST01,0.4948453608247423,0.4786979854106903,-0.01614737541405198,0.01614737541405198,0.0002607377327623303,True,False,MODERATE
2016-12-13 14:30:00,BHMNCPHST01,0.6725,0.6563605666160583,-0.016139433383941637,0.016139433383941637,0.0002604813099546898,True,False,HIGH
2016-12-10 09:00:00,BHMNCPLDH01,0.3416666666666667,0.3578050136566162,0.016138346989949537,0.016138346989949537,0.00026044624356801326,False,True,MODERATE
2016-12-11 12:30:00,BHMNCPRAN01,0.22333333333333333,0.20720459520816803,-0.0161287381251653,0.0161287381251653,0.00026013619351016065,True,False,LOW
2016-12-11 11:00:00,BHMEURBRD02,0.15454545454545454,0.13842791318893433,-0.016117541356520215,0.016117541356520215,0.0002597751393791395,True,False,LOW
2016-12-16 09:30:00,Others-CCCPS202,0.35274089206673476,0.36885204911231995,0.01611115704558519,0.01611115704558519,0.0002595693813475093,False,True,MODERATE
2016-12-10 15:00:00,Bull Ring,0.9043563707828366,0.8882470726966858,-0.016109298086150803,0.016109298086150803,0.00025950948482846194,True,False,VERY_HIGH
2016-12-19 15:30:00,BHMEURBRD02,0.7954545454545454,0.8115538954734802,0.01609935001893481,0.01609935001893481,0.0002591890710321763,False,True,VERY_HIGH
2016-12-12 14:30:00,BHMNCPNST01,0.5814432989690722,0.5653483271598816,-0.016094971809190617,0.016094971809190617,0.00025904811753864066,True,False,HIGH
2016-12-09 14:30:00,BHMNCPNHS01,0.648,0.6319140791893005,-0.016085920810699483,0.016085920810699483,0.00025875684832809474,True,False,HIGH
2016-12-11 13:00:00,BHMEURBRD01,0.24468085106382978,0.2286006212234497,-0.016080229840380073,0.016080229840380073,0.0002585737917194497,True,False,LOW
2016-12-16 13:00:00,Others-CCCPS105a,0.6704828272772524,0.6544135808944702,-0.016069246382782176,0.016069246382782176,0.00025822067931055803,True,False,HIGH
2016-12-10 12:30:00,BHMBCCMKT01,0.6637781629116117,0.6477178335189819,-0.016060329392629802,0.016060329392629802,0.00025793418019976876,True,False,HIGH
2016-12-15 13:30:00,BHMBCCMKT01,0.35181975736568455,0.33576154708862305,-0.016058210277061502,0.016058210277061502,0.00025786611730232366,True,False,MODERATE
2016-12-10 09:30:00,BHMNCPPLS01,0.15777777777777777,0.17383134365081787,0.016053565873040104,0.016053565873040104,0.00025771697724003787,False,True,LOW
2016-12-14 15:30:00,BHMEURBRD01,0.8468085106382979,0.8307610750198364,-0.016047435618461448,0.016047435618461448,0.00025752018992866515,True,False,VERY_HIGH
2016-12-13 10:30:00,BHMNCPNHS01,0.954,0.9379565119743347,-0.016043488025665242,0.016043488025665242,0.00025739350802966404,True,False,VERY_HIGH
2016-12-10 11:30:00,BHMNCPHST01,0.3875,0.4035284221172333,0.016028422117233265,0.016028422117233265,0.0002569103155682125,False,True,MODERATE
2016-12-16 16:00:00,BHMNCPHST01,0.49,0.4739724397659302,-0.016027560234069815,0.016027560234069815,0.0002568826870567361,True,False,MODERATE
2016-12-11 15:00:00,BHMMBMMBX01,0.8704512372634643,0.854431688785553,-0.016019548477911316,0.016019548477911316,0.00025662593343615077,True,False,VERY_HIGH
2016-12-09 16:00:00,Broad Street,0.5942028985507246,0.5781846046447754,-0.01601829390594922,0.01601829390594922,0.00025658573965736995,True,False,HIGH
2016-12-16 15:00:00,BHMBRCBRG03,0.4287396937573616,0.4127230644226074,-0.016016629334754173,0.016016629334754173,0.0002565324152469079,True,False,MODERATE
2016-12-13 14:00:00,BHMBCCMKT01,0.31369150779896016,0.32970646023750305,0.016014952438542895,0.016014952438542895,0.000256478701608791,False,True,MODERATE
2016-12-14 13:30:00,BHMEURBRD02,0.8363636363636363,0.8203521966934204,-0.0160114396702159,0.0160114396702159,0.00025636620031296343,True,False,VERY_HIGH
2016-12-11 11:00:00,Bull Ring,0.6622993776613167,0.6462951898574829,-0.016004187803833836,0.016004187803833836,0.0002561340272603837,True,False,HIGH
2016-12-19 15:00:00,Others-CCCPS8,0.7148260211800302,0.6988266110420227,-0.01599941013800754,0.01599941013800754,0.0002559811247641785,True,False,HIGH
2016-12-08 16:00:00,BHMMBMMBX01,0.8602620087336245,0.8442720174789429,-0.01598999125468159,0.01598999125468159,0.00025567982032479375,True,False,VERY_HIGH
2016-12-17 10:00:00,Others-CCCPS119a,0.4156261148769176,0.4316040873527527,0.0159779724758351,0.0159779724758351,0.00025529560443854403,False,True,MODERATE
2016-12-14 15:00:00,Broad Street,0.8463768115942029,0.8304010629653931,-0.015975748628809794,0.015975748628809794,0.000255224544250918,True,False,VERY_HIGH
2016-12-17 13:30:00,BHMBCCSNH01,0.7578215527230591,0.7418512105941772,-0.01597034212888182,0.01597034212888182,0.00025505182771353753,True,False,VERY_HIGH
2016-12-10 10:30:00,BHMNCPNST01,0.43917525773195876,0.4551418721675873,0.015966614435628523,0.015966614435628523,0.00025493277653602117,False,True,MODERATE
2016-12-08 14:30:00,BHMNCPHST01,0.6366666666666667,0.6526061296463013,0.015939462979634555,0.015939462979634555,0.0002540664800791405,False,True,HIGH
2016-12-11 15:00:00,Others-CCCPS8,0.7579425113464447,0.7420055270195007,-0.015936984326944015,0.015936984326944015,0.00025398746943725915,True,False,VERY_HIGH
2016-12-16 08:30:00,BHMNCPLDH01,0.6652777777777777,0.6812125444412231,0.0159347666634454,0.0159347666634454,0.0002539167886184508,False,True,HIGH
2016-12-14 11:30:00,Others-CCCPS133,0.6164705882352941,0.6324036717414856,0.015933083506191492,0.015933083506191492,0.00025386315001527137,False,True,HIGH
2016-12-11 10:30:00,BHMEURBRD02,0.15,0.13407041132450104,-0.015929588675498957,0.015929588675498957,0.0002537517953705846,True,False,LOW
2016-12-19 14:00:00,Others-CCCPS202,0.45352400408580185,0.4376024901866913,-0.015921513899110562,0.015921513899110562,0.0002534946048395708,True,False,MODERATE
2016-12-12 15:30:00,Shopping,0.6390625,0.6549727916717529,0.015910291671752952,0.015910291671752952,0.00025313738108025135,False,True,HIGH
2016-12-09 16:00:00,BHMBCCTHL01,0.9431524547803618,0.9272428154945374,-0.01590963928582445,0.01590963928582445,0.0002531166222050487,True,False,VERY_HIGH
2016-12-09 13:00:00,BHMNCPPLS01,0.37777777777777777,0.3618720769882202,-0.015905700789557553,0.015905700789557553,0.0002529913176069318,True,False,MODERATE
2016-12-18 10:00:00,Others-CCCPS8,0.37065052950075644,0.3547501862049103,-0.015900343295846164,0.015900343295846164,0.00025282091692576005,True,False,MODERATE
2016-12-10 09:30:00,Others-CCCPS135a,0.2989956219417976,0.3148798644542694,0.015884242512471836,0.015884242512471836,0.00025230916019501756,False,True,MODERATE
2016-12-15 14:00:00,NIA South,0.33375634517766495,0.31787315011024475,-0.015883195067420197,0.015883195067420197,0.0002522758855497213,True,False,MODERATE
2016-12-19 15:00:00,Others-CCCPS202,0.4446714334354784,0.42879876494407654,-0.015872668491401842,0.015872668491401842,0.00025194160503794086,True,False,MODERATE
2016-12-13 11:00:00,BHMBRTARC01,0.7983870967741935,0.8142500519752502,0.01586295520105674,0.01586295520105674,0.00025163334771073306,False,True,VERY_HIGH
2016-12-16 14:00:00,BHMBCCPST01,0.5583596214511041,0.5742203593254089,0.015860737874304864,0.015860737874304864,0.00025156300591740876,False,True,HIGH
2016-12-11 16:00:00,BHMBRCBRG02,0.7453936348408711,0.7295491099357605,-0.01584452490511057,0.01584452490511057,0.00025104896946866905,True,False,HIGH
2016-12-16 14:30:00,BHMNCPPLS01,0.3,0.3158435821533203,0.015843582153320324,0.015843582153320324,0.00025101909544901024,False,True,MODERATE
2016-12-18 08:30:00,BHMNCPNST01,0.36082474226804123,0.37666383385658264,0.01583909158854141,0.01583909158854141,0.00025087682235020326,False,True,MODERATE
2016-12-17 12:30:00,Shopping,0.5239583333333333,0.5081213712692261,-0.01583696206410723,0.01583696206410723,0.0002508093674199715,True,False,HIGH
2016-12-15 12:30:00,Bull Ring,0.7248607926629544,0.7406942844390869,0.01583349177613247,0.01583349177613247,0.0002506994618248545,False,True,HIGH
2016-12-09 08:00:00,BHMBCCPST01,0.12302839116719243,0.10719577223062515,-0.015832618936567275,0.015832618936567275,0.00025067182239054867,True,False,LOW
2016-12-15 15:30:00,BHMBCCMKT01,0.24263431542461006,0.2268259972333908,-0.01580831819121925,0.01580831819121925,0.0002499029240348335,True,False,LOW
2016-12-09 14:30:00,BHMNCPNST01,0.5381443298969072,0.522343099117279,-0.01580123077962814,0.01580123077962814,0.00024967889415106767,True,False,HIGH
2016-12-13 15:30:00,BHMNCPHST01,0.5841666666666666,0.5999621748924255,0.015795508225758925,0.015795508225758925,0.00024949808011001786,False,True,HIGH
2016-12-15 10:30:00,BHMBCCPST01,0.3722397476340694,0.3564663529396057,-0.015773394694463705,0.015773394694463705,0.00024879998018733577,True,False,MODERATE
2016-12-17 14:00:00,BHMBCCPST01,0.9842271293375394,1.0,0.01577287066246058,0.01577287066246058,0.0002487834489347097,False,True,VERY_HIGH
2016-12-13 12:30:00,BHMBCCMKT01,0.3934142114384749,0.37764766812324524,-0.015766543315229642,0.015766543315229642,0.0002485838881110125,True,False,MODERATE
2016-12-19 13:00:00,Bull Ring,0.9053390108090403,0.8895822763442993,-0.015756734464741018,0.015756734464741018,0.00024827468099235744,True,False,VERY_HIGH
2016-12-14 12:30:00,Others-CCCPS105a,0.732702837232454,0.7169471979141235,-0.01575563931833046,0.01575563931833046,0.00024824017032932074,True,False,HIGH
2016-12-17 13:00:00,BHMBCCTHL01,1.0,0.9842463731765747,-0.015753626823425293,0.015753626823425293,0.0002481767580917449,True,False,VERY_HIGH
2016-12-09 12:00:00,BHMEURBRD02,0.7318181818181818,0.7475702166557312,0.01575203483754939,0.01575203483754939,0.0002481266015233696,False,True,HIGH
2016-12-13 10:00:00,BHMBRCBRG03,0.287396937573616,0.2716497778892517,-0.015747159684364298,0.015747159684364298,0.0002479730381248683,True,False,MODERATE
2016-12-16 08:00:00,Broad Street,0.4057971014492754,0.39005720615386963,-0.01573989529540576,0.01573989529540576,0.00024774430391033634,True,False,MODERATE
2016-12-11 16:00:00,BHMMBMMBX01,0.745269286754003,0.729538083076477,-0.015731203677525896,0.015731203677525896,0.00024747076914380427,True,False,HIGH
2016-12-16 12:00:00,BHMNCPLDH01,0.8180555555555555,0.8023260235786438,-0.015729531976911737,0.015729531976911737,0.00024741817621268887,True,False,VERY_HIGH
2016-12-11 15:30:00,BHMBCCMKT01,0.49393414211438474,0.5096594095230103,0.01572526740862551,0.01572526740862551,0.00024728403507277965,False,True,MODERATE
2016-12-10 11:30:00,BHMBRCBRG03,0.5406360424028268,0.5249220728874207,-0.015713969515406156,0.015713969515406156,0.00024692883793111397,True,False,HIGH
2016-12-19 12:00:00,Others-CCCPS105a,0.7436535589845694,0.7279531955718994,-0.015700363412670004,0.015700363412670004,0.0002465014112899069,True,False,HIGH
2016-12-19 15:00:00,Others-CCCPS119a,0.4555833036032822,0.43988731503486633,-0.015695988568415864,0.015695988568415864,0.00024636405713984147,True,False,MODERATE
2016-12-08 15:00:00,BHMBCCPST01,0.4195583596214511,0.4352531433105469,0.01569478368909577,0.01569478368909577,0.00024632623504750663,False,True,MODERATE
2016-12-12 10:30:00,Broad Street,0.8173913043478261,0.8330840468406677,0.015692742492841583,0.015692742492841583,0.00024626216694663585,False,True,VERY_HIGH
2016-12-12 08:00:00,BHMBCCTHL01,0.46511627906976744,0.44942647218704224,-0.0156898068827252,0.0156898068827252,0.00024617004001721104,True,False,MODERATE
2016-12-16 09:30:00,BHMEURBRD01,0.6617021276595745,0.6773859858512878,0.015683858191713362,0.015683858191713362,0.00024598340777777435,False,True,HIGH
2016-12-10 09:30:00,BHMBRCBRG03,0.29799764428739695,0.3136782646179199,0.015680620330522976,0.015680620330522976,0.0002458818539500105,False,True,MODERATE
2016-12-10 15:30:00,BHMBCCTHL01,1.0,0.9843210577964783,-0.01567894220352173,0.01567894220352173,0.0002458292286213748,True,False,VERY_HIGH
2016-12-16 11:00:00,Others-CCCPS98,0.2913309700290042,0.30698829889297485,0.015657328863970643,0.015657328863970643,0.00024515194715452824,False,True,MODERATE
2016-12-08 15:30:00,BHMEURBRD02,0.8272727272727273,0.842924952507019,0.015652225234291772,0.015652225234291772,0.0002449921547850001,False,True,VERY_HIGH
2016-12-17 11:00:00,BHMNCPNHS01,0.338,0.35362157225608826,0.015621572256088234,0.015621572256088234,0.00024403351975218565,False,True,MODERATE
2016-12-18 12:30:00,Others-CCCPS105a,0.6202090592334495,0.6045898795127869,-0.015619179720662624,0.015619179720662624,0.00024395877514635857,True,False,HIGH
2016-12-19 16:00:00,BHMNCPLDH01,0.6416666666666667,0.6572703719139099,0.015603705247243194,0.015603705247243194,0.0002434756174428448,False,True,HIGH
2016-12-19 10:30:00,Others-CCCPS8,0.5173978819969742,0.5329970717430115,0.015599189746037245,0.015599189746037245,0.00024333472073287353,False,True,HIGH
2016-12-19 16:00:00,BHMBCCMKT01,0.3344887348353553,0.3500828146934509,0.015594079858095633,0.015594079858095633,0.0002431753266206639,False,True,MODERATE
2016-12-13 11:30:00,BHMNCPHST01,0.7341666666666666,0.7185726165771484,-0.015594050089518197,0.015594050089518197,0.00024317439819440247,True,False,HIGH
2016-12-17 15:30:00,Others-CCCPS105a,0.7829766052762569,0.7673859000205994,-0.015590705255657533,0.015590705255657533,0.00024307009036878742,True,False,VERY_HIGH
2016-12-09 08:00:00,Others-CCCPS8,0.3524962178517398,0.3680810332298279,0.01558481537808809,0.01558481537808809,0.00024288647036909103,False,True,MODERATE
2016-12-16 08:30:00,Others-CCCPS105a,0.4649079143852663,0.480478972196579,0.015571057811312683,0.015571057811312683,0.00024245784136324173,False,True,MODERATE
2016-12-13 11:30:00,Broad Street,0.9623188405797102,0.9467660784721375,-0.015552762107572726,0.015552762107572726,0.00024188840917475002,True,False,VERY_HIGH
2016-12-16 10:00:00,BHMMBMMBX01,0.6914119359534207,0.706963837146759,0.01555190119333838,0.01555190119333838,0.00024186163072735973,False,True,HIGH
2016-12-16 15:00:00,BHMBRCBRG01,0.8603960396039604,0.8448498249053955,-0.015546214698564875,0.015546214698564875,0.00024168479145387456,True,False,VERY_HIGH
2016-12-14 09:30:00,Shopping,0.6864583333333333,0.6709145903587341,-0.01554374297459915,0.01554374297459915,0.00024160794566040046,True,False,HIGH
2016-12-16 13:30:00,BHMBRTARC01,0.7379032258064516,0.7223694920539856,-0.015533733752466028,0.015533733752466028,0.00024129688429250232,True,False,HIGH
2016-12-17 10:00:00,BHMNCPNHS01,0.352,0.3675285577774048,0.015528557777404806,0.015528557777404806,0.00024113610664619928,False,True,MODERATE
2016-12-18 16:00:00,Others-CCCPS119a,0.44238316089903673,0.4268590807914734,-0.015524080107563343,0.015524080107563343,0.0002409970631860439,True,False,MODERATE
2016-12-10 14:30:00,BHMNCPHST01,0.5566666666666666,0.5411435961723328,-0.01552307049433388,0.01552307049433388,0.00024096571757205906,True,False,HIGH
2016-12-19 15:00:00,BHMBCCTHL01,1.0,0.9844788312911987,-0.01552116870880127,0.01552116870880127,0.00024090667808707167,True,False,VERY_HIGH
2016-12-19 09:30:00,BHMEURBRD01,0.6893617021276596,0.7048707008361816,0.01550899870852207,0.01550899870852207,0.00024052904094093924,False,True,HIGH
2016-12-18 13:30:00,Others-CCCPS105a,0.6963663514186162,0.6808587312698364,-0.015507620148779822,0.015507620148779822,0.00024048628267884188,True,False,HIGH
2016-12-18 12:30:00,Broad Street,0.2579710144927536,0.24246527254581451,-0.0155057419469391,0.0155057419469391,0.00024042803332506674,True,False,MODERATE
2016-12-10 12:00:00,Broad Street,0.18985507246376812,0.20535553991794586,0.015500467454177741,0.015500467454177741,0.00024026449129802338,False,True,LOW
2016-12-14 13:30:00,BHMNCPLDH01,0.8833333333333333,0.8988084197044373,0.015475086371103952,0.015475086371103952,0.00023947829819312728,False,True,VERY_HIGH
2016-12-16 16:00:00,Others-CCCPS133,0.5649197860962567,0.5494499206542969,-0.01546986544195983,0.01546986544195983,0.00023931673679234298,True,False,HIGH
2016-12-09 13:30:00,BHMBRCBRG02,0.8894472361809045,0.9049160480499268,0.01546881186902227,0.01546881186902227,0.00023928414063920426,False,True,VERY_HIGH
2016-12-16 10:30:00,BHMEURBRD01,0.7297872340425532,0.7143217921257019,-0.015465441916851286,0.015465441916851286,0.00023917989368350077,True,False,HIGH
2016-12-15 08:00:00,Others-CCCPS133,0.2021390374331551,0.2176027148962021,0.015463677463046999,0.015463677463046999,0.00023912532068114765,False,True,LOW
2016-12-09 15:00:00,BHMBCCTHL01,0.9974160206718347,0.9819578528404236,-0.015458167831411074,0.015458167831411074,0.00023895495270407214,True,False,VERY_HIGH
2016-12-16 11:00:00,BHMNCPRAN01,0.7333333333333333,0.7487818002700806,0.015448466936747285,0.015448466936747285,0.00023865513069577405,False,True,HIGH
2016-12-10 15:30:00,BHMNCPLDH01,0.6333333333333333,0.6487700939178467,0.015436760584513376,0.015436760584513376,0.00023829357734358574,False,True,HIGH
2016-12-15 08:30:00,BHMBRCBRG02,0.15159128978224456,0.16701215505599976,0.015420865273755191,0.015420865273755191,0.00023780308579130876,False,True,LOW
2016-12-13 15:00:00,BHMBRCBRG01,0.7653465346534654,0.7499474287033081,-0.015399105950157255,0.015399105950157255,0.00023713246406416855,True,False,VERY_HIGH
2016-12-14 08:00:00,BHMMBMMBX01,0.49053857350800584,0.5059306025505066,0.015392029042500754,0.015392029042500754,0.00023691455804518668,False,True,MODERATE
2016-12-13 16:00:00,Bull Ring,0.5076973468719292,0.4923053979873657,-0.015391948884563522,0.015391948884563522,0.00023691209046501627,True,False,HIGH
2016-12-12 12:30:00,BHMNCPNST01,0.5855670103092784,0.6009551286697388,0.01538811836046039,0.01538811836046039,0.00023679418667553817,False,True,HIGH
2016-12-10 09:00:00,Others-CCCPS105a,0.4425087108013937,0.4578922986984253,0.015383587897031592,0.015383587897031592,0.0002366547765856969,False,True,MODERATE
2016-12-14 08:00:00,BHMBCCPST01,0.10725552050473186,0.09189191460609436,-0.0153636058986375,0.0153636058986375,0.000236040386208649,True,False,LOW
2016-12-15 10:30:00,Broad Street,0.8536231884057971,0.8382894992828369,-0.015333689122960181,0.015333689122960181,0.00023512202211958737,True,False,VERY_HIGH
2016-12-15 15:30:00,Others-CCCPS133,0.5901604278074867,0.5748302340507507,-0.015330193756735944,0.015330193756735944,0.0002350148406190657,True,False,HIGH
2016-12-16 09:00:00,Shopping,0.5479166666666667,0.5632362365722656,0.015319569905598907,0.015319569905598907,0.00023468922209253168,False,True,HIGH
2016-12-14 13:30:00,BHMBCCMKT01,0.3431542461005199,0.3584706485271454,0.015316402426625464,0.015316402426625464,0.00023459218329433839,False,True,MODERATE
2016-12-17 09:30:00,BHMBCCPST01,0.3785488958990536,0.3938297629356384,0.015280867036584822,0.015280867036584822,0.0002335048973897846,False,True,MODERATE
2016-12-17 14:00:00,BHMNCPHST01,0.5283333333333333,0.5130632519721985,-0.015270081361134835,0.015270081361134835,0.0002331753847756775,True,False,HIGH
2016-12-09 12:00:00,Others-CCCPS98,0.37866580728327426,0.3633965849876404,-0.015269222295633877,0.015269222295633877,0.0002331491495134827,True,False,MODERATE
2016-12-11 14:00:00,Bull Ring,0.8660334097608909,0.8507758378982544,-0.015257571862636543,0.015257571862636543,0.00023279349914351834,True,False,VERY_HIGH
2016-12-19 15:30:00,Shopping,0.6880208333333333,0.7032691240310669,0.01524829069773359,0.01524829069773359,0.00023251036920258876,False,True,HIGH
2016-12-18 09:00:00,BHMEURBRD02,0.12272727272727273,0.13797126710414886,0.015243994376876138,0.015243994376876138,0.00023237936456223132,False,True,LOW
2016-12-14 09:00:00,Others-CCCPS8,0.4394856278366112,0.45472562313079834,0.015239995294187125,0.015239995294187125,0.00023225745656684573,False,True,MODERATE
2016-12-19 14:00:00,BHMBRCBRG02,0.9958123953098827,0.9805743098258972,-0.01523808548398553,0.01523808548398553,0.00023219924921725053,True,False,VERY_HIGH
2016-12-14 14:30:00,BHMMBMMBX01,0.9490538573508006,0.9642919301986694,0.015238072847868822,0.015238072847868822,0.00023219886411695703,False,True,VERY_HIGH
2016-12-10 14:30:00,BHMBCCPST01,0.943217665615142,0.9279870390892029,-0.015230626525939095,0.015230626525939095,0.00023197198437263959,True,False,VERY_HIGH
2016-12-14 08:00:00,BHMNCPPLS01,0.1,0.11521843075752258,0.015218430757522577,0.015218430757522577,0.0002316006347215092,False,True,LOW
2016-12-18 08:30:00,BHMBCCSNH01,0.2769409038238702,0.2921408712863922,0.015199967462522002,0.015199967462522002,0.00023103901086172753,False,True,MODERATE
2016-12-16 13:30:00,BHMNCPRAN01,0.6916666666666667,0.7068632245063782,0.015196557839711522,0.015196557839711522,0.00023093537017569772,False,True,HIGH
2016-12-10 14:30:00,Others-CCCPS133,0.8365775401069518,0.8213950991630554,-0.015182440943896425,0.015182440943896425,0.00023050651301490256,True,False,VERY_HIGH
2016-12-16 08:00:00,BHMNCPLDH01,0.5791666666666667,0.5639857649803162,-0.015180901686350556,0.015180901686350556,0.00023045977601064116,True,False,HIGH
2016-12-12 10:30:00,BHMBCCMKT01,0.24610051993067592,0.23092219233512878,-0.01517832759554713,0.01517832759554713,0.00023038162859774755,True,False,LOW
2016-12-19 11:00:00,BHMBCCMKT01,0.30329289428076256,0.28812065720558167,-0.015172237075180894,0.015172237075180894,0.0002301967778654937,True,False,MODERATE
2016-12-19 16:00:00,Bull Ring,0.7120864723223059,0.6969250440597534,-0.015161428262552512,0.015161428262552512,0.0002298689069605261,True,False,HIGH
2016-12-13 12:00:00,Others-CCCPS135a,0.8959567344836467,0.9111151695251465,0.01515843504149983,0.01515843504149983,0.00022977815290736993,False,True,VERY_HIGH
2016-12-16 08:30:00,NIA South,0.12309644670050761,0.13824613392353058,0.01514968722302297,0.01514968722302297,0.00022951302295542544,False,True,LOW
2016-12-17 12:00:00,Broad Street,0.30579710144927535,0.3209463953971863,0.015149293947910925,0.015149293947910925,0.00022950110712021055,False,True,MODERATE
2016-12-17 09:00:00,Broad Street,0.16956521739130434,0.1847134679555893,0.015148250564284954,0.015148250564284954,0.00022946949515835943,False,True,LOW
2016-12-10 16:00:00,BHMMBMMBX01,0.883551673944687,0.868413507938385,-0.015138166006302023,0.015138166006302023,0.00022916407003435813,True,False,VERY_HIGH
2016-12-11 09:00:00,BHMNCPHST01,0.14166666666666666,0.1265370398759842,-0.015129626790682471,0.015129626790682471,0.00022890560682533676,True,False,LOW
2016-12-14 10:00:00,BHMNCPNHS01,0.848,0.8631220459938049,0.015122045993804956,0.015122045993804956,0.00022867627503875252,False,True,VERY_HIGH
2016-12-13 14:00:00,BHMEURBRD01,0.9297872340425531,0.9146671295166016,-0.015120104525951583,0.015120104525951583,0.00022861756087570154,True,False,VERY_HIGH
2016-12-19 14:00:00,Others-CCCPS133,0.8712299465240642,0.856110692024231,-0.015119254499833201,0.015119254499833201,0.0002285918566307265,True,False,VERY_HIGH
2016-12-18 10:00:00,Others-CCCPS105a,0.38725734196117473,0.3721393942832947,-0.01511794767788005,0.01511794767788005,0.0002285523419911188,True,False,MODERATE
2016-12-10 10:30:00,Others-CCCPS133,0.626951871657754,0.6420673131942749,0.01511544153652089,0.01511544153652089,0.00022847657284398102,False,True,HIGH
2016-12-08 15:00:00,Others-CCCPS98,0.381888495004834,0.3667744994163513,-0.015113995588482698,0.015113995588482698,0.00022843286264867446,True,False,MODERATE
2016-12-19 13:30:00,BHMNCPHST01,0.7416666666666667,0.7265544533729553,-0.015112213293711374,0.015112213293711374,0.00022837899063462677,True,False,HIGH
2016-12-13 16:00:00,BHMEURBRD01,0.7574468085106383,0.7423387169837952,-0.015108091526843115,0.015108091526843115,0.00022825442958346873,True,False,VERY_HIGH
2016-12-18 12:00:00,Others-CCCPS8,0.5786686838124054,0.5635766983032227,-0.015091985509182781,0.015091985509182781,0.00022776802660938306,True,False,HIGH
2016-12-15 10:00:00,BHMNCPHST01,0.625,0.6400902271270752,0.015090227127075195,0.015090227127075195,0.0002277149547467161,False,True,HIGH
2016-12-09 09:30:00,Others-CCCPS98,0.323557847244602,0.3386458456516266,0.015087998407024572,0.015087998407024572,0.00022764769593037603,False,True,MODERATE
2016-12-15 15:30:00,Others-CCCPS98,0.40380277151144056,0.38872262835502625,-0.015080143156414316,0.015080143156414316,0.00022741071761794954,True,False,MODERATE
2016-12-11 13:30:00,Others-CCCPS133,0.8188235294117647,0.8037517070770264,-0.01507182233473836,0.01507182233473836,0.00022715982848991808,True,False,VERY_HIGH
2016-12-15 08:30:00,BHMEURBRD02,0.6045454545454545,0.619604766368866,0.01505931182341147,0.01505931182341147,0.0002267828725947405,False,True,HIGH
2016-12-09 11:30:00,BHMNCPHST01,0.6458333333333334,0.6307741403579712,-0.015059192975362179,0.015059192975362179,0.0002267792930691976,True,False,HIGH
2016-12-10 12:30:00,BHMNCPHST01,0.47,0.45494532585144043,-0.015054674148559544,0.015054674148559544,0.00022664321371930701,True,False,MODERATE
2016-12-11 15:00:00,BHMNCPHST01,0.5358333333333334,0.5508866310119629,0.015053297678629507,0.015053297678629507,0.0002266017710014325,False,True,HIGH
2016-12-11 12:00:00,BHMBRCBRG02,1.0,0.9849486947059631,-0.015051305294036865,0.015051305294036865,0.00022654179105430217,True,False,VERY_HIGH
2016-12-14 13:00:00,BHMNCPPLS01,0.32,0.3350508511066437,0.01505085110664367,0.01505085110664367,0.00022652811903435698,False,True,MODERATE
2016-12-17 15:30:00,BHMBCCTHL01,1.0,0.9849578738212585,-0.015042126178741455,0.015042126178741455,0.000226265559977179,True,False,VERY_HIGH
2016-12-08 16:00:00,NIA South,0.2626903553299492,0.24765239655971527,-0.01503795877023395,0.01503795877023395,0.00022614020397525617,True,False,MODERATE
2016-12-15 09:00:00,BHMEURBRD02,0.6863636363636364,0.7013985514640808,0.015034915100444413,0.015034915100444413,0.00022604867207757143,False,True,HIGH
2016-12-08 16:00:00,Others-CCCPS105a,0.6630164260826281,0.6479817032814026,-0.01503472280122553,0.01503472280122553,0.00022604288970969088,True,False,HIGH
2016-12-13 10:00:00,BHMBCCMKT01,0.22876949740034663,0.21375863254070282,-0.015010864859643813,0.015010864859643813,0.00022532606383448948,True,False,LOW
2016-12-13 10:30:00,BHMNCPLDH01,0.8902777777777777,0.9052764177322388,0.014998639954461046,0.014998639954461046,0.00022495920048355524,False,True,VERY_HIGH
2016-12-16 14:00:00,BHMBRCBRG01,0.9465346534653465,0.9615305066108704,0.014995853145523874,0.014995853145523874,0.00022487561156211828,False,True,VERY_HIGH
2016-12-13 15:30:00,BHMBRCBRG01,0.695049504950495,0.7100353240966797,0.014985819146184687,0.014985819146184687,0.00022457477548215552,False,True,HIGH
2016-12-10 13:00:00,Others-CCCPS8,0.6906202723146747,0.6756353378295898,-0.014984934485084866,0.014984934485084866,0.00022454826152228566,True,False,HIGH
2016-12-09 10:30:00,BHMBRCBRG03,0.3404004711425206,0.3553842306137085,0.014983759471187907,0.014983759471187907,0.0002245130478904133,False,True,MODERATE
2016-12-17 11:30:00,Others-CCCPS8,0.5559757942511346,0.541003942489624,-0.014971851761510613,0.014971851761510613,0.00022415634516864845,True,False,HIGH
2016-12-16 10:30:00,BHMBRCBRG03,0.3663133097762073,0.38128313422203064,0.014969824445823343,0.014969824445823343,0.00022409564393877017,False,True,MODERATE
2016-12-14 13:30:00,BHMNCPPLS01,0.31333333333333335,0.32829785346984863,0.01496452013651528,0.01496452013651528,0.0002239368629161713,False,True,MODERATE
2016-12-13 09:30:00,BHMMBMMBX01,0.8806404657933042,0.8656771779060364,-0.014963287887267862,0.014963287887267862,0.00022389998439725713,True,False,VERY_HIGH
2016-12-18 13:30:00,BHMBRTARC01,0.7096774193548387,0.6947153806686401,-0.014962038686198609,0.014962038686198609,0.0002238626016473038,True,False,HIGH
2016-12-15 13:00:00,Broad Street,0.9028985507246376,0.8879449963569641,-0.014953554367673538,0.014953554367673538,0.00022360878822696835,True,False,VERY_HIGH
2016-12-14 10:00:00,BHMNCPLDH01,0.9,0.885049045085907,-0.01495095491409304,0.01495095491409304,0.00022353105284324281,True,False,VERY_HIGH
2016-12-10 09:00:00,Others-CCCPS133,0.3542245989304813,0.3392959237098694,-0.01492867522061192,0.01492867522061192,0.00022286534384251237,True,False,MODERATE
2016-12-15 13:00:00,BHMNCPNST01,0.6804123711340206,0.6654872298240662,-0.014925141309954482,0.014925141309954482,0.00022275984312210978,True,False,HIGH
2016-12-16 12:30:00,BHMNCPPLS01,0.32222222222222224,0.30730119347572327,-0.014921028746498977,0.014921028746498977,0.00022263709885384883,True,False,MODERATE
2016-12-12 09:30:00,BHMNCPNST01,0.47835051546391755,0.46343252062797546,-0.014917994835942083,0.014917994835942083,0.00022254656992519466,True,False,MODERATE
2016-12-10 11:30:00,BHMNCPPLS01,0.3333333333333333,0.3184472918510437,-0.014886041482289614,0.014886041482289614,0.00022159423101244716,True,False,MODERATE
2016-12-16 16:00:00,Bull Ring,0.5977726826072716,0.5828971862792969,-0.014875496327974691,0.014875496327974691,0.00022128039100358852,True,False,HIGH
2016-12-12 08:00:00,Others-CCCPS8,0.28819969742813917,0.30306336283683777,0.0148636654086986,0.0148636654086986,0.00022092854938174334,False,True,MODERATE
2016-12-18 12:00:00,BHMEURBRD01,0.3021276595744681,0.31699007749557495,0.014862417921106874,0.014862417921106874,0.0002208914664616388,False,True,MODERATE
2016-12-17 16:00:00,BHMNCPLDH01,0.5541666666666667,0.569009006023407,0.014842339356740286,0.014842339356740286,0.00022029503758064166,False,True,HIGH
2016-12-12 14:30:00,BHMBRCBRG03,0.42285041224970554,0.43768852949142456,0.014838117241719018,0.014838117241719018,0.00022016972327899918,False,True,MODERATE
2016-12-14 14:00:00,BHMBRCBRG01,0.906930693069307,0.9217622876167297,0.014831594547422777,0.014831594547422777,0.00021997619681914105,False,True,VERY_HIGH
2016-12-17 12:30:00,Others-CCCPS119a,0.4537995005351409,0.4686264395713806,0.014826939036239717,0.014826939036239717,0.00021983812118436913,False,True,MODERATE
2016-12-18 16:00:00,Others-CCCPS105a,0.6286709805873569,0.6138469576835632,-0.014824022903793699,0.014824022903793699,0.00021975165505220016,True,False,HIGH
2016-12-08 15:30:00,Others-CCCPS8,0.594553706505295,0.6093770265579224,0.01482332005262732,0.01482332005262732,0.00021973081738262321,False,True,HIGH
2016-12-13 10:30:00,Others-CCCPS133,0.5189304812834225,0.5041178464889526,-0.014812634794469814,0.014812634794469814,0.0002194141495543378,True,False,HIGH
2016-12-16 16:00:00,Others-CCCPS98,0.2900418949403803,0.27524101734161377,-0.014800877598766526,0.014800877598766526,0.00021906597769366879,True,False,MODERATE
2016-12-11 08:00:00,Others-CCCPS98,0.25749274895262647,0.2722870707511902,0.014794321798563714,0.014794321798563714,0.0002188719574794575,False,True,MODERATE
2016-12-15 15:30:00,Broad Street,0.7913043478260869,0.7765120267868042,-0.014792321039282741,0.014792321039282741,0.00021881276172920682,True,False,VERY_HIGH
2016-12-10 10:30:00,Shopping,0.37604166666666666,0.3908325731754303,0.014790906508763635,0.014790906508763635,0.00021877091535098646,False,True,MODERATE
2016-12-14 08:00:00,Others-CCCPS98,0.22268772155978087,0.20790241658687592,-0.01478530497290495,0.01478530497290495,0.00021860524314180785,True,False,LOW
2016-12-09 09:00:00,Others-CCCPS133,0.30267379679144385,0.28790467977523804,-0.014769117016205813,0.014769117016205813,0.00021812681743838008,True,False,MODERATE
2016-12-08 15:00:00,BHMBCCSNH01,0.8968713789107764,0.911639392375946,0.01476801346516965,0.01476801346516965,0.00021809422170743207,False,True,VERY_HIGH
2016-12-15 10:30:00,BHMEURBRD02,0.8136363636363636,0.7988911271095276,-0.014745236526836014,0.014745236526836014,0.000217422000232339,True,False,VERY_HIGH
2016-12-17 09:30:00,BHMMBMMBX01,0.4657933042212518,0.4805349111557007,0.01474160693444887,0.01474160693444887,0.000217314975009791,False,True,MODERATE
2016-12-09 14:00:00,Others-CCCPS105a,0.7003484320557491,0.7150710821151733,0.014722650059424192,0.014722650059424192,0.00021675642477226315,False,True,HIGH
2016-12-15 09:30:00,Others-CCCPS133,0.3570053475935829,0.34228280186653137,-0.014722545727051506,0.014722545727051506,0.00021675335268512256,True,False,MODERATE
2016-12-19 15:00:00,Bull Ring,0.8552243694726499,0.840505063533783,-0.014719305938866944,0.014719305938866944,0.0002166579673219637,True,False,VERY_HIGH
2016-12-15 16:00:00,Bull Ring,0.507369800196528,0.4926660358905792,-0.014703764305948774,0.014703764305948774,0.00021620068476489325,True,False,HIGH
2016-12-18 15:00:00,Shopping,0.47239583333333335,0.48709040880203247,0.014694575468699123,0.014694575468699123,0.00021593054820529404,False,True,MODERATE
2016-12-13 11:30:00,BHMEURBRD02,0.9954545454545455,0.9807751774787903,-0.014679367975755198,0.014679367975755198,0.00021548384416762725,True,False,VERY_HIGH
2016-12-14 14:00:00,Broad Street,0.8927536231884058,0.9074285626411438,0.014674939452738012,0.014674939452738012,0.00021535384794152661,False,True,VERY_HIGH
2016-12-19 12:00:00,Others-CCCPS8,0.6354009077155824,0.6207327842712402,-0.014668123444342207,0.014668123444342207,0.00021515384537846148,True,False,HIGH
2016-12-19 09:00:00,BHMBRCBRG03,0.2049469964664311,0.2196122705936432,0.01466527412721208,0.01466527412721208,0.00021507026522627604,False,True,LOW
2016-12-10 14:00:00,BHMBCCMKT01,0.8093587521663779,0.7947043180465698,-0.014654434119808046,0.014654434119808046,0.00021475243937179423,True,False,VERY_HIGH
2016-12-12 10:30:00,BHMMBMMBX01,0.7554585152838428,0.7701120972633362,0.014653581979493402,0.014653581979493402,0.00021472746482973376,False,True,VERY_HIGH
2016-12-13 15:30:00,Others-CCCPS133,0.5435294117647059,0.5581420660018921,0.014612654237186162,0.014612654237186162,0.0002135296638555547,False,True,HIGH
2016-12-15 08:30:00,BHMBCCTHL01,0.5348837209302325,0.5494957566261292,0.014612035695896641,0.014612035695896641,0.00021351158717815765,False,True,HIGH
2016-12-16 11:00:00,BHMNCPNHS01,0.728,0.7426021695137024,0.014602169513702412,0.014602169513702412,0.00021322335450690014,False,True,HIGH
2016-12-10 10:30:00,Others-CCCPS135a,0.3744527427246974,0.38905149698257446,0.014598754257877045,0.014598754257877045,0.00021312362588188314,False,True,MODERATE
2016-12-11 16:00:00,Others-CCCPS133,0.664385026737968,0.6497862935066223,-0.01459873323134564,0.01459873323134564,0.0002131230119599955,True,False,HIGH
2016-12-13 10:00:00,BHMNCPHST01,0.63,0.6445980072021484,0.014598007202148433,0.014598007202148433,0.00021310181427397753,False,True,HIGH
2016-12-18 12:00:00,BHMBCCMKT01,0.3344887348353553,0.3490752577781677,0.01458652294281243,0.01458652294281243,0.0002127666515611934,False,True,MODERATE
2016-12-13 15:30:00,Others-CCCPS202,0.3970037453183521,0.4115816354751587,0.014577890156806605,0.014577890156806605,0.00021251488142391892,False,True,MODERATE
2016-12-11 15:00:00,Others-CCCPS135a,0.510430079835179,0.49585652351379395,-0.014573556321385017,0.014573556321385017,0.0002123885438525812,True,False,HIGH
2016-12-19 09:30:00,BHMNCPNST01,0.40824742268041236,0.4228089153766632,0.014561492696250844,0.014561492696250844,0.00021203706954296667,False,True,MODERATE
2016-12-09 15:30:00,Others-CCCPS135a,0.6288951841359773,0.6434497237205505,0.0145545395845732,0.0145545395845732,0.00021183462251890824,False,True,HIGH
2016-12-11 14:00:00,BHMNCPLDH01,0.6444444444444445,0.6298922896385193,-0.0145521548059252,0.0145521548059252,0.00021176520949561187,True,False,HIGH
2016-12-16 09:30:00,BHMNCPPLS01,0.15777777777777777,0.17232799530029297,0.014550217522515202,0.014550217522515202,0.00021170882995250842,False,True,LOW
2016-12-12 15:00:00,BHMNCPNST01,0.5814432989690722,0.5669229626655579,-0.014520336303514347,0.014520336303514347,0.0002108401663671567,True,False,HIGH
2016-12-19 16:00:00,BHMBRCBRG01,0.8485148514851485,0.8339987993240356,-0.014516052161112847,0.014516052161112847,0.00021071577034414895,True,False,VERY_HIGH
2016-12-16 08:00:00,Others-CCCPS133,0.21411764705882352,0.22863341867923737,0.014515771620413842,0.014515771620413842,0.0002107076257360119,False,True,LOW
2016-12-12 14:00:00,Others-CCCPS202,0.43684031324480765,0.42233744263648987,-0.014502870608317786,0.014502870608317786,0.00021033325588160792,True,False,MODERATE
2016-12-16 10:30:00,BHMBRCBRG02,0.5117252931323283,0.5262256860733032,0.014500392940974938,0.014500392940974938,0.0002102613954426758,False,True,HIGH
2016-12-12 14:00:00,BHMNCPRAN01,0.8633333333333333,0.8488336801528931,-0.01449965318044022,0.01449965318044022,0.00021023994235305017,True,False,VERY_HIGH
2016-12-09 10:30:00,BHMBRCBRG02,0.5276381909547738,0.5421369671821594,0.014498776227385601,0.014498776227385601,0.00021021451209180184,False,True,HIGH
2016-12-15 10:30:00,BHMNCPRAN01,0.97,0.9555184841156006,-0.014481515884399387,0.014481515884399387,0.00020971430231011176,True,False,VERY_HIGH
2016-12-17 11:00:00,Others-CCCPS119a,0.4256154120585087,0.4400859773159027,0.014470565257393986,0.014470565257393986,0.00020939725886849787,False,True,MODERATE
2016-12-12 12:00:00,Others-CCCPS105a,0.7297162767546043,0.7152526378631592,-0.014463638891445085,0.014463638891445085,0.0002091968499821228,True,False,HIGH
2016-12-10 15:30:00,Others-CCCPS8,0.726928895612708,0.7124729156494141,-0.014455979963293952,0.014455979963293952,0.0002089753566991562,True,False,HIGH
2016-12-18 12:30:00,Bull Ring,0.8490009826400262,0.8634446263313293,0.014443643691303132,0.014443643691303132,0.00020861884308132075,False,True,VERY_HIGH
2016-12-16 08:00:00,BHMBCCSNH01,0.5480880648899189,0.5336633920669556,-0.014424672822963336,0.014424672822963336,0.00020807118604953704,True,False,HIGH
2016-12-18 15:30:00,Others-CCCPS98,0.5278762487914921,0.5134537220001221,-0.014422526791370016,0.014422526791370016,0.0002080092790477859,True,False,HIGH
2016-12-13 11:00:00,Bull Ring,0.5761546020307894,0.5905726552009583,0.014418053170168865,0.014418053170168865,0.00020788025721781646,False,True,HIGH
2016-12-13 08:00:00,BHMEURBRD01,0.44042553191489364,0.42600947618484497,-0.014416055730048671,0.014416055730048671,0.00020782266281186914,True,False,MODERATE
2016-12-08 14:30:00,NIA Car Parks,0.17981072555205047,0.16539686918258667,-0.014413856369463796,0.014413856369463796,0.00020775925543953204,True,False,LOW
2016-12-13 14:30:00,BHMEURBRD02,0.9227272727272727,0.9083134531974792,-0.014413819529793481,0.014413819529793481,0.00020775819343745597,True,False,VERY_HIGH
2016-12-19 14:00:00,Shopping,0.7901041666666667,0.7756969928741455,-0.01440717379252121,0.01440717379252121,0.00020756665668791,True,False,VERY_HIGH
2016-12-14 11:30:00,BHMBCCMKT01,0.29462738301559793,0.30902940034866333,0.014402017333065398,0.014402017333065398,0.00020741810326191615,False,True,MODERATE
2016-12-16 12:00:00,BHMNCPHST01,0.6466666666666666,0.6322734355926514,-0.014393231074015245,0.014393231074015245,0.00020716510074999804,True,False,HIGH
2016-12-13 15:30:00,BHMNCPPLS01,0.22,0.23437760770320892,0.014377607703208922,0.014377607703208922,0.00020671560326737253,False,True,LOW
2016-12-12 15:00:00,BHMBCCMKT01,0.2270363951473137,0.24140682816505432,0.01437043301774063,0.01437043301774063,0.00020650934511737008,False,True,LOW
2016-12-16 11:00:00,BHMNCPLDH01,0.7944444444444444,0.8088117837905884,0.014367339346143981,0.014367339346143981,0.00020642043988725696,False,True,VERY_HIGH
2016-12-15 10:30:00,Others-CCCPS133,0.5484491978609626,0.5340824127197266,-0.014366785141236016,0.014366785141236016,0.00020640451529443997,True,False,HIGH
2016-12-12 16:00:00,BHMBRCBRG02,0.5787269681742043,0.5643607974052429,-0.014366170768961406,0.014366170768961406,0.00020638686256296116,True,False,HIGH
2016-12-09 16:00:00,BHMBCCPST01,0.34069400630914826,0.3550514280796051,0.014357421770456846,0.014357421770456846,0.0002061355598947882,False,True,MODERATE
2016-12-15 09:00:00,BHMBCCTHL01,0.6304909560723514,0.6448349952697754,0.014344039197423997,0.014344039197423997,0.00020575146049723605,False,True,HIGH
2016-12-11 15:00:00,Others-CCCPS133,0.8070588235294117,0.7927284836769104,-0.014330339852501317,0.014330339852501317,0.00020535864028818748,True,False,VERY_HIGH
2016-12-11 10:00:00,BHMBRCBRG02,0.2562814070351759,0.24195517599582672,-0.014326231039349158,0.014326231039349158,0.00020524089579281125,True,False,MODERATE
2016-12-10 13:00:00,BHMBCCPST01,0.8706624605678234,0.8563368916511536,-0.014325568916669806,0.014325568916669806,0.00020522192478625612,True,False,VERY_HIGH
2016-12-16 15:30:00,BHMBRCBRG03,0.3839811542991755,0.39829620718955994,0.014315052890384428,0.014315052890384428,0.00020492073925450354,False,True,MODERATE
2016-12-19 16:00:00,BHMNCPNHS01,0.604,0.589690625667572,-0.01430937433242796,0.01430937433242796,0.00020475819378554814,True,False,HIGH
2016-12-09 08:00:00,Others-CCCPS133,0.21262032085561497,0.22692562639713287,0.014305305541517904,0.014305305541517904,0.00020464176663618285,False,True,LOW
2016-12-14 11:30:00,BHMBRCBRG03,0.336866902237927,0.35116511583328247,0.014298213595355491,0.014298213595355491,0.0002044389120184086,False,True,MODERATE
2016-12-16 11:00:00,NIA South,0.1649746192893401,0.17926712334156036,0.014292504052220267,0.014292504052220267,0.00020427567208273277,False,True,LOW
2016-12-15 16:00:00,NIA Car Parks,0.23422712933753942,0.2199455350637436,-0.014281594273795828,0.014281594273795828,0.00020396393500131778,True,False,LOW
2016-12-10 15:00:00,Others-CCCPS8,0.7329803328290468,0.7187009453773499,-0.01427938745169699,0.01427938745169699,0.00020390090599568144,True,False,HIGH
2016-12-14 12:00:00,BHMBCCMKT01,0.30675909878682844,0.32102057337760925,0.01426147459078081,0.01426147459078081,0.00020338965750348666,False,True,MODERATE
2016-12-11 14:30:00,Others-CCCPS105a,0.8048780487804879,0.790621817111969,-0.01425623166851886,0.01425623166851886,0.00020324014138648004,True,False,VERY_HIGH
2016-12-17 15:30:00,Others-CCCPS202,0.3813415049370106,0.36708617210388184,-0.014255332833128742,0.014255332833128742,0.00020321451418327832,True,False,MODERATE
2016-12-12 15:30:00,BHMEURBRD02,0.8954545454545455,0.8812133073806763,-0.014241238073869233,0.014241238073869233,0.00020281286187662267,True,False,VERY_HIGH
2016-12-16 09:00:00,NIA Car Parks,0.08438485804416404,0.09862285107374191,0.014237993029577872,0.014237993029577872,0.00020272044551030807,False,True,LOW
2016-12-19 10:00:00,Others-CCCPS135a,0.7149111511717744,0.700676679611206,-0.01423447156056834,0.01423447156056834,0.0002026201806086289,True,False,HIGH
2016-12-18 08:00:00,BHMMBMMBX01,0.3799126637554585,0.3941420614719391,0.014229397716480574,0.014229397716480574,0.00020247575937378258,False,True,MODERATE
2016-12-11 12:00:00,BHMBCCSNH01,0.8377752027809965,0.8235585689544678,-0.014216633826528713,0.014216633826528713,0.00020211267735760043,True,False,VERY_HIGH
2016-12-10 10:00:00,Others-CCCPS133,0.5527272727272727,0.5385122895240784,-0.014214983203194365,0.014214983203194365,0.00020206574746709793,True,False,HIGH
2016-12-09 12:30:00,BHMBCCPST01,0.4605678233438486,0.44635528326034546,-0.014212540083503145,0.014212540083503145,0.00020199629562518356,True,False,MODERATE
2016-12-16 09:30:00,BHMBRCBRG01,0.500990099009901,0.4867844879627228,-0.014205611047178213,0.014205611047178213,0.00020179938522371166,True,False,HIGH
2016-12-12 15:30:00,BHMBCCPST01,0.3470031545741325,0.33281782269477844,-0.014185331879354057,0.014185331879354057,0.0002012236405274185,True,False,MODERATE
2016-12-17 12:00:00,BHMEURBRD01,0.3404255319148936,0.3546062409877777,0.014180709072884101,0.014180709072884101,0.00020109250980977747,False,True,MODERATE
2016-12-15 08:00:00,Others-CCCPS135a,0.475148081380376,0.46099066734313965,-0.01415741403723636,0.01415741403723636,0.00020043237222173714,True,False,MODERATE
2016-12-11 14:00:00,Others-CCCPS105a,0.8048780487804879,0.7907332181930542,-0.014144830587433654,0.014144830587433654,0.0002000762323471987,True,False,VERY_HIGH
2016-12-14 15:30:00,BHMBCCPST01,0.40063091482649843,0.3864927589893341,-0.014138155837164323,0.014138155837164323,0.00019988745047594362,True,False,MODERATE
2016-12-16 14:30:00,BHMEURBRD01,0.7893617021276595,0.7752270698547363,-0.01413463227292322,0.01413463227292322,0.00019978782949076263,True,False,VERY_HIGH
2016-12-11 12:30:00,Broad Street,0.19420289855072465,0.20832672715187073,0.014123828601146082,0.014123828601146082,0.0001994825343545521,False,True,LOW
2016-12-16 10:00:00,NIA South,0.15736040609137056,0.17147868871688843,0.01411828262551787,0.01411828262551787,0.00019932590429399974,False,True,LOW
2016-12-17 09:00:00,Others-CCCPS98,0.4572993876893329,0.47140762209892273,0.014108234409589804,0.014108234409589804,0.00019904227815593375,False,True,MODERATE
2016-12-14 09:00:00,BHMNCPPLS01,0.12444444444444444,0.13854818046092987,0.01410373601648543,0.01410373601648543,0.0001989153696227083,False,True,LOW
2016-12-14 10:00:00,Broad Street,0.9333333333333333,0.9474048018455505,0.014071468512217189,0.014071468512217189,0.00019800622609031983,False,True,VERY_HIGH
2016-12-14 09:00:00,Others-CCCPS135a,0.6788565542106618,0.6929172277450562,0.01406067353439433,0.01406067353439433,0.00019770254024081715,False,True,HIGH
2016-12-11 09:00:00,BHMEURBRD02,0.16818181818181818,0.15412302315235138,-0.014058795029466803,0.014058795029466803,0.00019764971768056048,True,False,LOW
2016-12-14 15:00:00,BHMEURBRD02,0.7727272727272727,0.7586690783500671,-0.014058194377205568,0.014058194377205568,0.00019763282914729425,True,False,VERY_HIGH
2016-12-19 09:00:00,Others-CCCPS119a,0.393863717445594,0.4079146087169647,0.014050891271370713,0.014050891271370713,0.0001974275455198817,False,True,MODERATE
2016-12-13 15:00:00,Others-CCCPS105a,0.6431060228969636,0.6290689706802368,-0.014037052216726797,0.014037052216726797,0.0001970388349351147,True,False,HIGH
2016-12-18 12:30:00,Others-CCCPS119a,0.4555833036032822,0.4696183502674103,0.014035046664128081,0.014035046664128081,0.00019698253486425277,False,True,MODERATE
2016-12-16 11:30:00,BHMBCCPST01,0.47003154574132494,0.4560020864009857,-0.014029459340339223,0.014029459340339223,0.00019682572938223148,True,False,MODERATE
2016-12-12 12:30:00,BHMBCCMKT01,0.31369150779896016,0.29966726899147034,-0.01402423880748982,0.01402423880748982,0.00019667927412950347,True,False,MODERATE
2016-12-18 12:30:00,Others-CCCPS133,0.7349732620320856,0.7489773631095886,0.01400410107750305,0.01400410107750305,0.0001961148469889221,False,True,HIGH
2016-12-18 12:00:00,Others-CCCPS119a,0.45594006421691047,0.4699374735355377,0.013997409318627252,0.013997409318627252,0.00019592746763319303,False,True,MODERATE
2016-12-19 14:30:00,BHMNCPNST01,0.6247422680412371,0.610755205154419,-0.013987062886818169,0.013987062886818169,0.0001956379281998062,True,False,HIGH
2016-12-15 11:00:00,BHMBCCTHL01,0.979328165374677,0.9653418660163879,-0.0139862993582891,0.0139862993582891,0.0001956165697396781,True,False,VERY_HIGH
2016-12-10 09:00:00,BHMBCCMKT01,0.14558058925476602,0.1315964013338089,-0.013984187920957125,0.013984187920957125,0.00019555751180864317,True,False,LOW
2016-12-12 09:30:00,BHMBCCMKT01,0.12998266897746968,0.11601107567548752,-0.013971593301982166,0.013971593301982166,0.00019520541939599292,True,False,LOW
2016-12-17 09:00:00,BHMNCPPLS01,0.13555555555555557,0.1495198756456375,0.013964320090081944,0.013964320090081944,0.0001950022355782662,False,True,LOW
2016-12-12 14:00:00,BHMNCPNST01,0.5835051546391753,0.5695511102676392,-0.013954044371536134,0.013954044371536134,0.00019471535432279927,True,False,HIGH
2016-12-16 13:00:00,BHMNCPNST01,0.5237113402061856,0.5097764730453491,-0.013934867160836473,0.013934867160836473,0.00019418052279015873,True,False,HIGH
2016-12-11 13:00:00,BHMNCPNST01,0.6329896907216495,0.619055986404419,-0.01393370431723051,0.01393370431723051,0.00019414811600000818,True,False,HIGH
2016-12-15 08:00:00,BHMBRCBRG01,0.0801980198019802,0.0941237360239029,0.013925716221922693,0.013925716221922693,0.00019392557229352085,False,True,LOW
2016-12-18 08:30:00,Others-CCCPS98,0.4218498227521753,0.43575572967529297,0.013905906923117661,0.013905906923117661,0.0001933742473544117,False,True,MODERATE
2016-12-16 14:30:00,Others-CCCPS8,0.6089258698940998,0.5950255990028381,-0.013900270891261668,0.013900270891261668,0.00019321753085045645,True,False,HIGH
2016-12-09 14:00:00,BHMNCPLDH01,0.8375,0.8513919711112976,0.013891971111297585,0.013891971111297585,0.00019298686135712666,False,True,VERY_HIGH
2016-12-17 13:00:00,Others-CCCPS119a,0.4555833036032822,0.46947145462036133,0.013888151017079131,0.013888151017079131,0.0001928807386731961,False,True,MODERATE
2016-12-10 15:30:00,Others-CCCPS105a,0.7899452463912394,0.7760648727416992,-0.0138803736495402,0.0138803736495402,0.00019266477265084995,True,False,VERY_HIGH
2016-12-19 08:30:00,BHMNCPHST01,0.4275,0.41362419724464417,-0.013875802755355826,0.013875802755355826,0.00019253790210554034,True,False,MODERATE
2016-12-09 13:30:00,Others-CCCPS105a,0.7267297162767546,0.7406023144721985,0.013872598195443842,0.013872598195443842,0.00019244898069223173,False,True,HIGH
2016-12-16 09:30:00,BHMBCCMKT01,0.18024263431542462,0.19411370158195496,0.01387106726653034,0.01387106726653034,0.00019240650711260947,False,True,LOW
2016-12-13 09:30:00,NIA Car Parks,0.14511041009463724,0.15896809101104736,0.013857680916410126,0.013857680916410126,0.0001920353203810374,False,True,LOW
2016-12-17 10:00:00,BHMNCPNST01,0.4845360824742268,0.4706870913505554,-0.013848991123671384,0.013848991123671384,0.00019179455514352876,True,False,MODERATE
2016-12-10 12:00:00,Others-CCCPS133,0.7696256684491979,0.7834730744361877,0.013847405986989858,0.013847405986989858,0.00019175065256852257,False,True,VERY_HIGH
2016-12-15 14:00:00,Broad Street,0.8971014492753623,0.8832541704177856,-0.01384727885757664,0.01384727885757664,0.00019174713175948899,True,False,VERY_HIGH
2016-12-14 13:30:00,BHMNCPRAN01,0.9416666666666667,0.9555020928382874,0.013835426171620702,0.013835426171620702,0.00019141901735036707,False,True,VERY_HIGH
2016-12-09 09:30:00,BHMBCCPST01,0.22397476340694006,0.21014279127120972,-0.013831972135730342,0.013831972135730342,0.00019132345316362059,True,False,LOW
2016-12-12 11:00:00,BHMNCPNST01,0.5587628865979382,0.5449442267417908,-0.013818659856147386,0.013818659856147386,0.0001909553602198993,True,False,HIGH
2016-12-13 11:30:00,Shopping,0.8046875,0.7908695340156555,-0.013817965984344482,0.013817965984344482,0.00019093618394450118,True,False,VERY_HIGH
2016-12-13 12:00:00,BHMNCPRAN01,0.9933333333333333,0.9795214533805847,-0.013811879952748574,0.013811879952748574,0.00019076802782913793,True,False,VERY_HIGH
2016-12-15 16:00:00,Broad Street,0.7304347826086957,0.7166349291801453,-0.01379985342855039,0.01379985342855039,0.00019043595464947398,True,False,HIGH
2016-12-18 14:30:00,BHMBRTARC01,0.7278225806451613,0.7140304446220398,-0.01379213602312146,0.01379213602312146,0.00019022301608028464,True,False,HIGH
2016-12-19 10:30:00,Others-CCCPS98,0.529487592652272,0.543248176574707,0.013760583922435066,0.013760583922435066,0.00018935366988637843,False,True,HIGH
2016-12-18 11:00:00,BHMBRCBRG02,0.6381909547738693,0.6244337558746338,-0.013757198899235545,0.013757198899235545,0.0001892605215531277,True,False,HIGH
2016-12-10 10:00:00,BHMBCCMKT01,0.28596187175043325,0.2722114026546478,-0.013750469095785423,0.013750469095785423,0.00018907540035414998,True,False,MODERATE
2016-12-19 09:30:00,BHMBCCMKT01,0.09878682842287695,0.11253584176301956,0.013749013340142613,0.013749013340142613,0.00018903536782741953,False,True,LOW
2016-12-17 14:00:00,Others-CCCPS135a,0.5433942827710533,0.5296559929847717,-0.013738289786281555,0.013738289786281555,0.00018874060625184808,True,False,HIGH
2016-12-16 11:00:00,NIA Car Parks,0.10252365930599369,0.11625714600086212,0.01373348669486843,0.01373348669486843,0.0001886086567981282,False,True,LOW
2016-12-14 08:00:00,Others-CCCPS105a,0.4131408661025386,0.39941465854644775,-0.01372620755609083,0.01372620755609083,0.000188408773872885,True,False,MODERATE
2016-12-14 14:00:00,BHMMBMMBX01,0.9868995633187773,0.973182201385498,-0.013717361933279215,0.013717361933279215,0.0001881660184085777,True,False,VERY_HIGH
2016-12-17 16:00:00,BHMMBMMBX01,0.834061135371179,0.8203452825546265,-0.01371585281655252,0.01371585281655252,0.0001881246184853317,True,False,VERY_HIGH
2016-12-15 15:00:00,NIA South,0.33756345177664976,0.3238479197025299,-0.013715532074119852,0.013715532074119852,0.0001881158200762104,True,False,MODERATE
2016-12-15 12:00:00,BHMMBMMBX01,0.8864628820960698,0.8727536201477051,-0.013709261948364748,0.013709261948364748,0.0001879438631688816,True,False,VERY_HIGH
2016-12-09 13:30:00,Others-CCCPS8,0.6338880484114977,0.6475915908813477,0.01370354246984995,0.01370354246984995,0.00018778707622298127,False,True,HIGH
2016-12-11 10:30:00,Others-CCCPS98,0.2632935868514341,0.24959613382816315,-0.013697453023270967,0.013697453023270967,0.00018762021932471496,True,False,MODERATE
2016-12-19 10:00:00,BHMNCPRAN01,0.7316666666666667,0.7453617453575134,0.01369507869084674,0.01369507869084674,0.00018755518034848447,False,True,HIGH
2016-12-15 12:00:00,BHMEURBRD01,0.9191489361702128,0.9328375458717346,0.013688609701521859,0.013688609701521859,0.00018737803556059836,False,True,VERY_HIGH
2016-12-15 10:00:00,BHMEURBRD02,0.7727272727272727,0.7864146828651428,0.013687410137870115,0.013687410137870115,0.0001873451962822696,False,True,VERY_HIGH
2016-12-15 15:30:00,Others-CCCPS119a,0.23760256867641813,0.22392337024211884,-0.013679198434299294,0.013679198434299294,0.00018712046980493626,True,False,LOW
2016-12-11 14:00:00,Others-CCCPS135a,0.5433942827710533,0.5297412276268005,-0.013653055144252746,0.013653055144252746,0.00018640591477200636,True,False,HIGH
2016-12-09 08:30:00,Others-CCCPS133,0.24149732620320855,0.25514668226242065,0.013649356059212109,0.013649356059212109,0.0001863049208311503,False,True,LOW
2016-12-15 08:30:00,NIA South,0.20304568527918782,0.2166685312986374,0.013622846019449575,0.013622846019449575,0.00018558193366963313,False,True,LOW
2016-12-16 12:00:00,Others-CCCPS133,0.6748663101604279,0.661244809627533,-0.013621500532894903,0.013621500532894903,0.00018554527676765614,True,False,HIGH
2016-12-12 08:00:00,BHMNCPRAN01,0.47833333333333333,0.4647137522697449,-0.01361958106358846,0.01361958106358846,0.00018549298834765734,True,False,MODERATE
2016-12-16 14:30:00,BHMBCCPST01,0.555205047318612,0.5415976643562317,-0.013607382962380288,0.013607382962380288,0.00018516087108487735,True,False,HIGH
2016-12-15 16:00:00,BHMNCPPLS01,0.2511111111111111,0.23750470578670502,-0.013606405324406101,0.013606405324406101,0.0001851342658520267,True,False,MODERATE
2016-12-17 12:00:00,BHMNCPNHS01,0.34,0.3535948097705841,0.013594809770584082,0.013594809770584082,0.0001848188526983684,False,True,MODERATE
2016-12-16 13:00:00,Others-CCCPS133,0.7144385026737968,0.7008453607559204,-0.013593141917876417,0.013593141917876417,0.00018477350719952896,True,False,HIGH
2016-12-09 10:00:00,Others-CCCPS98,0.33612632935868514,0.34969043731689453,0.013564107958209393,0.013564107958209393,0.00018398502470195937,False,True,MODERATE
2016-12-16 12:00:00,BHMBCCTHL01,1.0,0.9864535927772522,-0.013546407222747803,0.013546407222747803,0.00018350514864451384,True,False,VERY_HIGH
2016-12-13 12:30:00,BHMNCPNST01,0.6268041237113402,0.6403449773788452,0.013540853667505015,0.013540853667505015,0.00018335471804478403,False,True,HIGH
2016-12-17 16:00:00,BHMNCPNST01,0.7958762886597938,0.8093996047973633,0.013523316137569519,0.013523316137569519,0.00018288007935664816,False,True,VERY_HIGH
2016-12-14 08:00:00,BHMNCPNST01,0.422680412371134,0.43620359897613525,0.013523186605001236,0.013523186605001236,0.00018287657595368487,False,True,MODERATE
2016-12-13 09:00:00,BHMNCPNHS01,0.72,0.7064841389656067,-0.013515861034393284,0.013515861034393284,0.00018267849950103068,True,False,HIGH
2016-12-18 14:00:00,Others-CCCPS105a,0.7237431557989049,0.7102366089820862,-0.013506546816818732,0.013506546816818732,0.00018242680691491622,True,False,HIGH
2016-12-17 13:00:00,BHMNCPNST01,0.668041237113402,0.6545346975326538,-0.013506539580748211,0.013506539580748211,0.00018242661144631807,True,False,HIGH
2016-12-12 15:30:00,BHMBCCTHL01,0.9638242894056848,0.9773213267326355,0.013497037326950734,0.013497037326950734,0.0001821700166051014,False,True,VERY_HIGH
2016-12-15 14:00:00,BHMNCPPLS01,0.37333333333333335,0.38681933283805847,0.013485999504725121,0.013485999504725121,0.0001818721826414462,False,True,MODERATE
2016-12-13 15:00:00,BHMBRTARC01,0.7600806451612904,0.7466000914573669,-0.013480553703923426,0.013480553703923426,0.0001817253281643636,True,False,VERY_HIGH
2016-12-17 10:00:00,BHMBRTARC01,0.7661290322580645,0.7796069383621216,0.01347790610405708,0.01347790610405708,0.0001816539529497791,False,True,VERY_HIGH
2016-12-18 09:30:00,Others-CCCPS8,0.3124054462934947,0.298928439617157,-0.013477006676337722,0.013477006676337722,0.00018162970895405152,True,False,MODERATE
2016-12-16 15:00:00,Others-CCCPS133,0.6583957219251337,0.6449229717254639,-0.01347275019966987,0.01347275019966987,0.00018151499794270452,True,False,HIGH
2016-12-19 14:00:00,BHMNCPNST01,0.6123711340206186,0.5988984107971191,-0.013472723223499461,0.013472723223499461,0.00018151427105702171,True,False,HIGH
2016-12-11 13:30:00,BHMMBMMBX01,0.7947598253275109,0.7813065052032471,-0.013453320124263812,0.013453320124263812,0.00018099182236592167,True,False,VERY_HIGH
2016-12-10 09:00:00,BHMNCPHST01,0.18916666666666668,0.2026194930076599,0.013452826340993235,0.013452826340993235,0.0001809785365609214,False,True,LOW
2016-12-11 10:00:00,Others-CCCPS202,0.20088525706503235,0.18743938207626343,-0.013445874988768924,0.013445874988768924,0.0001807915542136017,True,False,LOW
2016-12-19 11:30:00,Others-CCCPS119a,0.4530859793078844,0.46652913093566895,0.013443151627784533,0.013443151627784533,0.00018071832568760594,False,True,MODERATE
2016-12-11 10:00:00,Others-CCCPS8,0.4084720121028744,0.39503103494644165,-0.013440977156432776,0.013440977156432776,0.00018065986691974772,True,False,MODERATE
2016-12-11 14:30:00,BHMBRCBRG01,0.998019801980198,0.9845869541168213,-0.013432847863376729,0.013432847863376729,0.00018044140172062474,True,False,VERY_HIGH
2016-12-16 09:30:00,Others-CCCPS135a,0.7046098377543136,0.6911799907684326,-0.013429846985881011,0.013429846985881011,0.00018036079006417726,True,False,HIGH
2016-12-15 08:00:00,BHMBRCBRG03,0.10129564193168433,0.11471859365701675,0.013422951725332422,0.013422951725332422,0.00018017563302060463,False,True,LOW
2016-12-15 11:00:00,BHMBCCMKT01,0.32062391681109187,0.33403894305229187,0.013415026241200001,0.013415026241200001,0.00017996292905208462,False,True,MODERATE
2016-12-18 15:30:00,Shopping,0.42552083333333335,0.43892017006874084,0.013399336735407497,0.013399336735407497,0.00017954222494884084,False,True,MODERATE
2016-12-19 15:30:00,BHMBRCBRG01,0.9158415841584159,0.9292339086532593,0.0133923244948434,0.0133923244948434,0.00017935435537518252,False,True,VERY_HIGH
2016-12-17 14:00:00,BHMNCPNST01,0.7814432989690722,0.7680547833442688,-0.013388515624803365,0.013388515624803365,0.00017925235063560386,True,False,VERY_HIGH
2016-12-18 08:00:00,Others-CCCPS119a,0.36567962896896183,0.3790633976459503,0.013383768676988483,0.013383768676988483,0.00017912526399913807,False,True,MODERATE
2016-12-17 14:30:00,BHMEURBRD01,0.5212765957446809,0.5346524715423584,0.013375875797677517,0.013375875797677517,0.00017891405335489514,False,True,HIGH
2016-12-17 10:30:00,Others-CCCPS119a,0.42240456653585445,0.4357762932777405,0.013371726741886025,0.013371726741886025,0.00017880307605966985,False,True,MODERATE
2016-12-18 08:00:00,BHMNCPNST01,0.35670103092783506,0.37006616592407227,0.013365134996237205,0.013365134996237205,0.00017862683346764446,False,True,MODERATE
2016-12-17 16:00:00,BHMNCPPLS01,0.4266666666666667,0.4400308132171631,0.013364146550496392,0.013364146550496392,0.0001786004130231446,False,True,MODERATE
2016-12-10 13:30:00,Others-CCCPS135a,0.5251094514550605,0.5384699106216431,0.013360459166582572,0.013360459166582572,0.0001785018691419203,False,True,HIGH
2016-12-08 14:30:00,Others-CCCPS105a,0.750622200099552,0.76398104429245,0.0133588441928979,0.0133588441928979,0.00017845871817012197,False,True,VERY_HIGH
2016-12-12 09:30:00,Others-CCCPS202,0.3575076608784474,0.344155877828598,-0.013351783049849353,0.013351783049849353,0.00017827011061024447,True,False,MODERATE
2016-12-14 10:00:00,Shopping,0.7385416666666667,0.7251906394958496,-0.013351027170817042,0.013351027170817042,0.0001782499265158949,True,False,HIGH
2016-12-19 14:30:00,Broad Street,0.9057971014492754,0.8924493193626404,-0.013347782086635007,0.013347782086635007,0.00017816328663229438,True,False,VERY_HIGH
2016-12-17 14:00:00,BHMBRCBRG03,0.7137809187279152,0.7004421353340149,-0.013338783393900266,0.013338783393900266,0.00017792314242938951,True,False,HIGH
2016-12-19 09:00:00,Others-CCCPS98,0.4827586206896552,0.4960877299308777,0.013329109241222492,0.013329109241222492,0.00017766515316444283,False,True,MODERATE
2016-12-09 10:00:00,Others-CCCPS8,0.510590015128593,0.4972629249095917,-0.013327090219001358,0.013327090219001358,0.00017761133370540168,True,False,HIGH
2016-12-09 15:00:00,BHMBCCPST01,0.40063091482649843,0.38731443881988525,-0.013316476006613176,0.013316476006613176,0.0001773285332347044,True,False,MODERATE
2016-12-08 15:30:00,BHMBCCMKT01,0.2391681109185442,0.22585324943065643,-0.013314861487887769,0.013314861487887769,0.0001772855364416369,True,False,LOW
2016-12-14 12:00:00,BHMEURBRD01,0.9361702127659575,0.9494723081588745,0.013302095392917046,0.013302095392917046,0.0001769457418422649,False,True,VERY_HIGH
2016-12-14 09:30:00,BHMBCCPST01,0.23659305993690852,0.24986794590950012,0.013274885972591605,0.013274885972591605,0.00017622259758530936,False,True,LOW
2016-12-15 12:30:00,Others-CCCPS8,0.6732223903177005,0.659949779510498,-0.013272610807202434,0.013272610807202434,0.00017616219763946686,True,False,HIGH
2016-12-09 11:30:00,Shopping,0.7307291666666667,0.7174568772315979,-0.013272289435068751,0.013272289435068751,0.0001761536668482376,True,False,HIGH
2016-12-11 09:30:00,Others-CCCPS8,0.3517397881996974,0.3384684920310974,-0.01327129616860001,0.01327129616860001,0.00017612730199469733,True,False,MODERATE
2016-12-13 09:00:00,BHMBCCMKT01,0.1022530329289428,0.08899758011102676,-0.013255452817916041,0.013255452817916041,0.00017570702940799832,True,False,LOW
2016-12-14 14:00:00,BHMEURBRD01,0.9297872340425531,0.9430380463600159,0.013250812317462723,0.013250812317462723,0.00017558402707262185,False,True,VERY_HIGH
2016-12-14 12:00:00,BHMNCPLDH01,0.9083333333333333,0.9215825200080872,0.013249186674753832,0.013249186674753832,0.0001755409475424745,False,True,VERY_HIGH
2016-12-13 12:00:00,BHMNCPNST01,0.6329896907216495,0.6197481155395508,-0.013241575182098675,0.013241575182098675,0.00017533931330317154,True,False,HIGH
2016-12-14 14:00:00,BHMBRCBRG03,0.3934040047114252,0.40664538741111755,0.013241382699692328,0.013241382699692328,0.00017533421579971127,False,True,MODERATE
2016-12-12 09:00:00,BHMMBMMBX01,0.5953420669577875,0.608564019203186,0.013221952245398572,0.013221952245398572,0.00017482002117960032,False,True,HIGH
2016-12-10 15:30:00,Broad Street,0.30434782608695654,0.3175573945045471,0.013209568417590578,0.013209568417590578,0.00017449269777900645,False,True,MODERATE
2016-12-14 13:00:00,BHMBCCPST01,0.4668769716088328,0.4800851345062256,0.013208162897392794,0.013208162897392794,0.00017445556712406362,False,True,MODERATE
2016-12-10 14:00:00,BHMBCCSNH01,0.8030127462340672,0.789804995059967,-0.013207751174100113,0.013207751174100113,0.0001744446910769429,True,False,VERY_HIGH
2016-12-18 13:00:00,Others-CCCPS105a,0.6595321055251369,0.6463292837142944,-0.013202821810842424,0.013202821810842424,0.00017431450376885645,True,False,HIGH
2016-12-18 14:30:00,Others-CCCPS133,0.7920855614973262,0.7788848876953125,-0.01320067380201373,0.01320067380201373,0.00017425778882717161,True,False,VERY_HIGH
2016-12-13 15:30:00,Broad Street,0.8304347826086956,0.8172501921653748,-0.013184590443320876,0.013184590443320876,0.00017383342515810818,True,False,VERY_HIGH
2016-12-16 12:30:00,NIA South,0.1700507614213198,0.18323473632335663,0.013183974902036821,0.013183974902036821,0.00017381719421753682,False,True,LOW
2016-12-10 12:30:00,Bull Ring,0.8853586636095644,0.898534893989563,0.0131762303799986,0.0131762303799986,0.00017361304702679802,False,True,VERY_HIGH
2016-12-09 15:30:00,BHMBRCBRG03,0.3580683156654888,0.34489426016807556,-0.01317405549741324,0.01317405549741324,0.000173555738248924,True,False,MODERATE
2016-12-09 13:30:00,BHMEURBRD01,0.7872340425531915,0.8004068732261658,0.013172830672974256,0.013172830672974256,0.0001735234679388514,False,True,VERY_HIGH
2016-12-10 13:00:00,BHMNCPPLS01,0.40444444444444444,0.3912796080112457,-0.013164836433198712,0.013164836433198712,0.0001733129183128762,True,False,MODERATE
2016-12-18 14:00:00,Broad Street,0.37681159420289856,0.38997194170951843,0.013160347506619874,0.013160347506619874,0.00017319474649499594,False,True,MODERATE
2016-12-17 13:30:00,BHMNCPNST01,0.734020618556701,0.7208607792854309,-0.013159839271270068,0.013159839271270068,0.00017318136964566193,True,False,HIGH
2016-12-14 08:30:00,BHMNCPNST01,0.43711340206185567,0.45027315616607666,0.013159754104220989,0.013159754104220989,0.00017317912808356115,False,True,MODERATE
2016-12-09 09:30:00,BHMNCPHST01,0.5325,0.5456447005271912,0.013144700527191189,0.013144700527191189,0.00017278315194954033,False,True,HIGH
2016-12-09 11:30:00,BHMBRCBRG03,0.4004711425206125,0.41360872983932495,0.013137587318712451,0.013137587318712451,0.00017259620055679422,False,True,MODERATE
2016-12-11 15:30:00,Others-CCCPS105a,0.7381781981085117,0.7512929439544678,0.013114745845956066,0.013114745845956066,0.0001719965586040219,False,True,HIGH
2016-12-11 08:00:00,BHMNCPLDH01,0.23472222222222222,0.24783433973789215,0.01311211751566993,0.01311211751566993,0.00017192762574473817,False,True,LOW
2016-12-18 09:00:00,Others-CCCPS8,0.2806354009077156,0.2675250768661499,-0.013110324041565702,0.013110324041565702,0.00017188059647485563,True,False,MODERATE
2016-12-15 08:30:00,BHMNCPNST01,0.47010309278350515,0.4832085371017456,0.013105444318240456,0.013105444318240456,0.00017175267077850105,False,True,MODERATE
2016-12-16 12:00:00,Others-CCCPS135a,0.7723409734741179,0.7592479586601257,-0.013093014813992165,0.013093014813992165,0.0001714270369194183,True,False,VERY_HIGH
2016-12-17 08:00:00,BHMNCPNST01,0.48041237113402063,0.4673224985599518,-0.01308987257406885,0.01308987257406885,0.00017134476400535988,True,False,MODERATE
2016-12-19 13:00:00,Others-CCCPS133,0.8519786096256684,0.8388891816139221,-0.013089428011746285,0.013089428011746285,0.0001713331256746883,True,False,VERY_HIGH
2016-12-18 08:30:00,Others-CCCPS105a,0.3041314086610254,0.3172161877155304,0.013084779054505002,0.013084779054505002,0.00017121144290521283,False,True,MODERATE
2016-12-12 10:00:00,BHMNCPPLS01,0.22,0.20691612362861633,-0.013083876371383668,0.013083876371383668,0.00017118782090165186,True,False,LOW
2016-12-09 12:30:00,Bull Ring,0.7952833278742221,0.7822027802467346,-0.013080547627487449,0.013080547627487449,0.00017110072623496752,True,False,VERY_HIGH
2016-12-10 08:00:00,BHMEURBRD02,0.10454545454545454,0.11760025471448898,0.013054800169034445,0.013054800169034445,0.00017042780745342177,False,True,LOW
2016-12-09 14:00:00,BHMEURBRD02,0.6954545454545454,0.7085068821907043,0.01305233673615891,0.01305233673615891,0.00017036349427408342,False,True,HIGH
2016-12-15 08:30:00,Others-CCCPS98,0.25942636158556237,0.27247437834739685,0.01304801676183448,0.01304801676183448,0.00017025074141711354,False,True,MODERATE
2016-12-18 11:00:00,Others-CCCPS98,0.4440863680309378,0.45712876319885254,0.013042395167914722,0.013042395167914722,0.0001701040717160453,False,True,MODERATE
2016-12-10 13:00:00,BHMMBMMBX01,0.7991266375545851,0.7860864996910095,-0.013040137863575607,0.013040137863575607,0.0001700451955010582,True,False,VERY_HIGH
2016-12-14 08:30:00,Others-CCCPS202,0.33231188287368063,0.3453473150730133,0.013035432199332675,0.013035432199332675,0.0001699224926233991,False,True,MODERATE
2016-12-12 10:00:00,BHMNCPHST01,0.5758333333333333,0.588847279548645,0.013013946215311711,0.013013946215311711,0.00016936279609502602,False,True,HIGH
2016-12-17 09:30:00,BHMBRCBRG01,0.7108910891089109,0.7239020466804504,0.013010957571539583,0.013010957571539583,0.0001692850169284032,False,True,HIGH
2016-12-19 08:30:00,BHMNCPNST01,0.35051546391752575,0.36352214217185974,0.013006678254333992,0.013006678254333992,0.00016917367921176474,False,True,MODERATE
2016-12-19 12:00:00,BHMBCCMKT01,0.43154246100519933,0.4185437560081482,-0.012998704997051136,0.012998704997051136,0.00016896633160036218,True,False,MODERATE
2016-12-17 10:00:00,BHMBRCBRG02,0.4966499162479062,0.5096482634544373,0.012998347206531036,0.012998347206531036,0.00016895703010153318,False,True,MODERATE
2016-12-15 16:00:00,Shopping,0.6072916666666667,0.5942959785461426,-0.012995688120524096,0.012995688120524096,0.0001688879097259311,True,False,HIGH
2016-12-17 15:30:00,Others-CCCPS98,0.5913631969062197,0.5783680081367493,-0.012995188769470478,0.012995188769470478,0.00016887493115417163,True,False,HIGH
2016-12-16 10:30:00,Broad Street,0.7231884057971014,0.710221529006958,-0.012966876790143411,0.012966876790143411,0.0001681398936907599,True,False,HIGH
2016-12-12 11:30:00,BHMBRCBRG03,0.3568904593639576,0.3439246714115143,-0.012965787952443297,0.012965787952443297,0.00016811165722772374,True,False,MODERATE
2016-12-16 08:30:00,Others-CCCPS202,0.30166836908409944,0.3146338164806366,0.012965447396537155,0.012965447396537155,0.0001681028261923721,False,True,MODERATE
2016-12-19 12:00:00,BHMEURBRD02,0.8318181818181818,0.8447802662849426,0.012962084466760837,0.012962084466760837,0.00016801563372344257,False,True,VERY_HIGH
2016-12-19 15:30:00,Others-CCCPS105a,0.7172722747635639,0.7302082777023315,0.012936002938767621,0.012936002938767621,0.00016734017203180453,False,True,HIGH
2016-12-19 12:00:00,Others-CCCPS119a,0.4537995005351409,0.46673139929771423,0.012931898762573335,0.012931898762573335,0.00016723400560544576,False,True,MODERATE
2016-12-15 14:30:00,BHMMBMMBX01,0.9810771470160117,0.9681490063667297,-0.012928140649281938,0.012928140649281938,0.00016713682064761602,True,False,VERY_HIGH
2016-12-08 15:00:00,BHMNCPHST01,0.6025,0.589583694934845,-0.012916305065155065,0.012916305065155065,0.0001668309365361504,True,False,HIGH
2016-12-13 14:30:00,Others-CCCPS98,0.3428939735739607,0.3558058440685272,0.012911870494566546,0.012911870494566546,0.00016671639966845815,False,True,MODERATE
2016-12-17 09:00:00,BHMBCCSNH01,0.3962920046349942,0.409202516078949,0.012910511443954775,0.012910511443954775,0.00016668130574448722,False,True,MODERATE
2016-12-09 08:00:00,BHMNCPHST01,0.2733333333333333,0.26042380928993225,-0.012909524043401066,0.012909524043401066,0.0001666558110271502,True,False,MODERATE
2016-12-13 10:00:00,NIA South,0.23096446700507614,0.2438727468252182,0.01290827982014206,0.01290827982014206,0.00016662368791508673,False,True,LOW
2016-12-10 11:00:00,BHMNCPLDH01,0.5305555555555556,0.5176545977592468,-0.012900957796308732,0.012900957796308732,0.00016643471206213904,True,False,HIGH
2016-12-08 15:00:00,Others-CCCPS133,0.626951871657754,0.6140542030334473,-0.012897668624306746,0.012897668624306746,0.00016634985594242668,True,False,HIGH
2016-12-19 13:00:00,BHMBCCPST01,0.8391167192429022,0.8262192010879517,-0.012897518154950549,0.012897518154950549,0.00016634597455727901,True,False,VERY_HIGH
2016-12-18 08:00:00,Others-CCCPS98,0.42152755398001934,0.4344162344932556,0.012888680513236273,0.012888680513236273,0.00016611808537227643,False,True,MODERATE
2016-12-18 11:30:00,Shopping,0.359375,0.3464866876602173,-0.012888312339782715,0.012888312339782715,0.0001661085949677954,True,False,MODERATE
2016-12-09 16:00:00,BHMEURBRD02,0.55,0.5628823041915894,0.012882304191589311,0.012882304191589311,0.00016595376128463954,False,True,HIGH
2016-12-16 09:30:00,BHMBRTARC01,0.7943548387096774,0.8072369694709778,0.012882130761300403,0.012882130761300403,0.0001659492929512421,False,True,VERY_HIGH
2016-12-16 11:30:00,BHMNCPNST01,0.5381443298969072,0.5510205626487732,0.012876232751866001,0.012876232751866001,0.0001657973698802267,False,True,HIGH
2016-12-09 14:00:00,BHMBCCSNH01,0.9374275782155272,0.924552321434021,-0.01287525678150625,0.01287525678150625,0.00016577223718972268,True,False,VERY_HIGH
2016-12-09 09:00:00,BHMBRCBRG03,0.1790341578327444,0.166172593832016,-0.01286156400072841,0.01286156400072841,0.00016541982854483296,True,False,LOW
2016-12-16 10:30:00,BHMMBMMBX01,0.7307132459970888,0.7178521156311035,-0.01286113036598524,0.01286113036598524,0.00016540867429086763,True,False,HIGH
2016-12-19 13:30:00,BHMMBMMBX01,0.9868995633187773,0.9740530252456665,-0.012846538073110758,0.012846538073110758,0.00016503354046388426,True,False,VERY_HIGH
2016-12-18 16:00:00,BHMNCPNST01,0.4329896907216495,0.44583189487457275,0.012842204152923253,0.012842204152923253,0.00016492220750535927,False,True,MODERATE
2016-12-09 09:30:00,BHMBCCMKT01,0.15424610051993068,0.1670876145362854,0.012841514016354721,0.012841514016354721,0.00016490448223223478,False,True,LOW
2016-12-10 10:00:00,BHMEURBRD02,0.11818181818181818,0.13101553916931152,0.012833720987493344,0.012833720987493344,0.00016470439438482712,False,True,LOW
2016-12-13 10:30:00,BHMNCPHST01,0.675,0.6621683239936829,-0.012831676006317183,0.012831676006317183,0.0001646519091310961,True,False,HIGH
2016-12-15 11:30:00,NIA South,0.32741116751269034,0.3145839273929596,-0.012827240119730743,0.012827240119730743,0.00016453808908922996,True,False,MODERATE
2016-12-15 13:00:00,BHMEURBRD01,0.9234042553191489,0.9105791449546814,-0.01282511036446754,0.01282511036446754,0.00016448345586077273,True,False,VERY_HIGH
2016-12-09 16:00:00,Others-CCCPS135a,0.567602369302086,0.5547775030136108,-0.012824866288475123,0.012824866288475123,0.00016447719531726567,True,False,HIGH
2016-12-19 08:00:00,BHMBCCSNH01,0.49130938586326767,0.4784884750843048,-0.012820910778962857,0.012820910778962857,0.000164375753202126,True,False,MODERATE
2016-12-19 12:30:00,Others-CCCPS119a,0.4537995005351409,0.46661344170570374,0.012813941170562837,0.012813941170562837,0.0001641970883226453,False,True,MODERATE
2016-12-14 15:30:00,BHMBCCSNH01,0.7937427578215527,0.80655437707901,0.01281161925745733,0.01281161925745733,0.0001641375879980515,False,True,VERY_HIGH
2016-12-16 13:00:00,Others-CCCPS98,0.30164357073799547,0.288836807012558,-0.012806763725437487,0.012806763725437487,0.00016401319711918145,True,False,MODERATE
2016-12-09 14:00:00,Others-CCCPS133,0.7084491978609626,0.7212558388710022,0.012806641010039588,0.012806641010039588,0.0001640100539600278,False,True,HIGH
2016-12-19 12:30:00,BHMEURBRD01,0.9042553191489362,0.8914552330970764,-0.012800086051859783,0.012800086051859783,0.00016384220293501534,True,False,VERY_HIGH
2016-12-18 13:00:00,BHMBCCSNH01,0.7879490150637312,0.7751588225364685,-0.012790192527262656,0.012790192527262656,0.00016358902488444548,True,False,VERY_HIGH
2016-12-17 16:00:00,Others-CCCPS119a,0.4552265429896539,0.4424412250518799,-0.012785317937774043,0.012785317937774043,0.0001634643547699667,True,False,MODERATE
2016-12-18 12:30:00,BHMEURBRD01,0.32978723404255317,0.31702160835266113,-0.012765625689892035,0.012765625689892035,0.0001629611992544315,True,False,MODERATE
2016-12-11 14:30:00,BHMNCPLDH01,0.6180555555555556,0.6308029890060425,0.0127474334504869,0.0127474334504869,0.00016249705957459236,False,True,HIGH
2016-12-08 15:30:00,BHMBCCSNH01,0.8400926998841252,0.8273477554321289,-0.012744944451996254,0.012744944451996254,0.00016243360908447008,True,False,VERY_HIGH
2016-12-09 08:30:00,Others-CCCPS105a,0.47735191637630664,0.49009600281715393,0.012744086440847291,0.012744086440847291,0.00016241173921178778,False,True,MODERATE
2016-12-18 09:00:00,Others-CCCPS119a,0.3738851230824117,0.3866223692893982,0.012737246206986519,0.012737246206986519,0.00016223744093739247,False,True,MODERATE
2016-12-16 14:00:00,Others-CCCPS98,0.31711247180148244,0.3043762445449829,-0.012736227256499533,0.012736227256499533,0.00016221148472920162,True,False,MODERATE
2016-12-11 12:30:00,BHMMBMMBX01,0.7088791848617176,0.7216065526008606,0.012727367739142958,0.012727367739142958,0.00016198588956737694,False,True,HIGH
2016-12-16 14:00:00,BHMBRCBRG03,0.4534746760895171,0.4661969244480133,0.012722248358496224,0.012722248358496224,0.00016185560329525986,False,True,MODERATE
2016-12-18 15:00:00,Others-CCCPS202,0.31835205992509363,0.3056478798389435,-0.012704180086150152,0.012704180086150152,0.00016139619166133409,True,False,MODERATE
2016-12-12 14:30:00,BHMNCPRAN01,0.835,0.8476979732513428,0.012697973251342809,0.012697973251342809,0.00016123852469181746,False,True,VERY_HIGH
2016-12-10 09:30:00,Shopping,0.284375,0.2970704436302185,0.012695443630218517,0.012695443630218517,0.0001611742889680559,False,True,MODERATE
2016-12-09 11:00:00,Others-CCCPS105a,0.6859133897461424,0.673223078250885,-0.012690311495257345,0.012690311495257345,0.00016104400584666072,True,False,HIGH
2016-12-13 09:30:00,BHMNCPLDH01,0.8138888888888889,0.826577365398407,0.012688476509518098,0.012688476509518098,0.0001609974361325926,False,True,VERY_HIGH
2016-12-15 09:30:00,BHMEURBRD02,0.75,0.7626863121986389,0.012686312198638916,0.012686312198638916,0.00016094251720133457,False,True,HIGH
2016-12-12 09:30:00,BHMEURBRD01,0.7340425531914894,0.7213570475578308,-0.012685505633658556,0.012685505633658556,0.00016092205318158297,True,False,HIGH
2016-12-18 09:30:00,BHMBCCPST01,0.12302839116719243,0.1357058733701706,0.012677482202978166,0.012677482202978166,0.00016071855500682814,False,True,LOW
2016-12-19 08:00:00,BHMMBMMBX01,0.5007278020378457,0.4880560338497162,-0.01267176818812954,0.01267176818812954,0.0001605737090136918,True,False,HIGH
2016-12-12 10:00:00,BHMBCCMKT01,0.17157712305025996,0.18424242734909058,0.012665304298830615,0.012665304298830615,0.00016040993298197727,False,True,LOW
2016-12-16 09:00:00,BHMNCPLDH01,0.7125,0.7251631021499634,0.012663102149963357,0.012663102149963357,0.0001603541560604066,False,True,HIGH
2016-12-13 09:00:00,NIA Car Parks,0.13406940063091483,0.14671841263771057,0.012649012006795746,0.012649012006795746,0.00015999750474806295,False,True,LOW
2016-12-16 13:30:00,BHMNCPNHS01,0.736,0.7486445307731628,0.012644530773162854,0.012644530773162854,0.0001598841584734624,False,True,HIGH
2016-12-16 09:30:00,BHMBCCPST01,0.31545741324921134,0.3280719816684723,0.012614568419260952,0.012614568419260952,0.00015912733640421575,False,True,MODERATE
2016-12-19 11:30:00,Bull Ring,0.7648214870619063,0.7522265315055847,-0.012594955556321619,0.012594955556321619,0.0001586329054657168,True,False,VERY_HIGH
2016-12-11 15:30:00,Others-CCCPS135a,0.46458923512747874,0.4771754741668701,0.012586239039391378,0.012586239039391378,0.0001584134131566996,False,True,MODERATE
2016-12-09 09:30:00,BHMNCPPLS01,0.11333333333333333,0.12591908872127533,0.012585755387942002,0.012585755387942002,0.00015840123868511114,False,True,LOW
2016-12-12 09:30:00,NIA South,0.21065989847715735,0.22322866320610046,0.01256876472894311,0.01256876472894311,0.00015797384681152439,False,True,LOW
2016-12-11 13:00:00,BHMMBMMBX01,0.7554585152838428,0.7428904175758362,-0.012568097708006598,0.012568097708006598,0.0001579570799980007,True,False,VERY_HIGH
2016-12-18 08:00:00,Shopping,0.1765625,0.18912453949451447,0.012562039494514454,0.012562039494514454,0.00015780483626174098,False,True,LOW
2016-12-17 14:00:00,BHMNCPNHS01,0.37,0.3574393689632416,-0.012560631036758418,0.012560631036758418,0.00015776945204157885,True,False,MODERATE
2016-12-14 13:30:00,BHMNCPNHS01,0.88,0.8925571441650391,0.012557144165039058,0.012557144165039058,0.00015768186958157446,False,True,VERY_HIGH
2016-12-14 13:00:00,BHMNCPHST01,0.7083333333333334,0.7208834290504456,0.012550095717112186,0.012550095717112186,0.00015750490250867764,False,True,HIGH
2016-12-16 10:00:00,BHMBCCTHL01,0.8449612403100775,0.8324119448661804,-0.012549295443897046,0.012549295443897046,0.00015748481613821517,True,False,VERY_HIGH
2016-12-09 09:00:00,Others-CCCPS135a,0.6489827453000258,0.6364342570304871,-0.012548488269538693,0.012548488269538693,0.0001574645578507502,True,False,HIGH
2016-12-12 13:00:00,BHMNCPLDH01,0.9388888888888889,0.9514319896697998,0.01254310078091092,0.01254310078091092,0.00015732937720008814,False,True,VERY_HIGH
2016-12-17 09:00:00,Others-CCCPS119a,0.3906528719229397,0.4031923711299896,0.012539499207049942,0.012539499207049942,0.00015723904036360614,False,True,MODERATE
2016-12-16 15:00:00,BHMNCPNHS01,0.688,0.7005388736724854,0.012538873672485407,0.012538873672485407,0.00015722335297454766,False,True,HIGH
2016-12-16 09:30:00,Others-CCCPS98,0.27844021914276507,0.29097405076026917,0.012533831617504099,0.012533831617504099,0.0001570969350159454,False,True,MODERATE
2016-12-11 12:30:00,Others-CCCPS133,0.7768983957219251,0.7894231081008911,0.012524712378966019,0.012524712378966019,0.00015686842017582464,False,True,VERY_HIGH
2016-12-09 08:30:00,BHMMBMMBX01,0.6550218340611353,0.6675316691398621,0.012509835078726717,0.012509835078726717,0.00015649597369694147,False,True,HIGH
2016-12-14 15:30:00,Others-CCCPS202,0.4184542049710589,0.40595272183418274,-0.012501483136876157,0.012501483136876157,0.0001562870806215989,True,False,MODERATE
2016-12-15 10:00:00,Others-CCCPS98,0.3267805349661618,0.3142826557159424,-0.01249787925021939,0.01249787925021939,0.0001561969857530644,True,False,MODERATE
2016-12-14 10:00:00,BHMEURBRD01,0.925531914893617,0.9130347371101379,-0.01249717778347903,0.01249717778347903,0.00015617945255188184,True,False,VERY_HIGH
2016-12-11 14:00:00,Others-CCCPS133,0.8254545454545454,0.8129651546478271,-0.012489390806718292,0.012489390806718292,0.0001559848827229394,True,False,VERY_HIGH
2016-12-13 08:30:00,BHMBRCBRG01,0.10297029702970296,0.11545940488576889,0.012489107856065926,0.012489107856065926,0.00015597781504044764,False,True,LOW
2016-12-13 08:00:00,NIA South,0.1218274111675127,0.10934412479400635,-0.012483286373506347,0.012483286373506347,0.00015583243868296924,True,False,LOW
2016-12-12 12:30:00,BHMEURBRD01,0.8148936170212766,0.8273749947547913,0.012481377733514654,0.012481377733514654,0.0001557847901266754,False,True,VERY_HIGH
2016-12-10 16:00:00,Others-CCCPS135a,0.48029873808910634,0.467827171087265,-0.012471567001841322,0.012471567001841322,0.00015553998348141732,True,False,MODERATE
2016-12-16 12:30:00,BHMBRCBRG02,0.7688442211055276,0.756376326084137,-0.012467895021390674,0.012467895021390674,0.00015544840626441835,True,False,VERY_HIGH
2016-12-11 13:30:00,BHMEURBRD02,0.13636363636363635,0.12389841675758362,-0.012465219606052735,0.012465219606052735,0.0001553816998271215,True,False,LOW
2016-12-10 10:30:00,Bull Ring,0.7183098591549296,0.730772078037262,0.012462218882332343,0.012462218882332343,0.0001553068994711608,False,True,HIGH
2016-12-17 08:30:00,BHMNCPPLS01,0.10222222222222223,0.08976700901985168,-0.012455213202370544,0.012455213202370544,0.00015513233591650549,True,False,LOW
2016-12-19 14:30:00,Others-CCCPS202,0.45182158665304734,0.43937167525291443,-0.012449911400132907,0.012449911400132907,0.0001550002938711593,True,False,MODERATE
2016-12-19 10:30:00,BHMNCPRAN01,0.735,0.747427225112915,0.012427225112915052,0.012427225112915052,0.00015443592400706655,False,True,HIGH
2016-12-14 14:30:00,BHMBCCMKT01,0.27902946273830154,0.2666051685810089,-0.012424294157292626,0.012424294157292626,0.00015436308530693567,True,False,MODERATE
2016-12-16 12:30:00,BHMBCCMKT01,0.29809358752166376,0.3105064034461975,0.012412815924533749,0.012412815924533749,0.00015407799917635862,False,True,MODERATE
2016-12-19 11:00:00,Shopping,0.7140625,0.7016556859016418,-0.012406814098358199,0.012406814098358199,0.00015392903607121976,True,False,HIGH
2016-12-12 11:30:00,BHMEURBRD01,0.8021276595744681,0.8145288825035095,0.012401222929041444,0.012401222929041444,0.00015379033013578327,False,True,VERY_HIGH
2016-12-14 16:00:00,BHMMBMMBX01,0.8427947598253275,0.8304006457328796,-0.012394114092447839,0.012394114092447839,0.00015361406413661412,True,False,VERY_HIGH
2016-12-18 15:30:00,BHMNCPHST01,0.41083333333333333,0.42322444915771484,0.012391115824381516,0.012391115824381516,0.000153539751373238,False,True,MODERATE
2016-12-09 14:30:00,BHMBCCSNH01,0.8933951332560834,0.9057761430740356,0.012381009817952204,0.012381009817952204,0.00015328940411222887,False,True,VERY_HIGH
2016-12-10 08:00:00,BHMBCCTHL01,0.4392764857881137,0.4516526460647583,0.012376160276644621,0.012376160276644621,0.00015316934319319626,False,True,MODERATE
2016-12-11 16:00:00,Others-CCCPS119a,0.21869425615412058,0.20631825923919678,-0.012375996914923804,0.012375996914923804,0.0001531652996382035,True,False,LOW
2016-12-15 15:00:00,Others-CCCPS202,0.43922369765066394,0.4268553555011749,-0.012368342149489009,0.012368342149489009,0.0001529758875268264,True,False,MODERATE
2016-12-09 10:00:00,BHMBCCMKT01,0.23050259965337955,0.21814490854740143,-0.01235769110597812,0.01235769110597812,0.00015271252947077072,True,False,LOW
2016-12-18 12:00:00,Shopping,0.4166666666666667,0.40431517362594604,-0.01235149304072064,0.01235149304072064,0.00015255938033497041,True,False,MODERATE
2016-12-18 09:00:00,Others-CCCPS202,0.15287708546135512,0.14053048193454742,-0.012346603526807692,0.012346603526807692,0.00015243861864818015,True,False,LOW
2016-12-12 14:30:00,BHMEURBRD01,0.7829787234042553,0.7953251600265503,0.012346436622294954,0.012346436622294954,0.00015243449726834603,False,True,VERY_HIGH
2016-12-09 13:00:00,BHMBCCSNH01,0.9617612977983777,0.9741052389144897,0.012343941116112034,0.012343941116112034,0.0001523728822780412,False,True,VERY_HIGH
2016-12-17 13:00:00,BHMEURBRD02,0.25,0.2376583367586136,-0.012341663241386414,0.012341663241386414,0.0001523166515637886,True,False,LOW
2016-12-08 15:30:00,Others-CCCPS202,0.41300646918624445,0.4253472089767456,0.012340739790501154,0.012340739790501154,0.00015229385857685847,False,True,MODERATE
2016-12-16 14:00:00,BHMNCPHST01,0.5983333333333334,0.6106714606285095,0.012338127295176138,0.012338127295176138,0.00015222938515197044,False,True,HIGH
2016-12-12 14:30:00,Others-CCCPS133,0.6765775401069519,0.6889009475708008,0.012323407463848857,0.012323407463848857,0.0001518663715200457,False,True,HIGH
2016-12-09 10:00:00,BHMNCPNST01,0.5670103092783505,0.5793320536613464,0.012321744382995936,0.012321744382995936,0.0001518253846398919,False,True,HIGH
2016-12-12 13:30:00,Others-CCCPS105a,0.7242409158785466,0.7365619540214539,0.012321038142907303,0.012321038142907303,0.00015180798091897667,False,True,HIGH
2016-12-16 10:00:00,Broad Street,0.6840579710144927,0.6963680982589722,0.01231012724447944,0.01231012724447944,0.00015153923277527498,False,True,HIGH
2016-12-09 15:00:00,BHMBCCSNH01,0.8412514484356894,0.8535542488098145,0.012302800374125011,0.012302800374125011,0.0001513588970455705,False,True,VERY_HIGH
2016-12-14 11:30:00,NIA South,0.2918781725888325,0.30417054891586304,0.012292376327030563,0.012292376327030563,0.0001511025157653414,False,True,MODERATE
2016-12-16 08:30:00,Bull Ring,0.16377333770062233,0.15148237347602844,-0.012290964224593887,0.012290964224593887,0.0001510678015702468,True,False,LOW
2016-12-15 09:30:00,BHMEURBRD01,0.7531914893617021,0.7654742002487183,0.012282710887016157,0.012282710887016157,0.00015086498673402523,False,True,VERY_HIGH
2016-12-17 12:30:00,BHMBCCSNH01,0.7172653534183082,0.7049826979637146,-0.012282655454593616,0.012282655454593616,0.0001508636250162583,True,False,HIGH
2016-12-18 13:00:00,Shopping,0.4796875,0.46742141246795654,-0.012266087532043446,0.012266087532043446,0.00015045690334375167,True,False,MODERATE
2016-12-15 10:00:00,Broad Street,0.8028985507246377,0.790636420249939,-0.012262130474698707,0.012262130474698707,0.00015035984377853473,True,False,VERY_HIGH
2016-12-13 15:30:00,BHMBRCBRG02,0.5678391959798995,0.5555813312530518,-0.012257864726847756,0.012257864726847756,0.0001502552476616984,True,False,HIGH
2016-12-09 14:30:00,BHMEURBRD02,0.6772727272727272,0.6895224452018738,0.01224971792914653,0.01224971792914653,0.00015005558934365397,False,True,HIGH
2016-12-09 13:30:00,BHMNCPRAN01,0.73,0.7422451972961426,0.012245197296142596,0.012245197296142596,0.00014994485682145794,False,True,HIGH
2016-12-12 08:30:00,BHMNCPPLS01,0.07777777777777778,0.09001515060663223,0.012237372828854454,0.012237372828854454,0.00014975329375238526,False,True,LOW
2016-12-15 13:00:00,Others-CCCPS105a,0.7934295669487307,0.781192421913147,-0.012237145035583707,0.012237145035583707,0.000149747718621911,True,False,VERY_HIGH
2016-12-11 13:30:00,BHMBRCBRG01,1.0,0.9877704381942749,-0.012229561805725098,0.012229561805725098,0.0001495621819600501,True,False,VERY_HIGH
2016-12-09 11:30:00,BHMNCPRAN01,0.765,0.7772184610366821,0.012218461036682116,0.012218461036682116,0.000149290790104919,False,True,VERY_HIGH
2016-12-14 16:00:00,Others-CCCPS133,0.534331550802139,0.5221213102340698,-0.012210240568069186,0.012210240568069186,0.00014908997473012253,True,False,HIGH
2016-12-18 09:00:00,BHMBCCPST01,0.10725552050473186,0.11946375668048859,0.012208236175756726,0.012208236175756726,0.0001490410305230552,False,True,LOW
2016-12-09 10:30:00,Others-CCCPS98,0.3441830486625846,0.3563884496688843,0.012205401006299688,0.012205401006299688,0.00014897181372458142,False,True,MODERATE
2016-12-18 08:30:00,Broad Street,0.1289855072463768,0.14117862284183502,0.012193115595458215,0.012193115595458215,0.00014867206792420633,False,True,LOW
2016-12-10 11:00:00,Others-CCCPS119a,0.21762397431323582,0.229807510972023,0.012183536658787186,0.012183536658787186,0.00014843856551601125,False,True,LOW
2016-12-17 12:30:00,BHMNCPPLS01,0.35777777777777775,0.34559816122055054,-0.012179616557227213,0.012179616557227213,0.00014834305948108328,True,False,MODERATE
2016-12-09 12:30:00,BHMNCPNST01,0.5855670103092784,0.5733895897865295,-0.012177420522748839,0.012177420522748839,0.0001482895705878646,True,False,HIGH
2016-12-11 10:00:00,Broad Street,0.1391304347826087,0.12696228921413422,-0.012168145568474481,0.012168145568474481,0.00014806376657558516,True,False,LOW
2016-12-12 10:30:00,NIA South,0.24492385786802032,0.2570722699165344,0.012148412048514107,0.012148412048514107,0.00014758391530048272,False,True,LOW
2016-12-18 12:30:00,BHMBCCSNH01,0.7601390498261877,0.7722795009613037,0.01214045113511597,0.01214045113511597,0.00014739055376413867,False,True,VERY_HIGH
2016-12-12 11:00:00,BHMBRCBRG02,0.626465661641541,0.6385962963104248,0.012130634668883755,0.012130634668883755,0.00014715229746992448,False,True,HIGH
2016-12-11 11:00:00,BHMBRCBRG02,0.6943048576214406,0.7064236402511597,0.012118782629719105,0.012118782629719105,0.00014686489242638151,False,True,HIGH
2016-12-16 12:00:00,BHMBRTARC01,0.7358870967741935,0.7237809896469116,-0.012106107127281884,0.012106107127281884,0.00014655782977722524,True,False,HIGH
2016-12-15 10:00:00,BHMNCPPLS01,0.2088888888888889,0.1967867910861969,-0.012102097802692002,0.012102097802692002,0.0001464607712259226,True,False,LOW
2016-12-10 09:00:00,Others-CCCPS8,0.39334341906202724,0.4054425060749054,0.012099087012878151,0.012099087012878151,0.00014638790654519676,False,True,MODERATE
2016-12-15 09:30:00,Bull Ring,0.2839829675728791,0.271884948015213,-0.012098019557666095,0.012098019557666095,0.00014636207721767134,True,False,MODERATE
2016-12-14 13:00:00,BHMEURBRD02,0.8227272727272728,0.8348236680030823,0.012096395275809524,0.012096395275809524,0.00014632277866862697,False,True,VERY_HIGH
2016-12-12 08:00:00,BHMBRCBRG02,0.10217755443886097,0.09008976072072983,-0.012087793718131137,0.012087793718131137,0.0001461147569720906,True,False,LOW
2016-12-15 08:30:00,BHMNCPPLS01,0.10888888888888888,0.12096785753965378,0.012078968650764896,0.012078968650764896,0.00014590148366616112,False,True,LOW
2016-12-16 12:00:00,BHMEURBRD02,0.7045454545454546,0.7166235446929932,0.012078090147538578,0.012078090147538578,0.00014588026161206847,False,True,HIGH
2016-12-12 13:30:00,Bull Ring,0.8096953815918768,0.8217683434486389,0.012072961856762099,0.012072961856762099,0.00014575640799483256,False,True,VERY_HIGH
2016-12-13 08:00:00,BHMNCPNST01,0.4144329896907217,0.42649367451667786,0.01206068482595618,0.01206068482595618,0.00014546011847104965,False,True,MODERATE
2016-12-14 10:00:00,Others-CCCPS135a,0.8326036569662632,0.8205500841140747,-0.012053572852188443,0.012053572852188443,0.00014528861850301425,True,False,VERY_HIGH
2016-12-17 16:00:00,BHMEURBRD02,0.2863636363636364,0.27431267499923706,-0.012050961364399315,0.012050961364399315,0.000145225669806245,True,False,MODERATE
2016-12-16 11:00:00,BHMNCPNST01,0.554639175257732,0.5666887760162354,0.012049600758503365,0.012049600758503365,0.00014519287843932488,False,True,HIGH
2016-12-16 14:30:00,BHMBRCBRG01,0.904950495049505,0.8929009437561035,-0.012049551293401461,0.012049551293401461,0.00014519168637231283,True,False,VERY_HIGH
2016-12-09 11:30:00,BHMMBMMBX01,0.9213973799126638,0.9093504548072815,-0.0120469251053823,0.0120469251053823,0.00014512840449469033,True,False,VERY_HIGH
2016-12-14 16:00:00,Others-CCCPS135a,0.667525109451455,0.6554826498031616,-0.012042459648293424,0.012042459648293424,0.00014502083438077537,True,False,HIGH
2016-12-19 10:30:00,BHMNCPNHS01,0.682,0.6940284371376038,0.01202843713760371,0.01202843713760371,0.0001446832999732841,False,True,HIGH
2016-12-12 13:30:00,BHMBCCPST01,0.4668769716088328,0.4789038896560669,0.012026918047234103,0.012026918047234103,0.00014464675771488537,False,True,MODERATE
2016-12-18 13:00:00,BHMNCPPLS01,0.4711111111111111,0.4831368029117584,0.012025691800647331,0.012025691800647331,0.00014461726328415645,False,True,MODERATE
2016-12-09 09:30:00,Shopping,0.6411458333333333,0.6531710028648376,0.012025169531504343,0.012025169531504343,0.00014460470226142038,False,True,HIGH
2016-12-12 15:00:00,Others-CCCPS105a,0.6540567446490791,0.6420367956161499,-0.012019949032929245,0.012019949032929245,0.0001444791747542167,True,False,HIGH
2016-12-11 10:30:00,BHMNCPHST01,0.20083333333333334,0.21284885704517365,0.012015523711840309,0.012015523711840309,0.00014437281006979673,False,True,LOW
2016-12-15 11:00:00,Others-CCCPS133,0.6012834224598931,0.6132614016532898,0.011977979193396715,0.011977979193396715,0.00014347198555744462,False,True,HIGH
2016-12-12 12:30:00,Bull Ring,0.785784474287586,0.7738143801689148,-0.011970094118671226,0.011970094118671226,0.00014328315320984747,True,False,VERY_HIGH
2016-12-09 10:30:00,BHMEURBRD02,0.7090909090909091,0.7210524678230286,0.01196155873211946,0.01196155873211946,0.00014307888730194328,False,True,HIGH
2016-12-13 10:30:00,BHMEURBRD01,0.8765957446808511,0.8646478056907654,-0.011947938990085727,0.011947938990085727,0.00014275324611081073,True,False,VERY_HIGH
2016-12-15 12:00:00,BHMNCPHST01,0.6891666666666667,0.6772199273109436,-0.011946739355723102,0.011946739355723102,0.00014272458123358323,True,False,HIGH
2016-12-16 11:00:00,BHMBCCTHL01,0.9560723514211886,0.9441272020339966,-0.011945149387192044,0.011945149387192044,0.00014268659388233447,True,False,VERY_HIGH
2016-12-15 08:00:00,Others-CCCPS202,0.22982635342185903,0.2178863286972046,-0.011940024724654441,0.011940024724654441,0.00014256419042535937,True,False,LOW
2016-12-18 11:30:00,BHMBRCBRG02,0.8333333333333334,0.8213943243026733,-0.01193900903066003,0.01193900903066003,0.00014253993663418177,True,False,VERY_HIGH
2016-12-12 15:30:00,BHMNCPHST01,0.5508333333333333,0.562768816947937,0.011935483614603726,0.011935483614603726,0.00014245576911447403,False,True,HIGH
2016-12-11 14:30:00,BHMNCPRAN01,0.18166666666666667,0.16973188519477844,-0.011934781471888228,0.011934781471888228,0.00014243900878172655,True,False,LOW
2016-12-09 13:30:00,BHMBRCBRG03,0.4464075382803298,0.4583410322666168,0.011933493986287014,0.011933493986287014,0.00014240827872074831,False,True,MODERATE
2016-12-14 12:00:00,Others-CCCPS8,0.5975794251134644,0.6095125675201416,0.0119331424066772,0.0119331424066772,0.00014239988769803772,False,True,HIGH
2016-12-14 14:30:00,BHMBCCTHL01,1.0,0.9880719184875488,-0.011928081512451172,0.011928081512451172,0.00014227912856767944,True,False,VERY_HIGH
2016-12-17 14:30:00,Others-CCCPS8,0.7556732223903178,0.7675864100456238,0.011913187655306023,0.011913187655306023,0.00014192404011053583,False,True,VERY_HIGH
2016-12-17 09:00:00,Others-CCCPS133,0.3518716577540107,0.33996036648750305,-0.01191129126650764,0.01191129126650764,0.00014187885963558118,True,False,MODERATE
2016-12-11 10:00:00,BHMMBMMBX01,0.5138282387190685,0.5257312059402466,0.011902967221178118,0.011902967221178118,0.00014168062866844072,False,True,HIGH
2016-12-11 13:00:00,Shopping,0.5385416666666667,0.5504432320594788,0.011901565392812063,0.011901565392812063,0.00014164725879938178,False,True,HIGH
2016-12-12 10:30:00,BHMNCPNST01,0.5278350515463918,0.5397207140922546,0.011885662545862874,0.011885662545862874,0.00014126897415412754,False,True,HIGH
2016-12-17 13:00:00,BHMNCPPLS01,0.39111111111111113,0.3792259693145752,-0.011885141796535936,0.011885141796535936,0.00014125659552376545,True,False,MODERATE
2016-12-19 16:00:00,BHMNCPRAN01,0.6266666666666667,0.6385487914085388,0.011882124741872113,0.011882124741872113,0.00014118488838140943,False,True,HIGH
2016-12-13 11:30:00,BHMNCPRAN01,0.995,0.983119547367096,-0.011880452632904048,0.011880452632904048,0.00014114515476267673,True,False,VERY_HIGH
2016-12-17 09:00:00,Others-CCCPS8,0.39334341906202724,0.3814677596092224,-0.011875659452804832,0.011875659452804832,0.00014103128743899276,True,False,MODERATE
2016-12-10 11:00:00,Others-CCCPS133,0.6802139037433155,0.6920778155326843,0.011863911789368853,0.011863911789368853,0.00014075240294592525,False,True,HIGH
2016-12-16 10:00:00,BHMBCCMKT01,0.22530329289428075,0.23716670274734497,0.011863409853064222,0.011863409853064222,0.00014074049334178126,False,True,LOW
2016-12-16 14:30:00,Shopping,0.6348958333333333,0.6230464577674866,-0.011849375565846754,0.011849375565846754,0.00014040770130048608,True,False,HIGH
2016-12-11 14:00:00,BHMBRCBRG01,0.999009900990099,0.9871734976768494,-0.011836403313249644,0.011836403313249644,0.00014010044339390714,True,False,VERY_HIGH
2016-12-16 13:30:00,BHMBCCSNH01,0.9374275782155272,0.949262261390686,0.011834683175158789,0.011834683175158789,0.00014005972585638652,False,True,VERY_HIGH
2016-12-17 15:30:00,BHMNCPLDH01,0.6166666666666667,0.6284883618354797,0.01182169516881304,0.01182169516881304,0.00013975247666433757,False,True,HIGH
2016-12-16 13:30:00,Broad Street,0.7478260869565218,0.7360045909881592,-0.011821495968362572,0.011821495968362572,0.00013974776693001254,True,False,HIGH
2016-12-17 08:00:00,BHMBRCBRG03,0.12131919905771496,0.10950152575969696,-0.011817673298018,0.011817673298018,0.00013965740217868763,True,False,LOW
2016-12-09 14:30:00,BHMNCPRAN01,0.7,0.6882045865058899,-0.011795413494110063,0.011795413494110063,0.00013913177949703375,True,False,HIGH
2016-12-18 14:30:00,BHMBRCBRG02,0.9974874371859297,0.9857004880905151,-0.011786949095414556,0.011786949095414556,0.00013893216897789402,True,False,VERY_HIGH
2016-12-15 12:00:00,BHMBCCSNH01,0.9930475086906141,0.9812649488449097,-0.011782559845704421,0.011782559845704421,0.0001388287165176062,True,False,VERY_HIGH
2016-12-16 10:00:00,Others-CCCPS8,0.5287443267776096,0.5169627666473389,-0.011781560130270763,0.011781560130270763,0.00013880515910318563,True,False,HIGH
2016-12-14 10:00:00,BHMNCPHST01,0.6416666666666667,0.6534348130226135,0.011768146355946807,0.011768146355946807,0.0001384892686549841,False,True,HIGH
2016-12-15 12:30:00,Broad Street,0.8898550724637682,0.9016118049621582,0.011756732498390043,0.011756732498390043,0.0001382207590387006,False,True,VERY_HIGH
2016-12-13 16:00:00,Others-CCCPS202,0.37589376915219613,0.3641432523727417,-0.011750516779454434,0.011750516779454434,0.0001380746445842402,True,False,MODERATE
2016-12-14 13:00:00,Others-CCCPS133,0.6936898395721925,0.7054309844970703,0.011741144924877767,0.011741144924877767,0.00013785448414698295,False,True,HIGH
2016-12-18 10:30:00,BHMMBMMBX01,0.4556040756914119,0.44386640191078186,-0.011737673780630065,0.011737673780630065,0.00013777298578049048,True,False,MODERATE
2016-12-19 12:00:00,BHMBRCBRG03,0.5677267373380448,0.5560027360916138,-0.011724001246431026,0.011724001246431026,0.00013745220522631626,True,False,HIGH
2016-12-15 08:00:00,BHMBCCTHL01,0.45478036175710596,0.46649429202079773,0.011713930263691774,0.011713930263691774,0.00013721616222263404,False,True,MODERATE
2016-12-19 14:00:00,BHMBRCBRG03,0.7455830388692579,0.7338701486587524,-0.011712890210505478,0.011712890210505478,0.00013719179708335504,True,False,HIGH
2016-12-13 09:30:00,BHMNCPNHS01,0.838,0.826299250125885,-0.011700749874114957,0.011700749874114957,0.0001369075476166012,True,False,VERY_HIGH
2016-12-14 09:30:00,Others-CCCPS119a,0.2058508740635034,0.19415287673473358,-0.011697997328769805,0.011697997328769805,0.00013684314150390548,True,False,LOW
2016-12-16 09:30:00,BHMNCPLDH01,0.7472222222222222,0.7589156627655029,0.011693440543280698,0.011693440543280698,0.0001367365517392408,False,True,HIGH
2016-12-16 11:00:00,BHMBCCSNH01,0.9571263035921205,0.9454368948936462,-0.011689408698474235,0.011689408698474235,0.0001366422757199651,True,False,VERY_HIGH
2016-12-09 11:00:00,Bull Ring,0.642646577137242,0.6309608817100525,-0.011685695427189557,0.011685695427189557,0.00013655547761703895,True,False,HIGH
2016-12-14 11:30:00,BHMBCCSNH01,0.966396292004635,0.9780778288841248,0.011681536879489807,0.011681536879489807,0.00013645830386688044,False,True,VERY_HIGH
2016-12-15 13:00:00,NIA South,0.3426395939086294,0.3543156683444977,0.011676074435868267,0.011676074435868267,0.00013633071423193647,False,True,MODERATE
2016-12-09 08:30:00,BHMBRCBRG02,0.1273031825795645,0.1389780193567276,0.011674836777163106,0.011674836777163106,0.00013630181377340022,False,True,LOW
2016-12-12 15:00:00,BHMNCPRAN01,0.79,0.8016668558120728,0.011666855812072718,0.011666855812072718,0.00013611552453969496,False,True,VERY_HIGH
2016-12-11 11:00:00,BHMEURBRD01,0.17446808510638298,0.1628042459487915,-0.011663839157591477,0.011663839157591477,0.00013604514389416425,True,False,LOW
2016-12-18 09:30:00,BHMNCPLDH01,0.2722222222222222,0.26056107878685,-0.011661143435372223,0.011661143435372223,0.0001359822662203247,True,False,MODERATE
2016-12-10 10:30:00,BHMBCCPST01,0.501577287066246,0.48991671204566956,-0.011660575020576491,0.011660575020576491,0.00013596900981049245,True,False,HIGH
2016-12-12 12:30:00,BHMNCPRAN01,0.855,0.843340277671814,-0.011659722328186017,0.011659722328186017,0.00013594912477039956,True,False,VERY_HIGH
2016-12-09 14:30:00,Others-CCCPS202,0.3966632618318012,0.38500621914863586,-0.011657042683165308,0.011657042683165308,0.00013588664411713785,True,False,MODERATE
2016-12-13 15:00:00,NIA South,0.21446700507614214,0.22611834108829498,0.011651336012152846,0.011651336012152846,0.0001357536308680898,False,True,LOW
2016-12-13 12:30:00,BHMNCPHST01,0.7416666666666667,0.7300217747688293,-0.01164489189783735,0.01164489189783735,0.00013560350731231798,True,False,HIGH
2016-12-15 12:00:00,Others-CCCPS8,0.6520423600605144,0.6403990983963013,-0.011643261664213145,0.011643261664213145,0.00013556554218133545,True,False,HIGH
2016-12-13 16:00:00,BHMEURBRD02,0.7909090909090909,0.7792762517929077,-0.01163283911618318,0.01163283911618318,0.00013532294590300146,True,False,VERY_HIGH
2016-12-16 14:30:00,BHMBRCBRG03,0.44287396937573614,0.4312416911125183,-0.011632278263217832,0.011632278263217832,0.00013530989759293007,True,False,MODERATE
2016-12-15 15:30:00,BHMNCPRAN01,0.7916666666666666,0.7800348997116089,-0.011631766955057743,0.011631766955057743,0.00013529800249677327,True,False,VERY_HIGH
2016-12-11 10:30:00,BHMBRCBRG03,0.2061248527679623,0.19450537860393524,-0.01161947416402706,0.01161947416402706,0.00013501217984849236,True,False,LOW
2016-12-12 14:30:00,BHMBRCBRG02,0.7780569514237856,0.7664391994476318,-0.011617751976153778,0.011617751976153778,0.00013497216097942502,True,False,VERY_HIGH
2016-12-14 12:00:00,Bull Ring,0.6593514575827055,0.6477397680282593,-0.011611689554446247,0.011611689554446247,0.0001348313343088361,True,False,HIGH
2016-12-12 09:00:00,Others-CCCPS119a,0.13663931501962184,0.14824825525283813,0.011608940233216292,0.011608940233216292,0.00013476749333838793,False,True,LOW
2016-12-09 09:30:00,BHMEURBRD01,0.6936170212765957,0.7052184343338013,0.011601413057205523,0.011601413057205523,0.0001345927849238988,False,True,HIGH
2016-12-18 10:30:00,Others-CCCPS202,0.2386789240721825,0.22707776725292206,-0.011601156819260439,0.011601156819260439,0.000134586839545073,True,False,LOW
2016-12-18 08:00:00,Others-CCCPS8,0.2579425113464448,0.2695409059524536,0.01159839460600881,0.01159839460600881,0.00013452275743669427,False,True,MODERATE
2016-12-09 09:00:00,BHMMBMMBX01,0.7219796215429404,0.7103873491287231,-0.01159227241421723,0.01159227241421723,0.00013438077972542179,True,False,HIGH
2016-12-10 11:30:00,Others-CCCPS119a,0.2194077773813771,0.23099291324615479,0.01158513586477769,0.01158513586477769,0.00013421537300535832,False,True,LOW
2016-12-15 11:00:00,Others-CCCPS98,0.3519174991943281,0.36350017786026,0.011582678665931934,0.011582678665931934,0.00013415844507823476,False,True,MODERATE
2016-12-11 13:30:00,BHMNCPLDH01,0.6347222222222222,0.6463021039962769,0.011579881774054668,0.011579881774054668,0.00013409366190108348,False,True,HIGH
2016-12-15 09:00:00,BHMNCPRAN01,0.8483333333333334,0.8599106073379517,0.011577274004618276,0.011577274004618276,0.0001340332733780101,False,True,VERY_HIGH
2016-12-11 15:00:00,BHMEURBRD01,0.3574468085106383,0.3690222203731537,0.011575411862515372,0.011575411862515372,0.0001339901597868616,False,True,MODERATE
2016-12-09 10:30:00,Bull Ring,0.5453652145430724,0.5569361448287964,0.01157093028572398,0.01157093028572398,0.00013388642767708442,False,True,HIGH
2016-12-15 09:00:00,NIA South,0.22208121827411167,0.23364874720573425,0.011567528931622578,0.011567528931622578,0.00013380772558392538,False,True,LOW
2016-12-19 10:00:00,Shopping,0.6546875,0.6431246399879456,-0.011562860012054421,0.011562860012054421,0.00013369973165836717,True,False,HIGH
2016-12-13 08:00:00,Broad Street,0.4217391304347826,0.4332832992076874,0.011544168772904762,0.011544168772904762,0.00013326783265730943,False,True,MODERATE
2016-12-11 16:00:00,BHMNCPPLS01,0.4577777777777778,0.4462363123893738,-0.011541465388404004,0.011541465388404004,0.00013320542331172759,True,False,MODERATE
2016-12-16 10:00:00,NIA Car Parks,0.09779179810725552,0.10932786017656326,0.01153606206930774,0.01153606206930774,0.00013308072806692076,False,True,LOW
2016-12-16 13:00:00,BHMNCPNHS01,0.76,0.7484651803970337,-0.011534819602966317,0.011534819602966317,0.00013305206327297604,True,False,VERY_HIGH
2016-12-14 14:00:00,BHMBCCPST01,0.42586750788643535,0.4143334925174713,-0.011534015368964035,0.011534015368964035,0.00013303351053149854,True,False,MODERATE
2016-12-16 11:30:00,BHMBRCBRG03,0.40518256772673733,0.4167148768901825,0.011532309163445165,0.011532309163445165,0.0001329941546412813,False,True,MODERATE
2016-12-19 14:00:00,BHMEURBRD01,0.9425531914893617,0.9310217499732971,-0.011531441516064556,0.011531441516064556,0.0001329741434384172,True,False,VERY_HIGH
2016-12-13 08:30:00,BHMBRTARC01,0.8165322580645161,0.8280596137046814,0.011527355640165271,0.011527355640165271,0.0001328799280548501,False,True,VERY_HIGH
2016-12-19 15:00:00,Others-CCCPS98,0.573960683209797,0.5624401569366455,-0.011520526273151477,0.011520526273151477,0.00013272252561037344,True,False,HIGH
2016-12-14 13:30:00,BHMEURBRD01,0.9574468085106383,0.9459340572357178,-0.011512751274920574,0.011512751274920574,0.0001325434419181853,True,False,VERY_HIGH
2016-12-13 16:00:00,Shopping,0.5973958333333333,0.5858917832374573,-0.011504050095876073,0.011504050095876073,0.00013234316860842628,True,False,HIGH
2016-12-18 15:30:00,Others-CCCPS119a,0.4505886550124866,0.4390963912010193,-0.01149226381146734,0.01149226381146734,0.00013207212751236184,True,False,MODERATE
2016-12-19 13:30:00,BHMBCCPST01,0.886435331230284,0.874945342540741,-0.011489988689542985,0.011489988689542985,0.00013201984008582573,True,False,VERY_HIGH
2016-12-10 10:30:00,BHMMBMMBX01,0.611353711790393,0.5998643636703491,-0.011489348120043874,0.011489348120043874,0.0001320051202235557,True,False,HIGH
2016-12-14 13:30:00,Bull Ring,0.709466098919096,0.6979849338531494,-0.011481165065946541,0.011481165065946541,0.00013181715127151124,True,False,HIGH
2016-12-17 08:00:00,BHMMBMMBX01,0.38719068413391555,0.3986646234989166,0.011473939365001073,0.011473939365001073,0.00013165128455172123,False,True,MODERATE
2016-12-16 15:30:00,BHMNCPNHS01,0.644,0.6554590463638306,0.01145904636383055,0.01145904636383055,0.00013130974356841813,False,True,HIGH
2016-12-13 08:00:00,Others-CCCPS98,0.24782468578794714,0.2592829465866089,0.011458260798661746,0.011458260798661746,0.0001312917405301485,False,True,LOW
2016-12-13 09:30:00,Others-CCCPS98,0.337737673219465,0.34919342398643494,0.011455750766969919,0.011455750766969919,0.0001312342256349319,False,True,MODERATE
2016-12-09 08:30:00,Others-CCCPS202,0.2931562819203269,0.30460795760154724,0.011451675681220352,0.011451675681220352,0.00013114087590785362,False,True,MODERATE
2016-12-13 12:00:00,BHMBCCMKT01,0.37435008665511266,0.3629183769226074,-0.011431709732505235,0.011431709732505235,0.00013068398740825491,True,False,MODERATE
2016-12-16 09:00:00,Others-CCCPS105a,0.5102040816326531,0.49877890944480896,-0.011425172187844113,0.011425172187844113,0.00013053455952188663,True,False,HIGH
2016-12-14 11:30:00,BHMNCPLDH01,0.9166666666666666,0.9280909895896912,0.011424322923024532,0.011424322923024532,0.0001305151542495438,False,True,VERY_HIGH
2016-12-10 09:00:00,Others-CCCPS98,0.2558814050918466,0.26730218529701233,0.011420780205165737,0.011420780205165737,0.00013043422049470552,False,True,MODERATE
2016-12-10 08:00:00,BHMNCPLDH01,0.27361111111111114,0.2850252091884613,0.011414098077350165,0.011414098077350165,0.00013028163491936876,False,True,MODERATE
2016-12-15 08:00:00,Others-CCCPS119a,0.10774170531573314,0.09633292257785797,-0.01140878273787517,0.01140878273787517,0.00013016032356003845,True,False,LOW
2016-12-12 15:00:00,BHMNCPPLS01,0.25333333333333335,0.2647353708744049,0.011402037541071552,0.011402037541071552,0.00013000646008800502,False,True,MODERATE
2016-12-18 09:00:00,Broad Street,0.14492753623188406,0.13352583348751068,-0.011401702744373382,0.011401702744373382,0.00012999882547105152,True,False,LOW
2016-12-13 09:00:00,BHMBCCTHL01,0.7054263565891473,0.7168234586715698,0.011397102082422506,0.011397102082422506,0.00012989393587715942,False,True,HIGH
2016-12-14 16:00:00,BHMBCCMKT01,0.2322357019064125,0.22084105014801025,-0.011394651758402236,0.011394651758402236,0.00012983808869525916,True,False,LOW
2016-12-14 15:00:00,BHMEURBRD01,0.8808510638297873,0.8694595098495483,-0.011391553980238944,0.011391553980238944,0.00012976750208469774,True,False,VERY_HIGH
2016-12-16 09:00:00,Others-CCCPS98,0.2655494682565259,0.2769365906715393,0.011387122415013384,0.011387122415013384,0.00012966655689450026,False,True,MODERATE
2016-12-13 08:30:00,Others-CCCPS133,0.24834224598930482,0.25972825288772583,0.011386006898421008,0.011386006898421008,0.0001296411530908908,False,True,LOW
2016-12-17 08:00:00,Others-CCCPS202,0.16036772216547499,0.17175021767616272,0.011382495510687735,0.011382495510687735,0.00012956120405082644,False,True,LOW
2016-12-08 14:30:00,NIA South,0.2893401015228426,0.27795857191085815,-0.011381529611984464,0.011381529611984464,0.00012953921630847923,True,False,MODERATE
2016-12-15 16:00:00,Others-CCCPS119a,0.23653228683553335,0.22515232861042023,-0.011379958225113118,0.011379958225113118,0.00012950344920531972,True,False,LOW
2016-12-15 08:00:00,BHMEURBRD01,0.41702127659574467,0.428397536277771,0.011376259682026324,0.011376259682026324,0.00012941928435289768,False,True,MODERATE
2016-12-14 09:00:00,BHMBRCBRG03,0.1696113074204947,0.18098671734333038,0.011375409922835672,0.011375409922835672,0.00012939995091254826,False,True,LOW
2016-12-13 12:00:00,BHMNCPNHS01,0.998,0.9866282343864441,-0.011371765613555906,0.011371765613555906,0.00012931705316965254,True,False,VERY_HIGH
2016-12-10 14:00:00,Broad Street,0.2463768115942029,0.25774314999580383,0.011366338401600923,0.011366338401600923,0.0001291936486597078,False,True,LOW
2016-12-16 14:30:00,BHMNCPRAN01,0.64,0.6513576507568359,0.011357650756835924,0.011357650756835924,0.00012899623071425565,False,True,HIGH
2016-12-15 08:30:00,BHMBCCSNH01,0.6778679026651216,0.666512668132782,-0.011355234532339664,0.011355234532339664,0.00012894135128443918,True,False,HIGH
2016-12-17 12:00:00,Others-CCCPS135a,0.4635591037857327,0.4749124050140381,0.011353301228305412,0.011353301228305412,0.0001288974487806412,False,True,MODERATE
2016-12-15 15:30:00,BHMMBMMBX01,0.9388646288209607,0.9275229573249817,-0.011341671495978978,0.011341671495978978,0.00012863351232270202,True,False,VERY_HIGH
2016-12-16 10:00:00,BHMBRCBRG02,0.41457286432160806,0.4259060323238373,0.011333168002229221,0.011333168002229221,0.00012844069696675228,False,True,MODERATE
2016-12-15 10:30:00,Others-CCCPS8,0.5703479576399395,0.5590211153030396,-0.011326842336899956,0.011326842336899956,0.00012829735732498927,True,False,HIGH
2016-12-19 14:00:00,BHMNCPPLS01,0.6133333333333333,0.6246589422225952,0.011325608889261929,0.011325608889261929,0.00012826941671252882,False,True,HIGH
2016-12-10 08:00:00,Others-CCCPS202,0.15934627170582227,0.17067071795463562,0.011324446248813347,0.011324446248813347,0.00012824308284226267,False,True,LOW
2016-12-11 12:30:00,Others-CCCPS105a,0.7177700348432056,0.729090690612793,0.011320655769587407,0.011320655769587407,0.00012815724705349263,False,True,HIGH
2016-12-09 14:00:00,Others-CCCPS8,0.6119515885022693,0.6232612729072571,0.011309684404987808,0.011309684404987808,0.00012790896134042443,False,True,HIGH
2016-12-14 12:30:00,BHMNCPNHS01,0.882,0.8706952929496765,-0.011304707050323493,0.011304707050323493,0.00012779640149363368,True,False,VERY_HIGH
2016-12-12 16:00:00,BHMNCPRAN01,0.6966666666666667,0.6853656768798828,-0.011300989786783844,0.011300989786783844,0.00012771237016099275,True,False,HIGH
2016-12-12 08:30:00,BHMBCCMKT01,0.03986135181975736,0.028565213084220886,-0.011296138735536476,0.011296138735536476,0.00012760275033248762,True,False,LOW
2016-12-15 13:30:00,BHMEURBRD02,0.8681818181818182,0.8568872809410095,-0.011294537240808644,0.011294537240808644,0.00012756657148401334,True,False,VERY_HIGH
2016-12-16 08:00:00,BHMEURBRD02,0.36363636363636365,0.3749247193336487,0.011288355697285035,0.011288355697285035,0.00012742697434842753,False,True,MODERATE
2016-12-19 08:30:00,BHMBRCBRG01,0.15643564356435644,0.1451520472764969,-0.011283596287859549,0.011283596287859549,0.00012731954518739778,True,False,LOW
2016-12-13 15:00:00,BHMMBMMBX01,0.8224163027656477,0.8111387491226196,-0.011277553643028071,0.011277553643028071,0.00012718321617137573,True,False,VERY_HIGH
2016-12-12 09:30:00,BHMEURBRD02,0.8454545454545455,0.8567277193069458,0.011273173852400342,0.011273173852400342,0.00012708444870644276,False,True,VERY_HIGH
2016-12-18 09:00:00,Others-CCCPS135a,0.23564254442441412,0.22437436878681183,-0.011268175637602296,0.011268175637602296,0.0001269717821998539,True,False,LOW
2016-12-11 10:00:00,Shopping,0.22552083333333334,0.23678721487522125,0.011266381541887915,0.011266381541887915,0.00012693135304739272,False,True,LOW
2016-12-13 12:00:00,Others-CCCPS133,0.6767914438502673,0.6880506277084351,0.01125918385816771,0.01125918385816771,0.0001267692211520243,False,True,HIGH
2016-12-13 08:30:00,BHMNCPPLS01,0.07333333333333333,0.0845910832285881,0.01125774989525477,0.01125774989525477,0.00012673693270410879,False,True,LOW
2016-12-12 08:30:00,Bull Ring,0.11627906976744186,0.12753403186798096,0.011254962100539098,0.011254962100539098,0.00012667417188457148,False,True,LOW
2016-12-13 14:30:00,Bull Ring,0.6534556174254831,0.6647075414657593,0.011251924040276196,0.011251924040276196,0.00012660579460814538,False,True,HIGH
2016-12-17 10:00:00,Others-CCCPS105a,0.48232951717272277,0.4935743808746338,0.011244863701911023,0.011244863701911023,0.00012644695967455608,False,True,MODERATE
2016-12-16 15:30:00,Others-CCCPS98,0.2984208830164357,0.30966487526893616,0.011243992252500445,0.011243992252500445,0.00012642736177429005,False,True,MODERATE
2016-12-18 15:30:00,Others-CCCPS105a,0.673469387755102,0.6622263193130493,-0.011243068442052695,0.011243068442052695,0.0001264065879926812,True,False,HIGH
2016-12-12 13:00:00,BHMEURBRD01,0.8319148936170213,0.8206754922866821,-0.011239401330339183,0.011239401330339183,0.0001263241422644302,True,False,VERY_HIGH
2016-12-19 15:30:00,Others-CCCPS119a,0.45201569746699966,0.44078463315963745,-0.011231064307362204,0.011231064307362204,0.00012613680547610528,True,False,MODERATE
2016-12-14 13:00:00,Others-CCCPS98,0.3838221076377699,0.3950382173061371,0.011216109668367169,0.011216109668367169,0.00012580111609283948,False,True,MODERATE
2016-12-17 12:30:00,Others-CCCPS133,0.7647058823529411,0.7534985542297363,-0.011207328123204796,0.011207328123204796,0.00012560420366117714,True,False,VERY_HIGH
2016-12-13 11:30:00,BHMBCCMKT01,0.36221837088388215,0.3510202467441559,-0.011198124139726262,0.011198124139726262,0.00012539798424872003,True,False,MODERATE
2016-12-15 16:00:00,BHMNCPNST01,0.6494845360824743,0.6382887959480286,-0.011195740134445686,0.011195740134445686,0.00012534459715803791,True,False,HIGH
2016-12-14 14:30:00,BHMNCPPLS01,0.2644444444444444,0.2756372392177582,0.011192794773313752,0.011192794773313752,0.00012527865483751965,False,True,MODERATE
2016-12-13 14:30:00,BHMBRTARC01,0.7661290322580645,0.7549413442611694,-0.011187687996895068,0.011187687996895068,0.00012516436271587,True,False,VERY_HIGH
2016-12-18 15:30:00,BHMNCPLDH01,0.45,0.46117380261421204,0.011173802614212025,0.011173802614212025,0.00012485386486137148,False,True,MODERATE
2016-12-15 09:30:00,BHMBCCPST01,0.23659305993690852,0.2477528154850006,0.011159755548092093,0.011159755548092093,0.00012454014389317225,False,True,LOW
2016-12-13 12:00:00,Shopping,0.8015625,0.8127193450927734,0.011156845092773482,0.011156845092773482,0.00012447519242414373,False,True,VERY_HIGH
2016-12-16 13:30:00,BHMBRCBRG03,0.4817432273262662,0.47058799862861633,-0.011155228697649844,0.011155228697649844,0.00012443912729687064,True,False,MODERATE
2016-12-19 10:30:00,BHMBCCPST01,0.47318611987381703,0.4843203127384186,0.011134192864601544,0.011134192864601544,0.00012397025074614395,False,True,MODERATE
2016-12-10 14:00:00,BHMNCPPLS01,0.43777777777777777,0.42664483189582825,-0.011132945881949519,0.011132945881949519,0.00012394248401041675,True,False,MODERATE
2016-12-12 14:30:00,BHMNCPHST01,0.6516666666666666,0.6627905368804932,0.011123870213826548,0.011123870213826548,0.00012374048853405748,False,True,HIGH
2016-12-17 08:00:00,Others-CCCPS135a,0.2428534638166366,0.2539736032485962,0.01112013943195958,0.01112013943195958,0.00012365750098622234,False,True,LOW
2016-12-12 14:00:00,BHMNCPHST01,0.6841666666666667,0.695286214351654,0.011119547684987352,0.011119547684987352,0.00012364434071870757,False,True,HIGH
2016-12-12 13:30:00,Others-CCCPS133,0.7557219251336899,0.7668410539627075,0.011119128829017666,0.011119128829017666,0.00012363502591629177,False,True,VERY_HIGH
2016-12-10 14:00:00,Others-CCCPS98,0.3664195939413471,0.37753477692604065,0.01111518298469355,0.01111518298469355,0.000123547292783221,False,True,MODERATE
2016-12-13 15:00:00,BHMBRCBRG02,0.6088777219430486,0.5977799296379089,-0.011097792305139631,0.011097792305139631,0.0001231609940480164,True,False,HIGH
2016-12-15 11:00:00,BHMEURBRD02,0.8272727272727273,0.838367760181427,0.011095032908699731,0.011095032908699731,0.00012309975524513002,False,True,VERY_HIGH
2016-12-09 14:00:00,Broad Street,0.7420289855072464,0.7531234622001648,0.011094476692918409,0.011094476692918409,0.0001230874130897098,False,True,HIGH
2016-12-16 12:00:00,NIA South,0.17385786802030456,0.1849512904882431,0.01109342246793854,0.01109342246793854,0.00012306402205216363,False,True,LOW
2016-12-17 09:00:00,BHMNCPLDH01,0.35833333333333334,0.34724733233451843,-0.011086000998814904,0.011086000998814904,0.00012289941814572507,True,False,MODERATE
2016-12-10 15:00:00,BHMBCCPST01,0.9211356466876972,0.9322109818458557,0.011075335158158506,0.011075335158158506,0.0001226630488655419,False,True,VERY_HIGH
2016-12-19 13:30:00,BHMNCPNHS01,0.716,0.7270665168762207,0.011066516876220733,0.011066516876220733,0.0001224677957716783,False,True,HIGH
2016-12-19 16:00:00,Others-CCCPS202,0.4031324480762683,0.39207157492637634,-0.011060873149891959,0.011060873149891959,0.00012234291483800087,True,False,MODERATE
2016-12-15 09:30:00,Others-CCCPS135a,0.7357713108421323,0.7468166351318359,0.011045324289703617,0.011045324289703617,0.00012199918866471672,False,True,HIGH
2016-12-12 09:00:00,BHMNCPRAN01,0.7366666666666667,0.747710645198822,0.01104397853215533,0.01104397853215533,0.00012196946181870778,False,True,HIGH
2016-12-09 12:00:00,Shopping,0.7401041666666667,0.729070246219635,-0.011033920447031664,0.011033920447031664,0.00012174740043142344,True,False,HIGH
2016-12-15 14:00:00,Others-CCCPS202,0.4606741573033708,0.4496477246284485,-0.011026432674922315,0.011026432674922315,0.00012158221753459448,True,False,MODERATE
2016-12-15 10:00:00,BHMNCPNHS01,0.816,0.804975152015686,-0.011024847984313912,0.011024847984313912,0.00012154727307723054,True,False,VERY_HIGH
2016-12-19 14:30:00,Others-CCCPS8,0.7314674735249622,0.7204493880271912,-0.011018085497771057,0.011018085497771057,0.00012139820803619289,True,False,HIGH
2016-12-17 15:30:00,BHMNCPNST01,0.8144329896907216,0.8034172058105469,-0.011015783880174768,0.011015783880174768,0.00012134749449471826,True,False,VERY_HIGH
2016-12-17 11:30:00,Others-CCCPS119a,0.4348911880128434,0.44590577483177185,0.011014586818928473,0.011014586818928473,0.00012132112279171287,False,True,MODERATE
2016-12-10 11:30:00,BHMEURBRD02,0.08636363636363636,0.09737349301576614,0.01100985665212978,0.01100985665212978,0.00012121694350044635,False,True,LOW
2016-12-19 11:30:00,BHMNCPNST01,0.49072164948453606,0.5017237067222595,0.011002057237723462,0.011002057237723462,0.0001210452634621432,False,True,MODERATE
2016-12-12 12:00:00,Shopping,0.7942708333333334,0.7832693457603455,-0.011001487572987911,0.011001487572987911,0.00012103272881860745,True,False,VERY_HIGH
2016-12-14 11:30:00,BHMNCPNHS01,0.872,0.8610097765922546,-0.010990223407745359,0.010990223407745359,0.000120785010552154,True,False,VERY_HIGH
2016-12-18 13:30:00,Shopping,0.503125,0.4921450614929199,-0.010979938507080123,0.010979938507080123,0.00012055904961926087,True,False,HIGH
2016-12-16 09:00:00,BHMNCPNST01,0.6020618556701031,0.6130396723747253,0.010977816704622279,0.010977816704622279,0.00012051245960028394,False,True,HIGH
2016-12-10 08:00:00,Broad Street,0.12608695652173912,0.13706378638744354,0.010976829865704418,0.010976829865704418,0.00012049079390062048,False,True,LOW
2016-12-11 13:30:00,Broad Street,0.23333333333333334,0.22237172722816467,-0.010961606105168664,0.010961606105168664,0.00012015680840487094,True,False,LOW
2016-12-12 08:00:00,NIA South,0.11548223350253807,0.10452260076999664,-0.010959632732541427,0.010959632732541427,0.00012011354963219347,True,False,LOW
2016-12-17 11:30:00,BHMEURBRD02,0.2409090909090909,0.22995403409004211,-0.010955056819048792,0.010955056819048792,0.00012001326990858743,True,False,LOW
2016-12-16 16:00:00,Others-CCCPS202,0.372829417773238,0.36188018321990967,-0.010949234553328357,0.010949234553328357,0.00011988573730379963,True,False,MODERATE
2016-12-18 13:00:00,Others-CCCPS135a,0.46613443214009787,0.4551911950111389,-0.01094323712895895,0.01094323712895895,0.0001197544388606257,True,False,MODERATE
2016-12-15 12:30:00,BHMBCCSNH01,0.9930475086906141,0.98210608959198,-0.010941419098634109,0.010941419098634109,0.00011971465189195522,True,False,VERY_HIGH
2016-12-14 12:00:00,Others-CCCPS105a,0.7098058735689398,0.6988681554794312,-0.010937718089508608,0.010937718089508608,0.00011963367700556383,True,False,HIGH
2016-12-15 15:00:00,BHMEURBRD01,0.825531914893617,0.8145999908447266,-0.010931924048890429,0.010931924048890429,0.00011950696341070891,True,False,VERY_HIGH
2016-12-16 08:00:00,Others-CCCPS202,0.2553626149131767,0.24443408846855164,-0.010928526444625053,0.010928526444625053,0.00011943269025086911,True,False,MODERATE
2016-12-15 14:30:00,NIA South,0.33375634517766495,0.32283109426498413,-0.010925250912680817,0.010925250912680817,0.00011936110750503303,True,False,MODERATE
2016-12-14 11:30:00,Others-CCCPS135a,0.8663404584084471,0.8772607445716858,0.010920286163238702,0.010920286163238702,0.00011925264988702264,False,True,VERY_HIGH
2016-12-12 15:30:00,Others-CCCPS8,0.5718608169440242,0.5609413981437683,-0.010919418800255931,0.010919418800255931,0.00011923370693538268,True,False,HIGH
2016-12-12 15:00:00,Bull Ring,0.642646577137242,0.6317285895347595,-0.010917987602482526,0.010917987602482526,0.00011920245328796214,True,False,HIGH
2016-12-09 12:00:00,Others-CCCPS135a,0.7926860674736029,0.7817710041999817,-0.01091506327362124,0.01091506327362124,0.00011913860626715521,True,False,VERY_HIGH
2016-12-10 14:30:00,BHMBRCBRG01,1.0,0.9890932440757751,-0.010906755924224854,0.010906755924224854,0.00011895732479061394,True,False,VERY_HIGH
2016-12-15 10:30:00,BHMEURBRD01,0.8723404255319149,0.8614381551742554,-0.01090227035765956,0.01090227035765956,0.00011885949895150232,True,False,VERY_HIGH
2016-12-10 08:00:00,Others-CCCPS98,0.24653561069932323,0.2574271559715271,0.010891545272203873,0.010891545272203873,0.00011862575841646653,False,True,LOW
2016-12-18 10:00:00,Others-CCCPS202,0.1954375212802179,0.18456216156482697,-0.010875359715390942,0.010875359715390942,0.00011827344893914816,True,False,LOW
2016-12-14 14:30:00,BHMBRCBRG03,0.37691401648998824,0.3877822458744049,0.010868229384416672,0.010868229384416672,0.000118118409952298,False,True,MODERATE
2016-12-16 14:30:00,BHMNCPNHS01,0.732,0.7211387157440186,-0.01086128425598143,0.01086128425598143,0.00011796749568923008,True,False,HIGH
2016-12-17 08:30:00,Others-CCCPS135a,0.2665464846767963,0.2773958146572113,0.01084932998041499,0.01084932998041499,0.00011770796102393153,False,True,MODERATE
2016-12-19 11:30:00,Others-CCCPS8,0.5990922844175491,0.5882445573806763,-0.010847727036872867,0.010847727036872867,0.0001176731818665026,True,False,HIGH
2016-12-15 15:30:00,BHMBCCPST01,0.3943217665615142,0.38347887992858887,-0.01084288663292532,0.01084288663292532,0.00011756819053447056,True,False,MODERATE
2016-12-12 15:00:00,BHMEURBRD02,0.9363636363636364,0.9471993446350098,0.010835708271373368,0.010835708271373368,0.00011741257374230922,False,True,VERY_HIGH
2016-12-12 13:30:00,Others-CCCPS8,0.6354009077155824,0.6462352275848389,0.010834319869256426,0.010834319869256426,0.00011738248702936457,False,True,HIGH
2016-12-15 08:00:00,BHMBCCSNH01,0.5388180764774044,0.5496424436569214,0.010824367179516958,0.010824367179516958,0.0001171669248370039,False,True,HIGH
2016-12-16 09:30:00,BHMNCPRAN01,0.7516666666666667,0.7408697605133057,-0.010796906153361041,0.010796906153361041,0.00011657318248448551,True,False,VERY_HIGH
2016-12-16 15:30:00,Shopping,0.5682291666666667,0.5574334263801575,-0.010795740286509203,0.010795740286509203,0.00011654800833375782,True,False,HIGH
2016-12-16 13:30:00,BHMEURBRD01,0.7851063829787234,0.7743118405342102,-0.010794542444513167,0.010794542444513167,0.0001165221465863963,True,False,VERY_HIGH
2016-12-10 09:30:00,BHMBRCBRG01,0.7059405940594059,0.6951565146446228,-0.010784079414783099,0.010784079414783099,0.00011629636882434858,True,False,HIGH
2016-12-12 09:30:00,Others-CCCPS119a,0.16518016410988226,0.15439966320991516,-0.0107805008999671,0.0107805008999671,0.00011621919965419143,True,False,LOW
2016-12-17 08:00:00,Others-CCCPS133,0.17048128342245988,0.15971852838993073,-0.010762755032529159,0.010762755032529159,0.00011583689589023173,True,False,LOW
2016-12-10 15:00:00,Broad Street,0.2985507246376812,0.28780561685562134,-0.010745107782059837,0.010745107782059837,0.00011545734124808288,True,False,MODERATE
2016-12-18 14:30:00,BHMBRCBRG01,0.998019801980198,0.9872778654098511,-0.010741936570346944,0.010741936570346944,0.00011538920128135706,True,False,VERY_HIGH
2016-12-09 10:30:00,BHMNCPNST01,0.5670103092783505,0.5777522325515747,0.010741923273224208,0.010741923273224208,0.00011538891560783587,False,True,HIGH
2016-12-16 08:30:00,NIA Car Parks,0.07570977917981073,0.08644779771566391,0.010738018535853183,0.010738018535853183,0.00011530504207632653,False,True,LOW
2016-12-16 12:30:00,BHMMBMMBX01,0.7583697234352256,0.7476345896720886,-0.01073513376313695,0.01073513376313695,0.0001152430969124429,True,False,VERY_HIGH
2016-12-19 12:00:00,BHMNCPNST01,0.51340206185567,0.5026676654815674,-0.010734396374102673,0.010734396374102673,0.00011522726551634861,True,False,HIGH
2016-12-14 12:30:00,BHMNCPLDH01,0.9,0.9107279777526855,0.010727977752685525,0.010727977752685525,0.00011508950666211556,False,True,VERY_HIGH
2016-12-14 11:30:00,Others-CCCPS202,0.43615934627170583,0.44688597321510315,0.010726626943397322,0.010726626943397322,0.00011506052558281737,False,True,MODERATE
2016-12-19 14:00:00,BHMBRCBRG01,1.0,0.9892884492874146,-0.01071155071258545,0.01071155071258545,0.00011473731866828984,True,False,VERY_HIGH
2016-12-10 09:30:00,BHMEURBRD01,0.14680851063829786,0.13609759509563446,-0.010710915542663402,0.010710915542663402,0.00011472371176206844,True,False,LOW
2016-12-11 15:00:00,BHMNCPPLS01,0.6022222222222222,0.5915130972862244,-0.010709124935997849,0.010709124935997849,0.00011468535689481094,True,False,HIGH
2016-12-15 09:30:00,BHMBCCTHL01,0.710594315245478,0.7212867140769958,0.010692398831517846,0.010692398831517846,0.0001143273927722442,False,True,HIGH
2016-12-14 14:30:00,Others-CCCPS133,0.6541176470588236,0.6648098230361938,0.010692175977370266,0.010692175977370266,0.00011432262713105381,False,True,HIGH
2016-12-12 10:00:00,BHMEURBRD02,0.8954545454545455,0.884772539138794,-0.010682006315751558,0.010682006315751558,0.00011410525892975617,True,False,VERY_HIGH
2016-12-15 15:00:00,Others-CCCPS135a,0.7993819211949523,0.7887055277824402,-0.010676393412512142,0.010676393412512142,0.00011398537629873265,True,False,VERY_HIGH
2016-12-12 13:00:00,BHMBRCBRG03,0.47820965842167257,0.4888749420642853,0.01066528364261271,0.01066528364261271,0.00011374827517738225,False,True,MODERATE
2016-12-11 14:30:00,BHMNCPNST01,0.6948453608247422,0.7055048942565918,0.010659533431849555,0.010659533431849555,0.00011362565298471835,False,True,HIGH
2016-12-15 14:00:00,BHMMBMMBX01,0.9868995633187773,0.9762628078460693,-0.010636755472707926,0.010636755472707926,0.00011314056698618202,True,False,VERY_HIGH
2016-12-16 12:30:00,Others-CCCPS135a,0.7581766675251095,0.7687995433807373,0.010622875855627822,0.010622875855627822,0.00011284549144408055,False,True,VERY_HIGH
2016-12-12 12:30:00,BHMNCPHST01,0.7166666666666667,0.7060472965240479,-0.010619370142618823,0.010619370142618823,0.00011277102222594412,True,False,HIGH
2016-12-19 10:30:00,Others-CCCPS202,0.3813415049370106,0.3707295358181,-0.010611969118910602,0.010611969118910602,0.00011261388858071227,True,False,MODERATE
2016-12-17 08:30:00,BHMBCCMKT01,0.08838821490467938,0.07778827100992203,-0.010599943894757352,0.010599943894757352,0.00011235881057200367,True,False,LOW
2016-12-12 14:00:00,Others-CCCPS133,0.7225668449197861,0.7331576943397522,0.01059084941996613,0.01059084941996613,0.00011216609143639693,False,True,HIGH
2016-12-16 11:30:00,BHMMBMMBX01,0.7481804949053857,0.7375925183296204,-0.010587976575765379,0.010587976575765379,0.00011210524796895636,True,False,HIGH
2016-12-13 14:30:00,BHMNCPPLS01,0.2866666666666667,0.297245055437088,0.010578388770421332,0.010578388770421332,0.00011190230897817613,False,True,MODERATE
2016-12-12 13:30:00,NIA South,0.2715736040609137,0.26099592447280884,-0.010577679588104849,0.010577679588104849,0.00011188730546860997,True,False,MODERATE
2016-12-17 09:30:00,Shopping,0.3026041666666667,0.3131769001483917,0.01057273348172505,0.01057273348172505,0.00011178269327558988,False,True,MODERATE
2016-12-10 15:30:00,BHMNCPPLS01,0.43555555555555553,0.42498621344566345,-0.010569342109892077,0.010569342109892077,0.0001117109926359379,True,False,MODERATE
2016-12-10 16:00:00,Broad Street,0.32028985507246377,0.30972859263420105,-0.01056126243826272,0.01056126243826272,0.000111540264289859,True,False,MODERATE
2016-12-19 14:30:00,BHMNCPPLS01,0.5888888888888889,0.5994459390640259,0.010557050175136973,0.010557050175136973,0.00011145130840035959,False,True,HIGH
2016-12-16 10:30:00,BHMBCCPST01,0.3943217665615142,0.383770227432251,-0.01055153912926321,0.01055153912926321,0.00011133497799637262,True,False,MODERATE
2016-12-17 15:00:00,BHMBCCPST01,0.9463722397476341,0.9569172263145447,0.010544986566910608,0.010544986566910608,0.00011119674169632518,False,True,VERY_HIGH
2016-12-18 11:30:00,Others-CCCPS98,0.44956493715758944,0.46010783314704895,0.010542895989459511,0.010542895989459511,0.00011115265584456143,False,True,MODERATE
2016-12-17 13:30:00,Others-CCCPS105a,0.7122946739671479,0.7017558217048645,-0.01053885226228335,0.01053885226228335,0.00011106740700623487,True,False,HIGH
2016-12-12 12:00:00,BHMEURBRD01,0.8191489361702128,0.8086177706718445,-0.0105311654983683,0.0105311654983683,0.00011090544675402285,True,False,VERY_HIGH
2016-12-18 11:00:00,Bull Ring,0.6701604978709466,0.6596465110778809,-0.0105139867930657,0.0105139867930657,0.00011054391828475995,True,False,HIGH
2016-12-13 12:30:00,BHMBRTARC01,0.782258064516129,0.7927709221839905,0.010512857667861475,0.010512857667861475,0.00011052017634471381,False,True,VERY_HIGH
2016-12-18 09:00:00,Bull Ring,0.07631837536849001,0.08682282269001007,0.01050444732152006,0.01050444732152006,0.00011034341353058998,False,True,LOW
2016-12-11 14:00:00,BHMBRCBRG03,0.5206124852767963,0.5101082921028137,-0.010504193173982546,0.010504193173982546,0.0001103380742363415,True,False,HIGH
2016-12-11 15:00:00,Bull Ring,0.843432689158205,0.8329340219497681,-0.010498667208436951,0.010498667208436951,0.00011022201315350933,True,False,VERY_HIGH
2016-12-14 16:00:00,NIA South,0.17385786802030456,0.18435348570346832,0.01049561768316376,0.01049561768316376,0.00011015799055113982,False,True,LOW
2016-12-11 14:30:00,BHMEURBRD01,0.34893617021276596,0.35942527651786804,0.01048910630510208,0.01048910630510208,0.00011002135107973222,False,True,MODERATE
2016-12-15 12:00:00,Others-CCCPS105a,0.7322050771528124,0.7217163443565369,-0.01048873279627549,0.01048873279627549,0.00011001351567166507,True,False,HIGH
2016-12-19 15:30:00,BHMNCPRAN01,0.6933333333333334,0.6828461289405823,-0.010487204392751082,0.010487204392751082,0.00010998145597533758,True,False,HIGH
2016-12-10 10:30:00,BHMEURBRD02,0.11363636363636363,0.12411365658044815,0.010477292944084518,0.010477292944084518,0.00010977366743616323,False,True,LOW
2016-12-19 10:00:00,BHMBRCBRG03,0.30742049469964666,0.29694557189941406,-0.0104749228002326,0.0104749228002326,0.00010972400767083277,True,False,MODERATE
2016-12-09 09:30:00,Broad Street,0.6855072463768116,0.6959795951843262,0.010472348807514575,0.010472348807514575,0.00010967008954625195,False,True,HIGH
2016-12-11 11:00:00,BHMBCCTHL01,1.0,0.9895322918891907,-0.010467708110809326,0.010467708110809326,0.00010957291309310335,True,False,VERY_HIGH
2016-12-14 13:00:00,BHMNCPLDH01,0.8972222222222223,0.907687246799469,0.01046502457724674,0.01046502457724674,0.0001095167394023783,False,True,VERY_HIGH
2016-12-14 15:00:00,Shopping,0.7140625,0.72452712059021,0.010464620590209917,0.010464620590209917,0.00010950828409704534,False,True,HIGH
2016-12-15 15:30:00,BHMNCPNST01,0.6597938144329897,0.6493292450904846,-0.010464569342505059,0.010464569342505059,0.00010950721152409676,True,False,HIGH
2016-12-16 10:00:00,BHMBRTARC01,0.780241935483871,0.7907063364982605,0.010464401014389502,0.010464401014389502,0.00010950368858995604,False,True,VERY_HIGH
2016-12-12 09:30:00,BHMNCPHST01,0.54,0.5504622459411621,0.010462245941162074,0.010462245941162074,0.00010945859013336228,False,True,HIGH
2016-12-18 15:30:00,Others-CCCPS8,0.624054462934947,0.6136003136634827,-0.010454149271464375,0.010454149271464375,0.00010928923699005912,True,False,HIGH
2016-12-13 08:30:00,NIA Car Parks,0.11514195583596215,0.1046983003616333,-0.01044365547432885,0.01044365547432885,0.00010906993966647895,True,False,LOW
2016-12-16 14:00:00,Others-CCCPS202,0.4021109976166156,0.39168038964271545,-0.010430607973900163,0.010430607973900163,0.00010879758270518966,True,False,MODERATE
2016-12-12 12:00:00,Others-CCCPS133,0.7238502673796792,0.7134245038032532,-0.010425763576425995,0.010425763576425995,0.00010869654615153095,True,False,HIGH
2016-12-18 16:00:00,BHMNCPLDH01,0.4125,0.4020760953426361,-0.01042390465736387,0.01042390465736387,0.00010865778830581216,True,False,MODERATE
2016-12-10 11:30:00,BHMBCCSNH01,0.7010428736964078,0.7114659547805786,0.010423081084170782,0.010423081084170782,0.00010864061928719877,False,True,HIGH
2016-12-15 10:00:00,BHMBRCBRG03,0.25323910482921086,0.2428167164325714,-0.010422388396639448,0.010422388396639448,0.0001086261798904046,True,False,MODERATE
2016-12-19 08:30:00,BHMBCCTHL01,0.4754521963824289,0.4858708083629608,0.0104186119805319,0.0104186119805319,0.00010854747560088284,False,True,MODERATE
2016-12-19 13:30:00,BHMNCPLDH01,0.8763888888888889,0.8659730553627014,-0.010415833526187468,0.010415833526187468,0.00010848958804525086,True,False,VERY_HIGH
2016-12-15 14:00:00,Others-CCCPS105a,0.7864609258337482,0.7760480642318726,-0.0104128616018756,0.0104128616018756,0.0001084276867398153,True,False,VERY_HIGH
2016-12-10 08:00:00,BHMEURBRD01,0.13617021276595745,0.14656104147434235,0.010390828708384897,0.010390828708384897,0.00010796932124699574,False,True,LOW
2016-12-13 16:00:00,BHMNCPHST01,0.5325,0.5221174359321594,-0.01038256406784055,0.01038256406784055,0.0001077976366228137,True,False,HIGH
2016-12-12 11:00:00,Others-CCCPS8,0.6006051437216339,0.5902277827262878,-0.01037736099534603,0.01037736099534603,0.00010768962122772915,True,False,HIGH
2016-12-15 13:00:00,BHMBCCMKT01,0.3587521663778163,0.36912426352500916,0.010372097147192838,0.010372097147192838,0.00010758039923080581,False,True,MODERATE
2016-12-12 09:00:00,BHMEURBRD01,0.6319148936170212,0.6215441226959229,-0.010370770921098393,0.010370770921098393,0.00010755288949790002,True,False,HIGH
2016-12-15 12:30:00,BHMNCPHST01,0.7041666666666667,0.6937987804412842,-0.010367886225382539,0.010367886225382539,0.00010749306478247699,True,False,HIGH
2016-12-08 16:00:00,BHMEURBRD02,0.7318181818181818,0.7421756982803345,0.01035751646215266,0.01035751646215266,0.00010727814726376337,False,True,HIGH
2016-12-14 14:00:00,Others-CCCPS8,0.6263237518910741,0.636677622795105,0.010353870904030837,0.010353870904030837,0.00010720264269733634,False,True,HIGH
2016-12-18 10:00:00,Others-CCCPS119a,0.40813414199072423,0.397781103849411,-0.01035303814131322,0.01035303814131322,0.0001071853987554863,True,False,MODERATE
2016-12-17 10:30:00,BHMNCPLDH01,0.4513888888888889,0.4617403745651245,0.010351485676235617,0.010351485676235617,0.00010715325570531114,False,True,MODERATE
2016-12-14 14:00:00,BHMBRTARC01,0.8346774193548387,0.8243276476860046,-0.010349771668834107,0.010349771668834107,0.00010711777359700113,True,False,VERY_HIGH
2016-12-14 12:00:00,Others-CCCPS98,0.36674186271350306,0.37708672881126404,0.010344866097760974,0.010344866097760974,0.00010701625458060437,False,True,MODERATE
2016-12-19 13:30:00,Others-CCCPS105a,0.8203086112493778,0.809971272945404,-0.010337338303973764,0.010337338303973764,0.00010686056321080318,True,False,VERY_HIGH
2016-12-18 13:30:00,BHMEURBRD02,0.12727272727272726,0.11694897711277008,-0.010323750159957179,0.010323750159957179,0.00010657981736521589,True,False,LOW
2016-12-14 09:00:00,BHMNCPRAN01,0.81,0.8203189969062805,0.010318996906280464,0.010318996906280464,0.0001064816971518258,False,True,VERY_HIGH
2016-12-17 13:00:00,Others-CCCPS98,0.5259426361585562,0.5362539887428284,0.010311352584272182,0.010311352584272182,0.00010632399211717661,False,True,HIGH
2016-12-10 16:00:00,BHMBRCBRG01,0.9752475247524752,0.9855495095252991,0.010301984772823847,0.010301984772823847,0.00010613089025949441,False,True,VERY_HIGH
2016-12-09 12:30:00,Others-CCCPS133,0.7488770053475936,0.7591608166694641,0.010283811321870506,0.010283811321870506,0.00010575677530383201,False,True,HIGH
2016-12-15 14:30:00,Others-CCCPS8,0.6611195158850227,0.6713733673095703,0.0102538514245476,0.0102538514245476,0.00010514146903669684,False,True,HIGH
2016-12-11 11:00:00,Others-CCCPS8,0.5907715582450832,0.5805214047431946,-0.010250153501888626,0.010250153501888626,0.00010506564681227966,True,False,HIGH
2016-12-18 13:00:00,Others-CCCPS133,0.758288770053476,0.7480466365814209,-0.010242133472055048,0.010242133472055048,0.0001049012980593904,True,False,VERY_HIGH
2016-12-13 14:00:00,BHMBRTARC01,0.7681451612903226,0.7579050064086914,-0.010240154881631214,0.010240154881631214,0.00010486077199979557,True,False,VERY_HIGH
2016-12-17 15:00:00,Others-CCCPS133,0.84,0.8297662734985352,-0.010233726501464813,0.010233726501464813,0.00010472915810678323,True,False,VERY_HIGH
2016-12-17 15:00:00,Bull Ring,0.9122174909924664,0.9019902944564819,-0.010227196535984473,0.010227196535984473,0.0001045955489856528,True,False,VERY_HIGH
2016-12-19 13:30:00,BHMBCCSNH01,0.9652375434530707,0.9754585027694702,0.010220959316399547,0.010220959316399547,0.00010446800934749469,False,True,VERY_HIGH
2016-12-16 10:30:00,NIA Car Parks,0.10252365930599369,0.11274164170026779,0.0102179823942741,0.0102179823942741,0.00010440716420969546,False,True,LOW
2016-12-18 10:00:00,BHMNCPNST01,0.3711340206185567,0.36091989278793335,-0.010214127830623365,0.010214127830623365,0.00010432840734031477,True,False,MODERATE
2016-12-14 12:30:00,Others-CCCPS133,0.680427807486631,0.6702178716659546,-0.010209935820676419,0.010209935820676419,0.00010424278946233147,True,False,HIGH
2016-12-14 14:30:00,BHMNCPHST01,0.6783333333333333,0.6885371208190918,0.010203787485758453,0.010203787485758453,0.00010411727905452082,False,True,HIGH
2016-12-11 09:00:00,BHMBCCSNH01,0.31402085747392816,0.32422202825546265,0.010201170781534485,0.010201170781534485,0.00010406388531403291,False,True,MODERATE
2016-12-09 12:30:00,Others-CCCPS8,0.6369137670196672,0.6267170310020447,-0.010196736017622499,0.010196736017622499,0.00010397342541307993,True,False,HIGH
2016-12-14 08:00:00,Others-CCCPS8,0.3729198184568835,0.3627379834651947,-0.010181834991688787,0.010181834991688787,0.0001036697637979782,True,False,MODERATE
2016-12-12 12:00:00,Others-CCCPS135a,0.857841874839042,0.8476636409759521,-0.010178233863089803,0.010178233863089803,0.00010359644457174797,True,False,VERY_HIGH
2016-12-16 10:00:00,Others-CCCPS98,0.28488559458588464,0.29506245255470276,0.01017685796881812,0.01017685796881812,0.00010356843811749688,False,True,MODERATE
2016-12-16 09:00:00,BHMBRTARC01,0.8004032258064516,0.8105682134628296,0.010164987656377966,0.010164987656377966,0.00010332697405431642,False,True,VERY_HIGH
2016-12-11 13:00:00,Others-CCCPS202,0.29043241402791964,0.2802693843841553,-0.010163029643764365,0.010163029643764365,0.00010328717154003324,True,False,MODERATE
2016-12-11 10:00:00,Others-CCCPS105a,0.4444997511199602,0.4343385398387909,-0.010161211281169313,0.010161211281169313,0.00010325021470056252,True,False,MODERATE
2016-12-17 16:00:00,BHMBRCBRG01,1.0,0.9898490309715271,-0.0101509690284729,0.0101509690284729,0.00010304217221701606,True,False,VERY_HIGH
2016-12-10 15:30:00,BHMBRCBRG03,0.6301531213191991,0.6403014659881592,0.010148344668960085,0.010148344668960085,0.00010298889952001059,False,True,HIGH
2016-12-18 09:30:00,Others-CCCPS98,0.42442797292942314,0.434576153755188,0.010148180825764852,0.010148180825764852,0.0001029855740724214,False,True,MODERATE
2016-12-11 11:30:00,BHMMBMMBX01,0.6259097525473072,0.6360440850257874,0.010134332478480168,0.010134332478480168,0.00010270469478437799,False,True,HIGH
2016-12-19 13:30:00,BHMBRCBRG01,0.999009900990099,0.9888776540756226,-0.01013224691447645,0.01013224691447645,0.00010266242753591754,True,False,VERY_HIGH
2016-12-18 14:00:00,BHMNCPHST01,0.4766666666666667,0.466539591550827,-0.010127075115839657,0.010127075115839657,0.0001025576504018588,True,False,MODERATE
2016-12-12 13:30:00,BHMBCCMKT01,0.3188908145580589,0.32899773120880127,0.01010691665074237,0.01010691665074237,0.00010214976418505337,False,True,MODERATE
2016-12-15 10:30:00,Others-CCCPS98,0.3454721237512085,0.355563223361969,0.01009109961076049,0.01009109961076049,0.00010183029135429051,False,True,MODERATE
2016-12-17 09:30:00,Others-CCCPS202,0.21654749744637386,0.22663810849189758,0.010090611045523723,0.010090611045523723,0.00010182043127204536,False,True,LOW
2016-12-08 15:30:00,Broad Street,0.7898550724637681,0.7999331951141357,0.010078122650367671,0.010078122650367671,0.0001015685561558539,False,True,VERY_HIGH
2016-12-12 08:30:00,Others-CCCPS133,0.20128342245989306,0.21136127412319183,0.010077851663298776,0.010077851663298776,0.0001015630941474539,False,True,LOW
2016-12-09 16:00:00,Others-CCCPS98,0.30808894618111504,0.2980237603187561,-0.010065185862358939,0.010065185862358939,0.00010130796644383025,True,False,MODERATE
2016-12-16 15:00:00,Broad Street,0.7231884057971014,0.7131277918815613,-0.01006061391554014,0.01006061391554014,0.0001012159523575599,True,False,HIGH
2016-12-09 11:00:00,BHMBCCMKT01,0.3292894280762565,0.3192303776741028,-0.010059050402153713,0.010059050402153713,0.00010118449499306878,True,False,MODERATE
2016-12-14 09:30:00,Others-CCCPS98,0.3000322268772156,0.2899819314479828,-0.010050295429232803,0.010050295429232803,0.00010100843821485777,True,False,MODERATE
2016-12-10 16:00:00,Others-CCCPS133,0.8089839572192513,0.7989369630813599,-0.010046994137891452,0.010046994137891452,0.0001009420912068252,True,False,VERY_HIGH
2016-12-11 09:00:00,BHMBRCBRG01,0.04950495049504951,0.03946368396282196,-0.010041266532227547,0.010041266532227547,0.00010082703357123302,True,False,LOW
2016-12-19 11:00:00,Others-CCCPS202,0.40381341504937013,0.3938088119029999,-0.01000460314637025,0.01000460314637025,0.0001000920841163615,True,False,MODERATE
2016-12-10 14:30:00,BHMBRCBRG02,1.0,0.9899969696998596,-0.01000303030014038,0.01000303030014038,0.00010006061518552656,True,False,VERY_HIGH
2016-12-12 09:00:00,Others-CCCPS133,0.2477005347593583,0.2576821446418762,0.009981609882517922,0.009981609882517922,9.963253584677945e-05,False,True,LOW
2016-12-09 11:30:00,BHMNCPPLS01,0.2733333333333333,0.2833104133605957,0.009977080027262386,0.009977080027262386,9.954212587039801e-05,False,True,MODERATE
2016-12-19 15:00:00,BHMBCCMKT01,0.4748700173310225,0.4648975133895874,-0.009972503941435118,0.009972503941435118,9.945083486193896e-05,True,False,MODERATE
2016-12-18 14:00:00,BHMBRCBRG02,1.0,0.9900386333465576,-0.009961366653442383,0.009961366653442383,9.92288256043139e-05,True,False,VERY_HIGH
2016-12-12 14:00:00,BHMNCPPLS01,0.32666666666666666,0.3366222679615021,0.009955601294835414,0.009955601294835414,9.911399714172859e-05,False,True,MODERATE
2016-12-18 14:00:00,BHMBRCBRG01,1.0,0.9900444746017456,-0.009955525398254395,0.009955525398254395,9.911248595528832e-05,True,False,VERY_HIGH
2016-12-16 09:00:00,Others-CCCPS119a,0.12914734213342846,0.13909600675106049,0.009948664617632025,0.009948664617632025,9.897592767412336e-05,False,True,LOW
2016-12-19 14:00:00,BHMNCPLDH01,0.8680555555555556,0.8581089377403259,-0.009946617815229652,0.009946617815229652,9.893520596224391e-05,True,False,VERY_HIGH
2016-12-17 12:30:00,BHMBRTARC01,0.7338709677419355,0.7438146471977234,0.00994367945578789,0.00994367945578789,9.887676111945816e-05,False,True,HIGH
2016-12-18 15:30:00,Others-CCCPS202,0.32141641130405174,0.31147298216819763,-0.00994342913585411,0.00994342913585411,9.88717829797524e-05,True,False,MODERATE
2016-12-17 13:00:00,BHMBRTARC01,0.7298387096774194,0.7397817373275757,0.00994302765015631,0.00994302765015631,9.886379885177293e-05,False,True,HIGH
2016-12-18 13:00:00,BHMBRTARC01,0.7096774193548387,0.6997441649436951,-0.009933254411143677,0.009933254411143677,9.866954319650531e-05,True,False,HIGH
2016-12-09 13:00:00,BHMNCPLDH01,0.8652777777777778,0.8752041459083557,0.0099263681305779,0.0099263681305779,9.85327842637526e-05,False,True,VERY_HIGH
2016-12-11 12:30:00,Bull Ring,0.8490009826400262,0.858924150466919,0.009923167826892731,0.009923167826892731,9.846925972067901e-05,False,True,VERY_HIGH
2016-12-14 13:30:00,BHMBRTARC01,0.8407258064516129,0.8308060169219971,-0.009919789529615808,0.009919789529615808,9.840222431187541e-05,True,False,VERY_HIGH
2016-12-11 15:00:00,BHMBRCBRG02,0.9597989949748744,0.969715416431427,0.009916421456552582,0.009916421456552582,9.833541450397643e-05,False,True,VERY_HIGH
2016-12-12 09:30:00,NIA Car Parks,0.13485804416403785,0.14476805925369263,0.009910015089654778,0.009910015089654778,9.820839907718539e-05,False,True,LOW
2016-12-15 15:00:00,Others-CCCPS98,0.4044473090557525,0.39454370737075806,-0.009903601684994434,0.009903601684994434,9.80813263350246e-05,True,False,MODERATE
2016-12-17 10:30:00,Broad Street,0.263768115942029,0.25386470556259155,-0.009903410379437427,0.009903410379437427,9.807753714354896e-05,True,False,MODERATE
2016-12-10 13:30:00,BHMBCCSNH01,0.7925840092699884,0.8024846315383911,0.009900622268402715,0.009900622268402715,9.802232130159171e-05,False,True,VERY_HIGH
2016-12-08 16:00:00,Shopping,0.5739583333333333,0.5838563442230225,0.009898010889689113,0.009898010889689113,9.797061957240426e-05,False,True,HIGH
2016-12-12 13:30:00,BHMBRCBRG01,1.0,0.9901028275489807,-0.009897172451019287,0.009897172451019287,9.795402252521512e-05,True,False,VERY_HIGH
2016-12-17 08:30:00,BHMMBMMBX01,0.4163027656477438,0.40640735626220703,-0.00989540938553679,0.00989540938553679,9.79191269073696e-05,True,False,MODERATE
2016-12-19 15:00:00,Broad Street,0.8782608695652174,0.8683708906173706,-0.009889978947846823,0.009889978947846823,9.781168358885335e-05,True,False,VERY_HIGH
2016-12-12 16:00:00,Broad Street,0.7057971014492753,0.6959161162376404,-0.00988098521163494,0.00988098521163494,9.76338687525484e-05,True,False,HIGH
2016-12-12 10:30:00,BHMEURBRD02,0.9181818181818182,0.9280539155006409,0.009872097318822659,0.009872097318822659,9.745830547230553e-05,False,True,VERY_HIGH
2016-12-16 13:30:00,Others-CCCPS98,0.308733483725427,0.29886382818222046,-0.009869655543206568,0.009869655543206568,9.741010054154814e-05,True,False,MODERATE
2016-12-14 11:30:00,BHMMBMMBX01,0.8704512372634643,0.8803184032440186,0.00986716598055426,0.00986716598055426,9.73609644878073e-05,False,True,VERY_HIGH
2016-12-14 09:00:00,Others-CCCPS98,0.264904930712214,0.2747637629508972,0.009858832238683224,0.009858832238683224,9.719657311049967e-05,False,True,MODERATE
2016-12-15 10:30:00,NIA Car Parks,0.18769716088328076,0.17784063518047333,-0.009856525702807428,0.009856525702807428,9.715109893010347e-05,True,False,LOW
2016-12-16 13:00:00,BHMNCPPLS01,0.3422222222222222,0.3323911726474762,-0.00983104957474601,0.00983104957474601,9.664953574111369e-05,True,False,MODERATE
2016-12-12 10:00:00,Others-CCCPS8,0.5037821482602118,0.5135975480079651,0.00981539974775325,0.00981539974775325,9.634207220819458e-05,False,True,HIGH
2016-12-18 13:00:00,Others-CCCPS202,0.2853251617296561,0.27550995349884033,-0.009815208230815775,0.009815208230815775,9.633831261427374e-05,True,False,MODERATE
2016-12-17 15:30:00,Others-CCCPS119a,0.4555833036032822,0.44576868414878845,-0.009814619454493745,0.009814619454493745,9.632675503652709e-05,True,False,MODERATE
2016-12-12 10:30:00,BHMNCPPLS01,0.27111111111111114,0.28092387318611145,0.009812762075000314,0.009812762075000314,9.629029954056447e-05,False,True,MODERATE
2016-12-19 11:30:00,BHMNCPNHS01,0.7,0.7098070979118347,0.009807097911834761,0.009807097911834761,9.617916945231373e-05,False,True,HIGH
2016-12-17 10:30:00,BHMEURBRD02,0.2409090909090909,0.2507138252258301,0.009804734316739172,0.009804734316739172,9.613281502184276e-05,False,True,LOW
2016-12-18 10:00:00,BHMBCCMKT01,0.07625649913344887,0.06645607948303223,-0.009800419650416642,0.009800419650416642,9.604822532427265e-05,True,False,LOW
2016-12-09 11:30:00,BHMBCCMKT01,0.35528596187175043,0.36507537961006165,0.009789417738311212,0.009789417738311212,9.583269965516222e-05,False,True,MODERATE
2016-12-14 08:30:00,BHMBCCMKT01,0.038128249566724434,0.04791403189301491,0.009785782326290474,0.009785782326290474,9.576153573753899e-05,False,True,LOW
2016-12-14 12:30:00,Bull Ring,0.6898132983950213,0.6800298094749451,-0.009783488920076189,0.009783488920076189,9.571665544925355e-05,True,False,HIGH
2016-12-16 16:00:00,NIA Car Parks,0.1332807570977918,0.12349808216094971,-0.009782674936842095,0.009782674936842095,9.570072891991849e-05,True,False,LOW
2016-12-15 12:00:00,BHMEURBRD02,0.8454545454545455,0.855231523513794,0.009776978059248487,0.009776978059248487,9.558929997102631e-05,False,True,VERY_HIGH
2016-12-15 12:30:00,BHMBRCBRG03,0.41578327444051827,0.40601038932800293,-0.00977288511251534,0.00977288511251534,9.550928342242395e-05,True,False,MODERATE
2016-12-17 10:00:00,Shopping,0.3494791666666667,0.33970963954925537,-0.009769527117411303,0.009769527117411303,9.54436600978348e-05,True,False,MODERATE
2016-12-14 09:30:00,BHMNCPNST01,0.488659793814433,0.47889357805252075,-0.009766215761912223,0.009766215761912223,9.537897030822273e-05,True,False,MODERATE
2016-12-13 15:30:00,BHMNCPRAN01,0.8433333333333334,0.8530918955802917,0.009758562246958369,0.009758562246958369,9.522953712776117e-05,False,True,VERY_HIGH
2016-12-18 15:00:00,BHMNCPNHS01,0.24,0.2497556358575821,0.009755635857582101,0.009755635857582101,9.517243098574166e-05,False,True,LOW
2016-12-14 12:30:00,BHMBRCBRG03,0.35217903415783275,0.3619338274002075,0.00975479324237477,0.00975479324237477,9.515599120148049e-05,False,True,MODERATE
2016-12-16 11:30:00,BHMNCPPLS01,0.2822222222222222,0.27247148752212524,-0.009750734700096964,0.009750734700096964,9.507682719167502e-05,True,False,MODERATE
2016-12-13 08:30:00,BHMBRCBRG03,0.13780918727915195,0.14754797518253326,0.009738787903381313,0.009738787903381313,9.484398982704619e-05,False,True,LOW
2016-12-16 14:30:00,BHMBRCBRG02,0.7964824120603015,0.806213915348053,0.00973150328775152,0.00973150328775152,9.470215623951864e-05,False,True,VERY_HIGH
2016-12-09 09:30:00,BHMBRCBRG02,0.2705192629815745,0.26078805327415466,-0.009731209707419863,0.009731209707419863,9.469644236978259e-05,True,False,MODERATE
2016-12-17 13:30:00,BHMBRCBRG02,1.0,0.9902769923210144,-0.009723007678985596,0.009723007678985596,9.453687832561286e-05,True,False,VERY_HIGH
2016-12-16 10:30:00,Others-CCCPS98,0.294231388978408,0.3039432466030121,0.009711857624604081,0.009711857624604081,9.432017852058043e-05,False,True,MODERATE
2016-12-12 16:00:00,BHMBCCMKT01,0.16464471403812825,0.17435434460639954,0.009709630568271288,0.009709630568271288,9.427692577230821e-05,False,True,LOW
2016-12-11 14:30:00,BHMBCCSNH01,0.9536500579374276,0.9439409971237183,-0.00970906081370937,0.00970906081370937,9.426586188430684e-05,True,False,VERY_HIGH
2016-12-16 12:30:00,NIA Car Parks,0.10488958990536278,0.11459773033857346,0.00970814043321068,0.00970814043321068,9.424799067094004e-05,False,True,LOW
2016-12-16 15:30:00,BHMMBMMBX01,0.7234352256186317,0.7331351041793823,0.009699878560750608,0.009699878560750608,9.408764409330928e-05,False,True,HIGH
2016-12-18 13:30:00,Others-CCCPS98,0.5291653238801161,0.5388522148132324,0.009686890933116366,0.009686890933116366,9.383585595009205e-05,False,True,HIGH
2016-12-14 13:00:00,BHMNCPRAN01,0.9683333333333334,0.9586629867553711,-0.009670346577962285,0.009670346577962285,9.351560293790688e-05,True,False,VERY_HIGH
2016-12-13 11:30:00,BHMBCCTHL01,0.9948320413436692,0.9851638674736023,-0.00966817387006691,0.00966817387006691,9.347358598184457e-05,True,False,VERY_HIGH
2016-12-14 12:00:00,Others-CCCPS202,0.435478379298604,0.4451463222503662,0.00966794295176221,0.00966794295176221,9.346912091852859e-05,False,True,MODERATE
2016-12-14 16:00:00,NIA Car Parks,0.1056782334384858,0.11534326523542404,0.009665031796938242,0.009665031796938242,9.341283963582726e-05,False,True,LOW
2016-12-17 15:30:00,BHMEURBRD02,0.2727272727272727,0.28238627314567566,0.009659000418402952,0.009659000418402952,9.329628908270841e-05,False,True,MODERATE
2016-12-19 10:00:00,BHMNCPHST01,0.5725,0.5628462433815002,-0.009653756618499765,0.009653756618499765,9.319501684922802e-05,True,False,HIGH
2016-12-15 13:30:00,BHMBCCPST01,0.4668769716088328,0.47652900218963623,0.009652030580803439,0.009652030580803439,9.316169433276477e-05,False,True,MODERATE
2016-12-15 14:30:00,Others-CCCPS105a,0.7705326032852166,0.7608855962753296,-0.009647007009886965,0.009647007009886965,9.306474424880825e-05,True,False,VERY_HIGH
2016-12-18 14:30:00,BHMNCPPLS01,0.5422222222222223,0.5325756669044495,-0.00964655531777281,0.00964655531777281,9.305602949885087e-05,True,False,HIGH
2016-12-18 11:00:00,Others-CCCPS135a,0.3448364666494978,0.3351946175098419,-0.009641849139655878,0.009641849139655878,9.29652548318828e-05,True,False,MODERATE
2016-12-13 10:00:00,BHMNCPNST01,0.5649484536082474,0.5553181171417236,-0.009630336466523781,0.009630336466523781,9.274338045845775e-05,True,False,HIGH
2016-12-11 09:00:00,BHMBRCBRG02,0.07705192629815745,0.08668145537376404,0.009629529075606588,0.009629529075606588,9.272783021795268e-05,False,True,LOW
2016-12-19 08:30:00,BHMMBMMBX01,0.5851528384279476,0.5947816371917725,0.00962879876382483,0.00962879876382483,9.271376563423459e-05,False,True,HIGH
2016-12-13 11:30:00,Others-CCCPS119a,0.21655369247235104,0.22617658972740173,0.009622897255050694,0.009622897255050694,9.260015158126218e-05,False,True,LOW
2016-12-13 14:30:00,NIA South,0.24111675126903553,0.25073790550231934,0.009621154233283802,0.009621154233283802,9.256660878063482e-05,False,True,LOW
2016-12-16 13:30:00,Others-CCCPS105a,0.6814335490293678,0.6718270778656006,-0.009606471163767227,0.009606471163767227,9.228428822029126e-05,True,False,HIGH
2016-12-11 13:00:00,Broad Street,0.21014492753623187,0.20054012537002563,-0.009604802166206239,0.009604802166206239,9.225222465196006e-05,True,False,LOW
2016-12-18 14:30:00,BHMNCPNHS01,0.244,0.2535961866378784,0.009596186637878423,0.009596186637878423,9.20867979889964e-05,False,True,LOW
2016-12-10 15:30:00,Others-CCCPS133,0.8318716577540107,0.8222846388816833,-0.00958701887232738,0.00958701887232738,9.191093085836135e-05,True,False,VERY_HIGH
2016-12-16 13:00:00,Others-CCCPS202,0.39802519577800477,0.3884398937225342,-0.00958530205547059,0.00958530205547059,9.187801549460872e-05,True,False,MODERATE
2016-12-17 12:00:00,BHMBRCBRG01,1.0,0.9904263019561768,-0.009573698043823242,0.009573698043823242,9.165569423430497e-05,True,False,VERY_HIGH
2016-12-12 13:00:00,Broad Street,0.8739130434782608,0.864345133304596,-0.009567910173664873,0.009567910173664873,9.154490509131978e-05,True,False,VERY_HIGH
2016-12-15 14:30:00,Others-CCCPS119a,0.23724580806278986,0.2276780903339386,-0.00956771772885126,0.00956771772885126,9.154122253897473e-05,True,False,LOW
2016-12-19 12:00:00,BHMEURBRD01,0.8787234042553191,0.8882864117622375,0.009563007506918408,0.009563007506918408,9.145111257737783e-05,False,True,VERY_HIGH
2016-12-14 13:30:00,BHMBCCTHL01,1.0,0.9904585480690002,-0.009541451930999756,0.009541451930999756,9.103930495157897e-05,True,False,VERY_HIGH
2016-12-19 12:30:00,Others-CCCPS135a,0.8202420808653104,0.8107033371925354,-0.009538743672774963,0.009538743672774963,9.09876308549044e-05,True,False,VERY_HIGH
2016-12-09 15:30:00,Shopping,0.5989583333333334,0.5894196033477783,-0.00953872998555505,0.00953872998555505,9.098736973732705e-05,True,False,HIGH
2016-12-19 09:30:00,Others-CCCPS202,0.32107592781750083,0.33061251044273376,0.009536582625232937,0.009536582625232937,9.094640816789473e-05,False,True,MODERATE
2016-12-17 13:30:00,Others-CCCPS119a,0.4555833036032822,0.46511635184288025,0.009533048239598052,0.009533048239598052,9.087900873850351e-05,False,True,MODERATE
2016-12-08 16:00:00,Bull Ring,0.5063871601703243,0.4968610107898712,-0.009526149380453042,0.009526149380453042,9.074752201870587e-05,True,False,HIGH
2016-12-17 10:00:00,BHMBRCBRG03,0.4169611307420495,0.40744054317474365,-0.009520587567305838,0.009520587567305838,9.06415876267385e-05,True,False,MODERATE
2016-12-17 11:30:00,BHMBCCPST01,0.6656151419558359,0.6561022996902466,-0.00951284226558935,0.00951284226558935,9.049416796998311e-05,True,False,HIGH
2016-12-18 13:00:00,BHMNCPRAN01,0.14166666666666666,0.1321551352739334,-0.009511531392733252,0.009511531392733252,9.046922943495017e-05,True,False,LOW
2016-12-09 13:30:00,Others-CCCPS98,0.35836287463744765,0.36786985397338867,0.009506979335941024,0.009506979335941024,9.038265609400962e-05,False,True,MODERATE
2016-12-12 13:00:00,BHMBCCSNH01,0.9548088064889919,0.9643136262893677,0.009504819800375763,0.009504819800375763,9.034159943761517e-05,False,True,VERY_HIGH
2016-12-10 13:30:00,BHMBRCBRG03,0.6254416961130742,0.6349439024925232,0.009502206379448985,0.009502206379448985,9.0291926077641e-05,False,True,HIGH
2016-12-13 12:00:00,BHMBCCTHL01,1.0,0.9905065298080444,-0.009493470191955566,0.009493470191955566,9.012597628554886e-05,True,False,VERY_HIGH
2016-12-11 12:00:00,BHMNCPRAN01,0.22666666666666666,0.21717436611652374,-0.009492300550142913,0.009492300550142913,9.010376973424344e-05,True,False,LOW
2016-12-18 14:30:00,Others-CCCPS119a,0.4555833036032822,0.44609683752059937,-0.009486466082682832,0.009486466082682832,8.999303873789175e-05,True,False,MODERATE
2016-12-19 13:00:00,Others-CCCPS105a,0.8053758088601294,0.7958956956863403,-0.009480113173789051,0.009480113173789051,8.987254578784871e-05,True,False,VERY_HIGH
2016-12-19 11:00:00,BHMNCPPLS01,0.2688888888888889,0.278359979391098,0.009471090502209123,0.009471090502209123,8.970155530103585e-05,False,True,MODERATE
2016-12-16 13:30:00,BHMBRCBRG02,0.8257956448911222,0.8352639079093933,0.009468263018271084,0.009468263018271084,8.964800458315985e-05,False,True,VERY_HIGH
2016-12-10 13:00:00,BHMBRCBRG03,0.6160188457008245,0.6065530776977539,-0.00946576800307064,0.00946576800307064,8.960076388795594e-05,True,False,HIGH
2016-12-09 15:30:00,BHMBCCPST01,0.3785488958990536,0.36908671259880066,-0.009462183300252947,0.009462183300252947,8.953291280758574e-05,True,False,MODERATE
2016-12-17 11:00:00,Others-CCCPS133,0.626096256684492,0.6355569362640381,0.009460679579546105,0.009460679579546105,8.950445810684067e-05,False,True,HIGH
2016-12-11 14:30:00,Broad Street,0.2797101449275362,0.28916990756988525,0.009459762642349046,0.009459762642349046,8.94871092495826e-05,False,True,MODERATE
2016-12-17 15:00:00,Others-CCCPS135a,0.5493175379860932,0.5587701797485352,0.009452641762441982,0.009452641762441982,8.935243628906226e-05,False,True,HIGH
2016-12-15 10:00:00,Others-CCCPS119a,0.19015340706386016,0.1807013601064682,-0.009452046957391963,0.009452046957391963,8.934119168474266e-05,True,False,LOW
2016-12-11 11:00:00,Others-CCCPS119a,0.21905101676774885,0.22849956154823303,0.00944854478048418,0.00944854478048418,8.927499846881484e-05,False,True,LOW
2016-12-19 15:30:00,Others-CCCPS135a,0.7133659541591553,0.7228096723556519,0.009443718196496587,0.009443718196496587,8.918381337484074e-05,False,True,HIGH
2016-12-18 14:30:00,Others-CCCPS135a,0.48029873808910634,0.47085651755332947,-0.009442220535776868,0.009442220535776868,8.915552864624642e-05,True,False,MODERATE
2016-12-11 08:30:00,BHMBCCPST01,0.11987381703470032,0.11044009774923325,-0.009433719285467074,0.009433719285467074,8.89950595569934e-05,True,False,LOW
2016-12-12 12:30:00,Shopping,0.80625,0.7968238592147827,-0.009426140785217307,0.009426140785217307,8.885213010273716e-05,True,False,VERY_HIGH
2016-12-10 09:00:00,BHMBRCBRG02,0.25963149078726966,0.25020653009414673,-0.00942496069312293,0.00942496069312293,8.882988406691226e-05,True,False,MODERATE
2016-12-09 08:30:00,BHMNCPLDH01,0.6888888888888889,0.698306143283844,0.00941725439495511,0.00941725439495511,8.868468033930134e-05,False,True,HIGH
2016-12-18 11:30:00,BHMMBMMBX01,0.5021834061135371,0.5115974545478821,0.009414048434345013,0.009414048434345013,8.862430792419378e-05,False,True,HIGH
2016-12-14 15:00:00,Others-CCCPS105a,0.7023394723743156,0.6929279565811157,-0.009411515793199876,0.009411515793199876,8.85766295256507e-05,True,False,HIGH
2016-12-10 14:00:00,BHMBRCBRG02,1.0,0.9905900955200195,-0.009409904479980469,0.009409904479980469,8.85463023223565e-05,True,False,VERY_HIGH
2016-12-15 15:00:00,Others-CCCPS119a,0.2354620049946486,0.2260521799325943,-0.009409825062054289,0.009409825062054289,8.854480769846501e-05,True,False,LOW
2016-12-11 14:30:00,Others-CCCPS8,0.7753403933434191,0.7659363150596619,-0.009404078283757222,0.009404078283757222,8.843668836703418e-05,True,False,VERY_HIGH
2016-12-13 15:00:00,BHMBCCSNH01,0.8597914252607184,0.8691936135292053,0.009402188268486933,0.009402188268486933,8.84011442360733e-05,False,True,VERY_HIGH
2016-12-17 09:00:00,BHMBRTARC01,0.7883064516129032,0.7977071404457092,0.009400688832805981,0.009400688832805981,8.837295053124309e-05,False,True,VERY_HIGH
2016-12-15 14:30:00,Others-CCCPS98,0.40799226554946827,0.3985927700996399,-0.009399495449828377,0.009399495449828377,8.835051471134435e-05,True,False,MODERATE
2016-12-11 12:30:00,BHMNCPLDH01,0.6027777777777777,0.6121503114700317,0.009372533692253993,0.009372533692253993,8.784438781243625e-05,False,True,HIGH
2016-12-12 12:30:00,BHMNCPPLS01,0.3977777777777778,0.3884112238883972,-0.009366553889380569,0.009366553889380569,8.773233176267027e-05,True,False,MODERATE
2016-12-13 15:00:00,BHMEURBRD01,0.8680851063829788,0.8587194085121155,-0.009365697870863277,0.009365697870863277,8.771629660829291e-05,True,False,VERY_HIGH
2016-12-16 13:30:00,Bull Ring,0.7798886341303636,0.7892471551895142,0.009358521059150582,0.009358521059150582,8.758191641456493e-05,False,True,VERY_HIGH
2016-12-12 11:00:00,Shopping,0.7526041666666666,0.7432517409324646,-0.00935242573420203,0.00935242573420203,8.746786711376438e-05,True,False,VERY_HIGH
2016-12-16 12:00:00,Shopping,0.7109375,0.7015929818153381,-0.009344518184661865,0.009344518184661865,8.732002010347628e-05,True,False,HIGH
2016-12-18 10:30:00,Others-CCCPS135a,0.3033736801442184,0.3127133846282959,0.009339704484077505,0.009339704484077505,8.723007984989745e-05,False,True,MODERATE
2016-12-17 16:00:00,Bull Ring,0.8738945299705208,0.8645659685134888,-0.00932856145703198,0.00932856145703198,8.702205885762263e-05,True,False,VERY_HIGH
2016-12-16 10:00:00,BHMNCPNHS01,0.718,0.7273282408714294,0.009328240871429472,0.009328240871429472,8.701607775540726e-05,False,True,HIGH
2016-12-17 15:00:00,Others-CCCPS105a,0.7675460428073668,0.7582180500030518,-0.009327992804315066,0.009327992804315066,8.701144975735366e-05,True,False,VERY_HIGH
2016-12-11 11:30:00,BHMEURBRD01,0.21063829787234042,0.20132142305374146,-0.00931687481859897,0.00931687481859897,8.680415638544358e-05,True,False,LOW
2016-12-11 08:30:00,Others-CCCPS105a,0.36884021901443503,0.37815380096435547,0.009313581949920435,0.009313581949920435,8.674280873788374e-05,False,True,MODERATE
2016-12-10 10:30:00,BHMNCPLDH01,0.48194444444444445,0.49125438928604126,0.009309944841596807,0.009309944841596807,8.667507295357499e-05,False,True,MODERATE
2016-12-09 11:30:00,BHMBCCTHL01,1.0,0.9906913042068481,-0.009308695793151855,0.009308695793151855,8.665181736944305e-05,True,False,VERY_HIGH
2016-12-09 12:30:00,BHMNCPRAN01,0.7583333333333333,0.7490301132202148,-0.00930322011311846,0.00930322011311846,8.654990447313185e-05,True,False,VERY_HIGH
2016-12-12 13:00:00,BHMNCPPLS01,0.3888888888888889,0.3981877267360687,0.00929883784717983,0.00929883784717983,8.646838530814402e-05,False,True,MODERATE
2016-12-18 12:00:00,BHMNCPRAN01,0.14166666666666666,0.13236947357654572,-0.009297193090120948,0.009297193090120948,8.643779935499269e-05,True,False,LOW
2016-12-09 12:30:00,BHMNCPNHS01,0.696,0.6867169737815857,-0.009283026218414259,0.009283026218414259,8.617457577176653e-05,True,False,HIGH
2016-12-14 14:30:00,BHMNCPRAN01,0.91,0.9007242918014526,-0.009275708198547394,0.009275708198547394,8.603876258459935e-05,True,False,VERY_HIGH
2016-12-11 12:30:00,BHMEURBRD02,0.1318181818181818,0.1225452572107315,-0.0092729246074503,0.0092729246074503,8.59871307754573e-05,True,False,LOW
2016-12-10 08:30:00,BHMNCPPLS01,0.08666666666666667,0.09593599289655685,0.009269326229890185,0.009269326229890185,8.592040875613018e-05,False,True,LOW
2016-12-12 16:00:00,Shopping,0.5505208333333333,0.5597861409187317,0.009265307585398341,0.009265307585398341,8.584592465204004e-05,False,True,HIGH
2016-12-19 10:30:00,Others-CCCPS135a,0.7447849600824105,0.7355302572250366,-0.009254702857373842,0.009254702857373842,8.564952497828356e-05,True,False,HIGH
2016-12-16 14:00:00,Others-CCCPS133,0.7093048128342246,0.7000534534454346,-0.00925135938879007,0.00925135938879007,8.558765054055418e-05,True,False,HIGH
2016-12-09 10:30:00,BHMNCPRAN01,0.7833333333333333,0.7925776243209839,0.00924429098765056,0.00924429098765056,8.545691586435738e-05,False,True,VERY_HIGH
2016-12-16 15:00:00,BHMEURBRD02,0.6318181818181818,0.6410617828369141,0.009243601018732228,0.009243601018732228,8.544415979350749e-05,False,True,HIGH
2016-12-16 13:30:00,Others-CCCPS133,0.7161497326203209,0.7069063782691956,-0.009243354351125332,0.009243354351125332,8.543959966046761e-05,True,False,HIGH
2016-12-18 09:00:00,BHMBRCBRG01,0.060396039603960394,0.0696384608745575,0.009242421270597101,0.009242421270597101,8.542235094318574e-05,False,True,LOW
2016-12-17 12:00:00,Others-CCCPS202,0.2945182158665305,0.28528329730033875,-0.009234918566191741,0.009234918566191741,8.528372092419292e-05,True,False,MODERATE
2016-12-19 13:00:00,BHMNCPNST01,0.5608247422680412,0.5515949726104736,-0.00922976965756761,0.00922976965756761,8.518864793175572e-05,True,False,HIGH
2016-12-13 09:30:00,Bull Ring,0.2502456600065509,0.2594752311706543,0.00922957116410339,0.00922957116410339,8.51849838732488e-05,False,True,MODERATE
2016-12-16 16:00:00,BHMBRCBRG03,0.3580683156654888,0.34884345531463623,-0.00922486035085257,0.00922486035085257,8.509804849273181e-05,True,False,MODERATE
2016-12-08 15:30:00,BHMBRCBRG03,0.31566548881036516,0.3248777389526367,0.00921225014227156,0.00921225014227156,8.486555268378239e-05,False,True,MODERATE
2016-12-18 13:00:00,BHMBRCBRG02,0.9991624790619765,0.9899506568908691,-0.009211822171107387,0.009211822171107387,8.485766771210561e-05,True,False,VERY_HIGH
2016-12-09 08:30:00,Bull Ring,0.1261054700294792,0.13531635701656342,0.009210886987084221,0.009210886987084221,8.484043908883744e-05,False,True,LOW
2016-12-14 10:00:00,Others-CCCPS105a,0.6236933797909407,0.6144867539405823,-0.009206625850358474,0.009206625850358474,8.47619595484889e-05,True,False,HIGH
2016-12-17 14:00:00,BHMBCCMKT01,0.7625649913344887,0.7533625960350037,-0.009202395299485078,0.009202395299485078,8.468407924798505e-05,True,False,VERY_HIGH
2016-12-15 11:30:00,Others-CCCPS133,0.655187165775401,0.6460148692131042,-0.009172296562296789,0.009172296562296789,8.41310242267215e-05,True,False,HIGH
2016-12-09 09:30:00,BHMNCPNST01,0.5670103092783505,0.5761777758598328,0.009167466581482264,0.009167466581482264,8.404244352259412e-05,False,True,HIGH
2016-12-09 08:00:00,BHMBCCSNH01,0.5457705677867902,0.5549344420433044,0.009163874256514215,0.009163874256514215,8.397659138920396e-05,False,True,HIGH
2016-12-17 11:30:00,BHMEURBRD01,0.33191489361702126,0.3410530984401703,0.009138204823149032,0.009138204823149032,8.350678738982424e-05,False,True,MODERATE
2016-12-18 08:00:00,BHMBRCBRG02,0.05695142378559464,0.06608285009860992,0.009131426313015285,0.009131426313015285,8.338294651002793e-05,False,True,LOW
2016-12-15 10:00:00,Others-CCCPS202,0.3905345590738849,0.3814072906970978,-0.009127268376787123,0.009127268376787123,8.330702802189824e-05,True,False,MODERATE
2016-12-11 11:00:00,Others-CCCPS135a,0.3494720576873551,0.3403448760509491,-0.009127181636406023,0.009127181636406023,8.330544462394734e-05,True,False,MODERATE
2016-12-09 10:30:00,BHMEURBRD01,0.7659574468085106,0.7568385601043701,-0.009118886704140516,0.009118886704140516,8.315409472295069e-05,True,False,VERY_HIGH
2016-12-09 13:30:00,BHMBCCSNH01,0.944380069524913,0.9534932374954224,0.009113167970509317,0.009113167970509317,8.30498304587169e-05,False,True,VERY_HIGH
2016-12-16 15:30:00,BHMBCCSNH01,0.7670915411355735,0.7579785585403442,-0.009112982595229302,0.009112982595229302,8.304645178095218e-05,True,False,VERY_HIGH
2016-12-12 09:00:00,Shopping,0.5723958333333333,0.5815079212188721,0.009112087885538744,0.009112087885538744,8.303014563378194e-05,False,True,HIGH
2016-12-13 14:30:00,BHMBRCBRG02,0.6582914572864321,0.6491889953613281,-0.009102461925104,0.009102461925104,8.285481309796801e-05,True,False,HIGH
2016-12-09 10:30:00,BHMNCPHST01,0.6016666666666667,0.6107684373855591,0.009101770718892399,0.009101770718892399,8.284223021928707e-05,False,True,HIGH
2016-12-12 10:30:00,Others-CCCPS8,0.556732223903177,0.5658333897590637,0.009101165855886717,0.009101165855886717,8.28312199363582e-05,False,True,HIGH
2016-12-10 09:00:00,BHMNCPNST01,0.43917525773195876,0.44827502965927124,0.009099771927312483,0.009099771927312483,8.280584912910434e-05,False,True,MODERATE
2016-12-16 08:00:00,Others-CCCPS98,0.22558814050918466,0.23468348383903503,0.009095343329850375,0.009095343329850375,8.272527028785371e-05,False,True,LOW
2016-12-13 10:30:00,BHMBRCBRG03,0.35217903415783275,0.34308671951293945,-0.009092314644893296,0.009092314644893296,8.26701856017411e-05,True,False,MODERATE
2016-12-14 08:00:00,BHMBCCSNH01,0.5550405561993047,0.5459551811218262,-0.00908537507747853,0.00908537507747853,8.254404029846801e-05,True,False,HIGH
2016-12-19 11:00:00,Others-CCCPS105a,0.6515679442508711,0.6424881815910339,-0.00907976265983712,0.00907976265983712,8.244208995897246e-05,True,False,HIGH
2016-12-12 14:00:00,Others-CCCPS8,0.6293494704992436,0.6202790141105652,-0.009070456388678427,0.009070456388678427,8.22731790989173e-05,True,False,HIGH
2016-12-11 08:00:00,Bull Ring,0.036030134294136915,0.04509754478931427,0.009067410495177355,0.009067410495177355,8.221793308805245e-05,False,True,LOW
2016-12-16 09:30:00,Others-CCCPS133,0.4162566844919786,0.4071946144104004,-0.009062070081578222,0.009062070081578222,8.212111416343512e-05,True,False,MODERATE
2016-12-10 08:00:00,BHMNCPPLS01,0.06444444444444444,0.07350138574838638,0.00905694130394194,0.00905694130394194,8.202818578304953e-05,False,True,LOW
2016-12-14 15:00:00,BHMMBMMBX01,0.9170305676855895,0.9079840183258057,-0.009046549359783884,0.009046549359783884,8.18400553190062e-05,True,False,VERY_HIGH
2016-12-15 12:30:00,NIA Car Parks,0.2192429022082019,0.21019893884658813,-0.009043963361613755,0.009043963361613755,8.179327328621197e-05,True,False,LOW
2016-12-12 12:00:00,Bull Ring,0.7576154602030789,0.7485741972923279,-0.009041262910751025,0.009041262910751025,8.174443502132209e-05,True,False,VERY_HIGH
2016-12-12 13:30:00,BHMNCPNST01,0.5814432989690722,0.590483546257019,0.009040247287946834,0.009040247287946834,8.172607102723009e-05,False,True,HIGH
2016-12-11 09:30:00,Others-CCCPS135a,0.23074942055112027,0.22172585129737854,-0.009023569253741731,0.009023569253741731,8.14248020770731e-05,True,False,LOW
2016-12-09 10:30:00,Broad Street,0.7478260869565218,0.7388051748275757,-0.009020912128946068,0.009020912128946068,8.137685563816628e-05,True,False,HIGH
2016-12-17 14:30:00,Others-CCCPS135a,0.5593613185681174,0.5503446459770203,-0.009016672591097175,0.009016672591097175,8.130038461504303e-05,True,False,HIGH
2016-12-19 10:30:00,BHMEURBRD02,0.7681818181818182,0.7771735191345215,0.008991700952703297,0.008991700952703297,8.085068602284537e-05,False,True,VERY_HIGH
2016-12-17 14:00:00,BHMBRCBRG02,1.0,0.9910100698471069,-0.008989930152893066,0.008989930152893066,8.081884415389595e-05,True,False,VERY_HIGH
2016-12-13 10:30:00,BHMBRTARC01,0.8104838709677419,0.8194706439971924,0.008986773029450501,0.008986773029450501,8.076208948285893e-05,False,True,VERY_HIGH
2016-12-11 15:30:00,Bull Ring,0.7687520471667213,0.759772539138794,-0.008979508027927352,0.008979508027927352,8.063156442361177e-05,True,False,VERY_HIGH
2016-12-13 10:00:00,BHMBRTARC01,0.8125,0.8214782476425171,0.00897824764251709,0.00897824764251709,8.060893073036368e-05,False,True,VERY_HIGH
2016-12-08 16:00:00,BHMNCPNST01,0.5711340206185567,0.5621674656867981,-0.008966554931758575,0.008966554931758575,8.039910734424402e-05,True,False,HIGH
2016-12-18 13:00:00,BHMNCPHST01,0.43916666666666665,0.4481324553489685,0.008965788682301856,0.008965788682301856,8.038536669569205e-05,False,True,MODERATE
2016-12-15 08:30:00,Bull Ring,0.1349492302653128,0.14390262961387634,0.00895339934856354,0.00895339934856354,8.016335989485803e-05,False,True,LOW
2016-12-16 08:30:00,BHMNCPPLS01,0.10222222222222223,0.1111694797873497,0.008947257565127473,0.008947257565127473,8.00534179367308e-05,False,True,LOW
2016-12-10 10:00:00,BHMNCPPLS01,0.19333333333333333,0.20227797329425812,0.008944639960924788,0.008944639960924788,8.00065840305726e-05,False,True,LOW
2016-12-18 12:30:00,BHMNCPRAN01,0.14333333333333334,0.13438892364501953,-0.008944409688313809,0.008944409688313809,8.000246467240193e-05,True,False,LOW
2016-12-19 09:00:00,BHMBCCPST01,0.28391167192429023,0.2928552031517029,0.008943531227412649,0.008943531227412649,7.99867508157052e-05,False,True,MODERATE
2016-12-12 09:30:00,Others-CCCPS135a,0.7483904197785217,0.7573333382606506,0.008942918482128914,0.008942918482128914,7.997579097800292e-05,False,True,HIGH
2016-12-19 09:30:00,BHMBRCBRG01,0.41287128712871285,0.4218071699142456,0.008935882785532756,0.008935882785532756,7.985000115678065e-05,False,True,MODERATE
2016-12-09 12:30:00,BHMNCPPLS01,0.3466666666666667,0.3555968105792999,0.008930143912633248,0.008930143912633248,7.974747030034066e-05,False,True,MODERATE
2016-12-09 12:00:00,Bull Ring,0.7608909269570914,0.7519733309745789,-0.008917595982512516,0.008917595982512516,7.952351810732336e-05,True,False,VERY_HIGH
2016-12-10 11:30:00,BHMBRCBRG01,0.9910891089108911,1.0,0.008910891089108919,0.008910891089108919,7.940398000196074e-05,False,True,VERY_HIGH
2016-12-14 11:30:00,NIA Car Parks,0.18769716088328076,0.1966065913438797,0.008909430460598944,0.008909430460598944,7.937795113224832e-05,False,True,LOW
2016-12-11 12:30:00,Others-CCCPS8,0.7223903177004538,0.7312947511672974,0.008904433466843553,0.008904433466843553,7.92889353654435e-05,False,True,HIGH
2016-12-19 08:00:00,BHMBRCBRG02,0.06448911222780569,0.07339170575141907,0.008902593523613375,0.008902593523613375,7.925617144668281e-05,False,True,LOW
2016-12-12 08:00:00,BHMBRCBRG01,0.06633663366336634,0.07523747533559799,0.008900841672231652,0.008900841672231652,7.922498247413555e-05,False,True,LOW
2016-12-10 15:00:00,BHMBCCSNH01,0.7728852838933952,0.7817856073379517,0.00890032344455649,0.00890032344455649,7.921575741772192e-05,False,True,VERY_HIGH
2016-12-11 16:00:00,BHMBCCSNH01,0.7844727694090382,0.7755769491195679,-0.008895820289470335,0.008895820289470335,7.913561862255208e-05,True,False,VERY_HIGH
2016-12-19 15:30:00,BHMBRCBRG02,0.7705192629815746,0.779414176940918,0.008894913959343387,0.008894913959343387,7.911949434412184e-05,False,True,VERY_HIGH
2016-12-10 11:30:00,BHMNCPLDH01,0.5791666666666667,0.5702732801437378,-0.008893386522928926,0.008893386522928926,7.909232384621384e-05,True,False,HIGH
2016-12-17 14:30:00,BHMBRCBRG03,0.7208480565371025,0.7119570374488831,-0.008891019088219432,0.008891019088219432,7.905022042708229e-05,True,False,HIGH
2016-12-19 08:00:00,Others-CCCPS202,0.20497105890364317,0.1960856020450592,-0.008885456858583968,0.008885456858583968,7.895134358575687e-05,True,False,LOW
2016-12-17 11:30:00,BHMNCPHST01,0.4,0.39111462235450745,-0.008885377645492576,0.008885377645492576,7.894993590301919e-05,True,False,MODERATE
2016-12-13 12:30:00,BHMBRCBRG02,0.6716917922948074,0.6628082394599915,-0.0088835528348159,0.0088835528348159,7.891751096896562e-05,True,False,HIGH
2016-12-11 09:00:00,BHMBCCMKT01,0.008665511265164644,0.017543599009513855,0.00887808774434921,0.00887808774434921,7.882044199636366e-05,False,True,LOW
2016-12-10 08:30:00,Others-CCCPS135a,0.23770280710790626,0.24658067524433136,0.008877868136425104,0.008877868136425104,7.881654264775216e-05,False,True,LOW
2016-12-15 14:30:00,BHMBRCBRG02,0.6850921273031826,0.6939675211906433,0.008875393887460725,0.008875393887460725,7.87726166575752e-05,False,True,HIGH
2016-12-13 15:30:00,NIA South,0.19289340101522842,0.20176303386688232,0.008869632851653902,0.008869632851653902,7.867038692313813e-05,False,True,LOW
2016-12-18 11:30:00,BHMBRCBRG03,0.4134275618374558,0.4222964346408844,0.008868872803428574,0.008868872803428574,7.865690480339501e-05,False,True,MODERATE
2016-12-16 10:00:00,BHMBRCBRG03,0.3309776207302709,0.339845210313797,0.00886758958352607,0.00886758958352607,7.863414502186006e-05,False,True,MODERATE
2016-12-15 14:00:00,BHMBCCSNH01,0.9721900347624566,0.9633335471153259,-0.00885648764713065,0.00885648764713065,7.843737344377781e-05,True,False,VERY_HIGH
2016-12-10 11:00:00,BHMEURBRD02,0.1,0.10884861648082733,0.008848616480827326,0.008848616480827326,7.829801362476897e-05,False,True,LOW
2016-12-15 12:00:00,Others-CCCPS135a,0.8655678599021375,0.8744157552719116,0.00884789536977415,0.00884789536977415,7.828525247447084e-05,False,True,VERY_HIGH
2016-12-13 14:30:00,Others-CCCPS202,0.4307116104868914,0.4395553469657898,0.008843736478898412,0.008843736478898412,7.821167490819847e-05,False,True,MODERATE
2016-12-17 14:30:00,BHMBCCMKT01,0.7677642980935875,0.7766022086143494,0.008837910520761882,0.008837910520761882,7.810866237299356e-05,False,True,VERY_HIGH
2016-12-18 14:30:00,Shopping,0.509375,0.5005394220352173,-0.008835577964782737,0.008835577964782737,7.806743797175425e-05,True,False,HIGH
2016-12-14 13:00:00,Bull Ring,0.7025876187356699,0.7114226818084717,0.008835063072801796,0.008835063072801796,7.805833950038592e-05,False,True,HIGH
2016-12-11 08:30:00,BHMBRCBRG01,0.026732673267326732,0.03556166589260101,0.008828992625274281,0.008828992625274281,7.795111077714764e-05,False,True,LOW
2016-12-11 13:30:00,Others-CCCPS202,0.30643513789581206,0.29760822653770447,-0.008826911358107592,0.008826911358107592,7.791436412388881e-05,True,False,MODERATE
2016-12-19 11:30:00,Others-CCCPS135a,0.7957764614988411,0.7869536876678467,-0.00882277383099439,0.00882277383099439,7.784133807287943e-05,True,False,VERY_HIGH
2016-12-16 10:30:00,BHMBCCSNH01,0.9374275782155272,0.946241021156311,0.008813442940783789,0.008813442940783789,7.76767764704516e-05,False,True,VERY_HIGH
2016-12-17 12:00:00,BHMBCCMKT01,0.584055459272097,0.592867374420166,0.008811915148069005,0.008811915148069005,7.764984857676799e-05,False,True,HIGH
2016-12-13 14:30:00,Others-CCCPS135a,0.8459953644089622,0.8371906876564026,-0.008804676752559581,0.008804676752559581,7.752233271706314e-05,True,False,VERY_HIGH
2016-12-12 10:30:00,BHMNCPRAN01,0.8333333333333334,0.8245318531990051,-0.008801480134328243,0.008801480134328243,7.746605255497472e-05,True,False,VERY_HIGH
2016-12-16 11:30:00,BHMNCPLDH01,0.8069444444444445,0.7981434464454651,-0.008800997998979376,0.008800997998979376,7.745756577803899e-05,True,False,VERY_HIGH
2016-12-12 14:00:00,BHMEURBRD01,0.8106382978723404,0.8018603324890137,-0.008777965383326758,0.008777965383326758,7.705267627088287e-05,True,False,VERY_HIGH
2016-12-18 11:30:00,BHMBCCSNH01,0.6697566628041715,0.6785330772399902,0.00877641443581878,0.00877641443581878,7.702545034924828e-05,False,True,HIGH
2016-12-15 16:00:00,BHMBCCMKT01,0.22530329289428075,0.21653029322624207,-0.008772999668038683,0.008772999668038683,7.696552317540685e-05,True,False,LOW
2016-12-08 14:30:00,BHMNCPLDH01,0.9527777777777777,0.9440107345581055,-0.008767043219672255,0.008767043219672255,7.686104681560125e-05,True,False,VERY_HIGH
2016-12-09 16:00:00,BHMNCPPLS01,0.16444444444444445,0.17320528626441956,0.008760841819975107,0.008760841819975107,7.675234939462475e-05,False,True,LOW
2016-12-12 10:00:00,Shopping,0.6927083333333334,0.7014670968055725,0.00875876347223914,0.00875876347223914,7.671593756263063e-05,False,True,HIGH
2016-12-11 09:30:00,BHMNCPRAN01,0.24833333333333332,0.25709056854248047,0.008757235209147146,0.008757235209147146,7.668916850832646e-05,False,True,LOW
2016-12-13 14:00:00,BHMNCPNHS01,0.97,0.9612470269203186,-0.00875297307968137,0.00875297307968137,7.661453773362676e-05,True,False,VERY_HIGH
2016-12-16 14:30:00,Others-CCCPS135a,0.7033221735771311,0.6945822834968567,-0.008739890080274426,0.008739890080274426,7.638567861527932e-05,True,False,HIGH
2016-12-17 08:00:00,BHMNCPPLS01,0.06,0.06873904168605804,0.008739041686058047,0.008739041686058047,7.637084959066026e-05,False,True,LOW
2016-12-18 11:00:00,Others-CCCPS133,0.5668449197860963,0.5581086277961731,-0.008736291989923206,0.008736291989923206,7.632279773319637e-05,True,False,HIGH
2016-12-16 08:30:00,Others-CCCPS98,0.24814695456010313,0.25688302516937256,0.008736070609269425,0.008736070609269425,7.631892969014107e-05,False,True,LOW
2016-12-09 09:30:00,BHMNCPNHS01,0.69,0.6987339854240417,0.008733985424041801,0.008733985424041801,7.628250138737464e-05,False,True,HIGH
2016-12-13 12:00:00,Bull Ring,0.6888306583688175,0.6975618600845337,0.008731201715716175,0.008731201715716175,7.623388340052507e-05,False,True,HIGH
2016-12-12 15:00:00,BHMBRCBRG03,0.37691401648998824,0.385638952255249,0.008724935765260788,0.008724935765260788,7.612450410792686e-05,False,True,MODERATE
2016-12-17 12:00:00,BHMNCPLDH01,0.5680555555555555,0.559332549571991,-0.008723005983564569,0.008723005983564569,7.609083338930327e-05,True,False,HIGH
2016-12-19 08:00:00,Others-CCCPS133,0.1711229946524064,0.16240496933460236,-0.008718025317804051,0.008718025317804051,7.600396544187243e-05,True,False,LOW
2016-12-15 15:00:00,NIA Car Parks,0.20977917981072555,0.20106351375579834,-0.008715666054927212,0.008715666054927212,7.596283478101047e-05,True,False,LOW
2016-12-16 14:00:00,BHMBCCSNH01,0.9084588644264194,0.917174220085144,0.00871535565872461,0.00871535565872461,7.595742425806309e-05,False,True,VERY_HIGH
2016-12-17 11:00:00,Shopping,0.40989583333333335,0.41859638690948486,0.008700553576151515,0.008700553576151515,7.569963253148292e-05,False,True,MODERATE
2016-12-19 14:30:00,Others-CCCPS119a,0.45451302176239744,0.44581711292266846,-0.008695908839728983,0.008695908839728983,7.561883054887667e-05,True,False,MODERATE
2016-12-11 12:00:00,Shopping,0.46145833333333336,0.45277100801467896,-0.008687325318654404,0.008687325318654404,7.546962119213384e-05,True,False,MODERATE
2016-12-17 13:30:00,Others-CCCPS8,0.726928895612708,0.7182417511940002,-0.00868714441870777,0.00868714441870777,7.546647815148557e-05,True,False,HIGH
2016-12-08 14:30:00,Others-CCCPS8,0.653555219364599,0.6622311472892761,0.008675927924677085,0.008675927924677085,7.527172535419163e-05,False,True,HIGH
2016-12-09 08:00:00,BHMEURBRD02,0.35909090909090907,0.3504226803779602,-0.008668228712948867,0.008668228712948867,7.513818901999117e-05,True,False,MODERATE
2016-12-13 10:00:00,Broad Street,0.8782608695652174,0.8695931434631348,-0.008667726102082662,0.008667726102082662,7.51294757807251e-05,True,False,VERY_HIGH
2016-12-14 10:00:00,BHMBCCSNH01,0.9524913093858632,0.9438280463218689,-0.008663263063994342,0.008663263063994342,7.505212691596863e-05,True,False,VERY_HIGH
2016-12-19 16:00:00,Shopping,0.6145833333333334,0.6232334971427917,0.008650163809458378,0.008650163809458378,7.482533393046347e-05,False,True,HIGH
2016-12-17 09:00:00,Others-CCCPS135a,0.2979654906000515,0.3066153824329376,0.008649891832886114,0.008649891832886114,7.48206287206299e-05,False,True,MODERATE
2016-12-11 10:00:00,BHMEURBRD02,0.15,0.14136388897895813,-0.008636111021041865,0.008636111021041865,7.458241356776075e-05,True,False,LOW
2016-12-17 11:30:00,Others-CCCPS105a,0.5500248880039821,0.5413963198661804,-0.008628568137801662,0.008628568137801662,7.445218810868604e-05,True,False,HIGH
2016-12-12 08:30:00,BHMNCPLDH01,0.6805555555555556,0.6719295382499695,-0.008626017305586098,0.008626017305586098,7.440817455627084e-05,True,False,HIGH
2016-12-10 13:00:00,Bull Ring,0.8932197838191942,0.9018431305885315,0.008623346769337292,0.008623346769337292,7.436210950423992e-05,False,True,VERY_HIGH
2016-12-18 15:00:00,Others-CCCPS135a,0.45197012619108934,0.4605913460254669,0.00862121983437758,0.00862121983437758,7.43254314326654e-05,False,True,MODERATE
2016-12-13 16:00:00,BHMNCPNHS01,0.818,0.8093809485435486,-0.008619051456451365,0.008619051456451365,7.42880480089564e-05,True,False,VERY_HIGH
2016-12-18 08:30:00,Shopping,0.18020833333333333,0.18882369995117188,0.008615366617838544,0.008615366617838544,7.422454195976675e-05,False,True,LOW
2016-12-15 10:30:00,BHMBCCSNH01,0.9895712630359212,0.9809561967849731,-0.0086150662509481,0.0086150662509481,7.421936650822495e-05,True,False,VERY_HIGH
2016-12-14 13:30:00,Broad Street,0.9188405797101449,0.9102305173873901,-0.008610062322754741,0.008610062322754741,7.413317320172076e-05,True,False,VERY_HIGH
2016-12-12 10:00:00,BHMBRCBRG02,0.3944723618090452,0.38586753606796265,-0.008604825741082567,0.008604825741082567,7.404302603439714e-05,True,False,MODERATE
2016-12-09 15:00:00,BHMEURBRD01,0.7425531914893617,0.7339487075805664,-0.008604483908795313,0.008604483908795313,7.403714333671746e-05,True,False,HIGH
2016-12-11 08:30:00,BHMEURBRD02,0.16818181818181818,0.17678414285182953,0.008602324670011346,0.008602324670011346,7.399998972828583e-05,False,True,LOW
2016-12-18 10:30:00,Others-CCCPS119a,0.4356047092400999,0.4270061254501343,-0.008598583789965641,0.008598583789965641,7.393564319305989e-05,True,False,MODERATE
2016-12-14 16:00:00,Broad Street,0.7333333333333333,0.7247352004051208,-0.008598132928212432,0.008598132928212432,7.392788985121089e-05,True,False,HIGH
2016-12-12 15:00:00,BHMNCPNHS01,0.866,0.8574052453041077,-0.008594754695892326,0.008594754695892326,7.386980828256319e-05,True,False,VERY_HIGH
2016-12-19 13:00:00,BHMBCCSNH01,0.9860950173812283,0.9775043725967407,-0.008590644784487567,0.008590644784487567,7.379917781324343e-05,True,False,VERY_HIGH
2016-12-16 16:00:00,BHMBCCTHL01,0.9767441860465116,0.9681538343429565,-0.008590351703555044,0.008590351703555044,7.379414239077104e-05,True,False,VERY_HIGH
2016-12-19 12:00:00,Others-CCCPS135a,0.8107133659541591,0.8021233677864075,-0.008589998167751633,0.008589998167751633,7.378806852197642e-05,True,False,VERY_HIGH
2016-12-14 12:00:00,BHMNCPPLS01,0.29555555555555557,0.2869657278060913,-0.008589827749464263,0.008589827749464263,7.378514076546629e-05,True,False,MODERATE
2016-12-10 16:00:00,BHMNCPPLS01,0.4177777777777778,0.40919193625450134,-0.00858584152327646,0.00858584152327646,7.371667466281826e-05,True,False,MODERATE
2016-12-19 09:00:00,Others-CCCPS202,0.29213483146067415,0.30072033405303955,0.008585502592365402,0.008585502592365402,7.371085476351303e-05,False,True,MODERATE
2016-12-10 14:00:00,BHMBRCBRG01,0.998019801980198,0.9894406795501709,-0.00857912243002712,0.00857912243002712,7.360134166939443e-05,True,False,VERY_HIGH
2016-12-13 09:00:00,Others-CCCPS98,0.31356751530776666,0.3221453130245209,0.00857779771675421,0.00857779771675421,7.357861366955374e-05,False,True,MODERATE
2016-12-09 15:30:00,Others-CCCPS105a,0.6197112991538078,0.6111414432525635,-0.008569855901244372,0.008569855901244372,7.344243016809299e-05,True,False,HIGH
2016-12-19 15:30:00,BHMNCPNHS01,0.652,0.6434311270713806,-0.008568872928619409,0.008568872928619409,7.342558326682656e-05,True,False,HIGH
2016-12-16 13:30:00,Others-CCCPS202,0.4004085801838611,0.3918401300907135,-0.008568450093147606,0.008568450093147606,7.341833699876122e-05,True,False,MODERATE
2016-12-14 15:30:00,NIA South,0.20939086294416243,0.21795840561389923,0.008567542669736805,0.008567542669736805,7.340278739776086e-05,False,True,LOW
2016-12-14 16:00:00,BHMNCPNHS01,0.688,0.6965620517730713,0.008562051773071344,0.008562051773071344,7.330873056475414e-05,False,True,HIGH
2016-12-16 11:00:00,BHMBCCPST01,0.42586750788643535,0.4173246920108795,-0.008542815875555831,0.008542815875555831,7.297970308364875e-05,True,False,MODERATE
2016-12-17 09:00:00,BHMBCCPST01,0.30914826498422715,0.3006063997745514,-0.008541865209675759,0.008541865209675759,7.296346126026909e-05,True,False,MODERATE
2016-12-11 11:00:00,Broad Street,0.1681159420289855,0.1595756858587265,-0.008540256170258997,0.008540256170258997,7.293597545364687e-05,True,False,LOW
2016-12-19 15:00:00,BHMNCPNST01,0.6144329896907217,0.605893075466156,-0.008539914224565681,0.008539914224565681,7.293013496293926e-05,True,False,HIGH
2016-12-14 14:30:00,BHMEURBRD02,0.7954545454545454,0.8039935827255249,0.008539037270979488,0.008539037270979488,7.291515751517682e-05,False,True,VERY_HIGH
2016-12-19 14:30:00,Others-CCCPS98,0.5865291653238801,0.5779951810836792,-0.00853398424020091,0.00853398424020091,7.282888701199749e-05,True,False,HIGH
2016-12-19 12:30:00,Shopping,0.7864583333333334,0.7779315114021301,-0.008526821931203243,0.008526821931203243,7.27066922464486e-05,True,False,VERY_HIGH
2016-12-12 14:00:00,BHMBCCMKT01,0.28596187175043325,0.2944883406162262,0.008526468865792947,0.008526468865792947,7.270067131933646e-05,False,True,MODERATE
2016-12-19 10:30:00,BHMNCPNST01,0.4556701030927835,0.4641963541507721,0.008526251057988599,0.008526251057988599,7.26969571038517e-05,False,True,MODERATE
2016-12-12 16:00:00,BHMNCPHST01,0.47333333333333333,0.48185935616493225,0.008526022831598923,0.008526022831598923,7.269306532494611e-05,False,True,MODERATE
2016-12-11 13:00:00,BHMNCPLDH01,0.6291666666666667,0.6376855373382568,0.008518870671590184,0.008518870671590184,7.257115751927939e-05,False,True,HIGH
2016-12-09 15:30:00,BHMNCPRAN01,0.6466666666666666,0.6381604075431824,-0.008506259123484239,0.008506259123484239,7.235644427585886e-05,True,False,HIGH
2016-12-15 11:30:00,NIA Car Parks,0.2082018927444795,0.1996971070766449,-0.008504785667834608,0.008504785667834608,7.233137925580495e-05,True,False,LOW
2016-12-10 15:30:00,Bull Ring,0.8853586636095644,0.8768547773361206,-0.008503886273443784,0.008503886273443784,7.231608175166561e-05,True,False,VERY_HIGH
2016-12-14 16:00:00,Others-CCCPS105a,0.6460925833748133,0.637589156627655,-0.008503426747158316,0.008503426747158316,7.230826644428745e-05,True,False,HIGH
2016-12-12 12:30:00,BHMBRCBRG03,0.45700824499411075,0.46551164984703064,0.008503404852919894,0.008503404852919894,7.23078940926616e-05,False,True,MODERATE
2016-12-17 11:00:00,BHMMBMMBX01,0.5138282387190685,0.5053397417068481,-0.00848849701222032,0.00848849701222032,7.20545815264733e-05,True,False,HIGH
2016-12-16 14:30:00,Bull Ring,0.7340320995741894,0.7255474328994751,-0.008484666674714259,0.008484666674714259,7.198956858100672e-05,True,False,HIGH
2016-12-12 11:30:00,BHMBCCSNH01,0.9907300115874855,0.9822729229927063,-0.008457088594779227,0.008457088594779227,7.152234749994489e-05,True,False,VERY_HIGH
2016-12-19 13:00:00,Others-CCCPS202,0.4446714334354784,0.4362175464630127,-0.008453886972465685,0.008453886972465685,7.146820494322503e-05,True,False,MODERATE
2016-12-15 10:00:00,Others-CCCPS8,0.5196671709531013,0.5112147331237793,-0.008452437829322035,0.008452437829322035,7.14437052585542e-05,True,False,HIGH
2016-12-14 15:30:00,BHMBRCBRG03,0.3451118963486455,0.3366639316082001,-0.008447964740445402,0.008447964740445402,7.136810825580875e-05,True,False,MODERATE
2016-12-19 11:00:00,BHMMBMMBX01,0.8195050946142649,0.8279472589492798,0.008442164335014879,0.008442164335014879,7.127013865939721e-05,False,True,VERY_HIGH
2016-12-12 09:00:00,Others-CCCPS98,0.24653561069932323,0.25497758388519287,0.008441973185869645,0.008441973185869645,7.126691127094208e-05,False,True,LOW
2016-12-14 10:00:00,BHMBRTARC01,0.8004032258064516,0.791963517665863,-0.008439708140588587,0.008439708140588587,7.122867349831726e-05,True,False,VERY_HIGH
2016-12-17 10:00:00,BHMMBMMBX01,0.487627365356623,0.4791928231716156,-0.008434542185007388,0.008434542185007388,7.11415018706692e-05,True,False,MODERATE
2016-12-18 10:30:00,BHMNCPNST01,0.38556701030927837,0.37713250517845154,-0.00843450513082683,0.00843450513082683,7.114087680194413e-05,True,False,MODERATE
2016-12-19 11:00:00,Others-CCCPS8,0.5642965204236006,0.5558706521987915,-0.008425868224809063,0.008425868224809063,7.099525534184704e-05,True,False,HIGH
2016-12-13 12:30:00,Others-CCCPS105a,0.7451468392234942,0.7367285490036011,-0.008418290219893154,0.008418290219893154,7.086761022634872e-05,True,False,HIGH
2016-12-13 09:30:00,Others-CCCPS202,0.3874702076949268,0.3958880305290222,0.008417822834095423,0.008417822834095423,7.08597412662183e-05,False,True,MODERATE
2016-12-15 10:30:00,BHMBRCBRG03,0.30153121319199055,0.3099474608898163,0.00841624769782573,0.00841624769782573,7.083322531115689e-05,False,True,MODERATE
2016-12-11 16:00:00,BHMNCPHST01,0.42083333333333334,0.4292484223842621,0.008415089050928748,0.008415089050928748,7.08137237350609e-05,False,True,MODERATE
2016-12-14 10:00:00,BHMNCPPLS01,0.19777777777777777,0.18936385214328766,-0.008413925634490116,0.008413925634490116,7.07941445827299e-05,True,False,LOW
2016-12-09 08:00:00,Others-CCCPS202,0.24957439564181136,0.24116328358650208,-0.008411112055309283,0.008411112055309283,7.074680600696915e-05,True,False,LOW
2016-12-08 15:00:00,BHMNCPRAN01,0.8633333333333333,0.8549227714538574,-0.008410561879475864,0.008410561879475864,7.073755112849259e-05,True,False,VERY_HIGH
2016-12-09 14:30:00,Others-CCCPS105a,0.6829268292682927,0.6745181679725647,-0.008408661295728037,0.008408661295728037,7.070558478627471e-05,True,False,HIGH
2016-12-14 09:00:00,BHMEURBRD01,0.8,0.7915953993797302,-0.00840460062026982,0.00840460062026982,7.063731158623984e-05,True,False,VERY_HIGH
2016-12-09 15:00:00,Others-CCCPS105a,0.6500746640119462,0.6416750550270081,-0.00839960898493819,0.00839960898493819,7.055343109985436e-05,True,False,HIGH
2016-12-13 11:00:00,BHMNCPLDH01,0.9083333333333333,0.9167295694351196,0.008396236101786303,0.008396236101786303,7.049678067693965e-05,False,True,VERY_HIGH
2016-12-16 14:30:00,BHMNCPLDH01,0.7277777777777777,0.7361725568771362,0.008394779099358485,0.008394779099358485,7.047231612702606e-05,False,True,HIGH
2016-12-19 08:30:00,BHMBCCMKT01,0.0415944540727903,0.049988821148872375,0.008394367076082078,0.008394367076082078,7.046539860801077e-05,False,True,LOW
2016-12-14 13:00:00,BHMBRCBRG01,0.9861386138613861,0.977744460105896,-0.00839415375549013,0.00839415375549013,7.046181727080905e-05,True,False,VERY_HIGH
2016-12-10 11:30:00,BHMMBMMBX01,0.6797671033478894,0.6713787913322449,-0.008388312015644495,0.008388312015644495,7.036377847180581e-05,True,False,HIGH
2016-12-16 14:00:00,Others-CCCPS105a,0.6844201095072175,0.6760405898094177,-0.00837951969779982,0.00837951969779982,7.021635036581518e-05,True,False,HIGH
2016-12-10 14:30:00,Broad Street,0.27246376811594203,0.2640865743160248,-0.008377193799917249,0.008377193799917249,7.0177375961372e-05,True,False,MODERATE
2016-12-13 08:00:00,Others-CCCPS105a,0.45445495271279246,0.4628320336341858,0.008377080921393332,0.008377080921393332,7.017548476357215e-05,False,True,MODERATE
2016-12-16 13:00:00,Broad Street,0.7434782608695653,0.7351080179214478,-0.008370242948117501,0.008370242948117501,7.006096701051076e-05,True,False,HIGH
2016-12-11 08:30:00,BHMBRCBRG03,0.07420494699646643,0.06584715098142624,-0.008357796015040192,0.008357796015040192,6.985275422902171e-05,True,False,LOW
2016-12-15 13:00:00,BHMBRCBRG03,0.43109540636042404,0.42274361848831177,-0.00835178787211227,0.00835178787211227,6.975236066076161e-05,True,False,MODERATE
2016-12-19 11:00:00,BHMBCCSNH01,0.9409038238702202,0.9492525458335876,0.008348721963367445,0.008348721963367445,6.970115842161396e-05,False,True,VERY_HIGH
2016-12-16 12:30:00,Others-CCCPS119a,0.19336425258651446,0.2017122209072113,0.008347968320696841,0.008347968320696841,6.968857508335804e-05,False,True,LOW
2016-12-11 11:30:00,Others-CCCPS98,0.29326458266194005,0.28491681814193726,-0.008347764520002798,0.008347764520002798,6.968517248141754e-05,True,False,MODERATE
2016-12-09 10:30:00,BHMBCCMKT01,0.27902946273830154,0.2873753011226654,0.008345838384363868,0.008345838384363868,6.96530183379213e-05,False,True,MODERATE
2016-12-11 12:30:00,BHMBRCBRG01,1.0,0.9916638135910034,-0.008336186408996582,0.008336186408996582,6.949200384553933e-05,True,False,VERY_HIGH
2016-12-09 15:30:00,Others-CCCPS98,0.3216242346116661,0.3132975101470947,-0.008326724464571389,0.008326724464571389,6.933434030889169e-05,True,False,MODERATE
2016-12-09 14:30:00,BHMNCPHST01,0.5916666666666667,0.5833418369293213,-0.008324829737345385,0.008324829737345385,6.930279015579004e-05,True,False,HIGH
2016-12-18 13:30:00,Others-CCCPS133,0.7781818181818182,0.7698607444763184,-0.008321073705499837,0.008321073705499837,6.92402676123608e-05,True,False,VERY_HIGH
2016-12-16 15:30:00,BHMNCPLDH01,0.6263888888888889,0.6180790066719055,-0.008309882216983366,0.008309882216983366,6.905414246013639e-05,True,False,HIGH
2016-12-10 13:00:00,Shopping,0.56875,0.5604480504989624,-0.008301949501037575,0.008301949501037575,6.892236551777805e-05,True,False,HIGH
2016-12-18 15:00:00,BHMBRCBRG02,0.9673366834170855,0.9590456485748291,-0.00829103484225635,0.00829103484225635,6.874125875550878e-05,True,False,VERY_HIGH
2016-12-09 11:30:00,BHMNCPNHS01,0.68,0.671717643737793,-0.00828235626220708,0.00828235626220708,6.859742525412084e-05,True,False,HIGH
2016-12-12 15:00:00,BHMMBMMBX01,0.7641921397379913,0.7724708318710327,0.008278692133041443,0.008278692133041443,6.853674343368227e-05,False,True,VERY_HIGH
2016-12-12 14:30:00,Others-CCCPS202,0.4293496765406878,0.4210757315158844,-0.008273945024803386,0.008273945024803386,6.845816627346871e-05,True,False,MODERATE
2016-12-10 13:00:00,BHMNCPHST01,0.5,0.4917309582233429,-0.008269041776657104,0.008269041776657104,6.837705190410048e-05,True,False,MODERATE
2016-12-10 14:00:00,Others-CCCPS105a,0.7585863613738179,0.7668538093566895,0.0082674479828716,0.0082674479828716,6.83506961494877e-05,False,True,VERY_HIGH
2016-12-18 11:30:00,BHMEURBRD02,0.10454545454545454,0.11281082034111023,0.00826536579565569,0.00826536579565569,6.831627173599503e-05,False,True,LOW
2016-12-16 08:30:00,BHMEURBRD02,0.5818181818181818,0.5900810956954956,0.008262913877313816,0.008262913877313816,6.827574574390523e-05,False,True,HIGH
2016-12-17 12:00:00,Others-CCCPS119a,0.44880485194434533,0.45706647634506226,0.008261624400716927,0.008261624400716927,6.825443773852132e-05,False,True,MODERATE
2016-12-09 15:00:00,BHMBRCBRG03,0.37338044758539457,0.36512142419815063,-0.008259023387243936,0.008259023387243936,6.82114673110423e-05,True,False,MODERATE
2016-12-11 13:30:00,Bull Ring,0.8653783164100884,0.8571235537528992,-0.008254762657189274,0.008254762657189274,6.814110652652653e-05,True,False,VERY_HIGH
2016-12-17 12:30:00,BHMNCPHST01,0.4608333333333333,0.46908605098724365,0.008252717653910335,0.008252717653910335,6.81073486751633e-05,False,True,MODERATE
2016-12-14 15:30:00,BHMEURBRD02,0.7318181818181818,0.7400599718093872,0.008241789991205395,0.008241789991205395,6.792710225913343e-05,False,True,HIGH
2016-12-12 14:30:00,Shopping,0.740625,0.7488625049591064,0.008237504959106468,0.008237504959106468,6.785648795130364e-05,False,True,HIGH
2016-12-14 14:00:00,BHMEURBRD02,0.8136363636363636,0.8218713998794556,0.008235036243091964,0.008235036243091964,6.781582192503822e-05,False,True,VERY_HIGH
2016-12-11 10:30:00,Others-CCCPS135a,0.30234354880247233,0.2941126227378845,-0.008230926064587807,0.008230926064587807,6.774814388071092e-05,True,False,MODERATE
2016-12-16 08:00:00,BHMNCPNST01,0.5711340206185567,0.562916100025177,-0.008217920593379668,0.008217920593379668,6.753421887909364e-05,True,False,HIGH
2016-12-16 11:00:00,Others-CCCPS105a,0.624688899950224,0.6328964233398438,0.00820752338961972,0.00820752338961972,6.736344019115478e-05,False,True,HIGH
2016-12-10 15:00:00,Others-CCCPS202,0.3316309159005788,0.32342636585235596,-0.008204550048222847,0.008204550048222847,6.731464149379352e-05,True,False,MODERATE
2016-12-12 13:00:00,Others-CCCPS133,0.7657754010695187,0.7575712203979492,-0.008204180671569472,0.008204180671569472,6.730858049175411e-05,True,False,VERY_HIGH
2016-12-15 09:30:00,Others-CCCPS119a,0.17124509454156261,0.17944778501987457,0.008202690478311958,0.008202690478311958,6.728413108298967e-05,False,True,LOW
2016-12-12 14:00:00,BHMNCPNHS01,0.882,0.8901928067207336,0.008192806720733636,0.008192806720733636,6.712208196329823e-05,False,True,VERY_HIGH
2016-12-16 15:00:00,Others-CCCPS8,0.5953101361573374,0.5871241092681885,-0.008186026889148934,0.008186026889148934,6.701103622986938e-05,True,False,HIGH
2016-12-17 13:00:00,Others-CCCPS135a,0.5014164305949008,0.5095926523208618,0.008176221725960997,0.008176221725960997,6.685060171207662e-05,False,True,HIGH
2016-12-14 09:00:00,BHMBRCBRG02,0.152428810720268,0.1605852097272873,0.008156399007019283,0.008156399007019283,6.652684476170513e-05,False,True,LOW
2016-12-15 15:30:00,Bull Ring,0.5499508679986899,0.5417982339859009,-0.008152634012788984,0.008152634012788984,6.646544134648381e-05,True,False,HIGH
2016-12-14 12:30:00,BHMEURBRD02,0.8363636363636363,0.8282111883163452,-0.008152448047291094,0.008152448047291094,6.646240916378037e-05,True,False,VERY_HIGH
2016-12-11 11:30:00,Others-CCCPS105a,0.6421105027376804,0.6502567529678345,0.008146250230154028,0.008146250230154028,6.636139281228457e-05,False,True,HIGH
2016-12-13 11:00:00,Others-CCCPS135a,0.886685552407932,0.8785425424575806,-0.008143009950351443,0.008143009950351443,6.630861105152262e-05,True,False,VERY_HIGH
2016-12-13 11:30:00,BHMBCCSNH01,0.9953650057937428,0.9872220754623413,-0.008142930331401455,0.008142930331401455,6.63073143820578e-05,True,False,VERY_HIGH
2016-12-18 15:00:00,BHMBCCTHL01,1.0,0.9918602108955383,-0.00813978910446167,0.00813978910446167,6.625616666511291e-05,True,False,VERY_HIGH
2016-12-14 09:00:00,NIA South,0.2131979695431472,0.22133611142635345,0.008138141883206246,0.008138141883206246,6.62293533111957e-05,False,True,LOW
2016-12-19 15:00:00,BHMNCPHST01,0.7075,0.6993656158447266,-0.008134384155273455,0.008134384155273455,6.616820558556384e-05,True,False,HIGH
2016-12-19 14:00:00,Others-CCCPS105a,0.8173220507715281,0.8091964721679688,-0.008125578603559336,0.008125578603559336,6.602502764262128e-05,True,False,VERY_HIGH
2016-12-17 14:00:00,BHMMBMMBX01,0.7248908296943232,0.7167732119560242,-0.008117617738298999,0.008117617738298999,6.589571774514655e-05,True,False,HIGH
2016-12-15 12:00:00,Broad Street,0.8956521739130435,0.9037678837776184,0.008115709864574883,0.008115709864574883,6.586474660595807e-05,False,True,VERY_HIGH
2016-12-10 11:30:00,BHMBRCBRG02,0.9430485762144054,0.9349372982978821,-0.00811127791652333,0.00811127791652333,6.579282943907905e-05,True,False,VERY_HIGH
2016-12-11 10:00:00,BHMBRCBRG01,0.3089108910891089,0.30081063508987427,-0.00810025599923464,0.00810025599923464,6.561414725313678e-05,True,False,MODERATE
2016-12-11 14:00:00,BHMBRCBRG02,0.9991624790619765,0.9910643696784973,-0.008098109383479213,0.008098109383479213,6.557937558679408e-05,True,False,VERY_HIGH
2016-12-11 15:30:00,Others-CCCPS202,0.3020088525706503,0.31010672450065613,0.008097871930005829,0.008097871930005829,6.557552979477632e-05,False,True,MODERATE
2016-12-14 13:30:00,Others-CCCPS98,0.39187882694166937,0.38378432393074036,-0.00809450301092901,0.00809450301092901,6.552097899393882e-05,True,False,MODERATE
2016-12-15 13:00:00,BHMNCPPLS01,0.39111111111111113,0.3991997539997101,0.008088642888598951,0.008088642888598951,6.542614377928239e-05,False,True,MODERATE
2016-12-17 13:00:00,BHMBRCBRG02,1.0,0.9919124245643616,-0.008087575435638428,0.008087575435638428,6.54088764271421e-05,True,False,VERY_HIGH
2016-12-11 08:00:00,BHMBCCMKT01,0.0034662045060658577,0.01154831051826477,0.008082106012198912,0.008082106012198912,6.53204375924218e-05,False,True,LOW
2016-12-13 09:00:00,NIA South,0.2068527918781726,0.2149343192577362,0.008081527379563608,0.008081527379563608,6.531108478663623e-05,False,True,LOW
2016-12-18 12:00:00,Broad Street,0.2391304347826087,0.24720540642738342,0.00807497164477472,0.00807497164477472,6.520516706391574e-05,False,True,LOW
2016-12-17 15:00:00,BHMBRCBRG02,0.9932998324958124,0.985227108001709,-0.008072724494103456,0.008072724494103456,6.51688807576979e-05,True,False,VERY_HIGH
2016-12-14 14:30:00,BHMNCPNST01,0.6247422680412371,0.632810115814209,0.00806784777297187,0.00806784777297187,6.509016768784716e-05,False,True,HIGH
2016-12-14 13:30:00,BHMNCPHST01,0.7125,0.7044344544410706,-0.008065545558929466,0.008065545558929466,6.505302516316683e-05,True,False,HIGH
2016-12-14 09:30:00,BHMNCPNHS01,0.814,0.8059403300285339,-0.00805966997146601,0.00805966997146601,6.495828004895092e-05,True,False,VERY_HIGH
2016-12-09 15:00:00,BHMNCPNHS01,0.616,0.6240561604499817,0.008056160449981697,0.008056160449981697,6.49017211958493e-05,False,True,HIGH
2016-12-09 15:00:00,BHMEURBRD02,0.6454545454545455,0.6535075306892395,0.008052985234693999,0.008052985234693999,6.485057119019957e-05,False,True,HIGH
2016-12-13 09:00:00,BHMEURBRD02,0.7681818181818182,0.7762309908866882,0.008049172704870045,0.008049172704870045,6.478918123282495e-05,False,True,VERY_HIGH
2016-12-10 14:30:00,Shopping,0.6005208333333333,0.592475175857544,-0.008045657475789336,0.008045657475789336,6.473260421772483e-05,True,False,HIGH
2016-12-14 14:00:00,BHMBCCTHL01,1.0,0.9919608235359192,-0.00803917646408081,0.00803917646408081,6.462835822063084e-05,True,False,VERY_HIGH
2016-12-16 09:00:00,BHMBRCBRG03,0.21908127208480566,0.21104508638381958,-0.008036185700986076,0.008036185700986076,6.458028062073307e-05,True,False,LOW
2016-12-12 08:00:00,BHMMBMMBX01,0.4585152838427948,0.4504815936088562,-0.008033690233938573,0.008033690233938573,6.454017877488e-05,True,False,MODERATE
2016-12-15 14:00:00,Shopping,0.7619791666666667,0.770012378692627,0.008033212025960301,0.008033212025960301,6.453249545403321e-05,False,True,VERY_HIGH
2016-12-15 15:30:00,Others-CCCPS8,0.6149773071104387,0.606966495513916,-0.008010811596522727,0.008010811596522727,6.417310243498299e-05,True,False,HIGH
2016-12-11 14:00:00,Others-CCCPS119a,0.21905101676774885,0.2110411822795868,-0.00800983448816206,0.00800983448816206,6.415744852775037e-05,True,False,LOW
2016-12-10 10:00:00,Others-CCCPS98,0.26587173702868194,0.2738793194293976,0.00800758240071564,0.00800758240071564,6.412137590425086e-05,False,True,MODERATE
2016-12-18 10:30:00,BHMNCPLDH01,0.3375,0.34549829363822937,0.007998293638229348,0.007998293638229348,6.397270112334005e-05,False,True,MODERATE
2016-12-10 14:00:00,Others-CCCPS8,0.7314674735249622,0.7234707474708557,-0.007996726054106507,0.007996726054106507,6.394762758442582e-05,True,False,HIGH
2016-12-15 12:00:00,BHMNCPNST01,0.6288659793814433,0.6208736300468445,-0.007992349334598803,0.007992349334598803,6.387764788626193e-05,True,False,HIGH
2016-12-15 13:00:00,Others-CCCPS202,0.4613551242764726,0.45337727665901184,-0.007977847617460732,0.007977847617460732,6.364605260742388e-05,True,False,MODERATE
2016-12-14 09:00:00,BHMBRTARC01,0.782258064516129,0.7902340888977051,0.007976024381576075,0.007976024381576075,6.3616964935496e-05,False,True,VERY_HIGH
2016-12-19 15:00:00,BHMEURBRD01,0.8914893617021277,0.8835210204124451,-0.007968341289682601,0.007968341289682601,6.349446290886058e-05,True,False,VERY_HIGH
2016-12-12 11:00:00,Others-CCCPS119a,0.213699607563325,0.20573259890079498,-0.007967008662530028,0.007967008662530028,6.347322702882851e-05,True,False,LOW
2016-12-17 14:30:00,BHMBRCBRG02,1.0,0.9920492768287659,-0.00795072317123413,0.00795072317123413,6.321399894559931e-05,True,False,VERY_HIGH
2016-12-10 15:00:00,BHMEURBRD02,0.12727272727272726,0.13522100448608398,0.007948277213356725,0.007948277213356725,6.317511066036574e-05,False,True,LOW
2016-12-13 12:00:00,BHMNCPPLS01,0.31777777777777777,0.3098302185535431,-0.00794755922423468,0.00794755922423468,6.316369762271774e-05,True,False,MODERATE
2016-12-16 09:00:00,BHMMBMMBX01,0.6142649199417758,0.6222091317176819,0.007944211775906096,0.007944211775906096,6.311050074044509e-05,False,True,HIGH
2016-12-13 14:30:00,BHMBCCSNH01,0.9154113557358053,0.9233555197715759,0.007944164035770584,0.007944164035770584,6.310974222723078e-05,False,True,VERY_HIGH
2016-12-14 13:30:00,BHMBCCSNH01,0.9687137891077636,0.9607706069946289,-0.007943182113134717,0.007943182113134717,6.30941420824233e-05,True,False,VERY_HIGH
2016-12-08 15:00:00,NIA Car Parks,0.1750788643533123,0.16714508831501007,-0.007933776038302226,0.007933776038302226,6.294480222593856e-05,True,False,LOW
2016-12-11 15:00:00,BHMNCPLDH01,0.5902777777777778,0.582344114780426,-0.007933662997351765,0.007933662997351765,6.294300855554859e-05,True,False,HIGH
2016-12-15 13:00:00,Others-CCCPS8,0.686838124054463,0.6789206266403198,-0.00791749741414316,0.00791749741414316,6.268676530296362e-05,True,False,HIGH
2016-12-09 11:00:00,BHMEURBRD02,0.7181818181818181,0.7260863184928894,0.00790450031107126,0.00790450031107126,6.248112516772566e-05,False,True,HIGH
2016-12-17 11:30:00,Broad Street,0.30289855072463767,0.31080204248428345,0.007903491759645775,0.007903491759645775,6.246518199478867e-05,False,True,MODERATE
2016-12-14 09:30:00,NIA South,0.23857868020304568,0.23067700862884521,-0.007901671574200464,0.007901671574200464,6.243641366652764e-05,True,False,LOW
2016-12-10 13:00:00,Others-CCCPS105a,0.7277252364360378,0.7198407053947449,-0.007884531041292941,0.007884531041292941,6.216582974111196e-05,True,False,HIGH
2016-12-13 12:30:00,BHMEURBRD01,0.9468085106382979,0.9546895027160645,0.007880992077766602,0.007880992077766602,6.211003612981995e-05,False,True,VERY_HIGH
2016-12-16 14:00:00,BHMNCPRAN01,0.67,0.6778809428215027,0.007880942821502646,0.007880942821502646,6.210925975579407e-05,False,True,HIGH
2016-12-09 08:30:00,Others-CCCPS119a,0.15233678201926507,0.16021370887756348,0.007876926858298411,0.007876926858298411,6.204597673098287e-05,False,True,LOW
2016-12-12 13:00:00,Others-CCCPS135a,0.8524336852948751,0.860309898853302,0.007876213558426937,0.007876213558426937,6.203474001794831e-05,False,True,VERY_HIGH
2016-12-11 15:30:00,BHMNCPRAN01,0.18666666666666668,0.17879556119441986,-0.007871105472246814,0.007871105472246814,6.195430135523375e-05,True,False,LOW
2016-12-17 10:30:00,Others-CCCPS202,0.24616956077630234,0.2540392577648163,0.007869696988513947,0.007869696988513947,6.193213069102548e-05,False,True,LOW
2016-12-09 09:00:00,BHMBRCBRG02,0.18425460636515914,0.17638760805130005,-0.007866998313859092,0.007866998313859092,6.188966247026178e-05,True,False,LOW
2016-12-16 08:00:00,BHMBRCBRG03,0.11307420494699646,0.12093526870012283,0.007861063753126368,0.007861063753126368,6.179632333071722e-05,False,True,LOW
2016-12-15 11:00:00,BHMBRCBRG03,0.3474676089517079,0.3396173119544983,-0.007850296997209627,0.007850296997209627,6.162716294439849e-05,True,False,MODERATE
2016-12-11 08:00:00,BHMBCCPST01,0.08517350157728706,0.07732372730970383,-0.007849774267583237,0.007849774267583237,6.161895605201195e-05,True,False,LOW
2016-12-18 12:00:00,Others-CCCPS98,0.4692233322591041,0.46137964725494385,-0.007843685004160272,0.007843685004160272,6.152339444448874e-05,True,False,MODERATE
2016-12-09 08:30:00,BHMBCCTHL01,0.5555555555555556,0.5633953809738159,0.007839825418260338,0.007839825418260338,6.146286258880089e-05,False,True,HIGH
2016-12-19 10:00:00,Others-CCCPS202,0.35137895812053116,0.34355756640434265,-0.007821391716188508,0.007821391716188508,6.117416837806222e-05,True,False,MODERATE
2016-12-16 11:30:00,BHMBRTARC01,0.7358870967741935,0.7280662059783936,-0.00782089079579995,0.00782089079579995,6.116633283982839e-05,True,False,HIGH
2016-12-13 11:30:00,Others-CCCPS105a,0.6973618715778994,0.6895503997802734,-0.0078114717976259795,0.0078114717976259795,6.1019091645106054e-05,True,False,HIGH
2016-12-09 16:00:00,Others-CCCPS202,0.3425263874702077,0.33472177386283875,-0.007804613607368949,0.007804613607368949,6.0911993560328554e-05,True,False,MODERATE
2016-12-11 15:30:00,BHMBRCBRG01,0.9326732673267327,0.940468430519104,0.007795163192371279,0.007795163192371279,6.0764569195699996e-05,False,True,VERY_HIGH
2016-12-16 08:30:00,Others-CCCPS119a,0.11273635390652872,0.12052193284034729,0.0077855789338185655,0.0077855789338185655,6.061523933471943e-05,False,True,LOW
2016-12-16 12:30:00,BHMBRTARC01,0.7338709677419355,0.7260899543762207,-0.007781013365714795,0.007781013365714795,6.054416899743228e-05,True,False,HIGH
2016-12-11 11:30:00,Others-CCCPS202,0.2730677562138236,0.28084796667099,0.00778021045716637,0.00778021045716637,6.053167475780094e-05,False,True,MODERATE
2016-12-12 10:00:00,BHMNCPRAN01,0.8116666666666666,0.8194378018379211,0.007771135171254495,0.007771135171254495,6.0390541849908634e-05,False,True,VERY_HIGH
2016-12-16 16:00:00,Shopping,0.5114583333333333,0.5036966800689697,-0.007761653264363622,0.007761653264363622,6.0243261396206464e-05,True,False,HIGH
2016-12-11 13:00:00,BHMBRCBRG03,0.48056537102473496,0.48832669854164124,0.00776132751690628,0.00776132751690628,6.0238204824686605e-05,False,True,MODERATE
2016-12-13 12:00:00,BHMBCCSNH01,0.9791425260718424,0.9868994951248169,0.007756969052974516,0.007756969052974516,6.017056888880436e-05,False,True,VERY_HIGH
2016-12-09 11:30:00,BHMEURBRD01,0.8042553191489362,0.8120006322860718,0.007745313137135557,0.007745313137135557,5.9989875592284635e-05,False,True,VERY_HIGH
2016-12-17 13:30:00,Shopping,0.5635416666666667,0.5558187365531921,-0.00772293011347458,0.00772293011347458,5.964364953761249e-05,True,False,HIGH
2016-12-19 14:30:00,BHMNCPHST01,0.7291666666666666,0.7214438915252686,-0.007722775141398075,0.007722775141398075,5.964125588459606e-05,True,False,HIGH
2016-12-16 10:30:00,Shopping,0.6776041666666667,0.6853262782096863,0.007722111543019605,0.007722111543019605,5.963100668283663e-05,False,True,HIGH
2016-12-16 13:00:00,BHMBRTARC01,0.7318548387096774,0.7241452932357788,-0.007709545473898571,0.007709545473898571,5.9437091414109945e-05,True,False,HIGH
2016-12-12 13:30:00,BHMNCPPLS01,0.36444444444444446,0.3721424341201782,0.007697989675733763,0.007697989675733763,5.925904504770361e-05,False,True,MODERATE
2016-12-10 11:00:00,Others-CCCPS202,0.25059584610146407,0.25828713178634644,0.007691285684882365,0.007691285684882365,5.915587548647639e-05,False,True,MODERATE
2016-12-13 09:00:00,Others-CCCPS105a,0.5579890492782479,0.5656725764274597,0.007683527149211833,0.007683527149211833,5.903658945267532e-05,False,True,HIGH
2016-12-16 09:30:00,Shopping,0.6125,0.6201814413070679,0.007681441307067827,0.007681441307067827,5.900454055392788e-05,False,True,HIGH
2016-12-09 13:30:00,BHMEURBRD02,0.7227272727272728,0.7150470018386841,-0.007680270888588692,0.007680270888588692,5.898656092210293e-05,True,False,HIGH
2016-12-17 09:00:00,Bull Ring,0.3406485424172945,0.332970529794693,-0.007678012622601482,0.007678012622601482,5.8951877832827694e-05,True,False,MODERATE
2016-12-09 09:30:00,BHMBCCSNH01,0.8516801853997682,0.8593567609786987,0.0076765755789305334,0.0076765755789305334,5.8929812619032656e-05,False,True,VERY_HIGH
2016-12-19 10:30:00,BHMNCPHST01,0.6091666666666666,0.6014930605888367,-0.007673606077829964,0.007673606077829964,5.8884230237708965e-05,True,False,HIGH
2016-12-14 12:00:00,Broad Street,0.9014492753623189,0.893779993057251,-0.007669282305067915,0.007669282305067915,5.881789107482783e-05,True,False,VERY_HIGH
2016-12-12 12:00:00,BHMBCCMKT01,0.28942807625649913,0.2817624807357788,-0.007665595520720325,0.007665595520720325,5.876135468728751e-05,True,False,MODERATE
2016-12-15 15:30:00,Others-CCCPS202,0.42356145726932243,0.4159019887447357,-0.00765946852458671,0.00765946852458671,5.866745807913451e-05,True,False,MODERATE
2016-12-12 14:00:00,BHMMBMMBX01,0.8631732168850073,0.8708298802375793,0.007656663352572091,0.007656663352572091,5.862449369462049e-05,False,True,VERY_HIGH
2016-12-10 16:00:00,Others-CCCPS98,0.3747985820174025,0.3824496269226074,0.007651044905204907,0.007651044905204907,5.853848814146196e-05,False,True,MODERATE
2016-12-09 12:00:00,BHMNCPNHS01,0.684,0.6763535141944885,-0.007646485805511527,0.007646485805511527,5.8468745173889265e-05,True,False,HIGH
2016-12-15 09:30:00,BHMNCPRAN01,0.8983333333333333,0.9059748649597168,0.00764153162638348,0.00764153162638348,5.839300559701895e-05,False,True,VERY_HIGH
2016-12-18 14:30:00,BHMBCCMKT01,0.5251299826689775,0.5174887180328369,-0.007641264636140566,0.007641264636140566,5.838892523953241e-05,True,False,HIGH
2016-12-12 11:30:00,BHMBRCBRG02,0.7169179229480737,0.7245490550994873,0.007631132151413644,0.007631132151413644,5.8234177912339034e-05,False,True,HIGH
2016-12-15 14:30:00,Others-CCCPS135a,0.8274530002575329,0.8198279738426208,-0.007625026414912028,0.007625026414912028,5.814102782810618e-05,True,False,VERY_HIGH
2016-12-16 14:30:00,Others-CCCPS133,0.6847058823529412,0.6923247575759888,0.007618875223047605,0.007618875223047605,5.8047259664368697e-05,False,True,HIGH
2016-12-13 08:00:00,BHMBCCMKT01,0.03466204506065858,0.027048317715525627,-0.007613727345132951,0.007613727345132951,5.796884408602525e-05,True,False,LOW
2016-12-09 13:00:00,BHMBCCMKT01,0.36221837088388215,0.35461291670799255,-0.007605454175889592,0.007605454175889592,5.7842933221556434e-05,True,False,MODERATE
2016-12-17 12:00:00,Others-CCCPS105a,0.5908412145345944,0.5832377672195435,-0.007603447315050915,0.007603447315050915,5.781241107275497e-05,True,False,HIGH
2016-12-14 13:30:00,BHMBRCBRG02,0.7202680067001676,0.7126681804656982,-0.007599826234469309,0.007599826234469309,5.7757358794127956e-05,True,False,HIGH
2016-12-10 15:30:00,Others-CCCPS135a,0.509399948493433,0.501800537109375,-0.0075994113840579525,0.0075994113840579525,5.77510533841496e-05,True,False,HIGH
2016-12-12 09:00:00,Others-CCCPS202,0.30507320394960846,0.3126695156097412,0.0075963116601327485,0.0075963116601327485,5.7703950837868754e-05,False,True,MODERATE
2016-12-10 09:30:00,BHMNCPHST01,0.2275,0.2350935935974121,0.007593593597412102,0.007593593597412102,5.766266372265806e-05,False,True,LOW
2016-12-13 10:00:00,Others-CCCPS8,0.5340393343419062,0.52644944190979,-0.007589892432116163,0.007589892432116163,5.7606467131094206e-05,True,False,HIGH
2016-12-13 12:00:00,BHMBRCBRG03,0.41578327444051827,0.4081946611404419,-0.0075886133000763745,0.0075886133000763745,5.758705181809604e-05,True,False,MODERATE
2016-12-14 13:00:00,BHMBCCSNH01,0.9721900347624566,0.9797700047492981,0.007579969986841517,0.007579969986841517,5.745594500141819e-05,False,True,VERY_HIGH
2016-12-15 13:30:00,BHMBRCBRG02,0.7261306532663316,0.7185509204864502,-0.007579732779881443,0.007579732779881443,5.745234901440926e-05,True,False,HIGH
2016-12-15 10:00:00,BHMBCCMKT01,0.23743500866551126,0.22986099123954773,-0.007574017425963531,0.007574017425963531,5.7365739968799224e-05,True,False,LOW
2016-12-11 16:00:00,BHMNCPLDH01,0.4513888888888889,0.4589616060256958,0.007572717136806906,0.007572717136806906,5.734604483408898e-05,False,True,MODERATE
2016-12-14 15:30:00,BHMNCPNST01,0.5752577319587628,0.567686140537262,-0.007571591421500878,0.007571591421500878,5.732899665414569e-05,True,False,HIGH
2016-12-17 11:30:00,BHMNCPLDH01,0.5263888888888889,0.5339571833610535,0.007568294472164561,0.007568294472164561,5.7279081217396644e-05,False,True,HIGH
2016-12-18 11:00:00,Others-CCCPS119a,0.4498751337852301,0.45744267106056213,0.007567537275332048,0.007567537275332048,5.726762041354e-05,False,True,MODERATE
2016-12-17 15:00:00,BHMEURBRD01,0.5255319148936171,0.533099353313446,0.007567438419828987,0.007567438419828987,5.726612423790383e-05,False,True,HIGH
2016-12-15 16:00:00,BHMBCCPST01,0.3753943217665615,0.3678310215473175,-0.007563300219244007,0.007563300219244007,5.720351020641644e-05,True,False,MODERATE
2016-12-15 10:30:00,BHMNCPNST01,0.5855670103092784,0.5931275486946106,0.007560538385332216,0.007560538385332216,5.716174067608187e-05,False,True,HIGH
2016-12-13 08:30:00,Others-CCCPS105a,0.5092085614733698,0.5016524791717529,-0.007556082301616862,0.007556082301616862,5.7094379748807574e-05,True,False,HIGH
2016-12-12 15:30:00,BHMNCPPLS01,0.22444444444444445,0.2319934368133545,0.007548992368910046,0.007548992368910046,5.6987285785862106e-05,False,True,LOW
2016-12-16 08:00:00,NIA Car Parks,0.055993690851735015,0.048461586236953735,-0.007532104614781279,0.007532104614781279,5.673259992800944e-05,True,False,LOW
2016-12-16 08:30:00,Others-CCCPS135a,0.5606489827453001,0.5681789517402649,0.007529968994964831,0.007529968994964831,5.6700433065131664e-05,False,True,HIGH
2016-12-12 16:00:00,BHMEURBRD02,0.8090909090909091,0.8166205883026123,0.007529679211703222,0.007529679211703222,5.669606903115565e-05,False,True,VERY_HIGH
2016-12-13 09:30:00,Others-CCCPS105a,0.618218018914883,0.6257430911064148,0.0075250721915317564,0.0075250721915317564,5.6626711487764554e-05,False,True,HIGH
2016-12-10 12:00:00,BHMNCPPLS01,0.36444444444444446,0.3719683289527893,0.007523884508344847,0.007523884508344847,5.6608838094911576e-05,False,True,MODERATE
2016-12-09 09:00:00,Others-CCCPS105a,0.5276256844201095,0.520103394985199,-0.007522289434910512,0.007522289434910512,5.6584838342566305e-05,True,False,HIGH
2016-12-12 15:30:00,Others-CCCPS98,0.3074444086368031,0.29992225766181946,-0.007522150974983655,0.007522150974983655,5.6582755290447543e-05,True,False,MODERATE
2016-12-10 12:30:00,BHMNCPNST01,0.6061855670103092,0.5986659526824951,-0.007519614327814117,0.007519614327814117,5.6544599639067356e-05,True,False,HIGH
2016-12-18 10:00:00,BHMBRCBRG03,0.17785630153121318,0.18537268042564392,0.007516378894430742,0.007516378894430742,5.64959516846439e-05,False,True,LOW
2016-12-12 08:30:00,Shopping,0.4869791666666667,0.4944950044155121,0.0075158377488454,0.0075158377488454,5.6487817066969486e-05,False,True,MODERATE
2016-12-19 12:30:00,BHMNCPHST01,0.7308333333333333,0.7233201861381531,-0.007513147195180259,0.007513147195180259,5.6447380776444985e-05,True,False,HIGH
2016-12-16 10:00:00,Others-CCCPS105a,0.5843703334992534,0.5918832421302795,0.007512908631026161,0.007512908631026161,5.644379609814738e-05,False,True,HIGH
2016-12-09 08:00:00,Others-CCCPS135a,0.45068246201390677,0.4581860601902008,0.007503598176294035,0.007503598176294035,5.630398559128317e-05,False,True,MODERATE
2016-12-13 10:00:00,BHMNCPLDH01,0.8666666666666667,0.874167263507843,0.007500596841176321,0.007500596841176321,5.625895297386421e-05,False,True,VERY_HIGH
2016-12-09 14:00:00,BHMEURBRD01,0.7638297872340426,0.7713261246681213,0.007496337434078737,0.007496337434078737,5.619507492557018e-05,False,True,VERY_HIGH
2016-12-15 09:30:00,BHMBRCBRG02,0.2663316582914573,0.27381929755210876,0.007487639260651491,0.007487639260651491,5.6064741697649604e-05,False,True,MODERATE
2016-12-16 15:30:00,BHMBRCBRG01,0.806930693069307,0.7994562983512878,-0.0074743947180191395,0.0074743947180191395,5.586657640075241e-05,True,False,VERY_HIGH
2016-12-11 08:00:00,BHMEURBRD01,0.11063829787234042,0.11811015754938126,0.007471859677040837,0.007471859677040837,5.5828687033388806e-05,False,True,LOW
2016-12-13 15:00:00,Bull Ring,0.601048149361284,0.5935793519020081,-0.007468797459275978,0.007468797459275978,5.5782935487687297e-05,True,False,HIGH
2016-12-16 13:00:00,BHMNCPLDH01,0.7986111111111112,0.8060760498046875,0.0074649386935763395,0.0074649386935763395,5.5725309698853225e-05,False,True,VERY_HIGH
2016-12-16 12:30:00,BHMNCPNHS01,0.752,0.7445425987243652,-0.007457401275634767,0.007457401275634767,5.561283378583905e-05,True,False,VERY_HIGH
2016-12-17 08:30:00,Others-CCCPS202,0.17705141300646918,0.1844954788684845,0.00744406586201532,0.00744406586201532,5.541411655802189e-05,False,True,LOW
2016-12-18 14:30:00,BHMNCPNST01,0.5175257731958763,0.5249672532081604,0.007441480012284063,0.007441480012284063,5.537562477322322e-05,False,True,HIGH
2016-12-12 15:30:00,BHMBRCBRG03,0.3415783274440518,0.3490176200866699,0.007439292642618112,0.007439292642618112,5.534307502251197e-05,False,True,MODERATE
2016-12-16 11:30:00,BHMNCPHST01,0.6316666666666667,0.6391016840934753,0.007435017426808632,0.007435017426808632,5.527948413694806e-05,False,True,HIGH
2016-12-15 09:30:00,Others-CCCPS202,0.36057201225740554,0.36800405383110046,0.007432041573694925,0.007432041573694925,5.523524195312974e-05,False,True,MODERATE
2016-12-09 14:00:00,Others-CCCPS119a,0.21833749554049234,0.2109074741601944,-0.007430021380297941,0.007430021380297941,5.520521771168452e-05,True,False,LOW
2016-12-15 13:00:00,BHMBCCSNH01,0.9918887601390498,0.9844623804092407,-0.007426379729809085,0.007426379729809085,5.515111589131926e-05,True,False,VERY_HIGH
2016-12-09 13:00:00,Shopping,0.7265625,0.7339873909950256,0.007424890995025635,0.007424890995025635,5.512900628801276e-05,False,True,HIGH
2016-12-17 14:30:00,Others-CCCPS202,0.3718079673135853,0.37923067808151245,0.007422710767927165,0.007422710767927165,5.509663514430189e-05,False,True,MODERATE
2016-12-16 11:00:00,BHMBRTARC01,0.7379032258064516,0.7453198432922363,0.0074166174857847045,0.0074166174857847045,5.500621493044743e-05,False,True,HIGH
2016-12-08 15:30:00,BHMNCPNHS01,0.808,0.800584614276886,-0.007415385723114065,0.007415385723114065,5.4987945422563906e-05,True,False,VERY_HIGH
2016-12-16 15:30:00,Others-CCCPS135a,0.6185938707185166,0.6111825108528137,-0.007411359865702849,0.007411359865702849,5.492825505895095e-05,True,False,HIGH
2016-12-10 15:00:00,BHMBRCBRG01,0.998019801980198,0.9906132221221924,-0.007406579858005635,0.007406579858005635,5.4857425193014776e-05,True,False,VERY_HIGH
2016-12-18 09:00:00,Others-CCCPS98,0.42217209152433127,0.42957478761672974,0.007402696092398464,0.007402696092398464,5.479990943641149e-05,False,True,MODERATE
2016-12-17 16:00:00,BHMNCPHST01,0.5325,0.5250987410545349,-0.007401258945465061,0.007401258945465061,5.477863397782659e-05,True,False,HIGH
2016-12-15 15:30:00,BHMBRCBRG03,0.33568904593639576,0.3282923698425293,-0.007396676093866461,0.007396676093866461,5.471081723757561e-05,True,False,MODERATE
2016-12-11 15:00:00,BHMBRCBRG03,0.49352179034157834,0.4861287772655487,-0.007393013076029631,0.007393013076029631,5.4656642342345106e-05,True,False,MODERATE
2016-12-18 16:00:00,BHMBCCPST01,0.5930599369085173,0.5856706500053406,-0.0073892869031767505,0.0073892869031767505,5.4601560937459454e-05,True,False,HIGH
2016-12-19 16:00:00,BHMBRCBRG03,0.5488810365135454,0.5414928197860718,-0.007388216727473584,0.007388216727473584,5.458574641212048e-05,True,False,HIGH
2016-12-18 09:00:00,BHMMBMMBX01,0.37700145560407566,0.3843885660171509,0.007387110413075215,0.007387110413075215,5.4569400254964276e-05,False,True,MODERATE
2016-12-09 14:30:00,Others-CCCPS98,0.3393490170802449,0.33196279406547546,-0.007386223014769433,0.007386223014769433,5.455629042390965e-05,True,False,MODERATE
2016-12-14 14:30:00,BHMEURBRD01,0.9085106382978724,0.9011257290840149,-0.007384909213857482,0.007384909213857482,5.4536884096917136e-05,True,False,VERY_HIGH
2016-12-16 14:00:00,Bull Ring,0.7651490337373076,0.7577690482139587,-0.007379985523348842,0.007379985523348842,5.4464186324838485e-05,True,False,VERY_HIGH
2016-12-10 08:30:00,BHMNCPLDH01,0.30833333333333335,0.3009617328643799,-0.007371600468953465,0.007371600468953465,5.434049347387495e-05,True,False,MODERATE
2016-12-13 08:30:00,Bull Ring,0.1254503766786767,0.13281601667404175,0.0073656399953650475,0.0073656399953650475,5.425265254132122e-05,False,True,LOW
2016-12-15 09:00:00,Others-CCCPS98,0.279407025459233,0.2867661416530609,0.007359116193827897,0.007359116193827897,5.415659115425999e-05,False,True,MODERATE
2016-12-09 11:30:00,BHMNCPNST01,0.5649484536082474,0.5723050832748413,0.007356629666593895,0.007356629666593895,5.4120000051409394e-05,False,True,HIGH
2016-12-11 09:30:00,Others-CCCPS119a,0.14983945772386728,0.14248721301555634,-0.0073522447083109455,0.0073522447083109455,5.40555022508863e-05,True,False,LOW
2016-12-09 13:30:00,Broad Street,0.7666666666666667,0.7740143537521362,0.007347687085469512,0.007347687085469512,5.398850550597545e-05,False,True,VERY_HIGH
2016-12-10 13:00:00,Others-CCCPS98,0.3512729616500161,0.34393033385276794,-0.007342627797248147,0.007342627797248147,5.3914182968921175e-05,True,False,MODERATE
2016-12-15 09:00:00,BHMNCPHST01,0.5025,0.5098348259925842,0.007334825992584282,0.007334825992584282,5.3799672341489995e-05,False,True,HIGH
2016-12-16 10:00:00,BHMNCPPLS01,0.20222222222222222,0.19489501416683197,-0.00732720805539025,0.00732720805539025,5.3687977886975764e-05,True,False,LOW
2016-12-13 11:00:00,BHMBCCSNH01,1.0,0.9926750659942627,-0.007324934005737305,0.007324934005737305,5.3654658188406756e-05,True,False,VERY_HIGH
2016-12-19 15:00:00,BHMNCPNHS01,0.676,0.6833215355873108,0.007321535587310746,0.007321535587310746,5.3604883356257706e-05,False,True,HIGH
2016-12-10 09:00:00,BHMEURBRD01,0.13617021276595745,0.1434890180826187,0.007318805316661264,0.007318805316661264,5.356491126318919e-05,False,True,LOW
2016-12-17 14:30:00,BHMBRCBRG01,1.0,0.992684543132782,-0.007315456867218018,0.007315456867218018,5.351590917612725e-05,True,False,VERY_HIGH
2016-12-15 13:00:00,Others-CCCPS98,0.41572671608121176,0.40841278433799744,-0.007313931743214319,0.007313931743214319,5.349359754439805e-05,True,False,MODERATE
2016-12-17 14:00:00,Shopping,0.5796875,0.5723772644996643,-0.0073102355003357156,0.0073102355003357156,5.343954307036857e-05,True,False,HIGH
2016-12-16 11:00:00,BHMBCCMKT01,0.2876949740034662,0.294997900724411,0.007302926720944791,0.007302926720944791,5.3332738691489444e-05,False,True,MODERATE
2016-12-18 13:00:00,Others-CCCPS98,0.5111182726393813,0.5038169026374817,-0.007301370001899565,0.007301370001899565,5.3310003904638856e-05,True,False,HIGH
2016-12-11 14:00:00,Others-CCCPS202,0.3146067415730337,0.3073055148124695,-0.007301226760564217,0.007301226760564217,5.3307912209179046e-05,True,False,MODERATE
2016-12-16 16:00:00,NIA South,0.20812182741116753,0.2008218765258789,-0.00729995088528862,0.00729995088528862,5.32892829276261e-05,True,False,LOW
2016-12-14 14:30:00,Others-CCCPS202,0.4416070820565203,0.4343082010746002,-0.007298880981920053,0.007298880981920053,5.327366358823424e-05,True,False,MODERATE
2016-12-13 10:00:00,BHMNCPNHS01,0.904,0.8967021703720093,-0.007297829627990748,0.007297829627990748,5.3258317279179584e-05,True,False,VERY_HIGH
2016-12-17 08:00:00,BHMEURBRD01,0.11914893617021277,0.12644566595554352,0.007296729785330747,0.007296729785330747,5.324226556013289e-05,False,True,LOW
2016-12-10 13:00:00,Others-CCCPS133,0.8100534759358289,0.8173495531082153,0.00729607717238645,0.00729607717238645,5.323274210541866e-05,False,True,VERY_HIGH
2016-12-18 12:00:00,BHMBCCSNH01,0.7230590961761297,0.7303546071052551,0.007295510929125393,0.007295510929125393,5.3224479716988054e-05,False,True,HIGH
2016-12-16 09:00:00,Others-CCCPS202,0.3285665645216207,0.3358476758003235,0.00728111127870279,0.00728111127870279,5.301458145285297e-05,False,True,MODERATE
2016-12-11 09:30:00,BHMEURBRD01,0.11702127659574468,0.12429898232221603,0.007277705726471351,0.007277705726471351,5.296500064111389e-05,False,True,LOW
2016-12-14 08:30:00,BHMBRTARC01,0.780241935483871,0.7875120043754578,0.007270068891586767,0.007270068891586767,5.285390168841765e-05,False,True,VERY_HIGH
2016-12-12 10:30:00,Shopping,0.7270833333333333,0.7198138236999512,-0.007269509633382132,0.007269509633382132,5.284577030983562e-05,True,False,HIGH
2016-12-16 10:00:00,BHMBCCSNH01,0.9165701042873696,0.9238370060920715,0.0072669018047019085,0.0072669018047019085,5.2807861839179854e-05,False,True,VERY_HIGH
2016-12-11 13:00:00,Others-CCCPS135a,0.5137780066958537,0.5210418105125427,0.007263803816689007,0.007263803816689007,5.276284588734579e-05,False,True,HIGH
2016-12-15 11:00:00,NIA South,0.30456852791878175,0.31181976199150085,0.007251234072719104,0.007251234072719104,5.258039557736248e-05,False,True,MODERATE
2016-12-11 13:30:00,BHMNCPRAN01,0.20166666666666666,0.19442035257816315,-0.007246314088503514,0.007246314088503514,5.250906786924451e-05,True,False,LOW
2016-12-13 16:00:00,BHMMBMMBX01,0.6783114992721979,0.671068012714386,-0.007243486557811929,0.007243486557811929,5.246809751320211e-05,True,False,HIGH
2016-12-11 10:30:00,Shopping,0.265625,0.2583840787410736,-0.007240921258926392,0.007240921258926392,5.243094067797216e-05,True,False,MODERATE
2016-12-10 15:00:00,Others-CCCPS98,0.3854334514985498,0.378194123506546,-0.0072393279920037745,0.0072393279920037745,5.24078697758094e-05,True,False,MODERATE
2016-12-12 16:00:00,BHMBCCPST01,0.3249211356466877,0.31768864393234253,-0.007232491714345146,0.007232491714345146,5.230893639807119e-05,True,False,MODERATE
2016-12-16 13:30:00,Others-CCCPS8,0.6180030257186082,0.6107718348503113,-0.007231190868296933,0.007231190868296933,5.229012137374095e-05,True,False,HIGH
2016-12-14 16:00:00,BHMBCCPST01,0.3753943217665615,0.38262420892715454,0.007229887160593029,0.007229887160593029,5.227126835490794e-05,False,True,MODERATE
2016-12-13 15:00:00,BHMBRCBRG03,0.3945818610129564,0.40181055665016174,0.007228695637205351,0.007228695637205351,5.2254040615351676e-05,False,True,MODERATE
2016-12-13 08:30:00,NIA South,0.18274111675126903,0.1755180060863495,-0.007223110664919541,0.007223110664919541,5.217332767767441e-05,True,False,LOW
2016-12-14 14:00:00,Others-CCCPS133,0.6870588235294117,0.694280743598938,0.007221920069526266,0.007221920069526266,5.215612949062627e-05,False,True,HIGH
2016-12-09 14:00:00,Others-CCCPS98,0.34643893006767645,0.3536424934864044,0.007203563418727965,0.007203563418727965,5.1891325927635726e-05,False,True,MODERATE
2016-12-16 15:30:00,Broad Street,0.6739130434782609,0.681115984916687,0.007202941438426147,0.007202941438426147,5.188236536539653e-05,False,True,HIGH
2016-12-13 12:00:00,BHMBRCBRG01,1.0,0.9928082823753357,-0.007191717624664307,0.007191717624664307,5.172080239290722e-05,True,False,VERY_HIGH
2016-12-12 11:30:00,Others-CCCPS133,0.6797860962566845,0.6725971102714539,-0.007188985985230656,0.007188985985230656,5.168151949584278e-05,True,False,HIGH
2016-12-16 11:30:00,Others-CCCPS105a,0.6421105027376804,0.6349244713783264,-0.007186031359354028,0.007186031359354028,5.1639046697619504e-05,True,False,HIGH
2016-12-18 09:30:00,BHMNCPNST01,0.3628865979381443,0.37006792426109314,0.007181326322948822,0.007181326322948822,5.157144775667765e-05,False,True,MODERATE
2016-12-13 15:30:00,BHMBCCSNH01,0.8006952491309386,0.8078738451004028,0.007178595969464241,0.007178595969464241,5.1532240092808245e-05,False,True,VERY_HIGH
2016-12-13 15:30:00,Others-CCCPS8,0.5234493192133132,0.5306275486946106,0.007178229481297427,0.007178229481297427,5.1526978486167526e-05,False,True,HIGH
2016-12-12 10:30:00,Others-CCCPS133,0.5525133689839572,0.5453358292579651,-0.00717753972599211,0.00717753972599211,5.15170765181949e-05,True,False,HIGH
2016-12-10 11:30:00,Others-CCCPS98,0.2964872703834998,0.2893102467060089,-0.007177023677490901,0.007177023677490901,5.150966886726502e-05,True,False,MODERATE
2016-12-19 14:00:00,Others-CCCPS98,0.5929745407669996,0.58580082654953,-0.007173714217469596,0.007173714217469596,5.1462175673925415e-05,True,False,HIGH
2016-12-17 16:00:00,BHMBCCPST01,0.889589905362776,0.8967555165290833,0.007165611166307206,0.007165611166307206,5.134598338670652e-05,False,True,VERY_HIGH
2016-12-13 14:00:00,Bull Ring,0.6957091385522437,0.6885462999343872,-0.007162838617856493,0.007162838617856493,5.130625706545631e-05,True,False,HIGH
2016-12-14 13:30:00,NIA South,0.28045685279187815,0.2876184284687042,0.007161575676826071,0.007161575676826071,5.1288166174906796e-05,False,True,MODERATE
2016-12-12 09:00:00,BHMBRCBRG03,0.143698468786808,0.15084531903266907,0.007146850245861064,0.007146850245861064,5.1077468436764346e-05,False,True,LOW
2016-12-12 16:00:00,BHMMBMMBX01,0.7001455604075691,0.6930196285247803,-0.007125931882788872,0.007125931882788872,5.0778905198146956e-05,True,False,HIGH
2016-12-11 14:30:00,BHMNCPHST01,0.5625,0.5696212649345398,0.007121264934539795,0.007121264934539795,5.071241426790607e-05,False,True,HIGH
2016-12-18 10:00:00,Others-CCCPS98,0.43280696100547855,0.4256918132305145,-0.007115147774964026,0.007115147774964026,5.0625327859575525e-05,True,False,MODERATE
2016-12-12 12:00:00,BHMBCCSNH01,0.9791425260718424,0.986255407333374,0.007112881261531645,0.007112881261531645,5.0593079840648004e-05,False,True,VERY_HIGH
2016-12-18 15:30:00,BHMBRCBRG03,0.43934040047114253,0.4322288930416107,-0.007111507429531816,0.007111507429531816,5.0573537920286214e-05,True,False,MODERATE
2016-12-17 11:30:00,BHMNCPNHS01,0.35,0.3428892493247986,-0.007110750675201394,0.007110750675201394,5.056277516487708e-05,True,False,MODERATE
2016-12-15 08:30:00,Others-CCCPS119a,0.13485551195148054,0.14195182919502258,0.0070963172435420385,0.0070963172435420385,5.0357718420992075e-05,False,True,LOW
2016-12-19 14:00:00,BHMNCPRAN01,0.77,0.7629050612449646,-0.007094938755035418,0.007094938755035418,5.033815593770353e-05,True,False,VERY_HIGH
2016-12-16 12:00:00,BHMNCPRAN01,0.7116666666666667,0.7187584042549133,0.0070917375882466605,0.0070917375882466605,5.029274202055056e-05,False,True,HIGH
2016-12-11 12:00:00,Others-CCCPS98,0.31131163390267486,0.30422720313072205,-0.00708443077195281,0.00708443077195281,5.0189159362591886e-05,True,False,MODERATE
2016-12-09 13:00:00,Broad Street,0.7753623188405797,0.7824440598487854,0.007081741008205689,0.007081741008205689,5.015105570730212e-05,False,True,VERY_HIGH
2016-12-09 09:30:00,Others-CCCPS135a,0.7113056914756631,0.7183855175971985,0.007079826121535349,0.007079826121535349,5.012393791117426e-05,False,True,HIGH
2016-12-13 12:00:00,Others-CCCPS119a,0.2233321441312879,0.21625356376171112,-0.007078580369576787,0.007078580369576787,5.010630004855784e-05,True,False,LOW
2016-12-17 15:30:00,BHMBCCMKT01,0.6568457538994801,0.6639201045036316,0.007074350604151514,0.007074350604151514,5.0046436470458885e-05,False,True,HIGH
2016-12-12 15:30:00,Others-CCCPS133,0.5681283422459893,0.5610543489456177,-0.007073993300371617,0.007073993300371617,5.004138121370252e-05,True,False,HIGH
2016-12-11 11:30:00,Broad Street,0.1927536231884058,0.1856803447008133,-0.00707327848759251,0.00707327848759251,5.003126856303899e-05,True,False,LOW
2016-12-17 12:30:00,Others-CCCPS98,0.5107960038672252,0.5178689956665039,0.007072991799278672,0.007072991799278672,5.002721299266334e-05,False,True,HIGH
2016-12-09 09:00:00,BHMNCPRAN01,0.7166666666666667,0.7096055746078491,-0.007061092058817553,0.007061092058817553,4.9859021063096307e-05,True,False,HIGH
2016-12-17 13:30:00,Others-CCCPS202,0.3476336397684712,0.3405728042125702,-0.007060835555901035,0.007060835555901035,4.985539874747628e-05,True,False,MODERATE
2016-12-18 08:30:00,BHMNCPRAN01,0.18833333333333332,0.181275874376297,-0.007057458957036328,0.007057458957036328,4.980772693025229e-05,True,False,LOW
2016-12-10 14:00:00,Bull Ring,0.9000982640026204,0.8930484652519226,-0.007049798750697778,0.007049798750697778,4.969966242533995e-05,True,False,VERY_HIGH
2016-12-12 14:00:00,Others-CCCPS119a,0.2161969318587228,0.20914849638938904,-0.007048435469333758,0.007048435469333758,4.96804425653622e-05,True,False,LOW
2016-12-11 09:30:00,Others-CCCPS105a,0.40965654554504727,0.4026184380054474,-0.0070381075395998804,0.0070381075395998804,4.953495773897268e-05,True,False,MODERATE
2016-12-13 10:00:00,Others-CCCPS133,0.4340106951871658,0.42697563767433167,-0.00703505751283412,0.00703505751283412,4.949203420888379e-05,True,False,MODERATE
2016-12-12 16:00:00,NIA South,0.16624365482233502,0.17327725887298584,0.007033604050650816,0.007033604050650816,4.947158594133156e-05,False,True,LOW
2016-12-12 15:30:00,Others-CCCPS135a,0.7107906258047901,0.7178182005882263,0.007027574783436186,0.007027574783436186,4.938680733678815e-05,False,True,HIGH
2016-12-11 10:30:00,BHMEURBRD01,0.14468085106382977,0.1517048478126526,0.007023996748822814,0.007023996748822814,4.933653032747346e-05,False,True,LOW
2016-12-16 12:30:00,BHMBCCTHL01,1.0,0.9929761290550232,-0.007023870944976807,0.007023870944976807,4.933476305168938e-05,True,False,VERY_HIGH
2016-12-17 10:00:00,BHMNCPHST01,0.3025,0.30951952934265137,0.007019529342651376,0.007019529342651376,4.927379219234366e-05,False,True,MODERATE
2016-12-16 12:00:00,BHMNCPPLS01,0.29333333333333333,0.28631481528282166,-0.0070185180505116795,0.0070185180505116795,4.9259595625358263e-05,True,False,MODERATE
2016-12-14 10:00:00,Others-CCCPS98,0.3245246535610699,0.3175071179866791,-0.007017535574390832,0.007017535574390832,4.9245805537840865e-05,True,False,MODERATE
2016-12-17 11:00:00,Others-CCCPS202,0.2546816479400749,0.26169824600219727,0.007016598062122348,0.007016598062122348,4.9232648365379085e-05,False,True,MODERATE
2016-12-19 09:00:00,Others-CCCPS8,0.348714069591528,0.3416976034641266,-0.007016466127401422,0.007016466127401422,4.92307969169715e-05,True,False,MODERATE
2016-12-16 12:00:00,NIA Car Parks,0.10804416403785488,0.11505590379238129,0.007011739754526403,0.007011739754526403,4.916449438520598e-05,False,True,LOW
2016-12-11 13:00:00,Others-CCCPS133,0.7944385026737968,0.7874319553375244,-0.007006547336272373,0.007006547336272373,4.909170557542549e-05,True,False,VERY_HIGH
2016-12-11 12:30:00,Others-CCCPS202,0.28123935989104526,0.28823429346084595,0.006994933569800688,0.006994933569800688,4.892909564592459e-05,False,True,MODERATE
2016-12-09 10:30:00,Others-CCCPS119a,0.2033535497681056,0.21034817397594452,0.006994624207838918,0.006994624207838918,4.892476780888621e-05,False,True,LOW
2016-12-15 15:30:00,BHMBRCBRG02,0.5812395309882747,0.5882270932197571,0.006987562231482336,0.006987562231482336,4.88260259388384e-05,False,True,HIGH
2016-12-14 14:00:00,BHMNCPHST01,0.705,0.698013186454773,-0.006986813545227011,0.006986813545227011,4.881556351576763e-05,True,False,HIGH
2016-12-10 08:00:00,Others-CCCPS133,0.1837433155080214,0.17675931751728058,-0.0069839979907408145,0.0069839979907408145,4.8776227934671736e-05,True,False,LOW
2016-12-16 11:30:00,BHMNCPRAN01,0.7233333333333334,0.7303104400634766,0.006977106730143179,0.006977106730143179,4.868001832380924e-05,False,True,HIGH
2016-12-09 13:00:00,Others-CCCPS135a,0.7754313674993562,0.7824069261550903,0.006975558655734182,0.006975558655734182,4.8658418559588065e-05,False,True,VERY_HIGH
2016-12-12 14:00:00,BHMBRCBRG03,0.4628975265017668,0.4698513150215149,0.006953788519748094,0.006953788519748094,4.8355174777380394e-05,False,True,MODERATE
2016-12-15 15:30:00,BHMBCCSNH01,0.8377752027809965,0.8308218121528625,-0.0069533906281339375,0.0069533906281339375,4.834964122742087e-05,True,False,VERY_HIGH
2016-12-17 15:30:00,BHMNCPHST01,0.5566666666666666,0.563615620136261,0.006948953469594343,0.006948953469594343,4.828795432258726e-05,False,True,HIGH
2016-12-15 12:00:00,BHMBCCMKT01,0.3951473136915078,0.38819921016693115,-0.006948103524576643,0.006948103524576643,4.827614258823437e-05,True,False,MODERATE
2016-12-19 13:30:00,Shopping,0.7921875,0.7852411270141602,-0.006946372985839888,0.006946372985839888,4.825209765840616e-05,True,False,VERY_HIGH
2016-12-13 15:30:00,Bull Ring,0.5479855879462824,0.5549116730690002,0.006926085122717862,0.006926085122717862,4.7970655127133704e-05,False,True,HIGH
2016-12-10 11:30:00,Broad Street,0.1855072463768116,0.19242756068706512,0.006920314310253528,0.006920314310253528,4.789075015269976e-05,False,True,LOW
2016-12-18 08:30:00,BHMBRCBRG01,0.039603960396039604,0.032684482634067535,-0.006919477761972069,0.006919477761972069,4.787917249842599e-05,True,False,LOW
2016-12-15 12:00:00,Shopping,0.7786458333333334,0.7855634093284607,0.006917575995127323,0.006917575995127323,4.7852857648361776e-05,False,True,VERY_HIGH
2016-12-12 10:30:00,BHMBCCSNH01,0.9756662804171495,0.9687495827674866,-0.006916697649662962,0.006916697649662962,4.784070637685314e-05,True,False,VERY_HIGH
2016-12-11 12:30:00,Others-CCCPS98,0.3187238156622623,0.32561683654785156,0.0068930208855892405,0.0068930208855892405,4.751373692916948e-05,False,True,MODERATE
2016-12-12 15:00:00,BHMEURBRD01,0.7553191489361702,0.7484340071678162,-0.006885141768354086,0.006885141768354086,4.740517717033403e-05,True,False,VERY_HIGH
2016-12-11 10:00:00,Others-CCCPS119a,0.17088833392793434,0.16401098668575287,-0.006877347242181475,0.006877347242181475,4.729790508954114e-05,True,False,LOW
2016-12-16 12:00:00,BHMBCCMKT01,0.31022530329289427,0.3171026110649109,0.0068773077720166165,0.0068773077720166165,4.729736219104016e-05,False,True,MODERATE
2016-12-16 14:30:00,Others-CCCPS202,0.4034729315628192,0.396604984998703,-0.006867946564116212,0.006867946564116212,4.716869000755568e-05,True,False,MODERATE
2016-12-10 09:30:00,Others-CCCPS98,0.2620045117628102,0.2688721716403961,0.006867659877585919,0.006867659877585919,4.716475219420344e-05,False,True,MODERATE
2016-12-11 13:30:00,Shopping,0.5630208333333333,0.556153416633606,-0.006867416699727347,0.006867416699727347,4.7161412127694044e-05,True,False,HIGH
2016-12-19 11:30:00,Others-CCCPS98,0.558814050918466,0.5519484281539917,-0.006865622764474333,0.006865622764474333,4.713677594406818e-05,True,False,HIGH
2016-12-12 11:30:00,BHMNCPPLS01,0.3244444444444444,0.33130893111228943,0.0068644866678450045,0.0068644866678450045,4.7121177213021816e-05,False,True,MODERATE
2016-12-10 09:00:00,Others-CCCPS119a,0.16553692472351053,0.1724010854959488,0.00686416077243826,0.00686416077243826,4.7116703109880215e-05,False,True,LOW
2016-12-13 09:30:00,Others-CCCPS135a,0.757919134689673,0.7647789120674133,0.00685977737774035,0.00685977737774035,4.7056545672158275e-05,False,True,VERY_HIGH
2016-12-19 09:00:00,BHMBCCMKT01,0.06932409012131716,0.07618101686239243,0.00685692674107527,0.00685692674107527,4.701744433247312e-05,False,True,LOW
2016-12-14 09:00:00,Others-CCCPS202,0.3718079673135853,0.3786572217941284,0.006849254480543132,0.006849254480543132,4.691228693924017e-05,False,True,MODERATE
2016-12-12 15:00:00,Others-CCCPS202,0.42083758937691523,0.41399142146110535,-0.0068461679158098865,0.0068461679158098865,4.687001513146469e-05,True,False,MODERATE
2016-12-18 14:00:00,Others-CCCPS119a,0.4555833036032822,0.4487411677837372,-0.006842135819545014,0.006842135819545014,4.6814822573100925e-05,True,False,MODERATE
2016-12-10 16:00:00,Others-CCCPS119a,0.2194077773813771,0.21257588267326355,-0.006831894708113545,0.006831894708113545,4.667478530274986e-05,True,False,LOW
2016-12-09 14:30:00,Bull Ring,0.7091385522436947,0.7023122906684875,-0.00682626157520716,0.00682626157520716,4.6597847093149736e-05,True,False,HIGH
2016-12-14 14:30:00,Others-CCCPS98,0.37576538833387046,0.3825901448726654,0.0068247565387949405,0.0068247565387949405,4.65773018138243e-05,False,True,MODERATE
2016-12-19 11:00:00,BHMEURBRD01,0.823404255319149,0.8302244544029236,0.006820199083774625,0.006820199083774625,4.6515115542320236e-05,False,True,VERY_HIGH
2016-12-10 10:30:00,BHMNCPHST01,0.3125,0.3193184435367584,0.006818443536758423,0.006818443536758423,4.649117226396271e-05,False,True,MODERATE
2016-12-10 12:30:00,Others-CCCPS98,0.3300032226877216,0.32319197058677673,-0.0068112521009448534,0.0068112521009448534,4.639315518262568e-05,True,False,MODERATE
2016-12-10 15:00:00,BHMEURBRD01,0.37872340425531914,0.3719199001789093,-0.006803504076409839,0.006803504076409839,4.6287667717725294e-05,True,False,MODERATE
2016-12-11 09:30:00,BHMBCCSNH01,0.3499420625724218,0.34314000606536865,-0.0068020565070531225,0.0068020565070531225,4.626797272514372e-05,True,False,MODERATE
2016-12-13 11:00:00,BHMBCCTHL01,1.0,0.9932074546813965,-0.006792545318603516,0.006792545318603516,4.6138671905282536e-05,True,False,VERY_HIGH
2016-12-12 09:00:00,BHMNCPNST01,0.42061855670103093,0.4274047911167145,0.006786234415683545,0.006786234415683545,4.605297754460779e-05,False,True,MODERATE
2016-12-13 09:30:00,Others-CCCPS119a,0.180164109882269,0.18694853782653809,0.006784427944269089,0.006784427944269089,4.60284625309793e-05,False,True,LOW
2016-12-11 08:00:00,Others-CCCPS135a,0.19907288179242855,0.20585136115550995,0.006778479363081402,0.006778479363081402,4.5947782475720454e-05,False,True,LOW
2016-12-13 15:30:00,BHMBRTARC01,0.7479838709677419,0.754754364490509,0.0067704935227671514,0.0067704935227671514,4.583958254183195e-05,False,True,HIGH
2016-12-19 15:00:00,BHMMBMMBX01,0.8850072780203785,0.8917756080627441,0.006768330042365656,0.006768330042365656,4.5810291562389476e-05,False,True,VERY_HIGH
2016-12-19 13:00:00,Others-CCCPS119a,0.45451302176239744,0.46127915382385254,0.006766132061455099,0.006766132061455099,4.5780543073050626e-05,False,True,MODERATE
2016-12-17 10:00:00,BHMBCCMKT01,0.29636048526863085,0.28961580991744995,-0.0067446753511808955,0.0067446753511808955,4.5490645592827136e-05,True,False,MODERATE
2016-12-15 09:00:00,NIA Car Parks,0.1443217665615142,0.15106602013111115,0.0067442535695969585,0.0067442535695969585,4.548495621102132e-05,False,True,LOW
2016-12-11 15:00:00,BHMBCCTHL01,1.0,0.9932612776756287,-0.006738722324371338,0.006738722324371338,4.541037856498065e-05,True,False,VERY_HIGH
2016-12-13 16:00:00,BHMNCPLDH01,0.7055555555555556,0.7122931480407715,0.006737592485215882,0.006737592485215882,4.539515249683753e-05,False,True,HIGH
2016-12-18 10:00:00,BHMEURBRD02,0.11818181818181818,0.11146491765975952,-0.006716900522058658,0.006716900522058658,4.511675262323187e-05,True,False,LOW
2016-12-19 14:30:00,Bull Ring,0.8968227972486079,0.8901106715202332,-0.006712125728374763,0.006712125728374763,4.505263179351044e-05,True,False,VERY_HIGH
2016-12-09 15:00:00,Others-CCCPS98,0.3306477602320335,0.3239375054836273,-0.006710254748406197,0.006710254748406197,4.5027518788507915e-05,True,False,MODERATE
2016-12-13 15:30:00,Others-CCCPS98,0.29809861424427975,0.3048076331615448,0.006709018917265053,0.006709018917265053,4.501093483222034e-05,False,True,MODERATE
2016-12-11 09:30:00,Shopping,0.20885416666666667,0.20214857161045074,-0.0067055950562159294,0.0067055950562159294,4.496500505794752e-05,True,False,LOW
2016-12-11 13:00:00,BHMNCPRAN01,0.21333333333333335,0.20663733780384064,-0.00669599552949271,0.00669599552949271,4.483635613098636e-05,True,False,LOW
2016-12-17 10:00:00,Others-CCCPS133,0.5319786096256685,0.5386715531349182,0.00669294350924976,0.00669294350924976,4.4795492818008496e-05,False,True,HIGH
2016-12-11 11:30:00,Others-CCCPS133,0.7052406417112299,0.6985526084899902,-0.006688033221239675,0.006688033221239675,4.472978836840555e-05,True,False,HIGH
2016-12-17 11:00:00,BHMBRCBRG03,0.5041224970553593,0.5108043551445007,0.006681858089141457,0.006681858089141457,4.464722752342512e-05,False,True,HIGH
2016-12-18 15:00:00,BHMNCPLDH01,0.5027777777777778,0.4960962235927582,-0.006681554185019589,0.006681554185019589,4.464316632735279e-05,True,False,HIGH
2016-12-15 09:00:00,BHMBCCPST01,0.20189274447949526,0.20857040584087372,0.006677661361378456,0.006677661361378456,4.459116125724678e-05,False,True,LOW
2016-12-17 14:30:00,Others-CCCPS105a,0.7555998008959681,0.7622732520103455,0.006673451114377338,0.006673451114377338,4.4534949775984136e-05,False,True,VERY_HIGH
2016-12-09 10:30:00,Others-CCCPS135a,0.7628122585629667,0.7694846987724304,0.00667244020946367,0.00667244020946367,4.452145834886759e-05,False,True,VERY_HIGH
2016-12-15 10:30:00,Others-CCCPS119a,0.21227256510881198,0.2056053876876831,-0.006667177421128878,0.006667177421128878,4.445125476481072e-05,True,False,LOW
2016-12-13 09:00:00,BHMBCCPST01,0.1892744479495268,0.1959356665611267,0.006661218611599906,0.006661218611599906,4.437183339152498e-05,False,True,LOW
2016-12-19 12:30:00,BHMNCPNST01,0.5422680412371134,0.5356095433235168,-0.006658497913596517,0.006658497913596517,4.433559446536917e-05,True,False,HIGH
2016-12-12 10:00:00,BHMMBMMBX01,0.7248908296943232,0.7182323932647705,-0.006658436429552661,0.006658436429552661,4.433477568639399e-05,True,False,HIGH
2016-12-15 09:00:00,BHMBRCBRG03,0.16372202591283863,0.17037972807884216,0.006657702166003532,0.006657702166003532,4.432499813120812e-05,False,True,LOW
2016-12-10 09:30:00,BHMEURBRD02,0.12272727272727273,0.1293790191411972,0.006651746413924478,0.006651746413924478,4.424573035515715e-05,False,True,LOW
2016-12-11 11:30:00,BHMBRCBRG03,0.33568904593639576,0.32903745770454407,-0.006651588231851691,0.006651588231851691,4.42436260061079e-05,True,False,MODERATE
2016-12-17 14:30:00,Bull Ring,0.9226989846053063,0.9160478115081787,-0.006651173097127594,0.006651173097127594,4.423810356795387e-05,True,False,VERY_HIGH
2016-12-10 13:30:00,BHMBRCBRG01,0.9920792079207921,0.9987280964851379,0.006648888564345867,0.006648888564345867,4.420771914108925e-05,False,True,VERY_HIGH
2016-12-11 09:30:00,BHMBCCMKT01,0.019064124783362217,0.0257128719240427,0.006648747140680485,0.006648747140680485,4.420583854070692e-05,False,True,LOW
2016-12-11 11:30:00,BHMEURBRD02,0.15454545454545454,0.14790236949920654,-0.0066430850462479984,0.0066430850462479984,4.4130578931683774e-05,True,False,LOW
2016-12-18 16:00:00,Others-CCCPS8,0.5703479576399395,0.5637094378471375,-0.006638519792802056,0.006638519792802056,4.4069945039424647e-05,True,False,HIGH
2016-12-09 11:00:00,BHMEURBRD01,0.7893617021276595,0.7827368378639221,-0.006624864263737429,0.006624864263737429,4.388882651294527e-05,True,False,VERY_HIGH
2016-12-19 14:00:00,Others-CCCPS119a,0.4552265429896539,0.44860517978668213,-0.006621363202971797,0.006621363202971797,4.384245066566894e-05,True,False,MODERATE
2016-12-12 10:30:00,Bull Ring,0.5522436947264985,0.5456287264823914,-0.006614968244107122,0.006614968244107122,4.375780487054566e-05,True,False,HIGH
2016-12-13 16:00:00,Others-CCCPS135a,0.6829770795776462,0.6763643622398376,-0.006612717337808549,0.006612717337808549,4.3728030589753785e-05,True,False,HIGH
2016-12-15 13:00:00,Bull Ring,0.7320668195217819,0.7254624962806702,-0.006604323241111709,0.006604323241111709,4.361708547308827e-05,True,False,HIGH
2016-12-14 16:00:00,BHMNCPNST01,0.5443298969072164,0.5509294867515564,0.006599589844339948,0.006599589844339948,4.355458611351498e-05,False,True,HIGH
2016-12-18 12:00:00,BHMBRTARC01,0.7258064516129032,0.7324048280715942,0.006598376458690991,0.006598376458690991,4.3538571890607464e-05,False,True,HIGH
2016-12-12 11:30:00,NIA South,0.26903553299492383,0.262439101934433,-0.006596431060490848,0.006596431060490848,4.3512902735808414e-05,True,False,MODERATE
2016-12-13 10:00:00,BHMNCPRAN01,0.935,0.9284046292304993,-0.006595370769500786,0.006595370769500786,4.349891558718539e-05,True,False,VERY_HIGH
2016-12-11 08:30:00,Broad Street,0.12753623188405797,0.13412721455097198,0.006590982666914019,0.006590982666914019,4.344105251556104e-05,False,True,LOW
2016-12-15 14:30:00,NIA Car Parks,0.20741324921135645,0.20082665979862213,-0.006586589412734323,0.006586589412734323,4.3383160091943874e-05,True,False,LOW
2016-12-11 08:00:00,BHMBRCBRG02,0.04690117252931323,0.05348464101552963,0.0065834684862164025,0.0065834684862164025,4.334205730900449e-05,False,True,LOW
2016-12-12 13:30:00,Shopping,0.79375,0.7871677279472351,-0.006582272052764848,0.006582272052764848,4.332630537660917e-05,True,False,VERY_HIGH
2016-12-12 15:30:00,NIA South,0.19543147208121828,0.20201121270656586,0.00657974062534758,0.00657974062534758,4.329298669684936e-05,False,True,LOW
2016-12-18 12:00:00,BHMNCPLDH01,0.48055555555555557,0.4739782214164734,-0.0065773341390821805,0.0065773341390821805,4.326132437713593e-05,True,False,MODERATE
2016-12-19 08:30:00,Bull Ring,0.13658696364231904,0.13001684844493866,-0.006570115197380377,0.006570115197380377,4.31664137068486e-05,True,False,LOW
2016-12-15 12:30:00,Others-CCCPS135a,0.8735513778006696,0.8669826984405518,-0.006568679360117846,0.006568679360117846,4.31475485360382e-05,True,False,VERY_HIGH
2016-12-16 12:30:00,BHMNCPLDH01,0.8111111111111111,0.817677915096283,0.006566803985171843,0.006566803985171843,4.31229145796688e-05,False,True,VERY_HIGH
2016-12-12 11:30:00,BHMNCPNST01,0.5752577319587628,0.5818211436271667,0.006563411668403907,0.006563411668403907,4.3078372728940556e-05,False,True,HIGH
2016-12-09 10:30:00,BHMBCCSNH01,0.9351100811123986,0.9416733980178833,0.0065633169054847285,0.0065633169054847285,4.307712880182163e-05,False,True,VERY_HIGH
2016-12-10 15:00:00,Others-CCCPS135a,0.5294875096574814,0.5229282379150391,-0.0065592717424423075,0.0065592717424423075,4.302404579120214e-05,True,False,HIGH
2016-12-16 13:00:00,BHMBCCSNH01,0.9582850521436849,0.9517275094985962,-0.0065575426450886765,0.0065575426450886765,4.300136554215659e-05,True,False,VERY_HIGH
2016-12-09 08:00:00,BHMBCCMKT01,0.03292894280762565,0.026371754705905914,-0.006557188101719735,0.006557188101719735,4.2996715801334865e-05,True,False,LOW
2016-12-12 15:00:00,BHMBCCPST01,0.35646687697160884,0.36302274465560913,0.006555867684000294,0.006555867684000294,4.297940109011938e-05,False,True,MODERATE
2016-12-12 10:00:00,Others-CCCPS105a,0.5793927327028372,0.5728375911712646,-0.00655514153157255,0.00655514153157255,4.296988049894732e-05,True,False,HIGH
2016-12-17 08:00:00,BHMBRTARC01,0.7983870967741935,0.8049393892288208,0.006552292454627295,0.006552292454627295,4.2932536410965784e-05,False,True,VERY_HIGH
2016-12-15 11:30:00,BHMBCCSNH01,0.9930475086906141,0.9865037798881531,-0.006543728802461013,0.006543728802461013,4.2820386640157844e-05,True,False,VERY_HIGH
2016-12-17 12:30:00,Broad Street,0.3289855072463768,0.32244184613227844,-0.006543661114098376,0.006543661114098376,4.28195007761632e-05,True,False,MODERATE
2016-12-18 08:00:00,Others-CCCPS135a,0.21658511460211177,0.2231273651123047,0.006542250510192915,0.006542250510192915,4.2801041738119456e-05,False,True,LOW
2016-12-17 15:00:00,Shopping,0.596875,0.6034011244773865,0.00652612447738643,0.00652612447738643,4.259030069434231e-05,False,True,HIGH
2016-12-12 08:00:00,Bull Ring,0.08778250900753358,0.0943048819899559,0.0065223729824223226,0.0065223729824223226,4.254134932183266e-05,False,True,LOW
2016-12-17 16:00:00,BHMBCCSNH01,0.7334878331402086,0.7269684076309204,-0.00651942550928819,0.00651942550928819,4.250290897115758e-05,True,False,HIGH
2016-12-11 14:30:00,BHMEURBRD02,0.1318181818181818,0.1383347362279892,0.00651655440980739,0.00651655440980739,4.246548137598014e-05,False,True,LOW
2016-12-16 09:00:00,Bull Ring,0.2456600065509335,0.25217610597610474,0.006516099425171229,0.006516099425171229,4.245955171871682e-05,False,True,LOW
2016-12-15 11:30:00,Others-CCCPS105a,0.7048282727725237,0.698337733745575,-0.006490539026948738,0.006490539026948738,4.2127096860344674e-05,True,False,HIGH
2016-12-11 14:30:00,Others-CCCPS119a,0.2194077773813771,0.2129189670085907,-0.006488810372786397,0.006488810372786397,4.210466005398033e-05,True,False,LOW
2016-12-19 11:00:00,BHMNCPRAN01,0.7433333333333333,0.7368466258049011,-0.006486707528432167,0.006486707528432167,4.207737455941856e-05,True,False,HIGH
2016-12-10 09:00:00,Others-CCCPS202,0.18930881852230166,0.19579027593135834,0.0064814574090566734,0.0064814574090566734,4.2009290145415645e-05,False,True,LOW
2016-12-17 15:00:00,Others-CCCPS119a,0.4548697823760257,0.44839558005332947,-0.006474202322696243,0.006474202322696243,4.191529571520543e-05,True,False,MODERATE
2016-12-13 11:00:00,Shopping,0.7791666666666667,0.7726925015449524,-0.0064741651217142815,0.0064741651217142815,4.19148140232217e-05,True,False,VERY_HIGH
2016-12-10 10:30:00,Others-CCCPS105a,0.5614733698357391,0.5550305247306824,-0.0064428451050567714,0.0064428451050567714,4.1510253047754e-05,True,False,HIGH
2016-12-18 09:30:00,BHMBRCBRG02,0.11390284757118928,0.10746932774782181,-0.00643351982336747,0.00643351982336747,4.13901773176622e-05,True,False,LOW
2016-12-11 15:00:00,Others-CCCPS119a,0.21905101676774885,0.21262545883655548,-0.006425557931193371,0.006425557931193371,4.128779472712203e-05,True,False,LOW
2016-12-13 12:30:00,BHMNCPNHS01,0.994,0.9875781536102295,-0.0064218463897705025,0.0064218463897705025,4.1240111053808434e-05,True,False,VERY_HIGH
2016-12-14 16:00:00,Bull Ring,0.5149033737307567,0.5084910988807678,-0.006412274849988853,0.006412274849988853,4.111726875179956e-05,True,False,HIGH
2016-12-19 15:30:00,BHMMBMMBX01,0.8311499272197962,0.8247429728507996,-0.006406954368996631,0.006406954368996631,4.104906428640502e-05,True,False,VERY_HIGH
2016-12-12 08:00:00,Others-CCCPS133,0.16770053475935828,0.1612953096628189,-0.006405225096539374,0.006405225096539374,4.1026908537337834e-05,True,False,LOW
2016-12-19 09:00:00,BHMBCCSNH01,0.6952491309385863,0.7016491889953613,0.006400058056775015,0.006400058056775015,4.096074313009078e-05,False,True,HIGH
2016-12-12 15:30:00,BHMNCPRAN01,0.7516666666666667,0.7452670335769653,-0.006399633089701373,0.006399633089701373,4.0955303682800745e-05,True,False,VERY_HIGH
2016-12-11 13:30:00,Others-CCCPS119a,0.2194077773813771,0.21300891041755676,-0.006398866963820332,0.006398866963820332,4.094549842067123e-05,True,False,LOW
2016-12-16 11:30:00,BHMBCCMKT01,0.3050259965337955,0.31142473220825195,0.006398735674456479,0.006398735674456479,4.094381823156202e-05,False,True,MODERATE
2016-12-16 09:00:00,Others-CCCPS135a,0.6368787020345094,0.6432754397392273,0.006396737704717936,0.006396737704717936,4.091825326296009e-05,False,True,HIGH
2016-12-13 08:00:00,BHMBCCPST01,0.0946372239747634,0.08824692666530609,-0.00639029730945731,0.00639029730945731,4.0835899703257335e-05,True,False,LOW
2016-12-09 09:00:00,BHMNCPPLS01,0.09555555555555556,0.10194019228219986,0.006384636726644299,0.006384636726644299,4.0763586131215235e-05,False,True,LOW
2016-12-10 10:00:00,Broad Street,0.14202898550724638,0.14841347932815552,0.006384493820909137,0.006384493820909137,4.0761761349226954e-05,False,True,LOW
2016-12-15 08:30:00,Others-CCCPS135a,0.5897501931496266,0.5961293578147888,0.006379164665162196,0.006379164665162196,4.069374182525391e-05,False,True,HIGH
2016-12-12 11:00:00,Bull Ring,0.6554208974778906,0.6490440368652344,-0.006376860612656188,0.006376860612656188,4.066435127324585e-05,True,False,HIGH
2016-12-12 10:00:00,BHMBCCSNH01,0.9374275782155272,0.9437961578369141,0.006368579621386816,0.006368579621386816,4.055880639394344e-05,False,True,VERY_HIGH
2016-12-19 12:00:00,BHMNCPRAN01,0.77,0.7636381983757019,-0.0063618016242981135,0.0063618016242981135,4.0472519906922115e-05,True,False,VERY_HIGH
2016-12-11 09:00:00,Others-CCCPS98,0.2578150177247825,0.251461923122406,-0.006353094602376486,0.006353094602376486,4.0361811026745235e-05,True,False,MODERATE
2016-12-19 14:30:00,BHMMBMMBX01,0.9344978165938864,0.9408385157585144,0.006340699164627983,0.006340699164627983,4.0204465896314004e-05,False,True,VERY_HIGH
2016-12-16 10:00:00,Others-CCCPS135a,0.7326809168168942,0.7390199303627014,0.006339013545807237,0.006339013545807237,4.0183092733927645e-05,False,True,HIGH
2016-12-13 09:30:00,BHMNCPPLS01,0.14888888888888888,0.15521763265132904,0.006328743762440164,0.006328743762440164,4.005299761062529e-05,False,True,LOW
2016-12-17 10:30:00,Others-CCCPS98,0.4647115694489204,0.4710392355918884,0.006327666142968036,0.006327666142968036,4.003935881686398e-05,False,True,MODERATE
2016-12-14 13:00:00,Shopping,0.7791666666666667,0.7854940891265869,0.00632742245992024,0.00632742245992024,4.0036274986303104e-05,False,True,VERY_HIGH
2016-12-16 08:30:00,BHMBCCMKT01,0.060658578856152515,0.05433318391442299,-0.006325394941729526,0.006325394941729526,4.001062116885747e-05,True,False,LOW
2016-12-09 09:00:00,BHMNCPNHS01,0.63,0.6236799955368042,-0.006320004463195805,0.006320004463195805,3.9942456414814896e-05,True,False,HIGH
2016-12-11 10:00:00,Others-CCCPS98,0.25523686754753466,0.24891822040081024,-0.006318647146724421,0.006318647146724421,3.9925301764808665e-05,True,False,MODERATE
2016-12-14 15:00:00,BHMBRCBRG02,0.6348408710217756,0.6285265684127808,-0.006314302608994793,0.006314302608994793,3.987041743795845e-05,True,False,HIGH
2016-12-14 11:30:00,Others-CCCPS119a,0.22939707456296826,0.23570868372917175,0.006311609166203491,0.006311609166203491,3.983641026690393e-05,False,True,LOW
2016-12-19 10:00:00,BHMEURBRD02,0.7454545454545455,0.7517644762992859,0.006309930844740408,0.006309930844740408,3.9815227265406395e-05,False,True,HIGH
2016-12-15 13:30:00,BHMBRCBRG01,0.9732673267326732,0.9795697331428528,0.00630240641017954,0.00630240641017954,3.9720326559072155e-05,False,True,VERY_HIGH
2016-12-14 16:00:00,BHMBRCBRG03,0.32626619552414604,0.3199673891067505,-0.006298806417395553,0.006298806417395553,3.96749622838234e-05,True,False,MODERATE
2016-12-09 10:00:00,BHMNCPHST01,0.5716666666666667,0.5779616832733154,0.006295016606648773,0.006295016606648773,3.9627234077983835e-05,False,True,HIGH
2016-12-10 11:00:00,Broad Street,0.16666666666666666,0.1603717803955078,-0.006294886271158845,0.006294886271158845,3.9625593166824104e-05,True,False,LOW
2016-12-11 13:00:00,Others-CCCPS98,0.33451498549790526,0.3282215893268585,-0.006293396171046739,0.006293396171046739,3.9606835365745754e-05,True,False,MODERATE
2016-12-19 15:00:00,BHMNCPRAN01,0.7216666666666667,0.7279585599899292,0.006291893323262521,0.006291893323262521,3.958792159131549e-05,False,True,HIGH
2016-12-14 12:30:00,Others-CCCPS8,0.6104387291981845,0.604149341583252,-0.0062893876149325845,0.0062893876149325845,3.9556396570867384e-05,True,False,HIGH
2016-12-17 12:00:00,Bull Ring,0.831313462168359,0.8250278234481812,-0.006285638720177844,0.006285638720177844,3.9509254120598964e-05,True,False,VERY_HIGH
2016-12-08 15:00:00,BHMNCPLDH01,0.9041666666666667,0.9104503989219666,0.006283732255299879,0.006283732255299879,3.94852910562961e-05,False,True,VERY_HIGH
2016-12-09 11:30:00,BHMEURBRD02,0.7363636363636363,0.7300822138786316,-0.0062814224850047395,0.0062814224850047395,3.945626843512312e-05,True,False,HIGH
2016-12-08 15:30:00,BHMNCPLDH01,0.8333333333333334,0.8396145701408386,0.006281236807505253,0.006281236807505253,3.945393583195878e-05,False,True,VERY_HIGH
2016-12-09 16:00:00,BHMBRCBRG02,0.5896147403685092,0.5958953499794006,0.006280609610891386,0.006280609610891386,3.9446057084421244e-05,False,True,HIGH
2016-12-16 15:00:00,BHMNCPHST01,0.5516666666666666,0.5453879237174988,-0.006278742949167859,0.006278742949167859,3.942261302172511e-05,True,False,HIGH
2016-12-12 10:00:00,Others-CCCPS202,0.3813415049370106,0.38761743903160095,0.006275934094590374,0.006275934094590374,3.93873487596419e-05,False,True,MODERATE
2016-12-12 16:00:00,Others-CCCPS135a,0.6278650527942312,0.621602475643158,-0.006262577151073256,0.006262577151073256,3.921987257314483e-05,True,False,HIGH
2016-12-12 08:30:00,BHMMBMMBX01,0.5283842794759825,0.5221220850944519,-0.006262194381530639,0.006262194381530639,3.92150784720739e-05,True,False,HIGH
2016-12-08 15:00:00,BHMNCPPLS01,0.3,0.3062545359134674,0.006254535913467418,0.006254535913467418,3.911921949285371e-05,False,True,MODERATE
2016-12-15 11:00:00,BHMEURBRD01,0.8893617021276595,0.8956072926521301,0.006245590524470601,0.006245590524470601,3.900740099935696e-05,False,True,VERY_HIGH
2016-12-17 09:00:00,BHMNCPNST01,0.4927835051546392,0.49902841448783875,0.006244909333199544,0.006244909333199544,3.8998892579882776e-05,False,True,MODERATE
2016-12-13 08:00:00,BHMNCPLDH01,0.5736111111111111,0.5673683285713196,-0.0062427825397914916,0.0062427825397914916,3.8972333839125505e-05,True,False,HIGH
2016-12-08 14:30:00,Others-CCCPS119a,0.2233321441312879,0.2170940339565277,-0.0062381101747601975,0.0062381101747601975,3.89140185524467e-05,True,False,LOW
2016-12-16 14:00:00,NIA South,0.1865482233502538,0.18031030893325806,-0.0062379144169957546,0.0062379144169957546,3.8911576273763484e-05,True,False,LOW
2016-12-19 15:30:00,BHMNCPHST01,0.6616666666666666,0.6678950190544128,0.006228352387746217,0.006228352387746217,3.8792373465944e-05,False,True,HIGH
2016-12-16 15:30:00,Bull Ring,0.6495250573206682,0.6557521224021912,0.006227065081522931,0.006227065081522931,3.877633952952219e-05,False,True,HIGH
2016-12-08 15:30:00,BHMBRCBRG01,0.7108910891089109,0.7171152830123901,0.00622419390347928,0.00622419390347928,3.874058974810864e-05,False,True,HIGH
2016-12-10 11:00:00,Others-CCCPS135a,0.4061292814833891,0.41235214471817017,0.006222863234781051,0.006222863234781051,3.8724026838789685e-05,False,True,MODERATE
2016-12-11 12:00:00,BHMBCCMKT01,0.3535528596187175,0.34734177589416504,-0.00621108372455248,0.00621108372455248,3.8577561033400706e-05,True,False,MODERATE
2016-12-16 08:00:00,BHMNCPRAN01,0.5533333333333333,0.5471225380897522,-0.006210795243581146,0.006210795243581146,3.857397755769019e-05,True,False,HIGH
2016-12-19 09:30:00,BHMBRCBRG03,0.24617196702002356,0.25238049030303955,0.006208523283015993,0.006208523283015993,3.854576135575168e-05,False,True,LOW
2016-12-13 14:30:00,BHMNCPRAN01,0.9333333333333333,0.9271306395530701,-0.00620269378026328,0.00620269378026328,3.847341013171678e-05,True,False,VERY_HIGH
2016-12-15 12:00:00,Others-CCCPS119a,0.2386728505173029,0.24487058818340302,0.006197737666100128,0.006197737666100128,3.841195217779627e-05,False,True,LOW
2016-12-09 11:00:00,Others-CCCPS98,0.35223976796648404,0.35843726992607117,0.006197501959587126,0.006197501959587126,3.8409030539086265e-05,False,True,MODERATE
2016-12-09 12:30:00,BHMMBMMBX01,0.9213973799126638,0.927591860294342,0.006194480381678247,0.006194480381678247,3.837158719899668e-05,False,True,VERY_HIGH
2016-12-19 14:30:00,Others-CCCPS133,0.8444919786096257,0.8506746888160706,0.006182710206444897,0.006182710206444897,3.82259054968779e-05,False,True,VERY_HIGH
2016-12-17 10:30:00,BHMEURBRD01,0.274468085106383,0.26828694343566895,-0.006181141670714041,0.006181141670714041,3.820651235343757e-05,True,False,MODERATE
2016-12-08 16:00:00,Others-CCCPS119a,0.20513735283624687,0.1989591419696808,-0.006178210866566086,0.006178210866566086,3.817028951175527e-05,True,False,LOW
2016-12-12 08:30:00,BHMBCCPST01,0.15772870662460567,0.1515587419271469,-0.006169964697458757,0.006169964697458757,3.806846436788734e-05,True,False,LOW
2016-12-17 11:00:00,Others-CCCPS8,0.5113464447806354,0.5175163149833679,0.006169870202732519,0.006169870202732519,3.806729831856662e-05,False,True,HIGH
2016-12-14 14:00:00,Shopping,0.7671875,0.7610186338424683,-0.0061688661575317605,0.0061688661575317605,3.805490966954067e-05,True,False,VERY_HIGH
2016-12-16 11:00:00,Others-CCCPS135a,0.7610095287149111,0.7671688795089722,0.006159350794061047,0.006159350794061047,3.793760220430045e-05,False,True,VERY_HIGH
2016-12-18 14:00:00,Others-CCCPS98,0.5427006123106671,0.5365413427352905,-0.0061592695753766025,0.0061592695753766025,3.7936601702159876e-05,True,False,HIGH
2016-12-18 09:30:00,Shopping,0.22135416666666666,0.227500319480896,0.006146152814229339,0.006146152814229339,3.777519441585922e-05,False,True,LOW
2016-12-12 11:00:00,Others-CCCPS98,0.3335481791814373,0.32740554213523865,-0.006142637046198662,0.006142637046198662,3.7731989881332226e-05,True,False,MODERATE
2016-12-14 08:30:00,BHMNCPPLS01,0.1111111111111111,0.117252416908741,0.006141305797629892,0.006141305797629892,3.7715636900002526e-05,False,True,LOW
2016-12-15 15:00:00,Others-CCCPS105a,0.7496266799402688,0.7434877753257751,-0.006138904614493623,0.006138904614493623,3.76861498658511e-05,True,False,HIGH
2016-12-15 13:30:00,NIA Car Parks,0.21214511041009465,0.20600779354572296,-0.006137316864371689,0.006137316864371689,3.766665829370114e-05,True,False,LOW
2016-12-18 09:30:00,Others-CCCPS119a,0.38886906885479844,0.395004004240036,0.006134935385237572,0.006134935385237572,3.763743218104008e-05,False,True,MODERATE
2016-12-09 15:30:00,Others-CCCPS8,0.5325264750378215,0.5263946652412415,-0.006131809796580012,0.006131809796580012,3.759909138143461e-05,True,False,HIGH
2016-12-18 11:00:00,BHMBRCBRG03,0.32744405182567726,0.33356907963752747,0.006125027811850203,0.006125027811850203,3.751596569593849e-05,False,True,MODERATE
2016-12-16 13:30:00,Shopping,0.6859375,0.6920567750930786,0.0061192750930786355,0.0061192750930786355,3.7445527664772544e-05,False,True,HIGH
2016-12-16 08:00:00,BHMBCCMKT01,0.03292894280762565,0.026815975084900856,-0.006112967722724794,0.006112967722724794,3.736837437907515e-05,True,False,LOW
2016-12-12 14:30:00,Others-CCCPS98,0.3322591040928134,0.3383711278438568,0.006112023751043416,0.006112023751043416,3.735683433331883e-05,False,True,MODERATE
2016-12-17 13:00:00,Others-CCCPS8,0.6822995461422088,0.6884105205535889,0.006110974411380088,0.006110974411380088,3.734400825654221e-05,False,True,HIGH
2016-12-12 11:00:00,Others-CCCPS135a,0.8385269121813032,0.8324257135391235,-0.006101198642179617,0.006101198642179617,3.7224624871334406e-05,True,False,VERY_HIGH
2016-12-14 12:00:00,BHMBRTARC01,0.8366935483870968,0.8306108117103577,-0.006082736676739087,0.006082736676739087,3.6999685478546866e-05,True,False,VERY_HIGH
2016-12-19 11:00:00,Others-CCCPS98,0.5378665807283274,0.5439466834068298,0.0060801026785024526,0.0060801026785024526,3.6967648581132696e-05,False,True,HIGH
2016-12-17 15:00:00,Others-CCCPS202,0.3714674838270344,0.3775413930416107,0.006073909214576345,0.006073909214576345,3.689237314691543e-05,False,True,MODERATE
2016-12-15 12:30:00,BHMBRCBRG02,0.7135678391959799,0.7196351885795593,0.006067349383579446,0.006067349383579446,3.681272854242188e-05,False,True,HIGH
2016-12-17 10:00:00,BHMNCPPLS01,0.24222222222222223,0.2482883334159851,0.00606611119376288,0.00606611119376288,3.679770501509531e-05,False,True,LOW
2016-12-14 16:00:00,BHMBRCBRG01,0.6613861386138614,0.6553265452384949,-0.006059593375366545,0.006059593375366545,3.671867187478612e-05,True,False,HIGH
2016-12-15 12:30:00,BHMNCPLDH01,0.9222222222222223,0.9282797574996948,0.006057535277472548,0.006057535277472548,3.6693733637824416e-05,False,True,VERY_HIGH
2016-12-11 15:00:00,Others-CCCPS202,0.3176710929519918,0.31161847710609436,-0.006052615845897447,0.006052615845897447,3.663415857800886e-05,True,False,MODERATE
2016-12-09 15:00:00,BHMNCPRAN01,0.675,0.6689555644989014,-0.006044435501098677,0.006044435501098677,3.653520052694202e-05,True,False,HIGH
2016-12-10 12:30:00,BHMBCCSNH01,0.7543453070683661,0.7483075261116028,-0.006037780956763328,0.006037780956763328,3.6454798881853885e-05,True,False,VERY_HIGH
2016-12-12 10:00:00,BHMBRCBRG03,0.23674911660777384,0.24278460443019867,0.006035487822424829,0.006035487822424829,3.6427113254638403e-05,False,True,LOW
2016-12-10 08:30:00,Others-CCCPS119a,0.1544773457010346,0.14844459295272827,-0.006032752748306336,0.006032752748306336,3.639410572219765e-05,True,False,LOW
2016-12-18 14:30:00,Others-CCCPS8,0.6762481089258698,0.6702212691307068,-0.006026839795163053,0.006026839795163053,3.6322797916561026e-05,True,False,HIGH
2016-12-10 13:00:00,Broad Street,0.21884057971014492,0.21281757950782776,-0.006023000202317164,0.006023000202317164,3.6276531437112595e-05,True,False,LOW
2016-12-18 13:00:00,BHMNCPNST01,0.4845360824742268,0.4785137176513672,-0.006022364822859616,0.006022364822859616,3.626887805961694e-05,True,False,MODERATE
2016-12-12 10:30:00,BHMNCPHST01,0.6133333333333333,0.6073119044303894,-0.006021428902943882,0.006021428902943882,3.625760603320796e-05,True,False,HIGH
2016-12-13 08:30:00,BHMBCCMKT01,0.05719237435008666,0.05117326229810715,-0.006019112051979511,0.006019112051979511,3.6229709894285e-05,True,False,LOW
2016-12-12 12:30:00,Broad Street,0.8695652173913043,0.8755808472633362,0.006015629872031858,0.006015629872031858,3.6187802757282025e-05,False,True,VERY_HIGH
2016-12-13 11:00:00,BHMBRCBRG01,0.8623762376237624,0.8563624620437622,-0.006013775580000158,0.006013775580000158,3.6165496726606235e-05,True,False,VERY_HIGH
2016-12-09 15:00:00,BHMNCPLDH01,0.7694444444444445,0.775454044342041,0.006009599897596529,0.006009599897596529,3.611529092919221e-05,False,True,VERY_HIGH
2016-12-18 09:30:00,BHMEURBRD02,0.11363636363636363,0.11964587867259979,0.00600951503623616,0.00600951503623616,3.611427097074849e-05,False,True,LOW
2016-12-18 15:00:00,BHMBCCSNH01,0.7636152954808807,0.7696219086647034,0.006006613183822673,0.006006613183822673,3.607940194007235e-05,False,True,VERY_HIGH
2016-12-17 11:30:00,BHMMBMMBX01,0.5385735080058224,0.5445801019668579,0.0060065939610355334,0.0060065939610355334,3.6079171012748536e-05,False,True,HIGH
2016-12-14 16:00:00,BHMNCPRAN01,0.7566666666666667,0.762673020362854,0.006006353696187294,0.006006353696187294,3.607628472370277e-05,False,True,VERY_HIGH
2016-12-16 15:00:00,Others-CCCPS105a,0.6575410652065704,0.6515393853187561,-0.006001679887814304,0.006001679887814304,3.6020161475794715e-05,True,False,HIGH
2016-12-13 11:00:00,BHMNCPPLS01,0.23777777777777778,0.2317826747894287,-0.005995102988349071,0.005995102988349071,3.5941259840911964e-05,True,False,LOW
2016-12-10 11:30:00,Others-CCCPS135a,0.4372907545712078,0.44328194856643677,0.005991193995228961,0.005991193995228961,3.5894405488467556e-05,False,True,MODERATE
2016-12-13 16:00:00,Others-CCCPS133,0.5037433155080214,0.49775803089141846,-0.0059852846166029705,0.0059852846166029705,3.5823631941744165e-05,True,False,HIGH
2016-12-17 13:00:00,Others-CCCPS202,0.3282260810350698,0.33420148491859436,0.005975403883524577,0.005975403883524577,3.57054515712406e-05,False,True,MODERATE
2016-12-13 11:30:00,BHMNCPNST01,0.6123711340206186,0.6063988208770752,-0.005972313143543406,0.005972313143543406,3.566852428454132e-05,True,False,HIGH
2016-12-19 10:30:00,Shopping,0.6859375,0.6799670457839966,-0.005970454216003396,0.005970454216003396,3.5646323545392725e-05,True,False,HIGH
2016-12-15 11:00:00,Others-CCCPS135a,0.8550090136492403,0.8609777688980103,0.005968755248769941,0.005968755248769941,3.562603921971873e-05,False,True,VERY_HIGH
2016-12-10 13:00:00,Others-CCCPS135a,0.5171259335565285,0.5111578702926636,-0.005968063263864898,0.005968063263864898,3.5617779121493736e-05,True,False,HIGH
2016-12-12 12:00:00,BHMBRCBRG01,1.0,0.9940323233604431,-0.005967676639556885,0.005967676639556885,3.561316447431295e-05,True,False,VERY_HIGH
2016-12-13 08:00:00,Shopping,0.396875,0.39090868830680847,-0.005966311693191506,0.005966311693191506,3.55968752203137e-05,True,False,MODERATE
2016-12-12 16:00:00,Others-CCCPS98,0.28714147599097645,0.2811757028102875,-0.005965773180688971,0.005965773180688971,3.559044964342781e-05,True,False,MODERATE
2016-12-18 15:00:00,Others-CCCPS8,0.6550680786686838,0.6491060256958008,-0.005962052972882992,0.005962052972882992,3.554607565146292e-05,True,False,HIGH
2016-12-16 11:30:00,BHMBRCBRG02,0.6557788944723618,0.6498270034790039,-0.005951890993357911,0.005951890993357911,3.5425006396815024e-05,True,False,HIGH
2016-12-12 09:00:00,BHMNCPPLS01,0.09111111111111111,0.09705671668052673,0.0059456055694156185,0.0059456055694156185,3.535022558706602e-05,False,True,LOW
2016-12-16 11:30:00,NIA South,0.17385786802030456,0.17980334162712097,0.005945473606816409,0.005945473606816409,3.534865640935052e-05,False,True,LOW
2016-12-08 15:00:00,BHMNCPNHS01,0.852,0.8579432964324951,0.005943296432495138,0.005943296432495138,3.532277248450943e-05,False,True,VERY_HIGH
2016-12-11 09:00:00,BHMNCPNST01,0.4742268041237113,0.4801638424396515,0.0059370383159401685,0.0059370383159401685,3.524842396494167e-05,False,True,MODERATE
2016-12-16 11:30:00,Bull Ring,0.6914510317720275,0.6973807215690613,0.005929689797033788,0.005929689797033788,3.5161221089046604e-05,False,True,HIGH
2016-12-08 15:30:00,BHMBRCBRG02,0.5812395309882747,0.5753123760223389,-0.005927154965935877,0.005927154965935877,3.513116599021833e-05,True,False,HIGH
2016-12-18 14:00:00,BHMBCCMKT01,0.537261698440208,0.5431787967681885,0.005917098327980486,0.005917098327980486,3.501205262298946e-05,False,True,HIGH
2016-12-18 15:30:00,BHMMBMMBX01,0.7685589519650655,0.7744724154472351,0.00591346348216959,0.00591346348216959,3.496905035495329e-05,False,True,VERY_HIGH
2016-12-19 16:00:00,Others-CCCPS135a,0.6523306721607005,0.6464176774024963,-0.005912994758204171,0.005912994758204171,3.496350701055e-05,True,False,HIGH
2016-12-09 09:00:00,BHMBCCTHL01,0.6563307493540051,0.6504182815551758,-0.005912467798829368,0.005912467798829368,3.495727547219419e-05,True,False,HIGH
2016-12-08 14:30:00,BHMNCPRAN01,0.89,0.8959113359451294,0.005911335945129381,0.005911335945129381,3.494389265617868e-05,False,True,VERY_HIGH
2016-12-11 15:00:00,Shopping,0.55625,0.5621591210365295,0.005909121036529519,0.005909121036529519,3.4917711424355696e-05,False,True,HIGH
2016-12-13 09:30:00,BHMBRCBRG03,0.22614840989399293,0.23205731809139252,0.005908908197399587,0.005908908197399587,3.491519608529604e-05,False,True,LOW
2016-12-14 14:30:00,BHMNCPNHS01,0.848,0.8420941829681396,-0.005905817031860328,0.005905817031860328,3.4878674813811526e-05,True,False,VERY_HIGH
2016-12-19 15:30:00,BHMBCCPST01,0.889589905362776,0.895492672920227,0.005902767557451005,0.005902767557451005,3.4842664837296106e-05,False,True,VERY_HIGH
2016-12-09 14:00:00,BHMBCCTHL01,1.0,0.9940991401672363,-0.005900859832763672,0.005900859832763672,3.482014676592371e-05,True,False,VERY_HIGH
2016-12-15 14:30:00,BHMNCPNST01,0.6721649484536083,0.6780609488487244,0.005896000395116063,0.005896000395116063,3.476282065920877e-05,False,True,HIGH
2016-12-15 14:00:00,BHMNCPLDH01,0.8888888888888888,0.8947772979736328,0.005888409084743973,0.005888409084743973,3.4673361549295356e-05,False,True,VERY_HIGH
2016-12-10 10:30:00,BHMNCPPLS01,0.23333333333333334,0.23922166228294373,0.0058883289496103886,0.0058883289496103886,3.467241781881978e-05,False,True,LOW
2016-12-11 09:30:00,BHMBRCBRG02,0.13651591289782244,0.1424015462398529,0.005885633342030461,0.005885633342030461,3.464067983682065e-05,False,True,LOW
2016-12-14 11:30:00,Others-CCCPS98,0.35804060586529163,0.3639202117919922,0.00587960592670056,0.00587960592670056,3.4569765853292344e-05,False,True,MODERATE
2016-12-13 08:30:00,Others-CCCPS135a,0.5701776976564512,0.5642999410629272,-0.005877756593523964,0.005877756593523964,3.454802257271443e-05,True,False,HIGH
2016-12-17 14:30:00,Broad Street,0.4420289855072464,0.4478932321071625,0.005864246599916079,0.005864246599916079,3.438938818462729e-05,False,True,MODERATE
2016-12-09 11:00:00,Shopping,0.7140625,0.7082000374794006,-0.00586246252059941,0.00586246252059941,3.436846680543278e-05,True,False,HIGH
2016-12-17 12:30:00,BHMEURBRD01,0.3723404255319149,0.3664851188659668,-0.005855306665948079,0.005855306665948079,3.4284616152296006e-05,True,False,MODERATE
2016-12-19 08:00:00,BHMBRCBRG03,0.13427561837455831,0.14013002812862396,0.005854409754065648,0.005854409754065648,3.4274113568499004e-05,False,True,LOW
2016-12-09 14:30:00,Others-CCCPS119a,0.21726721369960755,0.2114134281873703,-0.005853785512237253,0.005853785512237253,3.4266804823278755e-05,True,False,LOW
2016-12-14 14:30:00,BHMBCCPST01,0.40063091482649843,0.39477869868278503,-0.005852216143713396,0.005852216143713396,3.4248433792739686e-05,True,False,MODERATE
2016-12-16 15:30:00,Others-CCCPS105a,0.624688899950224,0.618837833404541,-0.005851066545683015,0.005851066545683015,3.423497972201097e-05,True,False,HIGH
2016-12-09 12:00:00,BHMNCPRAN01,0.76,0.7541534900665283,-0.005846509933471689,0.005846509933471689,3.418167840218313e-05,True,False,VERY_HIGH
2016-12-10 08:00:00,Bull Ring,0.09073042908614477,0.08488941937685013,-0.005841009709294645,0.005841009709294645,3.411739442407431e-05,True,False,LOW
2016-12-19 15:00:00,BHMNCPPLS01,0.5444444444444444,0.5502844452857971,0.005840000841352722,0.005840000841352722,3.4105609827000495e-05,False,True,HIGH
2016-12-14 08:00:00,Bull Ring,0.1012119226989846,0.09537454694509506,-0.00583737575388954,0.00583737575388954,3.4074955692097474e-05,True,False,LOW
2016-12-17 09:30:00,Broad Street,0.18405797101449275,0.18988308310508728,0.005825112090594525,0.005825112090594525,3.393193086799052e-05,False,True,LOW
2016-12-17 16:00:00,Others-CCCPS202,0.38338440585631595,0.3775726854801178,-0.005811720376198148,0.005811720376198148,3.377609373111675e-05,True,False,MODERATE
2016-12-19 13:30:00,Others-CCCPS202,0.45045965270684374,0.44465526938438416,-0.005804383322459583,0.005804383322459583,3.369086575404695e-05,True,False,MODERATE
2016-12-15 14:30:00,BHMBRCBRG03,0.3792697290930506,0.3850710093975067,0.005801280304456091,0.005801280304456091,3.365485317087016e-05,False,True,MODERATE
2016-12-19 15:30:00,Others-CCCPS98,0.5536577505639704,0.5478585362434387,-0.005799214320531654,0.005799214320531654,3.363088673545941e-05,True,False,HIGH
2016-12-19 13:00:00,BHMNCPHST01,0.735,0.7292072176933289,-0.005792782306671129,0.005792782306671129,3.355632685248209e-05,True,False,HIGH
2016-12-19 15:30:00,BHMBCCSNH01,0.8192352259559675,0.8250253200531006,0.005790094097133047,0.005790094097133047,3.352518965365496e-05,False,True,VERY_HIGH
2016-12-19 13:30:00,BHMEURBRD02,0.8636363636363636,0.869422972202301,0.005786608565937379,0.005786608565937379,3.348483869537985e-05,False,True,VERY_HIGH
2016-12-08 15:30:00,Bull Ring,0.5502784146740911,0.5444929003715515,-0.005785514302539596,0.005785514302539596,3.3472175744890226e-05,True,False,HIGH
2016-12-13 15:00:00,Others-CCCPS202,0.41470888661899896,0.4089242219924927,-0.005784664626506286,0.005784664626506286,3.346234484115311e-05,True,False,MODERATE
2016-12-14 13:30:00,Others-CCCPS119a,0.22511594719942918,0.21933159232139587,-0.005784354878033304,0.005784354878033304,3.3458761355027686e-05,True,False,LOW
2016-12-09 13:00:00,BHMBCCPST01,0.48264984227129337,0.47687000036239624,-0.005779841908897132,0.005779841908897132,3.340657249184364e-05,True,False,MODERATE
2016-12-12 09:30:00,BHMMBMMBX01,0.6783114992721979,0.6725326776504517,-0.005778821621746255,0.005778821621746255,3.3394779335962015e-05,True,False,HIGH
2016-12-11 13:00:00,Others-CCCPS8,0.7420574886535553,0.7362799048423767,-0.005777583811178544,0.005777583811178544,3.338047469519239e-05,True,False,HIGH
2016-12-15 10:30:00,BHMBCCMKT01,0.292894280762565,0.28711774945259094,-0.005776531309974076,0.005776531309974076,3.336831397511081e-05,True,False,MODERATE
2016-12-15 08:00:00,Others-CCCPS105a,0.4026879044300647,0.40845516324043274,0.005767258810368048,0.005767258810368048,3.326127418576787e-05,False,True,MODERATE
2016-12-10 09:30:00,Others-CCCPS8,0.4462934947049924,0.45205944776535034,0.005765953060357931,0.005765953060357931,3.324621469425099e-05,False,True,MODERATE
2016-12-10 09:00:00,BHMBRCBRG03,0.24499411071849234,0.23923027515411377,-0.005763835564378567,0.005763835564378567,3.322180041319519e-05,True,False,LOW
2016-12-11 15:30:00,BHMEURBRD02,0.15,0.15576262772083282,0.00576262772083283,0.00576262772083283,3.320787824891098e-05,False,True,LOW
2016-12-10 09:30:00,BHMNCPNST01,0.44329896907216493,0.44905874133110046,0.005759772258935536,0.005759772258935536,3.3174976474803364e-05,False,True,MODERATE
2016-12-16 13:30:00,BHMBCCTHL01,1.0,0.9942434430122375,-0.005756556987762451,0.005756556987762451,3.3137948353356705e-05,True,False,VERY_HIGH
2016-12-13 09:30:00,BHMEURBRD02,0.8909090909090909,0.8966624736785889,0.005753382769497994,0.005753382769497994,3.3101413292356414e-05,False,True,VERY_HIGH
2016-12-14 13:30:00,Shopping,0.7765625,0.7708154916763306,-0.005747008323669478,0.005747008323669478,3.302810467232626e-05,True,False,VERY_HIGH
2016-12-13 11:30:00,Others-CCCPS98,0.35771833709313566,0.35197335481643677,-0.005744982276698896,0.005744982276698896,3.300482135958442e-05,True,False,MODERATE
2016-12-10 09:30:00,Others-CCCPS202,0.2093973442288049,0.21513696014881134,0.005739615920006436,0.005739615920006436,3.294319090919132e-05,False,True,LOW
2016-12-11 11:30:00,Others-CCCPS135a,0.4066443471542622,0.40090855956077576,-0.005735787593486419,0.005735787593486419,3.2899259317592727e-05,True,False,MODERATE
2016-12-19 12:00:00,BHMNCPHST01,0.7166666666666667,0.7109335064888,-0.005733160177866625,0.005733160177866625,3.286912562507568e-05,True,False,HIGH
2016-12-10 14:30:00,Others-CCCPS8,0.7337367624810892,0.7280057072639465,-0.005731055217142678,0.005731055217142678,3.28449939019383e-05,True,False,HIGH
2016-12-17 09:30:00,BHMNCPPLS01,0.2,0.19427338242530823,-0.0057266175746917836,0.0057266175746917836,3.2794148846768805e-05,True,False,LOW
2016-12-14 16:00:00,Others-CCCPS119a,0.18194791295041027,0.1876651644706726,0.00571725152026234,0.00571725152026234,3.268696494594204e-05,False,True,LOW
2016-12-15 10:30:00,Others-CCCPS202,0.4174327545114062,0.4117194414138794,-0.005713313097526818,0.005713313097526818,3.264194655037148e-05,True,False,MODERATE
2016-12-15 09:00:00,Bull Ring,0.1912872584343269,0.18557989597320557,-0.005707362461121329,0.005707362461121329,3.257398626261691e-05,True,False,LOW
2016-12-10 13:00:00,BHMBCCMKT01,0.707105719237435,0.7014029026031494,-0.0057028166342856235,0.0057028166342856235,3.252211756428481e-05,True,False,HIGH
2016-12-14 11:30:00,BHMNCPNST01,0.5505154639175258,0.5448176860809326,-0.005697777836593199,0.005697777836593199,3.246467227517267e-05,True,False,HIGH
2016-12-17 11:00:00,BHMNCPPLS01,0.26222222222222225,0.2679196000099182,0.0056973777876959675,0.0056973777876959675,3.2460113655731396e-05,False,True,MODERATE
2016-12-17 12:30:00,Others-CCCPS105a,0.6311597809855649,0.6254643201828003,-0.005695460802764618,0.005695460802764618,3.243827375582819e-05,True,False,HIGH
2016-12-10 14:30:00,BHMBRCBRG03,0.6501766784452296,0.6444821357727051,-0.005694542672524561,0.005694542672524561,3.242781624920316e-05,True,False,HIGH
2016-12-17 14:30:00,BHMMBMMBX01,0.7554585152838428,0.7497715950012207,-0.005686920282622077,0.005686920282622077,3.234106230089836e-05,True,False,VERY_HIGH
2016-12-13 10:30:00,Bull Ring,0.49754339993449065,0.49186933040618896,-0.005674069528301684,0.005674069528301684,3.2195065012001695e-05,True,False,MODERATE
2016-12-09 12:00:00,BHMNCPLDH01,0.8777777777777778,0.8721043467521667,-0.00567343102561102,0.00567343102561102,3.218781960236571e-05,True,False,VERY_HIGH
2016-12-17 12:00:00,BHMNCPHST01,0.43083333333333335,0.42516061663627625,-0.005672716697057101,0.005672716697057101,3.2179714725070426e-05,True,False,MODERATE
2016-12-16 15:30:00,BHMNCPRAN01,0.545,0.5506673455238342,0.0056673455238341885,0.0056673455238341885,3.211880528652341e-05,False,True,HIGH
2016-12-09 09:00:00,Others-CCCPS119a,0.16625044595076705,0.17191581428050995,0.005665368329742904,0.005665368329742904,3.2096398311653895e-05,False,True,LOW
2016-12-14 09:30:00,BHMBRTARC01,0.7983870967741935,0.792723536491394,-0.0056635602827994624,0.0056635602827994624,3.207591507690353e-05,True,False,VERY_HIGH
2016-12-13 08:30:00,Others-CCCPS98,0.28778601353528843,0.28213366866111755,-0.005652344874170878,0.005652344874170878,3.19490025765658e-05,True,False,MODERATE
2016-12-11 10:00:00,BHMNCPRAN01,0.24833333333333332,0.24268195033073425,-0.00565138300259907,0.00565138300259907,3.193812984206568e-05,True,False,LOW
2016-12-11 12:30:00,BHMNCPHST01,0.4608333333333333,0.4664818048477173,0.005648471514383968,0.005648471514383968,3.190523044880712e-05,False,True,MODERATE
2016-12-10 13:00:00,BHMBRCBRG02,1.0,0.9943516254425049,-0.005648374557495117,0.005648374557495117,3.190413514175816e-05,True,False,VERY_HIGH
2016-12-19 12:00:00,Broad Street,0.863768115942029,0.8694102168083191,0.005642100866290134,0.005642100866290134,3.183330218539188e-05,False,True,VERY_HIGH
2016-12-17 11:30:00,Others-CCCPS98,0.4840476957782791,0.48968932032585144,0.0056416245475723326,0.0056416245475723326,3.182792753577073e-05,False,True,MODERATE
2016-12-09 09:30:00,Bull Ring,0.29446446118571895,0.28883248567581177,-0.005631975509907183,0.005631975509907183,3.171914814419428e-05,True,False,MODERATE
2016-12-17 14:30:00,BHMBCCTHL01,1.0,0.9943740963935852,-0.005625903606414795,0.005625903606414795,3.1650791388670996e-05,True,False,VERY_HIGH
2016-12-13 12:00:00,Broad Street,0.9579710144927536,0.9635955691337585,0.005624554641004975,0.005624554641004975,3.163561490965061e-05,False,True,VERY_HIGH
2016-12-12 14:00:00,Others-CCCPS135a,0.8354365181560649,0.8298136591911316,-0.005622858964933308,0.005622858964933308,3.1616542939530876e-05,True,False,VERY_HIGH
2016-12-12 16:00:00,BHMEURBRD01,0.6574468085106383,0.6518240571022034,-0.005622751408434934,0.005622751408434934,3.1615333401057035e-05,True,False,HIGH
2016-12-14 09:30:00,NIA Car Parks,0.16561514195583596,0.15999364852905273,-0.005621493426783225,0.005621493426783225,3.1601188347367004e-05,True,False,LOW
2016-12-09 12:00:00,BHMNCPNST01,0.5690721649484536,0.5634533762931824,-0.005618788655271212,0.005618788655271212,3.1570785952604476e-05,True,False,HIGH
2016-12-15 12:00:00,Others-CCCPS98,0.3812439574605221,0.3756310045719147,-0.005612952888607414,0.005612952888607414,3.1505240129726315e-05,True,False,MODERATE
2016-12-14 09:00:00,Broad Street,0.8217391304347826,0.8161311149597168,-0.005608015475065842,0.005608015475065842,3.144983756857796e-05,True,False,VERY_HIGH
2016-12-18 12:00:00,Others-CCCPS135a,0.4197785217615246,0.4141707122325897,-0.0056078095289348595,0.0056078095289348595,3.144752771281261e-05,True,False,MODERATE
2016-12-09 11:00:00,BHMNCPNST01,0.5670103092783505,0.5726169943809509,0.005606685102600428,0.005606685102600428,3.1434917839721575e-05,False,True,HIGH
2016-12-13 15:00:00,BHMEURBRD02,0.8772727272727273,0.882876455783844,0.005603728511116679,0.005603728511116679,3.140177322630195e-05,False,True,VERY_HIGH
2016-12-14 13:30:00,Others-CCCPS133,0.7045989304812834,0.699000895023346,-0.005598035457937467,0.005598035457937467,3.133800098832515e-05,True,False,HIGH
2016-12-18 15:00:00,Others-CCCPS133,0.762139037433155,0.7677186131477356,0.005579575714580565,0.005579575714580565,3.113166515473722e-05,False,True,VERY_HIGH
2016-12-11 10:30:00,BHMNCPNST01,0.4639175257731959,0.4694896638393402,0.0055721380661443165,0.0055721380661443165,3.104872262817452e-05,False,True,MODERATE
2016-12-12 13:00:00,BHMBCCMKT01,0.3275563258232236,0.32198578119277954,-0.005570544630444041,0.005570544630444041,3.103096747976894e-05,True,False,MODERATE
2016-12-12 13:00:00,Others-CCCPS119a,0.21905101676774885,0.21348607540130615,-0.005564941366442699,0.005564941366442699,3.096857241194514e-05,True,False,LOW
2016-12-17 15:00:00,BHMBRCBRG03,0.6972909305064782,0.7028512954711914,0.005560364964713238,0.005560364964713238,3.091765854081045e-05,False,True,HIGH
2016-12-10 08:00:00,BHMBCCMKT01,0.024263431542461005,0.0187061857432127,-0.005557245799248305,0.005557245799248305,3.0882980873262936e-05,True,False,LOW
2016-12-11 12:30:00,Shopping,0.5140625,0.5196133852005005,0.0055508852005005105,0.0055508852005005105,3.0812326509135595e-05,False,True,HIGH
2016-12-16 12:00:00,Broad Street,0.7420289855072464,0.7475731372833252,0.0055441517760788095,0.0055441517760788095,3.073761891619782e-05,False,True,HIGH
2016-12-15 14:00:00,Others-CCCPS135a,0.8496008241050734,0.8440589904785156,-0.005541833626557802,0.005541833626557802,3.0711919944446796e-05,True,False,VERY_HIGH
2016-12-09 12:30:00,BHMBRCBRG03,0.45936395759717313,0.4649044871330261,0.005540529535852989,0.005540529535852989,3.069746753765934e-05,False,True,MODERATE
2016-12-08 16:00:00,NIA Car Parks,0.16246056782334384,0.156922847032547,-0.005537720790796841,0.005537720790796841,3.0666351556823584e-05,True,False,LOW
2016-12-11 15:30:00,Others-CCCPS8,0.7019667170953101,0.7075005769729614,0.005533859877651315,0.005533859877651315,3.062360514547902e-05,False,True,HIGH
2016-12-18 08:30:00,Bull Ring,0.057648214870619066,0.06318146735429764,0.005533252483678572,0.005533252483678572,3.061688304813508e-05,False,True,LOW
2016-12-16 14:30:00,NIA Car Parks,0.12302839116719243,0.11749739944934845,-0.005530991717843978,0.005530991717843978,3.059186938285868e-05,True,False,LOW
2016-12-16 09:00:00,BHMBCCTHL01,0.6511627906976745,0.6456338763237,-0.005528914373974514,0.005528914373974514,3.056889415474199e-05,True,False,HIGH
2016-12-15 14:30:00,BHMBCCMKT01,0.28422876949740034,0.27870574593544006,-0.005523023561960272,0.005523023561960272,3.050378926596833e-05,True,False,MODERATE
2016-12-19 13:00:00,Others-CCCPS98,0.5916854656783758,0.597206711769104,0.005521246090728238,0.005521246090728238,3.048415839438185e-05,False,True,HIGH
2016-12-12 13:00:00,BHMBRCBRG01,1.0,0.9944838285446167,-0.005516171455383301,0.005516171455383301,3.0428147525185523e-05,True,False,VERY_HIGH
2016-12-10 13:00:00,BHMNCPLDH01,0.6833333333333333,0.6778189539909363,-0.005514379342397069,0.005514379342397069,3.040837953185553e-05,True,False,HIGH
2016-12-16 08:00:00,BHMBRCBRG02,0.11725293132328309,0.12276598066091537,0.005513049337632289,0.005513049337632289,3.0393712999167823e-05,False,True,LOW
2016-12-11 11:30:00,BHMBCCMKT01,0.2807625649913345,0.2862741947174072,0.00551162972607272,0.00551162972607272,3.0378062237328446e-05,False,True,MODERATE
2016-12-18 12:30:00,BHMBCCPST01,0.5425867507886435,0.5480924844741821,0.0055057336855386385,0.0055057336855386385,3.031310341607488e-05,False,True,HIGH
2016-12-18 09:30:00,Broad Street,0.1492753623188406,0.15477828681468964,0.005502924495849049,0.005502924495849049,3.0282178007015506e-05,False,True,LOW
2016-12-19 11:00:00,BHMBRCBRG03,0.4299175500588928,0.4354124963283539,0.005494946269461065,0.005494946269461065,3.0194434504264077e-05,False,True,MODERATE
2016-12-16 15:30:00,Others-CCCPS133,0.6094117647058823,0.6149019002914429,0.005490135585560552,0.005490135585560552,3.01415887478383e-05,False,True,HIGH
2016-12-09 09:00:00,Others-CCCPS202,0.32618318011576436,0.33167243003845215,0.005489249922687789,0.005489249922687789,3.0131864713727895e-05,False,True,MODERATE
2016-12-13 15:30:00,BHMEURBRD01,0.8191489361702128,0.8246329426765442,0.005484006506331407,0.005484006506331407,3.0074327361485203e-05,False,True,VERY_HIGH
2016-12-11 12:00:00,Others-CCCPS8,0.6921331316187594,0.6976065039634705,0.005473372344711014,0.005473372344711014,2.9957804823847342e-05,False,True,HIGH
2016-12-13 12:30:00,Shopping,0.8098958333333334,0.8044227957725525,-0.00547303756078088,0.00547303756078088,2.9954140141718327e-05,True,False,VERY_HIGH
2016-12-08 15:30:00,Others-CCCPS133,0.5803208556149733,0.5748503804206848,-0.005470475194288449,0.005470475194288449,2.9926098851325242e-05,True,False,HIGH
2016-12-17 11:30:00,BHMNCPPLS01,0.29777777777777775,0.29231885075569153,-0.005458927022086224,0.005458927022086224,2.979988423246317e-05,True,False,MODERATE
2016-12-10 15:30:00,BHMBRCBRG02,0.9715242881072027,0.9660658836364746,-0.005458404470728095,0.005458404470728095,2.979417936606446e-05,True,False,VERY_HIGH
2016-12-08 16:00:00,BHMBCCPST01,0.3911671924290221,0.3857094645500183,-0.005457727879003782,0.005457727879003782,2.978679360125512e-05,True,False,MODERATE
2016-12-18 09:00:00,BHMBCCMKT01,0.01386481802426343,0.019321704283356667,0.005456886259093236,0.005456886259093236,2.9777607644680568e-05,False,True,LOW
2016-12-14 12:30:00,Broad Street,0.9072463768115943,0.9127017259597778,0.005455349148183575,0.005455349148183575,2.9760834328587256e-05,False,True,VERY_HIGH
2016-12-18 08:30:00,BHMEURBRD01,0.13404255319148936,0.1394975781440735,0.0054550249525841255,0.0054550249525841255,2.975729723331544e-05,False,True,LOW
2016-12-18 11:30:00,BHMNCPRAN01,0.14333333333333334,0.13787885010242462,-0.005454483230908719,0.005454483230908719,2.9751387316264415e-05,True,False,LOW
2016-12-17 09:30:00,Others-CCCPS105a,0.45744151319064214,0.46289506554603577,0.005453552355393632,0.005453552355393632,2.9741233293019426e-05,False,True,MODERATE
2016-12-19 14:30:00,BHMNCPRAN01,0.755,0.7604465484619141,0.005446548461914058,0.005446548461914058,2.966489014797839e-05,False,True,VERY_HIGH
2016-12-16 14:30:00,NIA South,0.19416243654822335,0.1887200027704239,-0.00544243377779946,0.00544243377779946,2.9620085425732505e-05,True,False,LOW
2016-12-17 13:30:00,BHMBCCPST01,0.9873817034700315,0.9819541573524475,-0.005427546117584003,0.005427546117584003,2.945825685850119e-05,True,False,VERY_HIGH
2016-12-15 15:00:00,BHMMBMMBX01,0.9606986899563319,0.9552764296531677,-0.0054222603031641725,0.0054222603031641725,2.9400906795270023e-05,True,False,VERY_HIGH
2016-12-12 11:30:00,BHMNCPLDH01,0.9333333333333333,0.9387503266334534,0.005416993300120021,0.005416993300120021,2.9343816413545197e-05,False,True,VERY_HIGH
2016-12-17 13:00:00,Broad Street,0.34492753623188405,0.35034289956092834,0.005415363329044298,0.005415363329044298,2.9326159985557744e-05,False,True,MODERATE
2016-12-10 08:00:00,Others-CCCPS119a,0.13628255440599357,0.13087695837020874,-0.005405596035784832,0.005405596035784832,2.9220468502092693e-05,True,False,LOW
2016-12-16 15:00:00,Others-CCCPS135a,0.6564511975276848,0.6618556380271912,0.005404440499506391,0.005404440499506391,2.920797711270489e-05,False,True,HIGH
2016-12-13 08:00:00,BHMNCPNHS01,0.376,0.3706098794937134,-0.005390120506286622,0.005390120506286622,2.905339907229155e-05,True,False,MODERATE
2016-12-09 11:00:00,Others-CCCPS202,0.4065372829417773,0.40114790201187134,-0.005389380929905985,0.005389380929905985,2.9045426807634297e-05,True,False,MODERATE
2016-12-14 15:00:00,Bull Ring,0.5941696691778579,0.5995581150054932,0.005388445827635313,0.005388445827635313,2.9035348437360415e-05,False,True,HIGH
2016-12-09 10:30:00,Others-CCCPS105a,0.6460925833748133,0.6407175064086914,-0.005375076966121939,0.005375076966121939,2.8891452391734627e-05,True,False,HIGH
2016-12-15 12:30:00,Others-CCCPS119a,0.24366749910809846,0.23829254508018494,-0.00537495402791352,0.00537495402791352,2.889013080218377e-05,True,False,LOW
2016-12-19 12:30:00,Broad Street,0.8855072463768116,0.8801324963569641,-0.005374750019847441,0.005374750019847441,2.8887937775850063e-05,True,False,VERY_HIGH
2016-12-17 14:30:00,BHMBRTARC01,0.7600806451612904,0.7547082901000977,-0.005372355061192713,0.005372355061192713,2.8862198903522958e-05,True,False,VERY_HIGH
2016-12-16 14:30:00,BHMMBMMBX01,0.8020378457059679,0.807404637336731,0.005366791630763035,0.005366791630763035,2.8802452408028154e-05,False,True,VERY_HIGH
2016-12-14 14:30:00,BHMBRCBRG02,0.6800670016750419,0.6747004389762878,-0.005366562698754018,0.005366562698754018,2.879999519965801e-05,True,False,HIGH
2016-12-15 13:30:00,Others-CCCPS202,0.4627170582226762,0.4573569893836975,-0.0053600688389787154,0.0053600688389787154,2.8730337958590635e-05,True,False,MODERATE
2016-12-17 15:00:00,BHMNCPLDH01,0.6472222222222223,0.6525762677192688,0.0053540454970465445,0.0053540454970465445,2.866580318444438e-05,False,True,HIGH
2016-12-15 10:30:00,Shopping,0.7411458333333333,0.7464958429336548,0.005350009600321504,0.005350009600321504,2.8622602723532255e-05,False,True,HIGH
2016-12-13 12:30:00,BHMBCCTHL01,1.0,0.9946537017822266,-0.0053462982177734375,0.0053462982177734375,2.8582904633367434e-05,True,False,VERY_HIGH
2016-12-19 13:00:00,BHMBCCMKT01,0.5043327556325823,0.49899303913116455,-0.005339716501417735,0.005339716501417735,2.8512572315512856e-05,True,False,HIGH
2016-12-10 10:30:00,Others-CCCPS8,0.5355521936459909,0.5302127599716187,-0.005339433674372285,0.005339433674372285,2.8509551963020718e-05,True,False,HIGH
2016-12-16 12:30:00,BHMBRCBRG03,0.46878680800942285,0.46344926953315735,-0.005337538476265502,0.005337538476265502,2.8489316985614658e-05,True,False,MODERATE
2016-12-14 13:00:00,BHMNCPNHS01,0.89,0.8846656680107117,-0.005334331989288343,0.005334331989288343,2.8455097771944937e-05,True,False,VERY_HIGH
2016-12-18 15:30:00,BHMEURBRD02,0.18181818181818182,0.1764894425868988,-0.0053287392312830195,0.0053287392312830195,2.8395461795014746e-05,True,False,LOW
2016-12-13 16:00:00,BHMBRCBRG03,0.30977620730270905,0.315103143453598,0.005326936150888972,0.005326936150888972,2.837624875564782e-05,False,True,MODERATE
2016-12-13 10:00:00,BHMBCCPST01,0.2807570977917981,0.2860831022262573,0.005326004434459242,0.005326004434459242,2.8366323235879505e-05,False,True,MODERATE
2016-12-16 10:30:00,BHMBCCMKT01,0.2651646447140381,0.27048569917678833,0.005321054462750219,0.005321054462750219,2.831362059555402e-05,False,True,MODERATE
2016-12-11 09:00:00,Others-CCCPS105a,0.3792931806869089,0.3846132755279541,0.005320094841045175,0.005320094841045175,2.830340911771549e-05,False,True,MODERATE
2016-12-15 14:00:00,Others-CCCPS119a,0.23902961113093116,0.233718603849411,-0.005311007281520147,0.005311007281520147,2.8206798344360022e-05,True,False,LOW
2016-12-19 11:30:00,BHMNCPLDH01,0.8222222222222222,0.8169257044792175,-0.005296517743004658,0.005296517743004658,2.8053100201963162e-05,True,False,VERY_HIGH
2016-12-09 10:00:00,Others-CCCPS135a,0.7463301570950296,0.7516225576400757,0.005292400545046094,0.005292400545046094,2.8009503529204195e-05,False,True,HIGH
2016-12-09 14:00:00,Shopping,0.6994791666666667,0.7047713398933411,0.005292173226674413,0.005292173226674413,2.8007097461129463e-05,False,True,HIGH
2016-12-17 10:30:00,BHMBRTARC01,0.7580645161290323,0.7633557915687561,0.005291275439723853,0.005291275439723853,2.799759577902485e-05,False,True,VERY_HIGH
2016-12-18 13:30:00,BHMBRCBRG01,0.999009900990099,0.9937244653701782,-0.005285435619920786,0.005285435619920786,2.7935829692327428e-05,True,False,VERY_HIGH
2016-12-18 09:00:00,BHMBCCSNH01,0.2885283893395133,0.2832431197166443,-0.0052852696228690155,0.0052852696228690155,2.7934074986421986e-05,True,False,MODERATE
2016-12-14 08:00:00,BHMBRCBRG02,0.09882747068676717,0.09355036914348602,-0.0052771015432811486,0.0052771015432811486,2.784780069810028e-05,True,False,LOW
2016-12-19 11:00:00,BHMBCCPST01,0.5362776025236593,0.5310044288635254,-0.005273173660133912,0.005273173660133912,2.7806360449930077e-05,True,False,HIGH
2016-12-15 16:00:00,Others-CCCPS98,0.3941347083467612,0.38886359333992004,-0.005271115006841132,0.005271115006841132,2.7784653415345784e-05,True,False,MODERATE
2016-12-19 14:30:00,Shopping,0.7744791666666667,0.7692086696624756,-0.0052704970041911325,0.0052704970041911325,2.7778138671187703e-05,True,False,VERY_HIGH
2016-12-14 14:00:00,BHMNCPRAN01,0.9266666666666666,0.9213963747024536,-0.005270291964213025,0.005270291964213025,2.777597738804839e-05,True,False,VERY_HIGH
2016-12-18 09:00:00,Others-CCCPS133,0.14759358288770053,0.1528620719909668,0.005268489103266272,0.005268489103266272,2.7756977431235443e-05,False,True,LOW
2016-12-09 12:30:00,BHMBCCSNH01,0.9837775202780996,0.9785106182098389,-0.005266902068260748,0.005266902068260748,2.7740257396649346e-05,True,False,VERY_HIGH
2016-12-12 08:30:00,BHMNCPRAN01,0.6366666666666667,0.6419322490692139,0.005265582402547153,0.005265582402547153,2.772635803801425e-05,False,True,HIGH
2016-12-11 09:00:00,BHMEURBRD01,0.1127659574468085,0.11803098022937775,0.00526502278256924,0.00526502278256924,2.772046490097314e-05,False,True,LOW
2016-12-14 14:00:00,BHMBCCSNH01,0.944380069524913,0.9496404528617859,0.0052603833368728425,0.0052603833368728425,2.7671632850849463e-05,False,True,VERY_HIGH
2016-12-13 15:00:00,Others-CCCPS135a,0.8058202420808653,0.8005627393722534,-0.005257502708611916,0.005257502708611916,2.7641334731061637e-05,True,False,VERY_HIGH
2016-12-08 15:30:00,BHMBCCTHL01,0.9715762273901809,0.9768300652503967,0.0052538378602158264,0.0052538378602158264,2.7602812261437213e-05,False,True,VERY_HIGH
2016-12-14 14:00:00,Bull Ring,0.6878480183426138,0.6825955510139465,-0.005252467328667243,0.005252467328667243,2.7588413038716803e-05,True,False,HIGH
2016-12-11 09:00:00,Others-CCCPS133,0.17689839572192514,0.18214741349220276,0.005249017770277614,0.005249017770277614,2.7552187552690175e-05,False,True,LOW
2016-12-12 09:00:00,Bull Ring,0.16508352440222732,0.15983563661575317,-0.0052478877864741424,0.0052478877864741424,2.7540326219424474e-05,True,False,LOW
2016-12-15 11:00:00,BHMBCCSNH01,0.9872537659327926,0.9820066094398499,-0.005247156492942717,0.005247156492942717,2.7532651261430916e-05,True,False,VERY_HIGH
2016-12-12 15:30:00,BHMNCPNST01,0.5814432989690722,0.5761967301368713,-0.005246568832200871,0.005246568832200871,2.752648451102161e-05,True,False,HIGH
2016-12-12 14:00:00,BHMBCCTHL01,1.0,0.9947535395622253,-0.005246460437774658,0.005246460437774658,2.7525347125134658e-05,True,False,VERY_HIGH
2016-12-13 15:00:00,BHMNCPNST01,0.5567010309278351,0.5619421601295471,0.005241129201712047,0.005241129201712047,2.746943530903876e-05,False,True,HIGH
2016-12-17 13:30:00,BHMBRTARC01,0.7358870967741935,0.7411240339279175,0.005236937153723975,0.005236937153723975,2.7425510752054568e-05,False,True,HIGH
2016-12-12 13:30:00,Others-CCCPS119a,0.21762397431323582,0.21238914132118225,-0.005234832992053573,0.005234832992053573,2.7403476454692562e-05,True,False,LOW
2016-12-16 10:30:00,Others-CCCPS135a,0.7535410764872521,0.758773148059845,0.005232071572592867,0.005232071572592867,2.7374572940734395e-05,False,True,VERY_HIGH
2016-12-10 11:30:00,Others-CCCPS8,0.6006051437216339,0.5953843593597412,-0.005220784361892661,0.005220784361892661,2.7256589353382958e-05,True,False,HIGH
2016-12-09 11:30:00,Bull Ring,0.7088110055682935,0.7035952210426331,-0.005215784525660405,0.005215784525660405,2.7204408218118538e-05,True,False,HIGH
2016-12-16 11:30:00,Others-CCCPS98,0.2958427328391879,0.3010577857494354,0.005215052910247542,0.005215052910247542,2.7196776856681355e-05,False,True,MODERATE
2016-12-12 14:30:00,Bull Ring,0.7173272191287259,0.7225416898727417,0.00521447074401582,0.00521447074401582,2.71907051401969e-05,False,True,HIGH
2016-12-09 16:00:00,Others-CCCPS133,0.5180748663101604,0.5128613114356995,-0.005213554874460957,0.005213554874460957,2.718115442901561e-05,True,False,HIGH
2016-12-15 13:30:00,Others-CCCPS119a,0.24117017481270067,0.23595701158046722,-0.005213163232233448,0.005213163232233448,2.7177070885910688e-05,True,False,LOW
2016-12-17 11:00:00,BHMBCCSNH01,0.6512166859791425,0.6564193964004517,0.0052027104213091535,0.0052027104213091535,2.706819572799887e-05,False,True,HIGH
2016-12-11 09:30:00,BHMNCPHST01,0.16833333333333333,0.17353515326976776,0.005201819936434426,0.005201819936434426,2.705893065108666e-05,False,True,LOW
2016-12-13 14:30:00,Shopping,0.7557291666666667,0.7505313754081726,-0.005197791258494067,0.005197791258494067,2.7017033966877334e-05,True,False,VERY_HIGH
2016-12-15 13:30:00,Bull Ring,0.7278087127415657,0.7226130962371826,-0.005195616504383049,0.005195616504383049,2.6994430860617535e-05,True,False,HIGH
2016-12-12 09:00:00,BHMBCCSNH01,0.7543453070683661,0.7595386505126953,0.0051933434443292015,0.0051933434443292015,2.6970816130757092e-05,False,True,VERY_HIGH
2016-12-13 15:00:00,NIA Car Parks,0.1332807570977918,0.13847140967845917,0.005190652580667365,0.005190652580667365,2.694287421318878e-05,False,True,LOW
2016-12-14 12:00:00,BHMBRCBRG03,0.3498233215547703,0.35501161217689514,0.005188290622124836,0.005188290622124836,2.6918359579628516e-05,False,True,MODERATE
2016-12-15 09:00:00,Others-CCCPS105a,0.4873071179691389,0.4924750328063965,0.005167914837257592,0.005167914837257592,2.6707343765147167e-05,False,True,MODERATE
2016-12-12 11:00:00,BHMNCPRAN01,0.8466666666666667,0.8518322110176086,0.005165544350941964,0.005165544350941964,2.6682848441548436e-05,False,True,VERY_HIGH
2016-12-13 09:00:00,Others-CCCPS133,0.2962566844919786,0.3014220595359802,0.005165375044001608,0.005165375044001608,2.668109934519461e-05,False,True,MODERATE
2016-12-12 16:00:00,BHMNCPNST01,0.5690721649484536,0.5639107823371887,-0.005161382611264864,0.005161382611264864,2.663987045986731e-05,True,False,HIGH
2016-12-10 08:30:00,BHMEURBRD01,0.13829787234042554,0.1434512436389923,0.005153371298566772,0.005153371298566772,2.655723574089178e-05,False,True,LOW
2016-12-10 13:30:00,Others-CCCPS133,0.8231016042780749,0.8282434940338135,0.005141889755738593,0.005141889755738593,2.643903026016949e-05,False,True,VERY_HIGH
2016-12-18 11:00:00,BHMNCPRAN01,0.14833333333333334,0.1534736454486847,0.005140312115351348,0.005140312115351348,2.6422808643227844e-05,False,True,LOW
2016-12-13 14:30:00,BHMEURBRD01,0.8957446808510638,0.9008828401565552,0.00513815930549133,0.00513815930549133,2.6400681048607146e-05,False,True,VERY_HIGH
2016-12-16 13:30:00,BHMBCCMKT01,0.31542461005199307,0.3103010952472687,-0.005123514804724394,0.005123514804724394,2.6250403954230046e-05,True,False,MODERATE
2016-12-11 08:30:00,BHMBCCMKT01,0.005199306759098787,0.01031816191971302,0.005118855160614233,0.005118855160614233,2.6202678155346966e-05,False,True,LOW
2016-12-17 08:00:00,Shopping,0.19791666666666666,0.2030339241027832,0.005117257436116546,0.005117257436116546,2.6186323667490084e-05,False,True,LOW
2016-12-17 11:30:00,Others-CCCPS202,0.27477017364657813,0.2696550190448761,-0.005115154601702032,0.005115154601702032,2.6164806599313476e-05,True,False,MODERATE
2016-12-09 11:30:00,Others-CCCPS202,0.41300646918624445,0.41811448335647583,0.005108014170231379,0.005108014170231379,2.609180876328456e-05,False,True,MODERATE
2016-12-08 15:00:00,BHMBCCMKT01,0.2564991334488735,0.26160159707069397,0.0051024636218204855,0.0051024636218204855,2.6035135012001427e-05,False,True,MODERATE
2016-12-14 12:30:00,BHMNCPPLS01,0.31777777777777777,0.3126773536205292,-0.005100424157248595,0.005100424157248595,2.6014326583845045e-05,True,False,MODERATE
2016-12-12 15:00:00,Others-CCCPS135a,0.7661601854236415,0.7712562680244446,0.005096082600803076,0.005096082600803076,2.597005787420784e-05,False,True,VERY_HIGH
2016-12-15 09:30:00,BHMBRCBRG03,0.20848056537102475,0.21357524394989014,0.0050946785788653914,0.0050946785788653914,2.5955749821949886e-05,False,True,LOW
2016-12-11 16:00:00,BHMBCCPST01,0.637223974763407,0.6423176527023315,0.005093677938924568,0.005093677938924568,2.5945554945486834e-05,False,True,HIGH
2016-12-17 11:30:00,BHMBRCBRG01,1.0,0.994909942150116,-0.005090057849884033,0.005090057849884033,2.5908688915166067e-05,True,False,VERY_HIGH
2016-12-16 08:00:00,BHMEURBRD01,0.425531914893617,0.420442134141922,-0.005089780751695028,0.005089780751695028,2.5905868100325203e-05,True,False,MODERATE
2016-12-09 14:00:00,BHMNCPNHS01,0.652,0.6570773720741272,0.005077372074127173,0.005077372074127173,2.5779707179126474e-05,False,True,HIGH
2016-12-14 15:30:00,Others-CCCPS135a,0.7419520988926088,0.7368760108947754,-0.005076087997833434,0.005076087997833434,2.576666936174864e-05,True,False,HIGH
2016-12-16 14:30:00,Others-CCCPS119a,0.19907242240456655,0.19400064647197723,-0.005071775932589312,0.005071775932589312,2.5722911110392185e-05,True,False,LOW
2016-12-09 08:00:00,BHMBRCBRG03,0.11425206124852769,0.11931941658258438,0.005067355334056695,0.005067355334056695,2.5678090081592834e-05,False,True,LOW
2016-12-17 15:00:00,Others-CCCPS98,0.5807283274250725,0.575661838054657,-0.005066489370415539,0.005066489370415539,2.5669314540533645e-05,True,False,HIGH
2016-12-09 11:30:00,Others-CCCPS135a,0.7844450167396343,0.7793830633163452,-0.005061953423289078,0.005061953423289078,2.5623372459548018e-05,True,False,VERY_HIGH
2016-12-09 11:30:00,Others-CCCPS119a,0.21798073492686407,0.22303465008735657,0.0050539151604925,0.0050539151604925,2.5542058449455935e-05,False,True,LOW
2016-12-09 13:30:00,Others-CCCPS119a,0.21869425615412058,0.21364302933216095,-0.005051226821959631,0.005051226821959631,2.5514892406884396e-05,True,False,LOW
2016-12-17 14:00:00,Others-CCCPS98,0.5646148888172736,0.5595637559890747,-0.005051132828198912,0.005051132828198912,2.551394284810874e-05,True,False,HIGH
2016-12-18 10:30:00,BHMEURBRD02,0.11363636363636363,0.11865778267383575,0.005021419037472122,0.005021419037472122,2.5214649149887452e-05,False,True,LOW
2016-12-08 15:00:00,Others-CCCPS119a,0.22083481983589012,0.2158174067735672,-0.005017413062322923,0.005017413062322923,2.5174433837968693e-05,True,False,LOW
2016-12-12 08:00:00,NIA Car Parks,0.07334384858044164,0.07836049795150757,0.005016649371065926,0.005016649371065926,2.516677091221615e-05,False,True,LOW
2016-12-18 16:00:00,Shopping,0.378125,0.37312307953834534,-0.005001920461654652,0.005001920461654652,2.5019208304719487e-05,True,False,MODERATE
2016-12-16 11:00:00,BHMNCPHST01,0.6275,0.622500479221344,-0.004999520778655953,0.004999520778655953,2.4995208016212623e-05,True,False,HIGH
2016-12-10 08:30:00,Shopping,0.21197916666666666,0.21697066724300385,0.004991500576337182,0.004991500576337182,2.4915078003574423e-05,False,True,LOW
2016-12-12 15:30:00,Others-CCCPS202,0.4044943820224719,0.3995033800601959,-0.004991001962275976,0.004991001962275976,2.4910100587442642e-05,True,False,MODERATE
2016-12-14 10:00:00,BHMBCCPST01,0.29652996845425866,0.30151739716529846,0.004987428711039799,0.004987428711039799,2.4874445147704108e-05,False,True,MODERATE
2016-12-10 13:00:00,BHMBCCSNH01,0.7844727694090382,0.7794853448867798,-0.004987424522258421,0.004987424522258421,2.487440336522464e-05,True,False,VERY_HIGH
2016-12-09 08:30:00,BHMBCCMKT01,0.04679376083188908,0.05177890509366989,0.004985144261780809,0.004985144261780809,2.485166331076613e-05,False,True,LOW
2016-12-15 12:30:00,Others-CCCPS133,0.7193582887700535,0.7143779993057251,-0.00498028946432838,0.00498028946432838,2.4803283148500265e-05,True,False,HIGH
2016-12-12 12:30:00,BHMNCPLDH01,0.9555555555555556,0.960533857345581,0.004978301790025452,0.004978301790025452,2.4783488712570622e-05,False,True,VERY_HIGH
2016-12-11 08:30:00,Others-CCCPS8,0.2897125567322239,0.29468831419944763,0.004975757467223729,0.004975757467223729,2.47581623726327e-05,False,True,MODERATE
2016-12-18 09:00:00,Others-CCCPS105a,0.313588850174216,0.3086172938346863,-0.004971556339529726,0.004971556339529726,2.4716372437118206e-05,True,False,MODERATE
2016-12-16 15:00:00,BHMEURBRD01,0.7659574468085106,0.7609863877296448,-0.004971059078865858,0.004971059078865858,2.4711428365574675e-05,True,False,VERY_HIGH
2016-12-09 09:30:00,Others-CCCPS8,0.4682299546142209,0.47319933772087097,0.0049693831066500715,0.0049693831066500715,2.4694768460659118e-05,False,True,MODERATE
2016-12-09 14:30:00,BHMNCPPLS01,0.29777777777777775,0.3027386963367462,0.0049609185589684635,0.0049609185589684635,2.4610712948717736e-05,False,True,MODERATE
2016-12-14 14:30:00,Others-CCCPS8,0.6172465960665658,0.6122865676879883,-0.004960028378577563,0.004960028378577563,2.460188151629477e-05,True,False,HIGH
2016-12-12 11:30:00,BHMBRCBRG01,1.0,0.995040774345398,-0.004959225654602051,0.004959225654602051,2.459391909326314e-05,True,False,VERY_HIGH
2016-12-10 10:00:00,Others-CCCPS8,0.48940998487140697,0.4844537675380707,-0.004956217333336288,0.004956217333336288,2.4564090255263065e-05,True,False,MODERATE
2016-12-12 08:00:00,Broad Street,0.391304347826087,0.3863506615161896,-0.004953686309897398,0.004953686309897398,2.45390080568649e-05,True,False,MODERATE
2016-12-18 15:30:00,BHMNCPRAN01,0.10666666666666667,0.11161985993385315,0.004953193267186476,0.004953193267186476,2.4534123542101434e-05,False,True,LOW
2016-12-13 10:00:00,Others-CCCPS119a,0.19336425258651446,0.19831721484661102,0.004952962260096561,0.004952962260096561,2.453183514994083e-05,False,True,LOW
2016-12-09 13:00:00,Others-CCCPS133,0.7649197860962567,0.759969174861908,-0.004950611234348701,0.004950611234348701,2.4508551593659565e-05,True,False,VERY_HIGH
2016-12-12 09:00:00,Broad Street,0.6681159420289855,0.6730652451515198,0.0049493031225342765,0.0049493031225342765,2.449560139872754e-05,False,True,HIGH
2016-12-19 14:30:00,Others-CCCPS135a,0.7988668555240793,0.7939212918281555,-0.004945563695923805,0.004945563695923805,2.4458600270439524e-05,True,False,VERY_HIGH
2016-12-13 12:30:00,Others-CCCPS8,0.6497730711043873,0.6547159552574158,0.0049428841530284595,0.0049428841530284595,2.443210375025987e-05,False,True,HIGH
2016-12-10 15:00:00,BHMBRCBRG02,0.9974874371859297,0.9925514459609985,-0.004935991224931158,0.004935991224931158,2.436400937259739e-05,True,False,VERY_HIGH
2016-12-13 08:00:00,NIA Car Parks,0.07413249211356467,0.0790596678853035,0.0049271757717388315,0.0049271757717388315,2.427706108561015e-05,False,True,LOW
2016-12-13 14:00:00,BHMBCCTHL01,0.9922480620155039,0.9873212575912476,-0.004926804424256304,0.004926804424256304,2.427340183487149e-05,True,False,VERY_HIGH
2016-12-15 10:30:00,Others-CCCPS105a,0.6470881035340965,0.6421698331832886,-0.004918270350807941,0.004918270350807941,2.4189383243636463e-05,True,False,HIGH
2016-12-15 13:00:00,Others-CCCPS135a,0.8686582539273757,0.8637494444847107,-0.00490880944266503,0.00490880944266503,2.4096410144397358e-05,True,False,VERY_HIGH
2016-12-10 08:30:00,BHMBCCPST01,0.17350157728706625,0.16860657930374146,-0.004894997983324795,0.004894997983324795,2.3961005256753806e-05,True,False,LOW
2016-12-14 12:30:00,BHMBRTARC01,0.8366935483870968,0.8318009376525879,-0.004892610734508862,0.004892610734508862,2.393763979943135e-05,True,False,VERY_HIGH
2016-12-12 13:00:00,NIA South,0.2703045685279188,0.2654213607311249,-0.004883207796793909,0.004883207796793909,2.3845718386668823e-05,True,False,MODERATE
2016-12-11 16:00:00,BHMEURBRD02,0.15454545454545454,0.14966623485088348,-0.0048792196945710575,0.0048792196945710575,2.3806784827890084e-05,True,False,LOW
2016-12-13 12:30:00,BHMBRCBRG01,1.0,0.9951230883598328,-0.004876911640167236,0.004876911640167236,2.3784267145998683e-05,True,False,VERY_HIGH
2016-12-09 12:30:00,BHMBCCTHL01,1.0,0.9951317310333252,-0.004868268966674805,0.004868268966674805,2.370004273188897e-05,True,False,VERY_HIGH
2016-12-19 10:30:00,BHMMBMMBX01,0.7962154294032023,0.7913479208946228,-0.004867508508579532,0.004867508508579532,2.3692639081094142e-05,True,False,VERY_HIGH
2016-12-15 11:30:00,Others-CCCPS98,0.37093135675153077,0.36606404185295105,-0.004867314898579722,0.004867314898579722,2.369075432193613e-05,True,False,MODERATE
2016-12-16 13:30:00,Others-CCCPS135a,0.7491630182848313,0.7540231943130493,0.004860176028217977,0.004860176028217977,2.3621311025264672e-05,False,True,HIGH
2016-12-19 08:30:00,BHMBRCBRG03,0.1696113074204947,0.17447057366371155,0.0048592662432168365,0.0048592662432168365,2.3612468422466668e-05,False,True,LOW
2016-12-15 12:30:00,Shopping,0.7859375,0.7810806632041931,-0.00485683679580684,0.00485683679580684,2.3588863661103255e-05,True,False,VERY_HIGH
2016-12-15 14:00:00,BHMNCPNHS01,0.892,0.88714599609375,-0.004854003906250015,0.004854003906250015,2.3561353921890405e-05,True,False,VERY_HIGH
2016-12-15 15:30:00,Others-CCCPS135a,0.7427246973989183,0.7475699186325073,0.004845221233588992,0.004845221233588992,2.3476168802421636e-05,False,True,HIGH
2016-12-16 12:30:00,Others-CCCPS98,0.293586851434096,0.29843029379844666,0.004843442364350636,0.004843442364350636,2.3458933936786483e-05,False,True,MODERATE
2016-12-16 16:00:00,Others-CCCPS119a,0.1962183374955405,0.19137540459632874,-0.004842932899211755,0.004842932899211755,2.3453999066267572e-05,True,False,LOW
2016-12-13 09:00:00,Broad Street,0.7333333333333333,0.7381759881973267,0.004842654863993379,0.004842654863993379,2.345130613175873e-05,False,True,HIGH
2016-12-13 15:00:00,BHMNCPNHS01,0.928,0.932837963104248,0.004837963104248,0.004837963104248,2.3405886998064943e-05,False,True,VERY_HIGH
2016-12-12 10:00:00,BHMBCCPST01,0.2586750788643533,0.253837913274765,-0.004837165589588299,0.004837165589588299,2.339817094109712e-05,True,False,MODERATE
2016-12-19 08:30:00,Others-CCCPS202,0.2570650323459312,0.2618944048881531,0.004829372542221877,0.004829372542221877,2.3322839151566595e-05,False,True,MODERATE
2016-12-09 15:30:00,BHMBCCTHL01,0.9689922480620154,0.9641687870025635,-0.004823461059451972,0.004823461059451972,2.3265776592049543e-05,True,False,VERY_HIGH
2016-12-18 15:00:00,BHMNCPPLS01,0.5022222222222222,0.5070456266403198,0.004823404418097588,0.004823404418097588,2.326523018052333e-05,False,True,HIGH
2016-12-10 09:00:00,BHMNCPPLS01,0.12222222222222222,0.12704192101955414,0.00481969879733192,0.00481969879733192,2.3229496497002756e-05,False,True,LOW
2016-12-11 11:00:00,BHMNCPLDH01,0.42916666666666664,0.43398600816726685,0.004819341500600205,0.004819341500600205,2.3226052499407434e-05,False,True,MODERATE
2016-12-13 11:30:00,BHMBRTARC01,0.7943548387096774,0.7991663217544556,0.0048114830447781864,0.0048114830447781864,2.3150369090187968e-05,False,True,VERY_HIGH
2016-12-18 13:00:00,Others-CCCPS8,0.6422087745839636,0.6374012231826782,-0.004807551401285415,0.004807551401285415,2.3112550476001355e-05,True,False,HIGH
2016-12-09 10:00:00,BHMEURBRD01,0.7276595744680852,0.7324656844139099,0.004806109945824755,0.004806109945824755,2.3098692811355626e-05,False,True,HIGH
2016-12-12 12:00:00,Others-CCCPS202,0.435478379298604,0.44028016924858093,0.004801789949976931,0.004801789949976931,2.305718672369946e-05,False,True,MODERATE
2016-12-10 15:30:00,BHMBRCBRG01,0.998019801980198,0.9932182431221008,-0.004801558858097188,0.004801558858097188,2.3054967467771572e-05,True,False,VERY_HIGH
2016-12-17 13:00:00,BHMBRCBRG03,0.6525323910482921,0.6573326587677002,0.004800267719408113,0.004800267719408113,2.304257017799157e-05,False,True,HIGH
2016-12-12 10:30:00,Others-CCCPS135a,0.8189544166881277,0.8141624331474304,-0.00479198354069732,0.00479198354069732,2.2963106254314023e-05,True,False,VERY_HIGH
2016-12-15 13:30:00,Others-CCCPS135a,0.8673705897501931,0.8625819683074951,-0.004788621442697982,0.004788621442697982,2.2930895321466904e-05,True,False,VERY_HIGH
2016-12-19 12:00:00,BHMNCPNHS01,0.708,0.7032159566879272,-0.004784043312072717,0.004784043312072717,2.2887070411787687e-05,True,False,HIGH
2016-12-19 11:30:00,BHMBCCTHL01,1.0,0.9952203035354614,-0.004779696464538574,0.004779696464538574,2.2845498293122546e-05,True,False,VERY_HIGH
2016-12-18 08:00:00,BHMBCCMKT01,0.006932409012131715,0.011711292900145054,0.0047788838880133385,0.0047788838880133385,2.283773121511348e-05,False,True,LOW
2016-12-16 11:30:00,Others-CCCPS202,0.3970037453183521,0.40177762508392334,0.004773879765571254,0.004773879765571254,2.278992801613065e-05,False,True,MODERATE
2016-12-19 09:30:00,BHMBCCTHL01,0.6847545219638242,0.68952476978302,0.004770247819195772,0.004770247819195772,2.2755264256542018e-05,False,True,HIGH
2016-12-13 14:30:00,Broad Street,0.9043478260869565,0.8995788097381592,-0.004769016348797339,0.004769016348797339,2.2743516935096304e-05,True,False,VERY_HIGH
2016-12-15 12:30:00,NIA South,0.350253807106599,0.345485121011734,-0.004768686094864971,0.004768686094864971,2.2740367071358528e-05,True,False,MODERATE
2016-12-19 12:30:00,BHMEURBRD02,0.8454545454545455,0.8406882286071777,-0.004766316847367724,0.004766316847367724,2.2717776289501403e-05,True,False,VERY_HIGH
2016-12-16 09:30:00,BHMNCPHST01,0.5316666666666666,0.5269050002098083,-0.004761666456858271,0.004761666456858271,2.26734674463692e-05,True,False,HIGH
2016-12-14 10:00:00,Others-CCCPS202,0.43649982975825674,0.44125738739967346,0.004757557641416721,0.004757557641416721,2.2634354711402632e-05,False,True,MODERATE
2016-12-10 15:30:00,Others-CCCPS119a,0.21869425615412058,0.21393774449825287,-0.004756511655867712,0.004756511655867712,2.2624403132405407e-05,True,False,LOW
2016-12-09 11:00:00,Others-CCCPS119a,0.21476988940420977,0.21001721918582916,-0.004752670218380606,0.004752670218380606,2.2587874204681954e-05,True,False,LOW
2016-12-14 15:30:00,NIA Car Parks,0.12933753943217666,0.13408994674682617,0.004752407314649515,0.004752407314649515,2.2585375284334212e-05,False,True,LOW
2016-12-14 14:00:00,BHMNCPNST01,0.6288659793814433,0.6336110234260559,0.004745044044612623,0.004745044044612623,2.251544298531372e-05,False,True,HIGH
2016-12-16 08:00:00,NIA South,0.0901015228426396,0.08536248654127121,-0.004739036301368391,0.004739036301368391,2.2458465065687394e-05,True,False,LOW
2016-12-14 13:00:00,NIA Car Parks,0.1805993690851735,0.1758701056241989,-0.004729263460974575,0.004729263460974575,2.236593288330922e-05,True,False,LOW
2016-12-15 16:00:00,BHMBCCTHL01,0.937984496124031,0.9427130818367004,0.004728585712669431,0.004728585712669431,2.235952284206147e-05,False,True,VERY_HIGH
2016-12-16 16:00:00,BHMBRCBRG01,0.7386138613861386,0.733885645866394,-0.004728215519744561,0.004728215519744561,2.2356022001153328e-05,True,False,HIGH
2016-12-18 12:30:00,Others-CCCPS135a,0.4414112799381921,0.44611790776252747,0.004706627824335341,0.004706627824335341,2.2152345476807627e-05,False,True,MODERATE
2016-12-15 10:30:00,BHMNCPLDH01,0.8805555555555555,0.8758544325828552,-0.004701122972700311,0.004701122972700311,2.210055720445061e-05,True,False,VERY_HIGH
2016-12-16 15:00:00,BHMNCPLDH01,0.6777777777777778,0.6824770569801331,0.004699279202355244,0.004699279202355244,2.208322502168854e-05,False,True,HIGH
2016-12-09 12:30:00,Others-CCCPS135a,0.7906258047901107,0.7859417200088501,-0.004684084781260589,0.004684084781260589,2.194065023803706e-05,True,False,VERY_HIGH
2016-12-09 16:00:00,Others-CCCPS119a,0.2058508740635034,0.20116731524467468,-0.004683558818828704,0.004683558818828704,2.193572320942812e-05,True,False,LOW
2016-12-17 08:00:00,BHMBCCMKT01,0.045060658578856154,0.04037744179368019,-0.004683216785175963,0.004683216785175963,2.193251945695388e-05,True,False,LOW
2016-12-10 10:00:00,BHMEURBRD01,0.15319148936170213,0.15787091851234436,0.004679429150642234,0.004679429150642234,2.1897057175880296e-05,False,True,LOW
2016-12-15 10:00:00,NIA South,0.26903553299492383,0.2737131118774414,0.004677578882517575,0.004677578882517575,2.187974420217436e-05,False,True,MODERATE
2016-12-12 10:30:00,Others-CCCPS98,0.31550112794070256,0.32017576694488525,0.00467463900418269,0.00467463900418269,2.1852249819426132e-05,False,True,MODERATE
2016-12-10 14:00:00,Others-CCCPS119a,0.21869425615412058,0.21402496099472046,-0.004669295159400122,0.004669295159400122,2.1802317285597412e-05,True,False,LOW
2016-12-10 13:30:00,BHMNCPPLS01,0.42,0.41533082723617554,-0.004669172763824447,0.004669172763824447,2.1801174298440027e-05,True,False,MODERATE
2016-12-13 09:00:00,Others-CCCPS202,0.3452502553626149,0.34991854429244995,0.004668288929835063,0.004668288929835063,2.1792921532420594e-05,False,True,MODERATE
2016-12-12 12:30:00,BHMBRCBRG02,0.8375209380234506,0.8421879410743713,0.004667003050920715,0.004667003050920715,2.1780917477303262e-05,False,True,VERY_HIGH
2016-12-16 15:30:00,Others-CCCPS119a,0.19728861933642525,0.19262433052062988,-0.004664288815795364,0.004664288815795364,2.1755590157153724e-05,True,False,LOW
2016-12-13 10:30:00,BHMNCPNST01,0.5876288659793815,0.5922913551330566,0.004662489153675176,0.004662489153675176,2.1738805108138656e-05,False,True,HIGH
2016-12-11 12:30:00,Others-CCCPS135a,0.4939479783672418,0.498604416847229,0.004656438479987202,0.004656438479987202,2.1682419317905522e-05,False,True,MODERATE
2016-12-16 12:00:00,BHMBCCSNH01,0.9652375434530707,0.9605841040611267,-0.004653439391943959,0.004653439391943959,2.1654498174495762e-05,True,False,VERY_HIGH
2016-12-15 11:30:00,Others-CCCPS202,0.4470548178413347,0.45170435309410095,0.004649535252766235,0.004649535252766235,2.1618178066715976e-05,False,True,MODERATE
2016-12-14 13:00:00,BHMEURBRD01,0.9446808510638298,0.9400389790534973,-0.004641872010332504,0.004641872010332504,2.154697576030832e-05,True,False,VERY_HIGH
2016-12-13 16:00:00,BHMBCCMKT01,0.15251299826689774,0.1571534425020218,0.004640444235124053,0.004640444235124053,2.1533722699296053e-05,False,True,LOW
2016-12-18 12:00:00,Others-CCCPS133,0.7052406417112299,0.7006043791770935,-0.004636262534136404,0.004636262534136404,2.149493028543691e-05,True,False,HIGH
2016-12-16 11:30:00,BHMBCCSNH01,0.9629200463499421,0.9582870602607727,-0.0046329860891694,0.0046329860891694,2.1464560102437168e-05,True,False,VERY_HIGH
2016-12-18 13:00:00,Others-CCCPS119a,0.4555833036032822,0.4602142870426178,0.004630983439335601,0.004630983439335601,2.144600761540059e-05,False,True,MODERATE
2016-12-17 10:00:00,Others-CCCPS135a,0.37393767705382436,0.3785637319087982,0.00462605485497386,0.00462605485497386,2.1400383521227222e-05,False,True,MODERATE
2016-12-11 09:30:00,Others-CCCPS98,0.25684821140831454,0.25222259759902954,-0.004625613809285001,0.004625613809285001,2.1396303112648096e-05,True,False,MODERATE
2016-12-14 16:00:00,BHMEURBRD01,0.7680851063829788,0.7727084755897522,0.00462336920677342,0.00462336920677342,2.1375542822140682e-05,False,True,VERY_HIGH
2016-12-16 09:30:00,BHMBCCSNH01,0.8829663962920047,0.8783513307571411,-0.004615065534863572,0.004615065534863572,2.1298829891085585e-05,True,False,VERY_HIGH
2016-12-17 13:30:00,BHMNCPNHS01,0.354,0.35860878229141235,0.004608782291412372,0.004608782291412372,2.1240874209636274e-05,False,True,MODERATE
2016-12-17 09:30:00,BHMBRCBRG03,0.3415783274440518,0.34618619084358215,0.004607863399530343,0.004607863399530343,2.123240510873133e-05,False,True,MODERATE
2016-12-12 12:00:00,BHMNCPNST01,0.5876288659793815,0.5922366976737976,0.004607831694416142,0.004607831694416142,2.1232112924065938e-05,False,True,HIGH
2016-12-17 09:00:00,Others-CCCPS105a,0.4106520657043305,0.40604835748672485,-0.00460370821760564,0.00460370821760564,2.1194129352849698e-05,True,False,MODERATE
2016-12-14 16:00:00,BHMNCPHST01,0.5691666666666667,0.5737693309783936,0.004602664311726845,0.004602664311726845,2.1184518766443952e-05,False,True,HIGH
2016-12-11 12:00:00,Others-CCCPS202,0.27987742594484166,0.28447309136390686,0.004595665419065198,0.004595665419065198,2.1120140643991703e-05,False,True,MODERATE
2016-12-15 13:30:00,BHMNCPNST01,0.688659793814433,0.6932550072669983,0.0045952134525653054,0.0045952134525653054,2.1115986674637156e-05,False,True,HIGH
2016-12-18 08:30:00,BHMBCCMKT01,0.010398613518197574,0.01498432271182537,0.004585709193627796,0.004585709193627796,2.1028728808522493e-05,False,True,LOW
2016-12-11 08:30:00,Others-CCCPS133,0.16385026737967914,0.16843050718307495,0.004580239803395808,0.004580239803395808,2.097859665661127e-05,False,True,LOW
2016-12-13 08:00:00,Others-CCCPS119a,0.10881198715661791,0.1133875846862793,0.004575597529661385,0.004575597529661385,2.0936092753443368e-05,False,True,LOW
2016-12-12 10:30:00,Others-CCCPS202,0.4010895471569629,0.40566307306289673,0.004573525905933851,0.004573525905933851,2.091713921224805e-05,False,True,MODERATE
2016-12-19 14:30:00,BHMBRCBRG03,0.7420494699646644,0.7374776005744934,-0.004571869390170957,0.004571869390170957,2.0901989720782162e-05,True,False,HIGH
2016-12-18 08:30:00,BHMBRTARC01,0.7923387096774194,0.7877711057662964,-0.004567603911122986,0.004567603911122986,2.0863005488905998e-05,True,False,VERY_HIGH
2016-12-17 16:00:00,Shopping,0.540625,0.5451906323432922,0.004565632343292214,0.004565632343292214,2.0844998694115954e-05,False,True,HIGH
2016-12-17 11:30:00,Others-CCCPS133,0.6735828877005348,0.6690176725387573,-0.004565215161777436,0.004565215161777436,2.0841189473322583e-05,True,False,HIGH
2016-12-12 12:30:00,BHMMBMMBX01,0.9184861717612809,0.92304927110672,0.004563099345439081,0.004563099345439081,2.082187563634657e-05,False,True,VERY_HIGH
2016-12-12 11:00:00,NIA South,0.25380710659898476,0.2583668828010559,0.004559776202071153,0.004559776202071153,2.0791559012974428e-05,False,True,MODERATE
2016-12-19 09:00:00,Others-CCCPS105a,0.44698855151816824,0.45153531432151794,0.004546762803349702,0.004546762803349702,2.067305198992444e-05,False,True,MODERATE
2016-12-15 14:00:00,NIA Car Parks,0.2082018927444795,0.2036602646112442,-0.004541628133235304,0.004541628133235304,2.062638610059439e-05,True,False,LOW
2016-12-15 11:30:00,BHMBCCPST01,0.42586750788643535,0.4213261902332306,-0.004541317653204757,0.004541317653204757,2.0623566027309163e-05,True,False,MODERATE
2016-12-10 11:00:00,Others-CCCPS8,0.5635400907715582,0.5680812001228333,0.004541109351275052,0.004541109351275052,2.0621674140237724e-05,False,True,HIGH
2016-12-11 11:30:00,BHMNCPPLS01,0.4222222222222222,0.4177030324935913,-0.004519189728630912,0.004519189728630912,2.042307580336314e-05,True,False,MODERATE
2016-12-13 11:30:00,BHMNCPLDH01,0.9222222222222223,0.9267409443855286,0.004518722163306288,0.004518722163306288,2.041884998915546e-05,False,True,VERY_HIGH
2016-12-14 13:00:00,BHMBRTARC01,0.8366935483870968,0.8321762084960938,-0.004517339891003003,0.004517339891003003,2.040635969084702e-05,True,False,VERY_HIGH
2016-12-17 09:00:00,BHMNCPHST01,0.20333333333333334,0.2078504115343094,0.004517078200976049,0.004517078200976049,2.040399547373302e-05,False,True,LOW
2016-12-09 16:00:00,BHMNCPRAN01,0.5883333333333334,0.5928483009338379,0.004514967600504516,0.004514967600504516,2.0384932433605506e-05,False,True,HIGH
2016-12-10 10:00:00,BHMBCCTHL01,0.8914728682170543,0.8869589567184448,-0.004513911498609469,0.004513911498609469,2.0375397017278777e-05,True,False,VERY_HIGH
2016-12-09 08:30:00,Others-CCCPS135a,0.5493175379860932,0.5448046326637268,-0.004512905322366367,0.004512905322366367,2.0366314448642686e-05,True,False,HIGH
2016-12-14 13:00:00,BHMNCPNST01,0.5628865979381443,0.5673940777778625,0.00450747983971822,0.00450747983971822,2.031737450546619e-05,False,True,HIGH
2016-12-10 12:30:00,Others-CCCPS8,0.6550680786686838,0.659575343132019,0.00450726446333527,0.00450726446333527,2.0315432942444978e-05,False,True,HIGH
2016-12-18 09:30:00,BHMBRTARC01,0.780241935483871,0.784744918346405,0.004502982862534033,0.004502982862534033,2.0276854660275193e-05,False,True,VERY_HIGH
2016-12-13 14:00:00,BHMBCCSNH01,0.9501738122827347,0.9456729888916016,-0.004500823391133113,0.004500823391133113,2.0257411198170975e-05,True,False,VERY_HIGH
2016-12-16 15:00:00,NIA Car Parks,0.1253943217665615,0.12988771498203278,0.004493393215471264,0.004493393215471264,2.0190582588843187e-05,False,True,LOW
2016-12-18 14:30:00,BHMMBMMBX01,0.8253275109170306,0.8208349943161011,-0.00449251660092953,0.00449251660092953,2.018270540962742e-05,True,False,VERY_HIGH
2016-12-08 15:00:00,Others-CCCPS135a,0.7962915271697142,0.7918031811714172,-0.00448834599829695,0.00448834599829695,2.014524980042824e-05,True,False,VERY_HIGH
2016-12-15 09:30:00,BHMBCCMKT01,0.1733102253032929,0.16882209479808807,-0.004488130505204829,0.004488130505204829,2.0143315431750157e-05,True,False,LOW
2016-12-13 13:00:00,BHMNCPLDH01,0.9208333333333333,0.925320565700531,0.004487232367197724,0.004487232367197724,2.0135254317226894e-05,False,True,VERY_HIGH
2016-12-16 12:30:00,BHMNCPNST01,0.5175257731958763,0.5220093727111816,0.004483599515305303,0.004483599515305303,2.010266461364595e-05,False,True,HIGH
2016-12-19 13:00:00,BHMNCPRAN01,0.755,0.7505207061767578,-0.004479293823242192,0.004479293823242192,2.0064073154935654e-05,True,False,VERY_HIGH
2016-12-10 16:00:00,BHMEURBRD02,0.17727272727272728,0.17279717326164246,-0.00447555401108482,0.00447555401108482,2.0030583706137424e-05,True,False,LOW
2016-12-10 16:00:00,Others-CCCPS105a,0.7675460428073668,0.7720178365707397,0.004471793763372922,0.004471793763372922,1.999693946214096e-05,False,True,VERY_HIGH
2016-12-19 08:30:00,Shopping,0.5265625,0.5310332775115967,0.004470777511596635,0.004470777511596635,1.9987851558198204e-05,False,True,HIGH
2016-12-15 14:30:00,BHMEURBRD02,0.8409090909090909,0.8453673124313354,0.00445822152224451,0.00445822152224451,1.9875739141404155e-05,False,True,VERY_HIGH
2016-12-16 11:00:00,BHMEURBRD02,0.7181818181818181,0.7226387858390808,0.004456967657262667,0.004456967657262667,1.986456069788547e-05,False,True,HIGH
2016-12-18 14:30:00,Others-CCCPS202,0.3129043241402792,0.31735432147979736,0.004449997339518175,0.004449997339518175,1.9802476321718834e-05,False,True,MODERATE
2016-12-14 09:30:00,Others-CCCPS202,0.4167517875383044,0.4123057425022125,-0.004446045036091861,0.004446045036091861,1.976731646295708e-05,True,False,MODERATE
2016-12-11 13:00:00,BHMBCCPST01,0.8769716088328076,0.8814128637313843,0.004441254898576719,0.004441254898576719,1.9724745074131698e-05,False,True,VERY_HIGH
2016-12-10 11:00:00,Others-CCCPS105a,0.5898456943753111,0.5942847728729248,0.004439078497613713,0.004439078497613713,1.970541790797642e-05,False,True,HIGH
2016-12-13 09:00:00,Others-CCCPS119a,0.15947199429183018,0.1639058142900467,0.004433819998216515,0.004433819998216515,1.9658759776584695e-05,False,True,LOW
2016-12-18 12:30:00,BHMNCPNST01,0.44536082474226807,0.4497930705547333,0.0044322458124652075,0.0044322458124652075,1.9644802942115368e-05,False,True,MODERATE
2016-12-11 13:00:00,Others-CCCPS119a,0.21869425615412058,0.21426376700401306,-0.004430489150107519,0.004430489150107519,1.962923410922045e-05,True,False,LOW
2016-12-13 11:00:00,BHMNCPNHS01,0.97,0.974429190158844,0.004429190158844021,0.004429190158844021,1.961772546320072e-05,False,True,VERY_HIGH
2016-12-18 14:00:00,BHMNCPNST01,0.5175257731958763,0.5219534635543823,0.004427690358505987,0.004427690358505987,1.9604441910806875e-05,False,True,HIGH
2016-12-14 15:00:00,BHMBRCBRG03,0.36160188457008247,0.3571789264678955,-0.004422958102186958,0.004422958102186958,1.9562558373701256e-05,True,False,MODERATE
2016-12-09 16:00:00,BHMEURBRD01,0.6148936170212767,0.6104723215103149,-0.004421295510961709,0.004421295510961709,1.954785399525016e-05,True,False,HIGH
2016-12-17 08:30:00,BHMBRTARC01,0.7943548387096774,0.7987568378448486,0.004401999135171253,0.004401999135171253,1.9377596386048457e-05,False,True,VERY_HIGH
2016-12-11 09:30:00,Broad Street,0.1289855072463768,0.1333852857351303,0.004399778488753503,0.004399778488753503,1.935805075009806e-05,False,True,LOW
2016-12-14 12:30:00,NIA South,0.2918781725888325,0.2962760031223297,0.004397830533497238,0.004397830533497238,1.93409134013606e-05,False,True,MODERATE
2016-12-15 12:30:00,BHMBRCBRG01,0.998019801980198,0.9936220049858093,-0.004397796994388692,0.004397796994388692,1.934061840385421e-05,True,False,VERY_HIGH
2016-12-09 15:30:00,Others-CCCPS202,0.36329588014981273,0.367690771818161,0.0043948916683482775,0.0043948916683482775,1.9315072776517106e-05,False,True,MODERATE
2016-12-17 15:00:00,Others-CCCPS8,0.7549167927382754,0.7505232691764832,-0.004393523561792234,0.004393523561792234,1.930304928802352e-05,True,False,VERY_HIGH
2016-12-17 13:00:00,BHMEURBRD01,0.3893617021276596,0.38497504591941833,-0.004386656208241246,0.004386656208241246,1.924275268930147e-05,True,False,MODERATE
2016-12-19 12:30:00,Others-CCCPS202,0.4327545114061968,0.4283694326877594,-0.004385078718437407,0.004385078718437407,1.9228915366892656e-05,True,False,MODERATE
2016-12-17 12:30:00,BHMNCPNHS01,0.346,0.35038134455680847,0.0043813445568084974,0.0043813445568084974,1.919618012547545e-05,False,True,MODERATE
2016-12-13 11:30:00,NIA South,0.27284263959390864,0.26846152544021606,-0.004381114153692578,0.004381114153692578,1.9194161227685434e-05,True,False,MODERATE
2016-12-18 13:30:00,BHMNCPHST01,0.46416666666666667,0.45978569984436035,-0.00438096682230632,0.00438096682230632,1.9192870298148738e-05,True,False,MODERATE
2016-12-18 15:30:00,Others-CCCPS133,0.7028877005347594,0.7072580456733704,0.004370345138611009,0.004370345138611009,1.909991663058088e-05,False,True,HIGH
2016-12-16 16:00:00,BHMNCPLDH01,0.5472222222222223,0.5515897274017334,0.004367505179511122,0.004367505179511122,1.907510149305648e-05,False,True,HIGH
2016-12-10 16:00:00,BHMEURBRD01,0.3872340425531915,0.3828669488430023,-0.004367093710189174,0.004367093710189174,1.9071507473573845e-05,True,False,MODERATE
2016-12-12 10:00:00,Others-CCCPS133,0.4536898395721925,0.4580516219139099,0.004361782341717413,0.004361782341717413,1.902514519651784e-05,False,True,MODERATE
2016-12-09 12:30:00,BHMEURBRD02,0.7363636363636363,0.7320025563240051,-0.004361080039631204,0.004361080039631204,1.9019019112069707e-05,True,False,HIGH
2016-12-15 14:00:00,BHMNCPNST01,0.6845360824742268,0.6888927817344666,0.004356699260239738,0.004356699260239738,1.8980828444173482e-05,False,True,HIGH
2016-12-12 13:00:00,Others-CCCPS105a,0.7411647585863613,0.7455199360847473,0.004355177498385987,0.004355177498385987,1.8967571042447625e-05,False,True,HIGH
2016-12-18 09:30:00,BHMNCPRAN01,0.20333333333333334,0.1989881992340088,-0.004345134099324549,0.004345134099324549,1.888019034111296e-05,True,False,LOW
2016-12-16 08:00:00,Others-CCCPS135a,0.4604687097604945,0.4561240077018738,-0.0043447020586206975,0.0043447020586206975,1.8876435978182928e-05,True,False,MODERATE
2016-12-10 14:30:00,Others-CCCPS135a,0.5341231006953386,0.529780924320221,-0.00434217637511769,0.00434217637511769,1.8854495672630202e-05,True,False,HIGH
2016-12-16 10:30:00,Others-CCCPS202,0.38202247191011235,0.386361300945282,0.0043388290351696335,0.0043388290351696335,1.8825437396431052e-05,False,True,MODERATE
2016-12-16 08:00:00,BHMBRTARC01,0.7983870967741935,0.8027229309082031,0.00433583413400962,0.00433583413400962,1.8799457637642948e-05,False,True,VERY_HIGH
2016-12-18 14:30:00,Others-CCCPS105a,0.7272274763563962,0.7228952646255493,-0.004332211730846858,0.004332211730846858,1.8768058480887126e-05,True,False,HIGH
2016-12-10 13:30:00,Bull Ring,0.892892237143793,0.8972173929214478,0.004325155777654799,0.004325155777654799,1.870697250098069e-05,False,True,VERY_HIGH
2016-12-15 14:30:00,BHMNCPHST01,0.6633333333333333,0.6676568984985352,0.004323565165201826,0.004323565165201826,1.8693215737746693e-05,False,True,HIGH
2016-12-10 12:00:00,BHMNCPHST01,0.425,0.4206821918487549,-0.004317808151245106,0.004317808151245106,1.864346723095868e-05,True,False,MODERATE
2016-12-09 10:30:00,Shopping,0.6973958333333333,0.701712965965271,0.00431713263193767,0.00431713263193767,1.8637634161741076e-05,False,True,HIGH
2016-12-13 08:30:00,Shopping,0.50625,0.5105666518211365,0.004316651821136497,0.004316651821136497,1.8633482944921036e-05,False,True,HIGH
2016-12-12 12:00:00,NIA Car Parks,0.16876971608832808,0.17308039963245392,0.004310683544125837,0.004310683544125837,1.858199261759729e-05,False,True,LOW
2016-12-16 08:30:00,BHMBCCPST01,0.19873817034700317,0.20304067432880402,0.004302503981800848,0.004302503981800848,1.851154051341215e-05,False,True,LOW
2016-12-09 11:00:00,BHMMBMMBX01,0.8820960698689956,0.8778059482574463,-0.004290121611549291,0.004290121611549291,1.8405143441882288e-05,True,False,VERY_HIGH
2016-12-10 08:30:00,BHMEURBRD02,0.12272727272727273,0.12701427936553955,0.004287006638266824,0.004287006638266824,1.8378425916543817e-05,False,True,LOW
2016-12-16 14:00:00,Others-CCCPS135a,0.7244398660829255,0.7287225127220154,0.004282646639089838,0.004282646639089838,1.8341062235307483e-05,False,True,HIGH
2016-12-15 13:30:00,NIA South,0.33883248730964466,0.3345535099506378,-0.004278977359006841,0.004278977359006841,1.8309647238893165e-05,True,False,MODERATE
2016-12-19 10:00:00,BHMNCPNST01,0.43711340206185567,0.43283870816230774,-0.004274693899547932,0.004274693899547932,1.827300793483231e-05,True,False,MODERATE
2016-12-15 14:00:00,Others-CCCPS8,0.6822995461422088,0.6780276894569397,-0.004271856685269082,0.004271856685269082,1.824875953947815e-05,True,False,HIGH
2016-12-12 14:00:00,NIA South,0.25380710659898476,0.2580741345882416,0.004267027989256822,0.004267027989256822,1.8207527861101116e-05,False,True,MODERATE
2016-12-12 15:30:00,BHMBCCSNH01,0.7867902665121669,0.7910541892051697,0.004263922693002797,0.004263922693002797,1.818103673190423e-05,False,True,VERY_HIGH
2016-12-13 08:30:00,BHMBCCTHL01,0.6330749354005168,0.6373370289802551,0.00426209357973828,0.00426209357973828,1.8165441682446263e-05,False,True,HIGH
2016-12-10 14:00:00,Others-CCCPS133,0.8280213903743315,0.8237595558166504,-0.004261834557681143,0.004261834557681143,1.8163233797045226e-05,True,False,VERY_HIGH
2016-12-14 15:00:00,NIA Car Parks,0.1474763406940063,0.1517367959022522,0.004260455208245889,0.004260455208245889,1.815147858146952e-05,False,True,LOW
2016-12-09 12:00:00,BHMEURBRD01,0.8106382978723404,0.806385338306427,-0.004252959565913428,0.004252959565913428,1.8087665069294533e-05,True,False,VERY_HIGH
2016-12-13 09:30:00,Others-CCCPS133,0.36149732620320857,0.3657430410385132,0.004245714835304615,0.004245714835304615,1.8026094462725693e-05,False,True,MODERATE
2016-12-10 10:30:00,Others-CCCPS202,0.240381341504937,0.2446240931749344,0.00424275166999738,0.00424275166999738,1.8000941733265558e-05,False,True,LOW
2016-12-11 15:30:00,Others-CCCPS119a,0.2169104530859793,0.2126728892326355,-0.004237563853343812,0.004237563853343812,1.7956947411166055e-05,True,False,LOW
2016-12-13 10:30:00,NIA Car Parks,0.15930599369085174,0.16353808343410492,0.004232089743253176,0.004232089743253176,1.791058359494873e-05,False,True,LOW
2016-12-14 12:00:00,BHMEURBRD02,0.8272727272727273,0.8230446577072144,-0.004228069565512915,0.004228069565512915,1.787657225081657e-05,True,False,VERY_HIGH
2016-12-12 13:30:00,BHMBCCSNH01,0.951332560834299,0.9471067786216736,-0.004225782212625373,0.004225782212625373,1.7857235308540992e-05,True,False,VERY_HIGH
2016-12-15 09:30:00,Others-CCCPS105a,0.5360876057740169,0.540308952331543,0.00422134655752604,0.00422134655752604,1.7819766758736947e-05,False,True,HIGH
2016-12-16 09:30:00,Others-CCCPS119a,0.14627185158758474,0.15049095451831818,0.004219102930733437,0.004219102930733437,1.7800829540123478e-05,False,True,LOW
2016-12-18 13:30:00,Others-CCCPS8,0.6649016641452344,0.6606830954551697,-0.004218568690064761,0.004218568690064761,1.7796321792794716e-05,True,False,HIGH
2016-12-14 12:00:00,Shopping,0.7890625,0.7932802438735962,0.004217743873596191,0.004217743873596191,1.7789363383258205e-05,False,True,VERY_HIGH
2016-12-10 12:00:00,Others-CCCPS98,0.31098936513051884,0.30677711963653564,-0.004212245493983191,0.004212245493983191,1.7743012101581696e-05,True,False,MODERATE
2016-12-13 09:00:00,Others-CCCPS8,0.42133131618759456,0.42554107308387756,0.004209756896283001,0.004209756896283001,1.7722053125802288e-05,False,True,MODERATE
2016-12-14 08:00:00,BHMBRCBRG03,0.12131919905771496,0.125521719455719,0.004202520398004034,0.004202520398004034,1.7661177695639984e-05,False,True,LOW
2016-12-09 11:30:00,BHMNCPLDH01,0.8722222222222222,0.8764232397079468,0.004201017485724545,0.004201017485724545,1.764854791536338e-05,False,True,VERY_HIGH
2016-12-17 08:00:00,Broad Street,0.15072463768115943,0.15492229163646698,0.004197653955307551,0.004197653955307551,1.7620298728509127e-05,False,True,LOW
2016-12-09 15:00:00,BHMNCPNST01,0.51340206185567,0.509209930896759,-0.004192130958911022,0.004192130958911022,1.757396197666025e-05,True,False,HIGH
2016-12-19 13:00:00,BHMBRCBRG01,0.998019801980198,0.9938358664512634,-0.00418393552893459,0.00418393552893459,1.750531651028117e-05,True,False,VERY_HIGH
2016-12-17 09:30:00,BHMBCCSNH01,0.4646581691772885,0.4688369631767273,0.004178793999438768,0.004178793999438768,1.7462319289745454e-05,False,True,MODERATE
2016-12-09 13:00:00,BHMEURBRD01,0.8042553191489362,0.8001021146774292,-0.0041532044715070215,0.0041532044715070215,1.7249107382145917e-05,True,False,VERY_HIGH
2016-12-14 10:00:00,NIA South,0.26015228426395937,0.25600510835647583,-0.004147175907483536,0.004147175907483536,1.7199068007611887e-05,True,False,MODERATE
2016-12-17 08:00:00,BHMNCPHST01,0.13666666666666666,0.14080557227134705,0.004138905604680387,0.004138905604680387,1.7130539604454724e-05,False,True,LOW
2016-12-15 11:30:00,BHMBRCBRG01,0.9415841584158415,0.9374503493309021,-0.004133809084939433,0.004133809084939433,1.708837755072779e-05,True,False,VERY_HIGH
2016-12-16 13:00:00,BHMBCCTHL01,1.0,0.9958685636520386,-0.004131436347961426,0.004131436347961426,1.7068766297256843e-05,True,False,VERY_HIGH
2016-12-16 12:30:00,BHMBRCBRG01,0.9920792079207921,0.9879547357559204,-0.004124472164871662,0.004124472164871662,1.7011270638801134e-05,True,False,VERY_HIGH
2016-12-17 12:00:00,BHMNCPPLS01,0.31777777777777777,0.32189902663230896,0.00412124885453119,0.00412124885453119,1.6984692120974643e-05,False,True,MODERATE
2016-12-17 12:30:00,Others-CCCPS8,0.6475037821482602,0.6433897018432617,-0.004114080304998491,0.004114080304998491,1.6925656755976474e-05,True,False,HIGH
2016-12-14 09:00:00,NIA Car Parks,0.14905362776025236,0.15316562354564667,0.004111995785394312,0.004111995785394312,1.6908509339100588e-05,False,True,LOW
2016-12-16 14:00:00,NIA Car Parks,0.1167192429022082,0.11261434853076935,-0.00410489437143885,0.00410489437143885,1.685015780067035e-05,True,False,LOW
2016-12-13 11:00:00,BHMBCCPST01,0.4227129337539432,0.41861122846603394,-0.004101705287909263,0.004101705287909263,1.682398626886281e-05,True,False,MODERATE
2016-12-12 13:30:00,BHMNCPHST01,0.7091666666666666,0.7050675749778748,-0.004099091688791856,0.004099091688791856,1.680255267312247e-05,True,False,HIGH
2016-12-11 08:30:00,BHMNCPLDH01,0.24305555555555555,0.23895926773548126,-0.00409628782007429,0.00409628782007429,1.677957390488898e-05,True,False,LOW
2016-12-18 08:00:00,BHMNCPPLS01,0.04666666666666667,0.05076269432902336,0.004096027662356692,0.004096027662356692,1.677744261079123e-05,False,True,LOW
2016-12-08 14:30:00,Shopping,0.7552083333333334,0.759303092956543,0.004094759623209598,0.004094759623209598,1.6767056371867613e-05,False,True,VERY_HIGH
2016-12-16 09:30:00,Others-CCCPS8,0.49319213313161875,0.4890994131565094,-0.004092719975109349,0.004092719975109349,1.675035679465907e-05,True,False,MODERATE
2016-12-12 12:30:00,BHMBCCSNH01,0.9768250289687138,0.9727371335029602,-0.00408789546575361,0.00408789546575361,1.6710889338928927e-05,True,False,VERY_HIGH
2016-12-09 15:00:00,Others-CCCPS8,0.5605143721633888,0.5645946264266968,0.004080254263307936,0.004080254263307936,1.664847485324259e-05,False,True,HIGH
2016-12-13 15:00:00,Others-CCCPS119a,0.18587227970032108,0.18995247781276703,0.0040801981124459485,0.0040801981124459485,1.6648016636807482e-05,False,True,LOW
2016-12-13 15:00:00,BHMBCCTHL01,0.896640826873385,0.8925614953041077,-0.004079331569277311,0.004079331569277311,1.6640946052102492e-05,True,False,VERY_HIGH
2016-12-16 10:30:00,Others-CCCPS105a,0.6162269785963166,0.6121529340744019,-0.0040740445219147325,0.0040740445219147325,1.659783876654344e-05,True,False,HIGH
2016-12-13 15:00:00,Broad Street,0.8710144927536232,0.866940975189209,-0.0040735175644142085,0.0040735175644142085,1.6593545347591065e-05,True,False,VERY_HIGH
2016-12-14 11:30:00,Others-CCCPS8,0.5915279878971256,0.5874584913253784,-0.004069496571747155,0.004069496571747155,1.656080234746185e-05,True,False,HIGH
2016-12-19 16:00:00,Others-CCCPS133,0.6699465240641711,0.6658913493156433,-0.00405517474852779,0.00405517474852779,1.6444442241097425e-05,True,False,HIGH
2016-12-12 12:00:00,Others-CCCPS98,0.36190783113116337,0.3578612506389618,-0.004046580492201579,0.004046580492201579,1.6374813679866374e-05,True,False,MODERATE
2016-12-08 15:30:00,NIA South,0.2703045685279188,0.26625877618789673,-0.0040457923400220586,0.0040457923400220586,1.6368435658581164e-05,True,False,MODERATE
2016-12-18 11:30:00,BHMBRTARC01,0.7419354838709677,0.7459811568260193,0.004045672955051538,0.004045672955051538,1.6367469659235444e-05,False,True,HIGH
2016-12-19 14:00:00,BHMBCCTHL01,1.0,0.9959587454795837,-0.00404125452041626,0.00404125452041626,1.6331738098784854e-05,True,False,VERY_HIGH
2016-12-11 13:00:00,BHMBRCBRG01,1.0,0.995959460735321,-0.004040539264678955,0.004040539264678955,1.632595754941235e-05,True,False,VERY_HIGH
2016-12-17 10:30:00,BHMNCPNST01,0.48041237113402063,0.4763745665550232,-0.004037804578997439,0.004037804578997439,1.6303865818172687e-05,True,False,MODERATE
2016-12-09 10:30:00,Others-CCCPS8,0.5423600605143721,0.5463883280754089,0.004028267561036802,0.004028267561036802,1.6226939543301388e-05,False,True,HIGH
2016-12-10 14:00:00,Others-CCCPS135a,0.5325779036827195,0.5285550355911255,-0.004022868091594023,0.004022868091594023,1.6183467682365336e-05,True,False,HIGH
2016-12-18 11:00:00,BHMMBMMBX01,0.47889374090247455,0.48290520906448364,0.004011468162009091,0.004011468162009091,1.6091876814812595e-05,False,True,MODERATE
2016-12-15 14:00:00,BHMBCCTHL01,1.0,0.9959933757781982,-0.004006624221801758,0.004006624221801758,1.605303765472854e-05,True,False,VERY_HIGH
2016-12-10 12:00:00,Others-CCCPS135a,0.46433170229204224,0.4683381915092468,0.00400648921720459,0.00400648921720459,1.6051955847576646e-05,False,True,MODERATE
2016-12-14 14:00:00,Others-CCCPS105a,0.7496266799402688,0.7536284923553467,0.00400181241507791,0.00400181241507791,1.6014502605471693e-05,False,True,HIGH
2016-12-16 09:00:00,BHMNCPRAN01,0.6983333333333334,0.7023350596427917,0.004001726309458387,0.004001726309458387,1.601381345581144e-05,False,True,HIGH
2016-12-10 12:00:00,BHMBRCBRG01,1.0,0.9960058927536011,-0.003994107246398926,0.003994107246398926,1.595289269573641e-05,True,False,VERY_HIGH
2016-12-09 13:00:00,Others-CCCPS119a,0.21905101676774885,0.21507342159748077,-0.003977595170268078,0.003977595170268078,1.582126333853994e-05,True,False,LOW
2016-12-17 11:30:00,Others-CCCPS135a,0.4455318053051764,0.4495013356208801,0.00396953031570374,0.00396953031570374,1.5757170927291034e-05,False,True,MODERATE
2016-12-15 08:00:00,BHMBCCMKT01,0.03292894280762565,0.02896026335656643,-0.0039686794510592205,0.0039686794510592205,1.5750416585259717e-05,True,False,LOW
2016-12-08 15:30:00,Shopping,0.6604166666666667,0.6643845438957214,0.003967877229054784,0.003967877229054784,1.5744049704851468e-05,False,True,HIGH
2016-12-10 16:00:00,BHMBCCMKT01,0.7279029462738301,0.7239366173744202,-0.003966328899409954,0.003966328899409954,1.573176493829458e-05,True,False,HIGH
2016-12-17 08:00:00,Bull Ring,0.08909269570913855,0.08512713015079498,-0.00396556555834357,0.00396556555834357,1.572571019752075e-05,True,False,LOW
2016-12-15 15:00:00,BHMBRCBRG03,0.3568904593639576,0.35292595624923706,-0.003964503114720519,0.003964503114720519,1.5717284946628696e-05,True,False,MODERATE
2016-12-12 11:30:00,BHMNCPNHS01,0.892,0.8959547281265259,0.003954728126525864,0.003954728126525864,1.5639874554734767e-05,False,True,VERY_HIGH
2016-12-19 11:00:00,Bull Ring,0.6826072715361939,0.6786543726921082,-0.003952898844085784,0.003952898844085784,1.5625409271574727e-05,True,False,HIGH
2016-12-19 14:30:00,BHMBCCTHL01,1.0,0.9960482120513916,-0.0039517879486083984,0.0039517879486083984,1.5616627990766574e-05,True,False,VERY_HIGH
2016-12-17 11:30:00,BHMBRTARC01,0.7439516129032258,0.7478982210159302,0.0039466081127044195,0.0039466081127044195,1.557571559526434e-05,False,True,HIGH
2016-12-13 10:00:00,NIA Car Parks,0.15220820189274448,0.15615282952785492,0.0039446276351104426,0.0039446276351104426,1.5560087179677004e-05,False,True,LOW
2016-12-17 10:00:00,Others-CCCPS202,0.23118828736806266,0.23513281345367432,0.00394452608561166,0.00394452608561166,1.555928604007085e-05,False,True,LOW
2016-12-10 10:00:00,BHMMBMMBX01,0.5793304221251819,0.5832724571228027,0.0039420349976208025,0.0039420349976208025,1.553963992246724e-05,False,True,HIGH
2016-12-13 12:30:00,BHMNCPPLS01,0.34,0.34394124150276184,0.003941241502761816,0.003941241502761816,1.553338458309222e-05,False,True,MODERATE
2016-12-15 08:30:00,BHMBRCBRG01,0.1198019801980198,0.12374312430620193,0.0039411441081821375,0.0039411441081821375,1.5532616881458777e-05,False,True,LOW
2016-12-09 11:30:00,Others-CCCPS105a,0.7112991538078646,0.70736163854599,-0.00393751526187458,0.00393751526187458,1.5504026437495242e-05,True,False,HIGH
2016-12-11 10:00:00,BHMNCPNST01,0.46804123711340206,0.464109867811203,-0.0039313693021990614,0.0039313693021990614,1.5455664590273134e-05,True,False,MODERATE
2016-12-13 16:00:00,BHMBRCBRG01,0.6425742574257426,0.6465051174163818,0.003930859990639246,0.003930859990639246,1.5451660266008373e-05,False,True,HIGH
2016-12-11 09:00:00,Others-CCCPS135a,0.2098892608807623,0.2059601992368698,-0.003929061643892479,0.003929061643892479,1.5437525401507065e-05,True,False,LOW
2016-12-15 14:00:00,BHMEURBRD01,0.9106382978723404,0.9067146182060242,-0.003923679666316238,0.003923679666316238,1.5395262123863502e-05,True,False,VERY_HIGH
2016-12-14 10:00:00,BHMBRCBRG03,0.24617196702002356,0.25009024143218994,0.003918274412166384,0.003918274412166384,1.535287436903782e-05,False,True,LOW
2016-12-13 14:00:00,Broad Street,0.9304347826086956,0.9265217781066895,-0.003913004502006157,0.003913004502006157,1.531160423272045e-05,True,False,VERY_HIGH
2016-12-13 16:00:00,Others-CCCPS119a,0.16232607920085623,0.15841591358184814,-0.003910165619008088,0.003910165619008088,1.5289395168072905e-05,True,False,LOW
2016-12-13 09:30:00,BHMNCPNST01,0.5237113402061856,0.5276185870170593,0.003907246810873732,0.003907246810873732,1.5266577641082952e-05,False,True,HIGH
2016-12-15 13:30:00,BHMBRCBRG03,0.4381625441696113,0.43425652384757996,-0.003906020322031356,0.003906020322031356,1.5256994756121938e-05,True,False,MODERATE
2016-12-16 10:00:00,BHMNCPHST01,0.57,0.5738950967788696,0.0038950967788696778,0.0038950967788696778,1.517177891676094e-05,False,True,HIGH
2016-12-10 09:00:00,BHMEURBRD02,0.12272727272727273,0.12661626935005188,0.0038889966227791534,0.0038889966227791534,1.512429473198766e-05,False,True,LOW
2016-12-10 15:30:00,Others-CCCPS98,0.38736706413148564,0.38347840309143066,-0.003888661040054975,0.003888661040054975,1.5121684684441438e-05,True,False,MODERATE
2016-12-19 11:00:00,Others-CCCPS135a,0.7666752510945145,0.7627872824668884,-0.0038879686276260816,0.0038879686276260816,1.5116300049404636e-05,True,False,VERY_HIGH
2016-12-11 08:00:00,Others-CCCPS202,0.1501532175689479,0.1540358066558838,0.0038825890869358948,0.0038825890869358948,1.5074498017993704e-05,False,True,LOW
2016-12-18 12:30:00,Others-CCCPS8,0.6164901664145235,0.612621545791626,-0.0038686206228975006,0.0038686206228975006,1.4966225523907846e-05,True,False,HIGH
2016-12-18 10:30:00,Others-CCCPS98,0.44311956171446987,0.44698700308799744,0.0038674413735275692,0.0038674413735275692,1.495710277767281e-05,False,True,MODERATE
2016-12-14 16:00:00,BHMBRCBRG02,0.5251256281407035,0.5212752223014832,-0.003850405839220361,0.003850405839220361,1.4825625126702254e-05,True,False,HIGH
2016-12-11 15:00:00,Others-CCCPS98,0.36706413148565903,0.3709063231945038,0.0038421917088447555,0.0038421917088447555,1.4762437127515381e-05,False,True,MODERATE
2016-12-14 11:30:00,Others-CCCPS105a,0.6869089099054256,0.6907486319541931,0.00383972204876748,0.00383972204876748,1.4743465411791133e-05,False,True,HIGH
2016-12-17 15:30:00,BHMBRCBRG03,0.6808009422850412,0.67696213722229,-0.0038388050627511383,0.0038388050627511383,1.4736424309803772e-05,True,False,HIGH
2016-12-19 16:00:00,BHMNCPNST01,0.5298969072164949,0.5260597467422485,-0.003837160474246315,0.003837160474246315,1.4723800505118204e-05,True,False,HIGH
2016-12-19 10:00:00,BHMEURBRD01,0.7276595744680852,0.7314963340759277,0.003836759607842577,0.003836759607842577,1.4720724288372325e-05,False,True,HIGH
2016-12-12 14:00:00,Others-CCCPS105a,0.7093081134892981,0.7054761648178101,-0.0038319486714880613,0.0038319486714880613,1.4683830620919118e-05,True,False,HIGH
2016-12-18 16:00:00,BHMNCPHST01,0.3575,0.3613244891166687,0.0038244891166687167,0.0038244891166687167,1.4626717003517462e-05,False,True,MODERATE
2016-12-16 10:30:00,Others-CCCPS119a,0.17267213699607564,0.17649154365062714,0.0038194066545514938,0.0038194066545514938,1.4587867192832234e-05,False,True,LOW
2016-12-09 16:00:00,Bull Ring,0.5253848673435965,0.5292022824287415,0.003817415085144993,0.003817415085144993,1.4572657932292552e-05,False,True,HIGH
2016-12-16 13:30:00,BHMNCPLDH01,0.7902777777777777,0.7864607572555542,-0.0038170205222235465,0.0038170205222235465,1.4569645667075715e-05,True,False,VERY_HIGH
2016-12-15 14:00:00,BHMNCPHST01,0.6858333333333333,0.6896392107009888,0.0038058773676554747,0.0038058773676554747,1.4484702537632165e-05,False,True,HIGH
2016-12-19 13:30:00,BHMNCPPLS01,0.6222222222222222,0.6184180974960327,-0.0038041247261895172,0.0038041247261895172,1.447136493240647e-05,True,False,HIGH
2016-12-13 14:30:00,Others-CCCPS8,0.5824508320726173,0.5862502455711365,0.0037994134985191996,0.0037994134985191996,1.4435542932729904e-05,False,True,HIGH
2016-12-18 16:00:00,Bull Ring,0.6488699639698657,0.6450785994529724,-0.003791364516893325,0.003791364516893325,1.4374444899957757e-05,True,False,HIGH
2016-12-16 10:00:00,BHMNCPLDH01,0.7777777777777778,0.7739885449409485,-0.003789232836829304,0.003789232836829304,1.4358285491705453e-05,True,False,VERY_HIGH
2016-12-16 16:00:00,BHMMBMMBX01,0.6593886462882096,0.663177490234375,0.00378884394616541,0.00378884394616541,1.4355338448394275e-05,False,True,HIGH
2016-12-15 08:30:00,BHMBCCPST01,0.15457413249211358,0.1507861316204071,-0.0037880008717064706,0.0037880008717064706,1.434895060404898e-05,True,False,LOW
2016-12-14 08:00:00,BHMBCCMKT01,0.03119584055459272,0.02740848809480667,-0.0037873524597860503,0.0037873524597860503,1.4344038654647446e-05,True,False,LOW
2016-12-14 12:30:00,Others-CCCPS119a,0.22689975026757045,0.22311511635780334,-0.0037846339097671045,0.0037846339097671045,1.432345383095904e-05,True,False,LOW
2016-12-13 15:30:00,Others-CCCPS119a,0.17302889760970389,0.17680151760578156,0.0037726199960776696,0.0037726199960776696,1.4232661634805077e-05,False,True,LOW
2016-12-15 11:00:00,Broad Street,0.8695652173913043,0.8733373284339905,0.003772111042686155,0.003772111042686155,1.422882171835483e-05,False,True,VERY_HIGH
2016-12-19 08:30:00,Others-CCCPS133,0.22010695187165774,0.21633492410182953,-0.0037720277698282123,0.0037720277698282123,1.4228193496355196e-05,True,False,LOW
2016-12-16 08:30:00,BHMBRCBRG02,0.16080402010050251,0.16457538306713104,0.0037713629666285275,0.0037713629666285275,1.4223178626057128e-05,False,True,LOW
2016-12-09 13:30:00,Others-CCCPS135a,0.7656451197527685,0.7694147825241089,0.0037696627713403874,0.0037696627713403874,1.421035740962969e-05,False,True,VERY_HIGH
2016-12-16 15:30:00,Others-CCCPS8,0.573373676248109,0.5696154832839966,-0.0037581929641123946,0.0037581929641123946,1.4124014355503906e-05,True,False,HIGH
2016-12-13 08:00:00,BHMBRCBRG01,0.0801980198019802,0.08395330607891083,0.0037552862769306278,0.0037552862769306278,1.4102175021703495e-05,False,True,LOW
2016-12-18 08:30:00,BHMBCCPST01,0.09779179810725552,0.10154443234205246,0.0037526342347969366,0.0037526342347969366,1.408226370016999e-05,False,True,LOW
2016-12-09 13:00:00,BHMNCPRAN01,0.7466666666666667,0.7504187822341919,0.003752115567525194,0.003752115567525194,1.4078371232064908e-05,False,True,HIGH
2016-12-17 14:00:00,Others-CCCPS202,0.36704119850187267,0.36329004168510437,-0.0037511568167682974,0.0037511568167682974,1.4071177463987266e-05,True,False,MODERATE
2016-12-13 16:00:00,Others-CCCPS98,0.2761843377376732,0.27243572473526,-0.0037486130024131925,0.0037486130024131925,1.405209944186125e-05,True,False,MODERATE
2016-12-15 15:00:00,BHMBCCMKT01,0.2564991334488735,0.2527564764022827,-0.0037426570465907694,0.0037426570465907694,1.400748176839554e-05,True,False,MODERATE
2016-12-15 13:00:00,BHMNCPLDH01,0.9236111111111112,0.9198719263076782,-0.003739184803432938,0.003739184803432938,1.3981502994223818e-05,True,False,VERY_HIGH
2016-12-17 08:30:00,BHMBCCTHL01,0.43410852713178294,0.4378395676612854,0.0037310405295024607,0.0037310405295024607,1.3920663432790003e-05,False,True,MODERATE
2016-12-12 12:30:00,Others-CCCPS133,0.7471657754010695,0.7434399724006653,-0.0037258030004042597,0.0037258030004042597,1.3881607997821383e-05,True,False,HIGH
2016-12-10 16:00:00,Others-CCCPS8,0.7072617246596067,0.7035364508628845,-0.0037252737967221616,0.0037252737967221616,1.387766486054475e-05,True,False,HIGH
2016-12-13 11:30:00,Others-CCCPS202,0.45829077289751446,0.46198567748069763,0.0036949045831831673,0.0036949045831831673,1.3652319878827976e-05,False,True,MODERATE
2016-12-12 09:00:00,BHMBCCMKT01,0.06932409012131716,0.0656341016292572,-0.0036899884920599535,0.0036899884920599535,1.361601507153489e-05,True,False,LOW
2016-12-09 12:30:00,Others-CCCPS202,0.418113721484508,0.41442784667015076,-0.003685874814357226,0.003685874814357226,1.3585673147112917e-05,True,False,MODERATE
2016-12-14 12:30:00,Shopping,0.7828125,0.7864890098571777,0.003676509857177712,0.003676509857177712,1.3516724729924882e-05,False,True,VERY_HIGH
2016-12-09 13:00:00,Bull Ring,0.8100229282672781,0.806351363658905,-0.0036715646083730347,0.0036715646083730347,1.3480386673457435e-05,True,False,VERY_HIGH
2016-12-15 10:30:00,BHMMBMMBX01,0.7947598253275109,0.7984258532524109,0.003666027924900006,0.003666027924900006,1.3439760746146644e-05,False,True,VERY_HIGH
2016-12-13 08:00:00,Bull Ring,0.09695381591876842,0.10061311721801758,0.003659301299249157,0.003659301299249157,1.3390485998686569e-05,False,True,LOW
2016-12-09 14:30:00,BHMMBMMBX01,0.8442503639010189,0.8405925631523132,-0.0036578007487056974,0.0036578007487056974,1.3379506317231961e-05,True,False,VERY_HIGH
2016-12-10 10:30:00,BHMEURBRD01,0.16595744680851063,0.16961108148097992,0.0036536346724692914,0.0036536346724692914,1.3349046319869786e-05,False,True,LOW
2016-12-09 08:00:00,BHMBRCBRG01,0.0801980198019802,0.08384966850280762,0.0036516487008274173,0.0036516487008274173,1.3334538234254564e-05,False,True,LOW
2016-12-12 15:30:00,Bull Ring,0.5754995086799869,0.5791449546813965,0.0036454460014095913,0.0036454460014095913,1.3289276549193177e-05,False,True,HIGH
2016-12-14 13:00:00,Others-CCCPS105a,0.7431557989049278,0.739512026309967,-0.003643772594960737,0.003643772594960737,1.3277078723786902e-05,True,False,HIGH
2016-12-18 08:00:00,Others-CCCPS133,0.12427807486631016,0.12791699171066284,0.003638916844352677,0.003638916844352677,1.3241715800113646e-05,False,True,LOW
2016-12-18 12:00:00,BHMBCCPST01,0.48264984227129337,0.4862842261791229,0.0036343839078295526,0.0036343839078295526,1.320874638949041e-05,False,True,MODERATE
2016-12-14 13:00:00,Broad Street,0.9057971014492754,0.9094297885894775,0.003632687140202151,0.003632687140202151,1.3196415858590082e-05,False,True,VERY_HIGH
2016-12-17 15:00:00,BHMNCPHST01,0.5666666666666667,0.5702982544898987,0.0036315878232320298,0.0036315878232320298,1.3188430117847153e-05,False,True,HIGH
2016-12-18 08:00:00,BHMBRCBRG01,0.027722772277227723,0.024093125015497208,-0.0036296472617305155,0.0036296472617305155,1.317433924458783e-05,True,False,LOW
2016-12-15 16:00:00,BHMBRCBRG03,0.31095406360424027,0.30733156204223633,-0.0036225015620039436,0.0036225015620039436,1.312251756672101e-05,True,False,MODERATE
2016-12-18 08:30:00,Others-CCCPS8,0.26550680786686837,0.26188820600509644,-0.0036186018617719307,0.0036186018617719307,1.3094279434019283e-05,True,False,MODERATE
2016-12-13 11:00:00,Others-CCCPS8,0.5953101361573374,0.5916924476623535,-0.003617688494983895,0.003617688494983895,1.3087670046738839e-05,True,False,HIGH
2016-12-17 13:00:00,BHMNCPNHS01,0.352,0.3483866751194,-0.003613324880599955,0.003613324880599955,1.305611669276268e-05,True,False,MODERATE
2016-12-17 14:00:00,Others-CCCPS105a,0.7436535589845694,0.7400422692298889,-0.0036112897546805023,0.0036112897546805023,1.3041413692260362e-05,True,False,HIGH
2016-12-13 15:00:00,BHMNCPHST01,0.635,0.6313889026641846,-0.0036110973358154386,0.0036110973358154386,1.3040023968733359e-05,True,False,HIGH
2016-12-09 13:00:00,Others-CCCPS98,0.36899774411859493,0.3653879463672638,-0.003609797751331134,0.003609797751331134,1.3030639805515312e-05,True,False,MODERATE
2016-12-13 09:00:00,BHMBRCBRG03,0.18021201413427562,0.1766078770160675,-0.0036041371182081172,0.0036041371182081172,1.2989804366845512e-05,True,False,LOW
2016-12-17 12:30:00,Others-CCCPS135a,0.4921452485191862,0.4885426163673401,-0.0036026321518460858,0.0036026321518460858,1.2978958421515159e-05,True,False,MODERATE
2016-12-14 14:00:00,Others-CCCPS98,0.3889784079922656,0.3853820562362671,-0.0035963517559984837,0.0035963517559984837,1.2933745952873378e-05,True,False,MODERATE
2016-12-18 10:00:00,BHMNCPRAN01,0.19833333333333333,0.2019209861755371,0.0035876528422037757,0.0035876528422037757,1.287125291617283e-05,False,True,LOW
2016-12-12 12:00:00,BHMNCPNHS01,0.9,0.8964133858680725,-0.0035866141319275124,0.0035866141319275124,1.2863800931342143e-05,True,False,VERY_HIGH
2016-12-14 14:00:00,Others-CCCPS119a,0.22047805922226185,0.2240622490644455,0.0035841898421836438,0.0035841898421836438,1.2846416824812413e-05,False,True,LOW
2016-12-11 14:30:00,BHMBCCTHL01,1.0,0.9964214563369751,-0.0035785436630249023,0.0035785436630249023,1.2805974748175686e-05,True,False,VERY_HIGH
2016-12-17 09:30:00,BHMNCPHST01,0.2575,0.2539270222187042,-0.003572977781295783,0.003572977781295783,1.2766170225633336e-05,True,False,MODERATE
2016-12-11 16:00:00,Shopping,0.4322916666666667,0.4358612596988678,0.0035695930322011127,0.0035695930322011127,1.2741994415538734e-05,False,True,MODERATE
2016-12-12 15:30:00,Others-CCCPS119a,0.18872636460934714,0.19229458272457123,0.003568218115224092,0.003568218115224092,1.2732180517813372e-05,False,True,LOW
2016-12-13 08:30:00,BHMBRCBRG02,0.135678391959799,0.13923895359039307,0.003560561630594067,0.003560561630594067,1.267759912525868e-05,False,True,LOW
2016-12-15 14:00:00,Others-CCCPS133,0.7088770053475936,0.7124223113059998,0.0035453059584061863,0.0035453059584061863,1.2569194338710407e-05,False,True,HIGH
2016-12-13 10:00:00,Others-CCCPS202,0.4167517875383044,0.41320785880088806,-0.003543928737416324,0.003543928737416324,1.2559430895885262e-05,True,False,MODERATE
2016-12-09 10:00:00,Others-CCCPS119a,0.19443453442739922,0.1908915638923645,-0.0035429705350347174,0.0035429705350347174,1.255264021212419e-05,True,False,LOW
2016-12-15 14:00:00,Others-CCCPS98,0.41185949081534,0.4083206057548523,-0.0035388850604877176,0.0035388850604877176,1.2523707471343156e-05,True,False,MODERATE
2016-12-10 08:30:00,BHMNCPHST01,0.15416666666666667,0.15769793093204498,0.003531264265378309,0.003531264265378309,1.2469827311937807e-05,False,True,LOW
2016-12-19 13:30:00,Others-CCCPS119a,0.45451302176239744,0.4580437242984772,0.003530702536079733,0.003530702536079733,1.2465860398279856e-05,False,True,MODERATE
2016-12-12 13:30:00,Others-CCCPS98,0.3586851434096036,0.3622143864631653,0.0035292430535616703,0.0035292430535616703,1.2455556531113303e-05,False,True,MODERATE
2016-12-08 16:00:00,Others-CCCPS98,0.3461166612955205,0.34964337944984436,0.0035267181543238713,0.0035267181543238713,1.2437740940037574e-05,False,True,MODERATE
2016-12-10 15:30:00,BHMEURBRD02,0.15454545454545454,0.15102297067642212,-0.0035224838690324223,0.0035224838690324223,1.2407892607593623e-05,True,False,LOW
2016-12-12 08:00:00,Others-CCCPS202,0.21144024514811033,0.20792248845100403,-0.0035177566971063,0.0035177566971063,1.2374612180036226e-05,True,False,LOW
2016-12-11 13:00:00,BHMBCCMKT01,0.49913344887348354,0.5026481747627258,0.0035147258892422872,0.0035147258892422872,1.2353298076509986e-05,False,True,MODERATE
2016-12-15 09:30:00,NIA South,0.24873096446700507,0.25223857164382935,0.0035076071768242734,0.0035076071768242734,1.230330810690915e-05,False,True,LOW
2016-12-08 14:30:00,BHMBRCBRG02,0.6817420435510888,0.685249388217926,0.00350734466683722,0.00350734466683722,1.2301466611991488e-05,False,True,HIGH
2016-12-10 13:30:00,Shopping,0.5875,0.5910036563873291,0.0035036563873290794,0.0035036563873290794,1.2275608080471855e-05,False,True,HIGH
2016-12-09 13:30:00,BHMBCCTHL01,1.0,0.9965008497238159,-0.003499150276184082,0.003499150276184082,1.2244052655319138e-05,True,False,VERY_HIGH
2016-12-14 16:00:00,Others-CCCPS202,0.3888321416411304,0.3923293650150299,0.003497223373899516,0.003497223373899516,1.2230571326949115e-05,False,True,MODERATE
2016-12-17 08:30:00,Shopping,0.228125,0.23162205517292023,0.0034970551729202326,0.0034970551729202326,1.2229394882448158e-05,False,True,LOW
2016-12-09 12:00:00,BHMBCCTHL01,1.0,0.9965133666992188,-0.00348663330078125,0.00348663330078125,1.2156611774116755e-05,True,False,VERY_HIGH
2016-12-12 08:00:00,BHMBRCBRG03,0.09305064782096584,0.09653715044260025,0.003486502621634413,0.003486502621634413,1.2155700530663635e-05,False,True,LOW
2016-12-14 12:30:00,Others-CCCPS98,0.37737673219465034,0.3738984763622284,-0.0034782558324219504,0.0034782558324219504,1.2098263635777316e-05,True,False,MODERATE
2016-12-12 11:00:00,BHMEURBRD01,0.7893617021276595,0.7858837246894836,-0.0034779774381759054,0.0034779774381759054,1.2096327060460634e-05,True,False,VERY_HIGH
2016-12-15 13:30:00,BHMEURBRD01,0.9212765957446809,0.9247539043426514,0.003477308597970463,0.003477308597970463,1.2091675085519309e-05,False,True,VERY_HIGH
2016-12-19 08:30:00,Others-CCCPS105a,0.39621702339472376,0.3996942341327667,0.0034772107380429684,0.0034772107380429684,1.2090994516761325e-05,False,True,MODERATE
2016-12-16 12:30:00,Others-CCCPS202,0.39564181137214843,0.3991188704967499,0.003477059124601445,0.003477059124601445,1.2089940155974165e-05,False,True,MODERATE
2016-12-18 09:30:00,BHMBCCMKT01,0.03119584055459272,0.02772076427936554,-0.003475076275227182,0.003475076275227182,1.2076155118646824e-05,True,False,LOW
2016-12-14 10:00:00,Others-CCCPS8,0.5499243570347958,0.5464497208595276,-0.0034746361752682198,0.0034746361752682198,1.2073096550482562e-05,True,False,HIGH
2016-12-12 14:00:00,BHMNCPLDH01,0.9222222222222223,0.918757438659668,-0.0034647835625543077,0.0034647835625543077,1.2004725135346521e-05,True,False,VERY_HIGH
2016-12-18 14:00:00,Others-CCCPS8,0.6777609682299546,0.6743007898330688,-0.003460178396885727,0.003460178396885727,1.1972834538274679e-05,True,False,HIGH
2016-12-14 09:30:00,BHMNCPPLS01,0.15555555555555556,0.15209729969501495,-0.0034582558605406044,0.0034582558605406044,1.1959533596963436e-05,True,False,LOW
2016-12-09 15:00:00,BHMNCPHST01,0.5533333333333333,0.5567876100540161,0.0034542767206827696,0.0034542767206827696,1.1932027663050909e-05,False,True,HIGH
2016-12-13 11:00:00,NIA Car Parks,0.16561514195583596,0.1690688282251358,0.003453686269299844,0.003453686269299844,1.1927948846750273e-05,False,True,LOW
2016-12-19 13:30:00,Others-CCCPS98,0.5942636158556236,0.5977067351341248,0.003443119278501161,0.003443119278501161,1.1855070365986356e-05,False,True,HIGH
2016-12-11 09:30:00,Others-CCCPS202,0.1780728634661219,0.17463023960590363,-0.0034426238602182635,0.0034426238602182635,1.1851659042944098e-05,True,False,LOW
2016-12-10 09:00:00,Others-CCCPS135a,0.2642286891578676,0.26766344904899597,0.0034347598911283472,0.0034347598911283472,1.1797575509704016e-05,False,True,MODERATE
2016-12-17 09:00:00,Shopping,0.26145833333333335,0.25802645087242126,-0.0034318824609120835,0.0034318824609120835,1.1777817225515979e-05,True,False,MODERATE
2016-12-09 12:30:00,BHMNCPHST01,0.655,0.6584284901618958,0.0034284901618957253,0.0034284901618957253,1.1754544790215777e-05,False,True,HIGH
2016-12-19 13:00:00,BHMNCPNHS01,0.73,0.7265737652778625,-0.0034262347221374334,0.0034262347221374334,1.1739084371180175e-05,True,False,HIGH
2016-12-12 08:30:00,NIA Car Parks,0.10804416403785488,0.10462574660778046,-0.0034184174300744274,0.0034184174300744274,1.1685577726236653e-05,True,False,LOW
2016-12-16 15:00:00,Others-CCCPS98,0.31550112794070256,0.31208378076553345,-0.0034173471751691165,0.0034173471751691165,1.167826171563634e-05,True,False,MODERATE
2016-12-19 08:00:00,BHMNCPHST01,0.31916666666666665,0.3225816786289215,0.0034150119622548547,0.0034150119622548547,1.1662306702343753e-05,False,True,MODERATE
2016-12-10 11:00:00,Others-CCCPS98,0.28198517563648084,0.27857035398483276,-0.003414821651648081,0.003414821651648081,1.166100691256453e-05,True,False,MODERATE
2016-12-12 11:00:00,NIA Car Parks,0.16246056782334384,0.16587428748607635,0.0034137196627325173,0.0034137196627325173,1.1653481935726612e-05,False,True,LOW
2016-12-12 10:00:00,NIA Car Parks,0.14905362776025236,0.14564061164855957,-0.003413016111692785,0.003413016111692785,1.1648678978674536e-05,True,False,LOW
2016-12-17 09:30:00,BHMBRCBRG02,0.37269681742043553,0.3761079013347626,0.00341108391432704,0.00341108391432704,1.163549347058068e-05,False,True,MODERATE
2016-12-17 11:30:00,BHMBCCMKT01,0.5268630849220104,0.5302726626396179,0.003409577717607526,0.003409577717607526,1.1625220212405746e-05,False,True,HIGH
2016-12-12 11:30:00,Broad Street,0.8608695652173913,0.8574665784835815,-0.0034029867338097874,0.0034029867338097874,1.1580318710485404e-05,True,False,VERY_HIGH
2016-12-12 14:30:00,NIA South,0.23857868020304568,0.23519626259803772,-0.003382417605007959,0.003382417605007959,1.1440748854667777e-05,True,False,LOW
2016-12-15 11:30:00,BHMEURBRD01,0.9148936170212766,0.9182737469673157,0.00338012994603909,0.00338012994603909,1.1425278452110221e-05,False,True,VERY_HIGH
2016-12-16 11:30:00,Others-CCCPS135a,0.7646149884110224,0.7612359523773193,-0.0033790360337030423,0.0033790360337030423,1.1417884517063588e-05,True,False,VERY_HIGH
2016-12-12 08:00:00,Others-CCCPS98,0.18723815662262328,0.19061347842216492,0.003375321799541642,0.003375321799541642,1.1392797250461028e-05,False,True,LOW
2016-12-09 08:00:00,Bull Ring,0.09662626924336717,0.1000015065073967,0.0033752372640295236,0.0033752372640295236,1.1392226588493505e-05,False,True,LOW
2016-12-10 13:00:00,Others-CCCPS202,0.3003064351378958,0.29694175720214844,-0.003364677935747351,0.003364677935747351,1.1321057611305055e-05,True,False,MODERATE
2016-12-17 13:30:00,BHMBRCBRG01,1.0,0.9966365694999695,-0.0033634305000305176,0.0033634305000305176,1.1312664728535538e-05,True,False,VERY_HIGH
2016-12-08 15:30:00,NIA Car Parks,0.16798107255520506,0.16462013125419617,-0.0033609413010088907,0.0033609413010088907,1.1295926428827334e-05,True,False,LOW
2016-12-12 13:00:00,NIA Car Parks,0.16798107255520506,0.17134058475494385,0.00335951219973879,0.00335951219973879,1.1286322220193764e-05,False,True,LOW
2016-12-17 12:30:00,BHMBRCBRG01,1.0,0.9966486096382141,-0.0033513903617858887,0.0033513903617858887,1.123181735707135e-05,True,False,VERY_HIGH
2016-12-16 10:00:00,Others-CCCPS202,0.36772216547497444,0.3710680902004242,0.003345924725449756,0.003345924725449756,1.1195212268376025e-05,False,True,MODERATE
2016-12-10 08:30:00,Others-CCCPS98,0.2516919110538189,0.2550360858440399,0.003344174790221033,0.003344174790221033,1.1183505027549888e-05,False,True,MODERATE
2016-12-14 10:00:00,NIA Car Parks,0.17823343848580442,0.1748899221420288,-0.00334351634377561,0.00334351634377561,1.1179101541094622e-05,True,False,LOW
2016-12-18 12:00:00,BHMBCCTHL01,1.0,0.9966593384742737,-0.0033406615257263184,0.0033406615257263184,1.1160019429468093e-05,True,False,VERY_HIGH
2016-12-09 16:00:00,BHMNCPLDH01,0.6222222222222222,0.6255616545677185,0.0033394323454962738,0.0033394323454962738,1.1151808390146744e-05,False,True,HIGH
2016-12-12 13:30:00,BHMBCCTHL01,1.0,0.9966607093811035,-0.0033392906188964844,0.0033392906188964844,1.1150861837450066e-05,True,False,VERY_HIGH
2016-12-11 09:00:00,Others-CCCPS202,0.16036772216547499,0.1637047529220581,0.0033370307565831203,0.0033370307565831203,1.1135774270381712e-05,False,True,LOW
2016-12-13 11:30:00,NIA Car Parks,0.17034700315457413,0.17368030548095703,0.003333302326382903,0.003333302326382903,1.1110904399069675e-05,False,True,LOW
2016-12-11 14:00:00,Others-CCCPS8,0.7904689863842662,0.787135899066925,-0.0033330873173411657,0.0033330873173411657,1.110947106502053e-05,True,False,VERY_HIGH
2016-12-18 11:00:00,BHMBCCMKT01,0.2339688041594454,0.23729199171066284,0.003323187551217438,0.003323187551217438,1.1043575500566552e-05,False,True,LOW
2016-12-13 08:00:00,BHMBRCBRG02,0.09882747068676717,0.10214009135961533,0.0033126206728481544,0.0033126206728481544,1.097345572218096e-05,False,True,LOW
2016-12-13 15:00:00,BHMNCPLDH01,0.8597222222222223,0.8564141988754272,-0.0033080233467950304,0.0033080233467950304,1.0943018462940995e-05,True,False,VERY_HIGH
2016-12-15 11:30:00,Shopping,0.76875,0.7720552086830139,0.0033052086830138716,0.0033052086830138716,1.0924404438270291e-05,False,True,VERY_HIGH
2016-12-09 14:30:00,Others-CCCPS135a,0.724182333247489,0.7208794951438904,-0.00330283810359866,0.00330283810359866,1.0908739538583192e-05,True,False,HIGH
2016-12-13 15:00:00,Others-CCCPS8,0.5499243570347958,0.5466258525848389,-0.0032985044499569405,0.0032985044499569405,1.0880131606385738e-05,True,False,HIGH
2016-12-09 08:30:00,Shopping,0.48072916666666665,0.4840245544910431,0.003295387824376439,0.003295387824376439,1.085958091304848e-05,False,True,MODERATE
2016-12-17 11:30:00,Bull Ring,0.7821814608581723,0.7788882255554199,-0.003293235302752384,0.003293235302752384,1.0845398759294587e-05,True,False,VERY_HIGH
2016-12-15 12:00:00,BHMNCPLDH01,0.9291666666666667,0.9258740544319153,-0.003292612234751413,0.003292612234751413,1.0841295328434695e-05,True,False,VERY_HIGH
2016-12-17 08:00:00,Others-CCCPS105a,0.3285216525634644,0.3318063020706177,0.003284649507153292,0.003284649507153292,1.0788922384842365e-05,False,True,MODERATE
2016-12-08 14:30:00,Broad Street,0.8695652173913043,0.8728485703468323,0.0032833529555279517,0.0032833529555279517,1.0780406630574136e-05,False,True,VERY_HIGH
2016-12-18 15:00:00,BHMBRCBRG01,0.9702970297029703,0.9735785126686096,0.0032814829656393485,0.0032814829656393485,1.0768130453781213e-05,False,True,VERY_HIGH
2016-12-14 09:30:00,Broad Street,0.9057971014492754,0.9025195837020874,-0.0032775177471879857,0.0032775177471879857,1.074212258313221e-05,True,False,VERY_HIGH
2016-12-18 15:00:00,Bull Ring,0.8355715689485752,0.8322953581809998,-0.0032762107675754493,0.0032762107675754493,1.0733556993577314e-05,True,False,VERY_HIGH
2016-12-13 08:30:00,BHMNCPNST01,0.4515463917525773,0.44827592372894287,-0.003270468023634454,0.003270468023634454,1.0695961093615452e-05,True,False,MODERATE
2016-12-12 14:30:00,BHMBCCSNH01,0.9049826187717266,0.90171217918396,-0.003270439587766627,0.003270439587766627,1.0695775097231146e-05,True,False,VERY_HIGH
2016-12-15 09:30:00,Others-CCCPS98,0.30228810828230745,0.30555829405784607,0.0032701857755386143,0.0032701857755386143,1.0694115006535089e-05,False,True,MODERATE
2016-12-14 14:00:00,Others-CCCPS135a,0.8436775688900334,0.8404144644737244,-0.0032631044163090595,0.0032631044163090595,1.0647850431735688e-05,True,False,VERY_HIGH
2016-12-13 09:30:00,BHMBCCPST01,0.23659305993690852,0.23333771526813507,-0.0032553446687734466,0.0032553446687734466,1.0597268912511701e-05,True,False,LOW
2016-12-18 09:30:00,Others-CCCPS133,0.18160427807486632,0.18485376238822937,0.0032494843133630547,0.0032494843133630547,1.0559148302792562e-05,False,True,LOW
2016-12-18 13:30:00,Others-CCCPS119a,0.4555833036032822,0.4588325619697571,0.003249258366474883,0.003249258366474883,1.0557679932107025e-05,False,True,MODERATE
2016-12-17 08:00:00,Others-CCCPS8,0.2980332829046899,0.3012780249118805,0.003244742007190604,0.003244742007190604,1.0528350693227311e-05,False,True,MODERATE
2016-12-09 16:00:00,BHMBRCBRG03,0.3321554770318021,0.32891467213630676,-0.0032408048954953306,0.0032408048954953306,1.0502816370666501e-05,True,False,MODERATE
2016-12-17 13:30:00,Others-CCCPS135a,0.5245943857841875,0.5213578343391418,-0.0032365514450456434,0.0032365514450456434,1.0475265256427043e-05,True,False,HIGH
2016-12-18 11:30:00,BHMBCCPST01,0.416403785488959,0.4196368157863617,0.0032330302974026837,0.0032330302974026837,1.0452484903923685e-05,False,True,MODERATE
2016-12-18 11:00:00,BHMEURBRD02,0.11363636363636363,0.11040960252285004,-0.003226761113513596,0.003226761113513596,1.0411987283683502e-05,True,False,LOW
2016-12-08 15:30:00,BHMNCPRAN01,0.8083333333333333,0.8115565776824951,0.003223244349161769,0.003223244349161769,1.0389304134403276e-05,False,True,VERY_HIGH
2016-12-11 12:30:00,BHMNCPPLS01,0.5844444444444444,0.5876660943031311,0.0032216498586866704,0.0032216498586866704,1.0379027811975843e-05,False,True,HIGH
2016-12-09 14:00:00,BHMBCCPST01,0.444794952681388,0.44801658391952515,0.0032216312381371237,0.0032216312381371237,1.0378907834540937e-05,False,True,MODERATE
2016-12-09 14:30:00,BHMBRCBRG03,0.3992932862190813,0.39607372879981995,-0.003219557419261332,0.003219557419261332,1.0365549975920687e-05,True,False,MODERATE
2016-12-19 09:00:00,Bull Ring,0.20569931215198164,0.2089143544435501,0.003215042291568465,0.003215042291568465,1.0336496936573807e-05,False,True,LOW
2016-12-10 14:00:00,BHMNCPHST01,0.5391666666666667,0.5359548926353455,-0.003211774031321224,0.003211774031321224,1.0315492428269387e-05,True,False,HIGH
2016-12-09 08:30:00,BHMBCCPST01,0.15457413249211358,0.15778321027755737,0.003209077785443798,0.003209077785443798,1.029818023302887e-05,False,True,LOW
2016-12-10 10:00:00,Others-CCCPS105a,0.5201592832254853,0.5169535279273987,-0.0032057552980866433,0.0032057552980866433,1.0276867031210584e-05,True,False,HIGH
2016-12-08 15:30:00,Others-CCCPS119a,0.2104887620406707,0.21369300782680511,0.003204245786134402,0.003204245786134402,1.0267191057960072e-05,False,True,LOW
2016-12-16 13:00:00,Others-CCCPS8,0.6127080181543116,0.6095038652420044,-0.0032041529123072454,0.0032041529123072454,1.0266595885447002e-05,True,False,HIGH
2016-12-12 12:00:00,BHMNCPHST01,0.6941666666666667,0.6973620057106018,0.003195339043935097,0.003195339043935097,1.021019160569606e-05,False,True,HIGH
2016-12-18 10:00:00,Others-CCCPS135a,0.2747875354107649,0.27159783244132996,-0.0031897029694349377,0.0031897029694349377,1.0174205033222059e-05,True,False,MODERATE
2016-12-12 15:00:00,Others-CCCPS119a,0.20192650731359257,0.1987379938364029,-0.0031885134771896806,0.0031885134771896806,1.0166618194220228e-05,True,False,LOW
2016-12-13 16:00:00,NIA Car Parks,0.10410094637223975,0.10728076845407486,0.003179822081835107,0.003179822081835107,1.0111268472126153e-05,False,True,LOW
2016-12-12 12:30:00,Others-CCCPS202,0.43615934627170583,0.4393271207809448,0.0031677745092389964,0.0031677745092389964,1.0034795341384365e-05,False,True,MODERATE
2016-12-13 11:00:00,NIA South,0.26015228426395937,0.25698715448379517,-0.0031651297801641998,0.0031651297801641998,1.0018046525282275e-05,True,False,MODERATE
2016-12-10 08:30:00,Others-CCCPS202,0.1797752808988764,0.1829366385936737,0.0031613576947973066,0.0031613576947973066,9.99418247445414e-06,False,True,LOW
2016-12-16 12:30:00,Bull Ring,0.7592531935800851,0.7624136805534363,0.00316048697335114,0.00316048697335114,9.988677908722249e-06,False,True,VERY_HIGH
2016-12-15 15:30:00,BHMBRCBRG01,0.693069306930693,0.6899094581604004,-0.003159848770292628,0.003159848770292628,9.984644251119834e-06,True,False,HIGH
2016-12-17 15:30:00,BHMNCPPLS01,0.4688888888888889,0.4657330811023712,-0.0031558077865176948,0.0031558077865176948,9.959122785445713e-06,True,False,MODERATE
2016-12-11 09:30:00,Others-CCCPS133,0.2132620320855615,0.21011193096637726,-0.0031501011191842343,0.0031501011191842343,9.923137061085766e-06,True,False,LOW
2016-12-10 10:30:00,Others-CCCPS98,0.27231711247180146,0.27546703815460205,0.0031499256828005917,0.0031499256828005917,9.922031807166773e-06,False,True,MODERATE
2016-12-13 14:30:00,NIA Car Parks,0.14826498422712933,0.15141414105892181,0.0031491568317924823,0.0031491568317924823,9.917188751225265e-06,False,True,LOW
2016-12-14 14:00:00,NIA Car Parks,0.17113564668769715,0.16799890995025635,-0.003136736737440804,0.003136736737440804,9.839117360010778e-06,True,False,LOW
2016-12-09 16:00:00,Shopping,0.5302083333333333,0.5270717740058899,-0.003136559327443389,0.003136559327443389,9.838004414572125e-06,True,False,HIGH
2016-12-17 14:00:00,BHMNCPPLS01,0.4777777777777778,0.4746466279029846,-0.003131149874793182,0.003131149874793182,9.804099538417359e-06,True,False,MODERATE
2016-12-11 08:30:00,Others-CCCPS119a,0.12343917231537638,0.12031055986881256,-0.0031286124465638165,0.0031286124465638165,9.78821584079403e-06,True,False,LOW
2016-12-12 12:00:00,BHMNCPRAN01,0.8516666666666667,0.8485442399978638,-0.0031224266688029134,0.0031224266688029134,9.74954830205166e-06,True,False,VERY_HIGH
2016-12-10 14:30:00,BHMBCCSNH01,0.7937427578215527,0.7968646883964539,0.003121930574901177,0.003121930574901177,9.746450514502795e-06,False,True,VERY_HIGH
2016-12-16 13:30:00,BHMBRCBRG01,0.9762376237623762,0.9793587923049927,0.0031211685426164593,0.0031211685426164593,9.741693071418553e-06,False,True,VERY_HIGH
2016-12-12 13:30:00,BHMBRCBRG03,0.47820965842167257,0.48132574558258057,0.0031160871609079988,0.0031160871609079988,9.709999194375671e-06,False,True,MODERATE
2016-12-14 13:00:00,Others-CCCPS119a,0.22547270781305745,0.22858621180057526,0.003113503987517807,0.003113503987517807,9.693907080289285e-06,False,True,LOW
2016-12-15 10:30:00,NIA South,0.2956852791878173,0.2925724983215332,-0.0031127808662840817,0.0031127808662840817,9.689404721504277e-06,True,False,MODERATE
2016-12-13 14:30:00,Others-CCCPS105a,0.6754604280736685,0.6785717010498047,0.0031112729761362257,0.0031112729761362257,9.680019532035568e-06,False,True,HIGH
2016-12-18 12:30:00,Others-CCCPS98,0.4904930712213986,0.487382709980011,-0.003110361241387638,0.003110361241387638,9.674347051926449e-06,True,False,MODERATE
2016-12-16 15:30:00,NIA South,0.20304568527918782,0.20615340769290924,0.0031077224137214254,0.0031077224137214254,9.657938600746522e-06,False,True,LOW
2016-12-10 12:00:00,Others-CCCPS105a,0.6565455450472872,0.6596488356590271,0.0031032906117398618,0.0031032906117398618,9.630412620912765e-06,False,True,HIGH
2016-12-15 08:00:00,Bull Ring,0.10219456272518834,0.10529673844575882,0.003102175720570477,0.003102175720570477,9.623494201296959e-06,False,True,LOW
2016-12-13 12:30:00,Broad Street,0.9579710144927536,0.9548709988594055,-0.003100015633348052,0.003100015633348052,9.610096927002324e-06,True,False,VERY_HIGH
2016-12-16 12:00:00,Others-CCCPS8,0.5990922844175491,0.5959986448287964,-0.00309363958875275,0.00309363958875275,9.570605905098286e-06,True,False,HIGH
2016-12-12 09:30:00,Shopping,0.6578125,0.6609061360359192,0.0030936360359191672,0.0030936360359191672,9.570583922737658e-06,False,True,HIGH
2016-12-11 08:30:00,Others-CCCPS135a,0.20267834148853978,0.20577022433280945,0.003091882844269672,0.003091882844269672,9.559739522689118e-06,False,True,LOW
2016-12-10 15:30:00,BHMNCPNST01,0.7505154639175258,0.7536018490791321,0.0030863851616063087,0.0030863851616063087,9.5257733657836e-06,False,True,VERY_HIGH
2016-12-11 08:30:00,Others-CCCPS98,0.25749274895262647,0.2605723440647125,0.003079595112086053,0.003079595112086053,9.48390605438431e-06,False,True,MODERATE
2016-12-14 15:00:00,BHMNCPRAN01,0.8633333333333333,0.8664082884788513,0.0030749551455180324,0.0030749551455180324,9.455349146947824e-06,False,True,VERY_HIGH
2016-12-11 12:00:00,Others-CCCPS135a,0.45377285603914497,0.45684027671813965,0.003067420678994681,0.003067420678994681,9.40906962192419e-06,False,True,MODERATE
2016-12-12 13:00:00,Shopping,0.7942708333333334,0.7973358035087585,0.0030649701754251746,0.0030649701754251746,9.394042176245825e-06,False,True,VERY_HIGH
2016-12-12 15:00:00,BHMNCPHST01,0.6083333333333333,0.6052748560905457,-0.0030584772427876272,0.0030584772427876272,9.354283044649807e-06,True,False,HIGH
2016-12-19 11:00:00,BHMBRCBRG02,0.592964824120603,0.5960215926170349,0.003056768496431883,0.003056768496431883,9.343833640778435e-06,False,True,HIGH
2016-12-15 10:30:00,Others-CCCPS135a,0.8441926345609065,0.8472424149513245,0.003049780390417922,0.003049780390417922,9.301160429777694e-06,False,True,VERY_HIGH
2016-12-09 13:30:00,Shopping,0.7223958333333333,0.7193480730056763,-0.0030477603276570786,0.0030477603276570786,9.288843014840382e-06,True,False,HIGH
2016-12-19 09:00:00,BHMNCPNST01,0.3835051546391753,0.38654935359954834,0.003044198960373057,0.003044198960373057,9.2671473103364e-06,False,True,MODERATE
2016-12-16 15:00:00,Shopping,0.5989583333333334,0.5959190726280212,-0.00303926070531213,0.00303926070531213,9.237105634854386e-06,True,False,HIGH
2016-12-09 15:30:00,Others-CCCPS119a,0.20941848019978596,0.2063797265291214,-0.003038753670664557,0.003038753670664557,9.234023870977318e-06,True,False,LOW
2016-12-15 11:30:00,Others-CCCPS119a,0.23795932929004637,0.2349221110343933,-0.0030372182556530625,0.0030372182556530625,9.224694732472231e-06,True,False,LOW
2016-12-15 08:30:00,BHMBCCMKT01,0.053726169844020795,0.05068919435143471,-0.0030369754925860873,0.0030369754925860873,9.223220142568508e-06,True,False,LOW
2016-12-12 10:00:00,BHMNCPLDH01,0.8875,0.8905278444290161,0.0030278444290161577,0.0030278444290161577,9.167841886324183e-06,False,True,VERY_HIGH
2016-12-13 15:00:00,Others-CCCPS133,0.5946524064171123,0.5976802110671997,0.003027804650087451,0.003027804650087451,9.167600999091192e-06,False,True,HIGH
2016-12-14 13:00:00,BHMBCCMKT01,0.35701906412478335,0.3539939820766449,-0.00302508204813845,0.00302508204813845,9.15112139796952e-06,True,False,MODERATE
2016-12-16 11:30:00,Others-CCCPS119a,0.18943988583660365,0.18641597032546997,-0.003023915511133679,0.003023915511133679,9.14406501847486e-06,True,False,LOW
2016-12-09 15:00:00,BHMBRCBRG01,0.7702970297029703,0.7733125686645508,0.003015538961580466,0.003015538961580466,9.093475228809796e-06,False,True,VERY_HIGH
2016-12-16 12:30:00,Others-CCCPS8,0.6043872919818457,0.6073829531669617,0.002995661185115961,0.002995661185115961,8.973985936010363e-06,False,True,HIGH
2016-12-16 15:00:00,Others-CCCPS202,0.39768471229145386,0.3946937918663025,-0.0029909204251513666,0.0029909204251513666,8.945604989587632e-06,True,False,MODERATE
2016-12-10 09:30:00,BHMBCCSNH01,0.46349942062572425,0.46649008989334106,0.002990669267616819,0.002990669267616819,8.94410266826772e-06,False,True,MODERATE
2016-12-17 16:00:00,Others-CCCPS135a,0.4854493947978367,0.4824610948562622,-0.0029882999415745126,0.0029882999415745126,8.929936540814236e-06,True,False,MODERATE
2016-12-09 08:00:00,BHMBRCBRG02,0.09798994974874371,0.10097730904817581,0.002987359299432099,0.002987359299432099,8.924315583903443e-06,False,True,LOW
2016-12-12 14:30:00,BHMNCPLDH01,0.8888888888888888,0.8918722867965698,0.0029833979076809847,0.0029833979076809847,8.900663075555278e-06,False,True,VERY_HIGH
2016-12-17 09:30:00,Others-CCCPS8,0.45310136157337366,0.4560815095901489,0.0029801480167752636,0.0029801480167752636,8.881282201889537e-06,False,True,MODERATE
2016-12-09 13:00:00,Others-CCCPS202,0.4167517875383044,0.4137730598449707,-0.0029787276933336826,0.0029787276933336826,8.872818671033001e-06,True,False,MODERATE
2016-12-15 09:00:00,Others-CCCPS119a,0.15340706386014985,0.15638530254364014,0.0029782386834902863,0.0029782386834902863,8.869905655837953e-06,False,True,LOW
2016-12-15 12:00:00,NIA South,0.3362944162436548,0.3333187401294708,-0.0029756761141839783,0.0029756761141839783,8.854648336525061e-06,True,False,MODERATE
2016-12-12 15:30:00,BHMBCCMKT01,0.19930675909878684,0.19633366167545319,-0.002973097423333654,0.002973097423333654,8.839308288633211e-06,True,False,LOW
2016-12-19 10:00:00,Broad Street,0.7333333333333333,0.7303661108016968,-0.002967222531636504,0.002967222531636504,8.804409552251346e-06,True,False,HIGH
2016-12-15 12:00:00,Others-CCCPS202,0.45045965270684374,0.4534238576889038,0.00296420498206007,0.00296420498206007,8.78651117566974e-06,False,True,MODERATE
2016-12-19 08:00:00,Bull Ring,0.09007533573534228,0.09303665161132812,0.0029613158759858454,0.0029613158759858454,8.769391717365815e-06,False,True,LOW
2016-12-09 09:30:00,Others-CCCPS119a,0.180164109882269,0.18312495946884155,0.002960849586572556,0.002960849586572556,8.766630274306875e-06,False,True,LOW
2016-12-10 13:30:00,BHMBRCBRG02,0.9991624790619765,0.9962047338485718,-0.00295774521340475,0.00295774521340475,8.74825674741871e-06,True,False,VERY_HIGH
2016-12-16 11:30:00,Others-CCCPS133,0.6444919786096257,0.6474488377571106,0.0029568591474848915,0.0029568591474848915,8.74301601806508e-06,False,True,HIGH
2016-12-13 12:00:00,BHMNCPHST01,0.7358333333333333,0.7387872934341431,0.002953960100809727,0.002953960100809727,8.725880277175814e-06,False,True,HIGH
2016-12-16 08:30:00,Others-CCCPS133,0.26032085561497326,0.25736820697784424,-0.0029526486371290184,0.0029526486371290184,8.71813397433985e-06,True,False,MODERATE
2016-12-11 09:30:00,Bull Ring,0.12512283000327545,0.1280745565891266,0.0029517265858511332,0.0029517265858511332,8.712689837620387e-06,False,True,LOW
2016-12-16 13:00:00,NIA South,0.1751269035532995,0.17217744886875153,-0.002949454684547964,0.002949454684547964,8.69928293620193e-06,True,False,LOW
2016-12-19 11:30:00,BHMBRCBRG01,1.0,0.9970696568489075,-0.0029303431510925293,0.0029303431510925293,8.586910983154894e-06,True,False,VERY_HIGH
2016-12-12 12:30:00,NIA South,0.2715736040609137,0.27450329065322876,0.0029296865923150728,0.0029296865923150728,8.583063529190703e-06,False,True,MODERATE
2016-12-18 08:30:00,Others-CCCPS133,0.13475935828877006,0.1318306177854538,-0.002928740503316263,0.002928740503316263,8.577520935765197e-06,True,False,LOW
2016-12-09 12:30:00,Broad Street,0.7855072463768116,0.7884352207183838,0.002927974341572215,0.002927974341572215,8.573033744905246e-06,False,True,VERY_HIGH
2016-12-11 09:00:00,Broad Street,0.13043478260869565,0.1275075376033783,-0.0029272450053173527,0.0029272450053173527,8.568763321155388e-06,True,False,LOW
2016-12-19 13:00:00,BHMNCPLDH01,0.8722222222222222,0.875148594379425,0.0029263721572028167,0.0029263721572028167,8.563654002451867e-06,False,True,VERY_HIGH
2016-12-13 11:00:00,BHMEURBRD02,0.990909090909091,0.9879847168922424,-0.00292437401684853,0.00292437401684853,8.551963390418806e-06,True,False,VERY_HIGH
2016-12-18 14:00:00,BHMNCPRAN01,0.12833333333333333,0.1254160851240158,-0.002917248209317519,0.002917248209317519,8.510337114766271e-06,True,False,LOW
2016-12-09 16:00:00,BHMNCPNST01,0.4762886597938144,0.4733732342720032,-0.0029154255218112324,0.0029154255218112324,8.499705973228296e-06,True,False,MODERATE
2016-12-14 15:00:00,NIA South,0.23730964467005075,0.23439911007881165,-0.0029105345912391056,0.0029105345912391056,8.471211606799388e-06,True,False,LOW
2016-12-18 10:00:00,BHMBRTARC01,0.7762096774193549,0.7733015418052673,-0.002908135614087537,0.002908135614087537,8.457252749924296e-06,True,False,VERY_HIGH
2016-12-09 12:00:00,BHMNCPHST01,0.6575,0.6545941233634949,-0.0029058766365051003,0.0029058766365051003,8.444119026586195e-06,True,False,HIGH
2016-12-12 13:00:00,BHMNCPNHS01,0.906,0.9089057445526123,0.002905744552612277,0.002905744552612277,8.443351405035923e-06,False,True,VERY_HIGH
2016-12-19 11:00:00,Broad Street,0.8130434782608695,0.8101380467414856,-0.0029054315193839386,0.0029054315193839386,8.441532313829662e-06,True,False,VERY_HIGH
2016-12-09 11:00:00,BHMBRCBRG02,0.6247906197654941,0.6218856573104858,-0.0029049624550082642,0.0029049624550082642,8.438806865007641e-06,True,False,HIGH
2016-12-15 09:30:00,Others-CCCPS8,0.4606656580937973,0.4635692238807678,0.002903565786970541,0.002903565786970541,8.430694279265857e-06,False,True,MODERATE
2016-12-18 14:30:00,BHMBCCTHL01,1.0,0.9970971345901489,-0.0029028654098510742,0.0029028654098510742,8.426627587709845e-06,True,False,VERY_HIGH
2016-12-12 14:30:00,NIA Car Parks,0.14826498422712933,0.1511654406785965,0.002900456451467165,0.002900456451467165,8.412647626857498e-06,False,True,LOW
2016-12-09 15:30:00,Others-CCCPS133,0.5721925133689839,0.5750866532325745,0.00289413986359055,0.00289413986359055,8.376045550023928e-06,False,True,HIGH
2016-12-10 16:00:00,BHMNCPLDH01,0.5819444444444445,0.5848349332809448,0.002890488836500338,0.002890488836500338,8.354925713933077e-06,False,True,HIGH
2016-12-15 12:30:00,BHMEURBRD02,0.85,0.8528845906257629,0.0028845906257629617,0.0028845906257629617,8.320863078239555e-06,False,True,VERY_HIGH
2016-12-15 10:30:00,BHMBRCBRG01,0.7485148514851485,0.7456356287002563,-0.002879222784892166,0.002879222784892166,8.2899238450422e-06,True,False,HIGH
2016-12-09 08:00:00,Shopping,0.39947916666666666,0.40235644578933716,0.0028772791226704952,0.0028772791226704952,8.278735149755494e-06,False,True,MODERATE
2016-12-18 16:00:00,Others-CCCPS202,0.3129043241402792,0.3100292980670929,-0.002875026073186293,0.002875026073186293,8.265774921500996e-06,True,False,MODERATE
2016-12-11 10:30:00,BHMNCPRAN01,0.24166666666666667,0.24454054236412048,0.002873875697453815,0.002873875697453815,8.25916152441565e-06,False,True,LOW
2016-12-19 16:00:00,BHMEURBRD01,0.7936170212765957,0.7964903712272644,0.00287334995066868,0.00287334995066868,8.256139939007705e-06,False,True,VERY_HIGH
2016-12-13 10:00:00,BHMBCCTHL01,0.8888888888888888,0.8917576670646667,0.0028687781757779085,0.0028687781757779085,8.229888221819624e-06,False,True,VERY_HIGH
2016-12-16 12:30:00,Others-CCCPS105a,0.6570433051269288,0.6541833877563477,-0.002859917370581111,0.002859917370581111,8.179127366551575e-06,True,False,HIGH
2016-12-10 13:30:00,Others-CCCPS119a,0.21905101676774885,0.21619446575641632,-0.002856551011332531,0.002856551011332531,8.159883680344905e-06,True,False,LOW
2016-12-16 12:00:00,Others-CCCPS98,0.29487592652271993,0.2977280914783478,0.002852164955627845,0.002852164955627845,8.134844934111587e-06,False,True,MODERATE
2016-12-19 16:00:00,BHMNCPHST01,0.5983333333333334,0.5954819321632385,-0.0028514011700948583,0.0028514011700948583,8.130488632818327e-06,True,False,HIGH
2016-12-14 14:00:00,BHMNCPNHS01,0.864,0.8668509721755981,0.0028509721755981543,0.0028509721755981543,8.128042346034872e-06,False,True,VERY_HIGH
2016-12-19 10:00:00,Others-CCCPS119a,0.4241883696039957,0.42133939266204834,-0.0028489769419473565,0.0028489769419473565,8.116669615747711e-06,True,False,MODERATE
2016-12-12 14:00:00,BHMBCCSNH01,0.9269988412514485,0.9298443794250488,0.002845538173600337,0.002845538173600337,8.097087497416743e-06,False,True,VERY_HIGH
2016-12-14 16:00:00,Others-CCCPS98,0.3161456654850145,0.3189901113510132,0.0028444458659986904,0.0028444458659986904,8.09087228459704e-06,False,True,MODERATE
2016-12-13 11:30:00,Others-CCCPS8,0.6127080181543116,0.6155513525009155,0.0028433343466038874,0.0028433343466038874,8.084550206577355e-06,False,True,HIGH
2016-12-10 10:00:00,Others-CCCPS202,0.2240381341504937,0.22687570750713348,0.002837573356639783,0.002837573356639783,8.051822554311966e-06,False,True,LOW
2016-12-12 12:30:00,BHMNCPNHS01,0.908,0.9108298420906067,0.00282984209060666,0.00282984209060666,8.008006257769073e-06,False,True,VERY_HIGH
2016-12-12 15:30:00,Broad Street,0.7724637681159421,0.7696399092674255,-0.0028238588485165472,0.0028238588485165472,7.9741787963452e-06,True,False,VERY_HIGH
2016-12-11 10:00:00,Others-CCCPS135a,0.255472572753026,0.2526560425758362,-0.002816530177189802,0.002816530177189802,7.932842239020818e-06,True,False,MODERATE
2016-12-12 15:00:00,Others-CCCPS98,0.31582339671285853,0.31300821900367737,-0.0028151777091811603,0.0028151777091811603,7.925225534270485e-06,True,False,MODERATE
2016-12-10 16:00:00,Shopping,0.5473958333333333,0.5502046346664429,0.0028088013331095674,0.0028088013331095674,7.889364928878083e-06,False,True,HIGH
2016-12-08 15:30:00,Others-CCCPS135a,0.7422096317280453,0.7450183629989624,0.0028087312709170753,0.0028087312709170753,7.888971352227449e-06,False,True,HIGH
2016-12-18 14:00:00,Others-CCCPS135a,0.4851918619624002,0.48238348960876465,-0.0028083723536355687,0.0028083723536355687,7.886955276664584e-06,True,False,MODERATE
2016-12-16 14:30:00,BHMBCCSNH01,0.8829663962920047,0.880158543586731,-0.002807852705273728,0.002807852705273728,7.884036814512992e-06,True,False,VERY_HIGH
2016-12-16 11:00:00,Others-CCCPS8,0.5711043872919819,0.5738941431045532,0.0027897558125713484,0.0027897558125713484,7.782737493775624e-06,False,True,HIGH
2016-12-09 10:00:00,Broad Street,0.717391304347826,0.7201765179634094,0.0027852136155833707,0.0027852136155833707,7.757414884430991e-06,False,True,HIGH
2016-12-09 13:00:00,BHMBRCBRG01,0.994059405940594,0.9912745356559753,-0.0027848702846187123,0.0027848702846187123,7.755502502152308e-06,True,False,VERY_HIGH
2016-12-18 13:30:00,BHMBRCBRG02,1.0,0.9972224831581116,-0.0027775168418884277,0.0027775168418884277,7.714599806973865e-06,True,False,VERY_HIGH
2016-12-17 15:30:00,Shopping,0.5791666666666667,0.5819385647773743,0.002771898110707549,0.002771898110707549,7.68341913614408e-06,False,True,HIGH
2016-12-14 15:30:00,BHMNCPPLS01,0.21777777777777776,0.22054354846477509,0.002765770686997321,0.002765770686997321,7.649487493053633e-06,False,True,LOW
2016-12-08 15:30:00,BHMNCPHST01,0.5566666666666666,0.5594300627708435,0.002763396104176863,0.002763396104176863,7.636358028579863e-06,False,True,HIGH
2016-12-17 13:00:00,Others-CCCPS105a,0.664509706321553,0.6672694683074951,0.0027597619859420774,0.0027597619859420774,7.6162862190509595e-06,False,True,HIGH
2016-12-11 15:30:00,BHMBRCBRG03,0.44287396937573614,0.44562390446662903,0.0027499350908928855,0.0027499350908928855,7.562143004124062e-06,False,True,MODERATE
2016-12-10 14:00:00,BHMBRCBRG03,0.64075382803298,0.6380085945129395,-0.0027452335200405242,0.0027452335200405242,7.5363070795540876e-06,True,False,HIGH
2016-12-12 11:30:00,Shopping,0.7760416666666666,0.7732976675033569,-0.002743999163309696,0.002743999163309696,7.529531408244312e-06,True,False,VERY_HIGH
2016-12-16 15:00:00,BHMMBMMBX01,0.777292576419214,0.7800365090370178,0.0027439326178038126,0.0027439326178038126,7.529166211047684e-06,False,True,VERY_HIGH
2016-12-16 15:30:00,BHMBCCPST01,0.4889589905362776,0.4917019009590149,0.002742910422737277,0.002742910422737277,7.523557587160787e-06,False,True,MODERATE
2016-12-15 13:30:00,BHMBCCTHL01,1.0,0.9972593188285828,-0.0027406811714172363,0.0027406811714172363,7.511333283360955e-06,True,False,VERY_HIGH
2016-12-18 14:00:00,Others-CCCPS202,0.31086142322097376,0.30812183022499084,-0.00273959299598292,0.00273959299598292,7.5053697836386725e-06,True,False,MODERATE
2016-12-12 13:00:00,BHMNCPNST01,0.5896907216494846,0.5924286842346191,0.00273796258513459,0.00273796258513459,7.4964391175968874e-06,False,True,HIGH
2016-12-18 13:30:00,BHMNCPNST01,0.5092783505154639,0.5065417885780334,-0.0027365619374304373,0.0027365619374304373,7.488771237393028e-06,True,False,HIGH
2016-12-10 12:00:00,Others-CCCPS119a,0.21905101676774885,0.22178605198860168,0.002735035220852833,0.002735035220852833,7.480417659305504e-06,False,True,LOW
2016-12-09 14:30:00,Others-CCCPS133,0.6716577540106952,0.6743906736373901,0.002732919626694974,0.002732919626694974,7.468849685974596e-06,False,True,HIGH
2016-12-17 08:30:00,BHMNCPNST01,0.49072164948453606,0.48799049854278564,-0.0027311509417504154,0.0027311509417504154,7.459185466624181e-06,True,False,MODERATE
2016-12-12 11:30:00,Others-CCCPS202,0.43173306094654407,0.4344627857208252,0.002729724774281128,0.002729724774281128,7.451397343324156e-06,False,True,MODERATE
2016-12-12 12:00:00,Others-CCCPS119a,0.21833749554049234,0.22106647491455078,0.0027289793740584434,0.0027289793740584434,7.4473284240364135e-06,False,True,LOW
2016-12-16 14:30:00,Others-CCCPS98,0.3180792781179504,0.3153519332408905,-0.0027273448770598896,0.0027273448770598896,7.4384100784248244e-06,True,False,MODERATE
2016-12-11 11:30:00,BHMNCPRAN01,0.235,0.23228152096271515,-0.0027184790372848378,0.0027184790372848378,7.390128276157099e-06,True,False,LOW
2016-12-10 10:00:00,BHMNCPHST01,0.2725,0.2697845697402954,-0.00271543025970461,0.00271543025970461,7.373561495319445e-06,True,False,MODERATE
2016-12-10 08:00:00,Others-CCCPS8,0.3101361573373676,0.3074257969856262,-0.002710360351741381,0.002710360351741381,7.346053236291662e-06,True,False,MODERATE
2016-12-18 09:30:00,Others-CCCPS135a,0.24929178470254956,0.2520006000995636,0.002708815397014036,0.002708815397014036,7.33768085510031e-06,False,True,LOW
2016-12-18 08:30:00,Others-CCCPS202,0.14300306435137897,0.140302836894989,-0.002700227456389953,0.002700227456389953,7.291228316242156e-06,True,False,LOW
2016-12-12 10:30:00,NIA Car Parks,0.15772870662460567,0.16042886674404144,0.002700160119435774,0.002700160119435774,7.290864670591413e-06,False,True,LOW
2016-12-14 15:30:00,Others-CCCPS98,0.34160489848533676,0.3389096260070801,-0.002695272478256683,0.002695272478256683,7.264493732047921e-06,True,False,MODERATE
2016-12-14 11:30:00,BHMNCPHST01,0.7125,0.709811270236969,-0.002688729763031028,0.002688729763031028,7.229267738608888e-06,True,False,HIGH
2016-12-11 15:00:00,BHMNCPNST01,0.6783505154639176,0.6810304522514343,0.002679936787516768,0.002679936787516768,7.182061185085694e-06,False,True,HIGH
2016-12-09 11:30:00,Others-CCCPS98,0.36061875604253946,0.36328762769699097,0.00266887165445151,0.00266887165445151,7.122875907934741e-06,False,True,MODERATE
2016-12-18 09:00:00,BHMBRTARC01,0.7903225806451613,0.7876647114753723,-0.00265786916978894,0.00265786916978894,7.064268523714549e-06,True,False,VERY_HIGH
2016-12-13 09:30:00,BHMBRCBRG01,0.32673267326732675,0.3293890655040741,0.0026563922367473514,0.0026563922367473514,7.056419715451597e-06,False,True,MODERATE
2016-12-12 10:30:00,Others-CCCPS105a,0.624688899950224,0.6273388266563416,0.0026499267061175225,0.0026499267061175225,7.022111547794862e-06,False,True,HIGH
2016-12-16 12:30:00,Broad Street,0.736231884057971,0.7388727068901062,0.002640822832135181,0.002640822832135181,6.973945230726479e-06,False,True,HIGH
2016-12-18 16:00:00,BHMNCPRAN01,0.10166666666666667,0.10429815948009491,0.0026314928134282406,0.0026314928134282406,6.924754427124477e-06,False,True,LOW
2016-12-18 09:00:00,BHMNCPNST01,0.3628865979381443,0.36551016569137573,0.002623567753231415,0.002623567753231415,6.883107755795735e-06,False,True,MODERATE
2016-12-15 10:30:00,Bull Ring,0.5296429741238127,0.5270215272903442,-0.0026214468334684327,0.0026214468334684327,6.871983500701672e-06,True,False,HIGH
2016-12-13 11:00:00,Others-CCCPS133,0.5792513368983957,0.5766305923461914,-0.0026207445522042905,0.0026207445522042905,6.868302007908467e-06,True,False,HIGH
2016-12-14 15:00:00,Others-CCCPS133,0.6062032085561497,0.6088220477104187,0.0026188391542689704,0.0026188391542689704,6.858318515932216e-06,False,True,HIGH
2016-12-16 15:30:00,Others-CCCPS202,0.38100102145045966,0.3836057186126709,0.0026046971622112336,0.0026046971622112336,6.784447306831254e-06,False,True,MODERATE
2016-12-12 16:00:00,BHMBRCBRG01,0.6495049504950495,0.6521077156066895,0.0026027651116399264,0.0026027651116399264,6.774386226369999e-06,False,True,HIGH
2016-12-10 14:30:00,Others-CCCPS98,0.37447631324524655,0.3718736171722412,-0.0026026960730053394,0.0026026960730053394,6.774026848437415e-06,True,False,MODERATE
2016-12-19 11:30:00,BHMEURBRD02,0.8272727272727273,0.8298719525337219,0.002599225260994653,0.002599225260994653,6.755971957392723e-06,False,True,VERY_HIGH
2016-12-12 13:00:00,Others-CCCPS202,0.43820224719101125,0.4356120824813843,-0.002590164709626974,0.002590164709626974,6.708953222996988e-06,True,False,MODERATE
2016-12-12 08:00:00,Others-CCCPS119a,0.09810916874777025,0.09552396833896637,-0.0025852004088038755,0.0025852004088038755,6.6832611536797245e-06,True,False,LOW
2016-12-16 12:30:00,BHMEURBRD01,0.7574468085106383,0.7548757195472717,-0.0025710889633665523,0.0025710889633665523,6.610498457545293e-06,True,False,VERY_HIGH
2016-12-09 14:00:00,Others-CCCPS135a,0.7476178212722122,0.7450507283210754,-0.0025670929511367735,0.0025670929511367735,6.589966219776109e-06,True,False,HIGH
2016-12-14 12:00:00,BHMBRCBRG02,0.6323283082077052,0.6348926424980164,0.00256433429031111,0.00256433429031111,6.575810352465384e-06,False,True,HIGH
2016-12-10 14:00:00,Shopping,0.5984375,0.5958743691444397,-0.0025631308555602583,0.0025631308555602583,6.569639782725062e-06,True,False,HIGH
2016-12-11 12:30:00,BHMBCCPST01,0.832807570977918,0.835369348526001,0.002561777548082955,0.002561777548082955,6.562704205861918e-06,False,True,VERY_HIGH
2016-12-16 10:00:00,Shopping,0.6479166666666667,0.6504763960838318,0.002559729417165091,0.002559729417165091,6.552214689100335e-06,False,True,HIGH
2016-12-19 14:30:00,BHMEURBRD01,0.9191489361702128,0.9217085838317871,0.002559647661574349,0.002559647661574349,6.551796151403033e-06,False,True,VERY_HIGH
2016-12-18 11:00:00,BHMNCPPLS01,0.22444444444444445,0.22188948094844818,-0.0025549634959962653,0.0025549634959962653,6.5278384658734575e-06,True,False,LOW
2016-12-17 13:00:00,Others-CCCPS133,0.7895187165775401,0.7920722365379333,0.0025535199603932135,0.0025535199603932135,6.520464188126558e-06,False,True,VERY_HIGH
2016-12-16 10:30:00,BHMNCPLDH01,0.7972222222222223,0.7946701645851135,-0.002552057637108751,0.002552057637108751,6.512998183125102e-06,True,False,VERY_HIGH
2016-12-17 15:00:00,BHMEURBRD02,0.2772727272727273,0.2747213542461395,-0.0025513730265877554,0.0025513730265877554,6.509504320799563e-06,True,False,MODERATE
2016-12-19 13:00:00,Others-CCCPS135a,0.8186968838526912,0.821246862411499,0.002549978558807786,0.002549978558807786,6.502390650379434e-06,False,True,VERY_HIGH
2016-12-10 13:30:00,Others-CCCPS202,0.3122233571671774,0.3096742630004883,-0.0025490941666891365,0.0025490941666891365,6.497881070648583e-06,True,False,MODERATE
2016-12-10 15:00:00,BHMNCPLDH01,0.6791666666666667,0.6817065477371216,0.0025398810704548858,0.0025398810704548858,6.450995852055057e-06,False,True,HIGH
2016-12-09 10:30:00,BHMNCPPLS01,0.18666666666666668,0.1892007291316986,0.0025340624650319332,0.0025340624650319332,6.421472576683718e-06,False,True,LOW
2016-12-13 12:00:00,Others-CCCPS98,0.36835320657428294,0.36582133173942566,-0.002531874834857284,0.002531874834857284,6.410390179383599e-06,True,False,MODERATE
2016-12-12 11:30:00,Others-CCCPS135a,0.8503734226113829,0.8529027104377747,0.002529287826391724,0.002529287826391724,6.397296908733372e-06,False,True,VERY_HIGH
2016-12-11 13:30:00,Others-CCCPS135a,0.5346381663662116,0.5321115851402283,-0.002526581225983371,0.002526581225983371,6.383612691491634e-06,True,False,HIGH
2016-12-12 12:00:00,BHMBCCTHL01,1.0,0.9974734783172607,-0.002526521682739258,0.002526521682739258,6.383311813351611e-06,True,False,VERY_HIGH
2016-12-16 12:00:00,Others-CCCPS202,0.39904664623765745,0.39652377367019653,-0.002522872567460921,0.002522872567460921,6.364885991646859e-06,True,False,MODERATE
2016-12-19 15:00:00,Others-CCCPS105a,0.7730214036834245,0.7705047726631165,-0.00251663102030808,0.00251663102030808,6.333431692376888e-06,True,False,VERY_HIGH
2016-12-10 12:00:00,Bull Ring,0.878152636750737,0.8756374716758728,-0.0025151650748641563,0.0025151650748641563,6.326055353816417e-06,True,False,VERY_HIGH
2016-12-18 09:00:00,BHMNCPRAN01,0.19666666666666666,0.19918164610862732,0.002514979441960663,0.002514979441960663,6.325121593484768e-06,False,True,LOW
2016-12-15 11:00:00,Others-CCCPS119a,0.22404566535854442,0.2215312123298645,-0.0025144530286799194,0.0025144530286799194,6.32247403343762e-06,True,False,LOW
2016-12-19 10:30:00,Others-CCCPS105a,0.6127426580388253,0.6102306246757507,-0.002512033363074595,0.002512033363074595,6.3103116171998605e-06,True,False,HIGH
2016-12-15 13:00:00,BHMNCPHST01,0.7016666666666667,0.7041717171669006,0.002505050500233974,0.002505050500233974,6.275278008722483e-06,False,True,HIGH
2016-12-15 13:00:00,BHMBRCBRG02,0.7194304857621441,0.716925859451294,-0.002504626310850133,0.002504626310850133,6.2731529570027485e-06,True,False,HIGH
2016-12-18 16:00:00,BHMBRCBRG01,0.7980198019801981,0.7955234050750732,-0.0024963969051248203,0.0024963969051248203,6.231997507916781e-06,True,False,VERY_HIGH
2016-12-16 09:30:00,BHMMBMMBX01,0.6681222707423581,0.6656265258789062,-0.002495744863451832,0.002495744863451832,6.228742423446204e-06,True,False,HIGH
2016-12-09 12:30:00,Others-CCCPS119a,0.21905101676774885,0.21656323969364166,-0.002487777074107189,0.002487777074107189,6.189034770453327e-06,True,False,LOW
2016-12-15 14:30:00,BHMNCPRAN01,0.8966666666666666,0.8941828608512878,-0.00248380581537877,0.00248380581537877,6.1692913285093966e-06,True,False,VERY_HIGH
2016-12-10 09:00:00,Shopping,0.24635416666666668,0.24387343227863312,-0.002480734388033562,0.002480734388033562,6.154043103972251e-06,True,False,LOW
2016-12-10 14:30:00,Others-CCCPS119a,0.21905101676774885,0.216575488448143,-0.0024755283196058464,0.0024755283196058464,6.128240461170546e-06,True,False,LOW
2016-12-17 08:30:00,Broad Street,0.16521739130434782,0.16768427193164825,0.0024668806273004384,0.0024668806273004384,6.0855000293502045e-06,False,True,LOW
2016-12-12 10:30:00,BHMBCCPST01,0.3186119873817035,0.31614771485328674,-0.0024642725284167444,0.0024642725284167444,6.072639094309454e-06,True,False,MODERATE
2016-12-09 10:30:00,BHMBCCTHL01,0.9250645994832042,0.927524983882904,0.0024603843996998664,0.0024603843996998664,6.053491394286472e-06,False,True,VERY_HIGH
2016-12-10 14:30:00,Bull Ring,0.9033737307566329,0.90092933177948,-0.002444398977152873,0.002444398977152873,5.9750863595060115e-06,True,False,VERY_HIGH
2016-12-12 12:30:00,BHMBCCTHL01,1.0,0.99755859375,-0.00244140625,0.00244140625,5.9604644775390625e-06,True,False,VERY_HIGH
2016-12-12 08:00:00,BHMBCCMKT01,0.019064124783362217,0.021505188196897507,0.0024410634135352896,0.0024410634135352896,5.95879058890056e-06,False,True,LOW
2016-12-09 13:30:00,Others-CCCPS202,0.41130405175348994,0.41373997926712036,0.0024359275136304204,0.0024359275136304204,5.933742851661682e-06,False,True,MODERATE
2016-12-15 16:00:00,Others-CCCPS135a,0.680401751223281,0.6779669523239136,-0.002434798899367374,0.002434798899367374,5.928245680360577e-06,True,False,HIGH
2016-12-10 15:00:00,Others-CCCPS119a,0.21869425615412058,0.21626494824886322,-0.0024293079052573607,0.0024293079052573607,5.901536898545906e-06,True,False,LOW
2016-12-19 12:30:00,BHMBRCBRG01,1.0,0.9975714683532715,-0.0024285316467285156,0.0024285316467285156,5.897765959161916e-06,True,False,VERY_HIGH
2016-12-18 08:30:00,BHMNCPLDH01,0.25972222222222224,0.26214537024497986,0.002423148022757615,0.002423148022757615,5.87164634019414e-06,False,True,MODERATE
2016-12-15 10:30:00,BHMBRCBRG02,0.5067001675041876,0.5091230273246765,0.002422859820488954,0.002422859820488954,5.870249709739766e-06,False,True,HIGH
2016-12-14 15:00:00,BHMNCPNHS01,0.814,0.8164136409759521,0.0024136409759522026,0.0024136409759522026,5.825662760795501e-06,False,True,VERY_HIGH
2016-12-13 09:30:00,Others-CCCPS8,0.48184568835098335,0.47944000363349915,-0.002405684717484202,0.002405684717484202,5.787318959937046e-06,True,False,MODERATE
2016-12-10 09:30:00,Others-CCCPS105a,0.485813837730214,0.4882187843322754,0.002404946602061364,0.002404946602061364,5.783768158766502e-06,False,True,MODERATE
2016-12-16 10:30:00,Bull Ring,0.5886013756960367,0.5861992239952087,-0.0024021517008279147,0.0024021517008279147,5.770332793790444e-06,True,False,HIGH
2016-12-13 09:30:00,BHMBCCMKT01,0.15771230502599654,0.1553105264902115,-0.0024017785357850485,0.0024017785357850485,5.7685401349577715e-06,True,False,LOW
2016-12-18 13:30:00,BHMBCCPST01,0.668769716088328,0.6663690805435181,-0.0024006355448099592,0.0024006355448099592,5.76305101900501e-06,True,False,HIGH
2016-12-12 08:30:00,NIA South,0.1713197969543147,0.16892412304878235,-0.0023956739055323584,0.0023956739055323584,5.739253461648663e-06,True,False,LOW
2016-12-19 13:30:00,BHMEURBRD01,0.9425531914893617,0.9401633739471436,-0.00238981754221812,0.00238981754221812,5.7112278850934556e-06,True,False,VERY_HIGH
2016-12-12 15:00:00,BHMNCPLDH01,0.8472222222222222,0.8496075868606567,0.0023853646384345284,0.0023853646384345284,5.6899644582938884e-06,False,True,VERY_HIGH
2016-12-10 08:00:00,Others-CCCPS105a,0.3743155798904928,0.3767000734806061,0.002384493590113279,0.002384493590113279,5.685809681291315e-06,False,True,MODERATE
2016-12-16 10:00:00,Others-CCCPS133,0.49112299465240644,0.49350330233573914,0.002380307683332694,0.002380307683332694,5.665864667332657e-06,False,True,MODERATE
2016-12-13 12:30:00,Others-CCCPS98,0.37608765710602643,0.37846240401268005,0.002374746906653624,0.002374746906653624,5.639422870660957e-06,False,True,MODERATE
2016-12-12 12:30:00,Others-CCCPS119a,0.2194077773813771,0.2170385718345642,-0.002369205546812886,0.002369205546812886,5.613134923048945e-06,True,False,LOW
2016-12-14 10:00:00,Others-CCCPS133,0.43422459893048126,0.43185606598854065,-0.0023685329419406154,0.0023685329419406154,5.609948297057866e-06,True,False,MODERATE
2016-12-15 08:30:00,BHMNCPRAN01,0.755,0.7526342272758484,-0.0023657727241516158,0.0023657727241516158,5.596880582339757e-06,True,False,VERY_HIGH
2016-12-13 10:30:00,Others-CCCPS119a,0.20727791651801641,0.20491379499435425,-0.002364121523662166,0.002364121523662166,5.589070578642721e-06,True,False,LOW
2016-12-13 14:30:00,BHMNCPLDH01,0.8944444444444445,0.8967912197113037,0.0023467752668592246,0.0023467752668592246,5.507354153142185e-06,False,True,VERY_HIGH
2016-12-16 11:30:00,Shopping,0.6973958333333333,0.699741780757904,0.002345947424570727,0.002345947424570727,5.503469318850026e-06,False,True,HIGH
2016-12-09 10:00:00,BHMNCPPLS01,0.14888888888888888,0.15122084319591522,0.002331954307026346,0.002331954307026346,5.438010890058725e-06,False,True,LOW
2016-12-10 13:30:00,Others-CCCPS98,0.36899774411859493,0.3666673004627228,-0.0023304436558721497,0.0023304436558721497,5.430967633194751e-06,True,False,MODERATE
2016-12-14 15:00:00,BHMNCPLDH01,0.8375,0.8398259282112122,0.002325928211212136,0.002325928211212136,5.409942043712487e-06,False,True,VERY_HIGH
2016-12-11 14:30:00,Others-CCCPS202,0.3180115764385427,0.3203294277191162,0.0023178512805734908,0.0023178512805734908,5.372434558856171e-06,False,True,MODERATE
2016-12-13 14:30:00,Others-CCCPS133,0.640427807486631,0.6427392959594727,0.002311488472841683,0.002311488472841683,5.342978960079975e-06,False,True,HIGH
2016-12-17 08:30:00,BHMNCPLDH01,0.32222222222222224,0.32452645897865295,0.002304236756430711,0.002304236756430711,5.309507029686323e-06,False,True,MODERATE
2016-12-13 15:30:00,BHMNCPNHS01,0.876,0.8783041834831238,0.0023041834831237784,0.0023041834831237784,5.309261523900428e-06,False,True,VERY_HIGH
2016-12-18 14:30:00,BHMBCCSNH01,0.8018539976825029,0.7995526194572449,-0.0023013782252579995,0.0023013782252579995,5.29634173569166e-06,True,False,VERY_HIGH
2016-12-19 11:00:00,BHMNCPNST01,0.4762886597938144,0.4739892780780792,-0.0022993817157351826,0.0022993817157351826,5.287156274657272e-06,True,False,MODERATE
2016-12-19 15:00:00,BHMBCCSNH01,0.8899188876013905,0.8922122120857239,0.002293324484333392,0.002293324484333392,5.25933719044302e-06,False,True,VERY_HIGH
2016-12-12 16:00:00,BHMNCPPLS01,0.19777777777777777,0.20006756484508514,0.0022897870673073695,0.0022897870673073695,5.243124813608084e-06,False,True,LOW
2016-12-16 12:00:00,Others-CCCPS119a,0.19443453442739922,0.1967100352048874,0.002275500777488171,0.002275500777488171,5.1779037883492696e-06,False,True,LOW
2016-12-09 12:00:00,Others-CCCPS8,0.6217851739788199,0.6195154190063477,-0.002269754972472282,0.002269754972472282,5.15178763506265e-06,True,False,HIGH
2016-12-17 12:30:00,BHMEURBRD02,0.23636363636363636,0.23863302171230316,0.0022693853486668025,0.0022693853486668025,5.150109860743545e-06,False,True,LOW
2016-12-10 16:00:00,Others-CCCPS202,0.3295880149812734,0.3273189067840576,-0.0022691081972157634,0.0022691081972157634,5.148852010671772e-06,True,False,MODERATE
2016-12-15 11:30:00,Others-CCCPS135a,0.8668555240793201,0.8645873665809631,-0.0022681574983569597,0.0022681574983569597,5.144538437352902e-06,True,False,VERY_HIGH
2016-12-10 15:30:00,Shopping,0.5854166666666667,0.5831485986709595,-0.0022680679957072236,0.0022680679957072236,5.144132433151382e-06,True,False,HIGH
2016-12-11 12:00:00,BHMNCPNST01,0.5917525773195876,0.5894859433174133,-0.002266634002174306,0.002266634002174306,5.137629699812711e-06,True,False,HIGH
2016-12-15 11:00:00,Bull Ring,0.6033409760890927,0.6056049466133118,0.0022639705242191166,0.0022639705242191166,5.1255625345329814e-06,False,True,HIGH
2016-12-13 12:30:00,BHMNCPLDH01,0.9236111111111112,0.9213512539863586,-0.002259857124752518,0.002259857124752518,5.106954224294717e-06,True,False,VERY_HIGH
2016-12-09 13:00:00,BHMNCPHST01,0.6433333333333333,0.6455851197242737,0.002251786390940369,0.002251786390940369,5.0705419504242525e-06,False,True,HIGH
2016-12-15 13:30:00,BHMBCCSNH01,0.981460023174971,0.9792084693908691,-0.0022515537841019118,0.0022515537841019118,5.069494442703638e-06,True,False,VERY_HIGH
2016-12-10 11:30:00,BHMEURBRD01,0.23191489361702128,0.22966545820236206,-0.0022494354146592177,0.0022494354146592177,5.059959684723086e-06,True,False,LOW
2016-12-14 14:30:00,Others-CCCPS135a,0.8176667525109451,0.8154193162918091,-0.002247436219136034,0.002247436219136034,5.050969559084473e-06,True,False,VERY_HIGH
2016-12-10 10:30:00,Broad Street,0.1492753623188406,0.15152232348918915,0.0022469611703485604,0.0022469611703485604,5.048834501054172e-06,False,True,LOW
2016-12-15 09:00:00,BHMNCPNST01,0.5010309278350515,0.49878814816474915,-0.0022427796703023972,0.0022427796703023972,5.030060649521729e-06,True,False,HIGH
2016-12-13 10:30:00,NIA South,0.24873096446700507,0.2509712874889374,0.0022403230219323056,0.0022403230219323056,5.019047242599898e-06,False,True,LOW
2016-12-09 11:00:00,BHMNCPHST01,0.62,0.617762565612793,-0.002237434387207027,0.002237434387207027,5.006112637056484e-06,True,False,HIGH
2016-12-14 12:30:00,BHMNCPRAN01,0.9666666666666667,0.9644307494163513,-0.0022359172503153557,0.0022359172503153557,4.999325950257781e-06,True,False,VERY_HIGH
2016-12-10 12:00:00,Others-CCCPS202,0.2730677562138236,0.2753031849861145,0.0022354287722908817,0.0022354287722908817,4.9971417959859185e-06,False,True,MODERATE
2016-12-15 15:00:00,BHMBRCBRG02,0.6390284757118928,0.6367971301078796,-0.0022313456040131685,0.0022313456040131685,4.978903204548892e-06,True,False,HIGH
2016-12-13 12:00:00,Others-CCCPS202,0.46612189308818525,0.4638916254043579,-0.002230267683827336,0.002230267683827336,4.97409394152455e-06,True,False,MODERATE
2016-12-16 11:30:00,NIA Car Parks,0.10883280757097792,0.11105123162269592,0.0022184240517180015,0.0022184240517180015,4.921405273240914e-06,False,True,LOW
2016-12-19 15:00:00,Shopping,0.7458333333333333,0.7436215281486511,-0.002211805184682225,0.002211805184682225,4.892082174987172e-06,True,False,HIGH
2016-12-10 08:30:00,Broad Street,0.13333333333333333,0.13553927838802338,0.002205945054690045,0.002205945054690045,4.8661935843114656e-06,False,True,LOW
2016-12-17 14:30:00,Others-CCCPS133,0.8410695187165775,0.8388642072677612,-0.002205311448816305,0.002205311448816305,4.86339858628027e-06,True,False,VERY_HIGH
2016-12-14 13:00:00,NIA South,0.2906091370558376,0.2928028702735901,0.0021937332177525137,0.0021937332177525137,4.812465430670798e-06,False,True,MODERATE
2016-12-10 11:30:00,Bull Ring,0.8470357025876187,0.8492246866226196,0.002188984035000896,0.002188984035000896,4.791651105488804e-06,False,True,VERY_HIGH
2016-12-11 14:00:00,BHMNCPPLS01,0.6822222222222222,0.6844082474708557,0.0021860252486335385,0.0021860252486335385,4.778706387663324e-06,False,True,HIGH
2016-12-09 15:00:00,Others-CCCPS202,0.38338440585631595,0.38119858503341675,-0.002185820822899198,0.002185820822899198,4.777812669819728e-06,True,False,MODERATE
2016-12-16 09:00:00,BHMNCPPLS01,0.13111111111111112,0.13328951597213745,0.0021784048610263285,0.0021784048610263285,4.7454477385431375e-06,False,True,LOW
2016-12-18 13:30:00,Others-CCCPS135a,0.48004120525366983,0.477865070104599,-0.0021761351490708347,0.0021761351490708347,4.735564187021544e-06,True,False,MODERATE
2016-12-10 15:30:00,Others-CCCPS202,0.3319713993871297,0.32979723811149597,-0.002174161275633746,0.002174161275633746,4.726977252465357e-06,True,False,MODERATE
2016-12-12 14:30:00,Broad Street,0.8463768115942029,0.8485499024391174,0.0021730908449145714,0.0021730908449145714,4.722323820251526e-06,False,True,VERY_HIGH
2016-12-13 14:00:00,BHMBRCBRG02,0.6917922948073701,0.6896198391914368,-0.0021724556159333774,0.0021724556159333774,4.719563403200471e-06,True,False,HIGH
2016-12-18 09:30:00,Bull Ring,0.12577792335407795,0.12361058592796326,-0.0021673374261146905,0.0021673374261146905,4.697351518637451e-06,True,False,LOW
2016-12-19 09:00:00,BHMBRCBRG02,0.15159128978224456,0.14942514896392822,-0.002166140818316342,0.002166140818316342,4.692166044776193e-06,True,False,LOW
2016-12-13 15:30:00,BHMNCPNST01,0.5443298969072164,0.5421682000160217,-0.00216169689119472,0.00216169689119472,4.672933449400916e-06,True,False,HIGH
2016-12-19 12:00:00,BHMBCCTHL01,1.0,0.9978410601615906,-0.002158939838409424,0.002158939838409424,4.661021225871309e-06,True,False,VERY_HIGH
2016-12-16 08:00:00,BHMBRCBRG01,0.09801980198019802,0.10017673671245575,0.002156934732257726,0.002156934732257726,4.6523674392197075e-06,False,True,LOW
2016-12-09 15:30:00,BHMMBMMBX01,0.7874818049490538,0.785330593585968,-0.0021512113630858254,0.0021512113630858254,4.627710328669575e-06,True,False,VERY_HIGH
2016-12-11 13:00:00,BHMBRCBRG02,1.0,0.997856616973877,-0.002143383026123047,0.002143383026123047,4.59409079667239e-06,True,False,VERY_HIGH
2016-12-11 10:00:00,BHMNCPPLS01,0.10222222222222223,0.10008154064416885,-0.0021406815780533744,0.0021406815780533744,4.5825176186170854e-06,True,False,LOW
2016-12-16 08:30:00,BHMBCCSNH01,0.6685979142526072,0.6707330346107483,0.0021351203581411182,0.0021351203581411182,4.558738943748657e-06,False,True,HIGH
2016-12-17 14:00:00,BHMNCPLDH01,0.6652777777777777,0.6631438732147217,-0.002133904563056066,0.002133904563056066,4.5535486842315e-06,True,False,HIGH
2016-12-18 10:00:00,Shopping,0.24583333333333332,0.24796578288078308,0.0021324495474497607,0.0021324495474497607,4.547341072418689e-06,False,True,LOW
2016-12-18 13:30:00,BHMBCCSNH01,0.8041714947856315,0.8063031435012817,0.0021316487156501918,0.0021316487156501918,4.543926246933112e-06,False,True,VERY_HIGH
2016-12-17 11:30:00,Shopping,0.4473958333333333,0.4452644884586334,-0.002131344874699903,0.002131344874699903,4.542630974909546e-06,True,False,MODERATE
2016-12-18 13:30:00,Bull Ring,0.8650507697346872,0.8671808242797852,0.002130054545097959,0.002130054545097959,4.537132365092474e-06,False,True,VERY_HIGH
2016-12-11 13:30:00,BHMBCCMKT01,0.5441941074523396,0.5463193655014038,0.0021252580490641604,0.0021252580490641604,4.516721775112001e-06,False,True,HIGH
2016-12-19 14:30:00,BHMNCPLDH01,0.85,0.8478812575340271,-0.002118742465972878,0.002118742465972878,4.489069637116833e-06,True,False,VERY_HIGH
2016-12-16 09:00:00,Others-CCCPS133,0.32577540106951874,0.3236689269542694,-0.002106474115249335,0.002106474115249335,4.437233198215468e-06,True,False,MODERATE
2016-12-09 13:30:00,BHMNCPLDH01,0.8666666666666667,0.86456298828125,-0.0021036783854166963,0.0021036783854166963,4.4254627492693985e-06,True,False,VERY_HIGH
2016-12-15 16:00:00,Others-CCCPS202,0.4024514811031665,0.4003479778766632,-0.002103503226503267,0.002103503226503267,4.424725823909655e-06,True,False,MODERATE
2016-12-15 12:00:00,NIA Car Parks,0.20899053627760253,0.21108868718147278,0.0020981509038702495,0.0020981509038702495,4.402237215411545e-06,False,True,LOW
2016-12-13 11:00:00,Others-CCCPS202,0.4511406196799455,0.453237920999527,0.0020973013195814683,0.0020973013195814683,4.398672825118168e-06,False,True,MODERATE
2016-12-09 12:30:00,BHMEURBRD01,0.8085106382978723,0.8106073141098022,0.00209667581192996,0.00209667581192996,4.396049460332157e-06,False,True,VERY_HIGH
2016-12-19 11:00:00,BHMEURBRD02,0.7909090909090909,0.7888146638870239,-0.002094427022066969,0.002094427022066969,4.3866245507643125e-06,True,False,VERY_HIGH
2016-12-17 11:00:00,Others-CCCPS98,0.4730905575249758,0.475183367729187,0.002092810204211204,0.002092810204211204,4.379854550850541e-06,False,True,MODERATE
2016-12-15 11:30:00,Bull Ring,0.6701604978709466,0.6680695414543152,-0.002090956416631373,0.002090956416631373,4.372098736251913e-06,True,False,HIGH
2016-12-12 11:30:00,BHMNCPRAN01,0.8516666666666667,0.8537441492080688,0.0020774825414021647,0.0020774825414021647,4.315933709830797e-06,False,True,VERY_HIGH
2016-12-11 14:30:00,Others-CCCPS98,0.367708669029971,0.3656380772590637,-0.002070591770907293,0.002070591770907293,4.287350281748999e-06,True,False,MODERATE
2016-12-09 10:30:00,Others-CCCPS202,0.39121552604698673,0.3932850658893585,0.0020695398423717926,0.0020695398423717926,4.282995159164264e-06,False,True,MODERATE
2016-12-09 11:00:00,BHMNCPLDH01,0.8708333333333333,0.8687639236450195,-0.002069409688313817,0.002069409688313817,4.282456458087089e-06,True,False,VERY_HIGH
2016-12-12 12:30:00,NIA Car Parks,0.1695583596214511,0.17162704467773438,0.0020686850562832704,0.0020686850562832704,4.279457862089718e-06,False,True,LOW
2016-12-12 10:00:00,Others-CCCPS98,0.30228810828230745,0.30022114515304565,-0.0020669631292618007,0.0020669631292618007,4.272336577727736e-06,True,False,MODERATE
2016-12-12 13:30:00,Broad Street,0.8681159420289855,0.8660508394241333,-0.0020651026048521537,0.0020651026048521537,4.26464876856715e-06,True,False,VERY_HIGH
2016-12-16 11:00:00,Shopping,0.6901041666666666,0.6921684741973877,0.0020643075307210657,0.0020643075307210657,4.2613655813917036e-06,False,True,HIGH
2016-12-18 16:00:00,BHMBRCBRG02,0.7185929648241206,0.7206557393074036,0.0020627744832829586,0.0020627744832829586,4.255038568883277e-06,False,True,HIGH
2016-12-12 08:30:00,BHMBRCBRG02,0.13986599664991625,0.14191663265228271,0.0020506360023664627,0.0020506360023664627,4.205108014201507e-06,False,True,LOW
2016-12-13 11:00:00,Others-CCCPS119a,0.2169104530859793,0.21487458050251007,-0.0020358725834692393,0.0020358725834692393,4.144777176121714e-06,True,False,LOW
2016-12-17 14:30:00,Others-CCCPS119a,0.45594006421691047,0.45391571521759033,-0.002024348999320136,0.002024348999320136,4.097988871048435e-06,True,False,MODERATE
2016-12-17 16:00:00,Others-CCCPS105a,0.772523643603783,0.7705019116401672,-0.0020217319636157693,0.0020217319636157693,4.087400132705674e-06,True,False,VERY_HIGH
2016-12-08 15:00:00,Shopping,0.715625,0.7136046290397644,-0.0020203709602355513,0.0020203709602355513,4.081898816963124e-06,True,False,HIGH
2016-12-12 13:30:00,BHMNCPNHS01,0.91,0.9079810976982117,-0.002018902301788361,0.002018902301788361,4.075966504166343e-06,True,False,VERY_HIGH
2016-12-12 15:00:00,NIA South,0.2182741116751269,0.22029221057891846,0.0020180989037915653,0.0020180989037915653,4.072723185484718e-06,False,True,LOW
2016-12-10 13:00:00,Others-CCCPS119a,0.21905101676774885,0.21703308820724487,-0.0020179285605039787,0.0020179285605039787,4.07203567529766e-06,True,False,LOW
2016-12-09 08:30:00,BHMBCCSNH01,0.6558516801853997,0.6578678488731384,0.002016168687738684,0.002016168687738684,4.064936177417928e-06,False,True,HIGH
2016-12-12 08:30:00,Others-CCCPS135a,0.5619366469224826,0.5639476776123047,0.002011030689822113,0.002011030689822113,4.044244435406404e-06,False,True,HIGH
2016-12-12 11:30:00,BHMBCCTHL01,1.0,0.9979897737503052,-0.0020102262496948242,0.0020102262496948242,4.041009574962118e-06,True,False,VERY_HIGH
2016-12-12 13:00:00,Others-CCCPS98,0.3648082500805672,0.3668137192726135,0.0020054691920463052,0.0020054691920463052,4.02190668024686e-06,False,True,MODERATE
2016-12-11 10:00:00,BHMEURBRD01,0.13404255319148936,0.13203735649585724,-0.002005196695632122,0.002005196695632122,4.0208137881739816e-06,True,False,LOW
2016-12-14 12:30:00,Others-CCCPS202,0.43922369765066394,0.43722090125083923,-0.0020027963998247023,0.0020027963998247023,4.0111934191507886e-06,True,False,MODERATE
2016-12-19 11:30:00,BHMBCCPST01,0.5772870662460567,0.5792863368988037,0.001999270652746965,0.001999270652746965,3.9970831429352754e-06,False,True,HIGH
2016-12-19 15:00:00,BHMEURBRD02,0.85,0.8480013012886047,-0.0019986987113952415,0.0019986987113952415,3.9947965389329985e-06,True,False,VERY_HIGH
2016-12-15 10:00:00,NIA Car Parks,0.16798107255520506,0.1699790060520172,0.0019979334968121543,0.0019979334968121543,3.991738257684042e-06,False,True,LOW
2016-12-11 08:00:00,Broad Street,0.1318840579710145,0.13387633860111237,0.0019922806300978757,0.0019922806300978757,3.969182109063189e-06,False,True,LOW
2016-12-19 08:00:00,BHMBCCMKT01,0.029462738301559793,0.027477063238620758,-0.001985675062939035,0.001985675062939035,3.9429054555779416e-06,True,False,LOW
2016-12-17 14:00:00,BHMBRCBRG01,0.998019801980198,1.0,0.001980198019801982,0.001980198019801982,3.92118419762769e-06,False,True,VERY_HIGH
2016-12-18 11:30:00,BHMBRCBRG01,0.998019801980198,1.0,0.001980198019801982,0.001980198019801982,3.92118419762769e-06,False,True,VERY_HIGH
2016-12-18 08:00:00,BHMBRCBRG03,0.038869257950530034,0.040847305208444595,0.0019780472579145614,0.0019780472579145614,3.912670954543315e-06,False,True,LOW
2016-12-09 14:00:00,Bull Ring,0.7549950867998689,0.7569665312767029,0.00197144447683395,0.00197144447683395,3.886593325239087e-06,False,True,VERY_HIGH
2016-12-11 10:30:00,Broad Street,0.1463768115942029,0.14834336936473846,0.0019665577705355597,0.0019665577705355597,3.867349464853791e-06,False,True,LOW
2016-12-18 09:30:00,Others-CCCPS202,0.16785835886959483,0.16589297354221344,-0.001965385327381386,0.001965385327381386,3.862739485086038e-06,True,False,LOW
2016-12-10 11:00:00,BHMBRCBRG02,0.8149078726968174,0.8129457235336304,-0.0019621491631870436,0.0019621491631870436,3.850029338595616e-06,True,False,VERY_HIGH
2016-12-15 09:00:00,Others-CCCPS133,0.2821390374331551,0.2841002643108368,0.0019612268776816877,0.0019612268776816877,3.8464108657410616e-06,False,True,MODERATE
2016-12-14 14:30:00,BHMBRCBRG01,0.8435643564356435,0.8455238342285156,0.0019594777928720886,0.0019594777928720886,3.839553220758872e-06,False,True,VERY_HIGH
2016-12-18 08:00:00,BHMNCPHST01,0.12916666666666668,0.13112598657608032,0.0019593199094136426,0.0019593199094136426,3.838934507424685e-06,False,True,LOW
2016-12-14 15:30:00,BHMNCPLDH01,0.7902777777777777,0.7922368049621582,0.0019590271843804574,0.0019590271843804574,3.8377875091416225e-06,False,True,VERY_HIGH
2016-12-19 13:30:00,Broad Street,0.9173913043478261,0.9154331684112549,-0.001958135936571237,0.001958135936571237,3.834296346091715e-06,True,False,VERY_HIGH
2016-12-19 12:00:00,BHMBRCBRG01,0.998019801980198,0.9960634708404541,-0.0019563311397439165,0.0019563311397439165,3.8272315283317315e-06,True,False,VERY_HIGH
2016-12-18 09:30:00,BHMBCCSNH01,0.31402085747392816,0.3120689392089844,-0.001951918264943786,0.001951918264943786,3.8099849130211603e-06,True,False,MODERATE
2016-12-13 09:00:00,BHMBCCSNH01,0.7184241019698725,0.7203733921051025,0.0019492901352300418,0.0019492901352300418,3.7997320313051547e-06,False,True,HIGH
2016-12-16 08:30:00,BHMBRTARC01,0.8044354838709677,0.8024879693984985,-0.001947514472469214,0.001947514472469214,3.792812620477041e-06,True,False,VERY_HIGH
2016-12-13 09:00:00,BHMNCPNST01,0.4845360824742268,0.4864826500415802,0.0019465675673533966,0.0019465675673533966,3.7891252942721203e-06,False,True,MODERATE
2016-12-18 13:30:00,BHMBRCBRG03,0.5111896348645465,0.5131356120109558,0.0019459771464093167,0.0019459771464093167,3.7868270543473474e-06,False,True,HIGH
2016-12-18 13:00:00,Bull Ring,0.8588273829020635,0.8568898439407349,-0.0019375389613286442,0.0019375389613286442,3.7540572266664813e-06,True,False,VERY_HIGH
2016-12-11 16:00:00,Others-CCCPS135a,0.4156579963945403,0.4175848066806793,0.0019268102861390024,0.0019268102861390024,3.7125978787710642e-06,False,True,MODERATE
2016-12-12 11:00:00,BHMEURBRD02,0.9318181818181818,0.9337443709373474,0.0019261891191656444,0.0019261891191656444,3.710204522792121e-06,False,True,VERY_HIGH
2016-12-08 16:00:00,BHMBRCBRG03,0.287396937573616,0.2893230617046356,0.001926124131019613,0.001926124131019613,3.7099541680960597e-06,False,True,MODERATE
2016-12-14 15:30:00,Others-CCCPS119a,0.19764537995005352,0.1995714157819748,0.0019260358319212745,0.0019260358319212745,3.709614025844676e-06,False,True,LOW
2016-12-10 12:30:00,BHMBRCBRG03,0.5865724381625441,0.5846490859985352,-0.0019233521640089624,0.0019233521640089624,3.6992835467979585e-06,True,False,HIGH
2016-12-12 08:30:00,Others-CCCPS119a,0.1248662147698894,0.1267852485179901,0.001919033748100707,0.001919033748100707,3.6826905263494473e-06,False,True,LOW
2016-12-17 13:00:00,BHMBCCMKT01,0.6551126516464472,0.6531969904899597,-0.001915661156487447,0.001915661156487447,3.6697576664748233e-06,True,False,HIGH
2016-12-19 08:00:00,Shopping,0.4296875,0.427775114774704,-0.0019123852252960205,0.0019123852252960205,3.657217249930511e-06,True,False,MODERATE
2016-12-13 15:00:00,Shopping,0.7192708333333333,0.7173596620559692,-0.0019111712773640654,0.0019111712773640654,3.6525756514213937e-06,True,False,HIGH
2016-12-14 14:00:00,NIA South,0.2766497461928934,0.2747441232204437,-0.001905622972449672,0.001905622972449672,3.6313989131279234e-06,True,False,MODERATE
2016-12-14 14:00:00,BHMNCPLDH01,0.8708333333333333,0.8727269172668457,0.001893583933512355,0.001893583933512355,3.5856601132561227e-06,False,True,VERY_HIGH
2016-12-15 13:30:00,Others-CCCPS133,0.7304812834224599,0.7285903096199036,-0.0018909738025563172,0.0018909738025563172,3.5757819219542975e-06,True,False,HIGH
2016-12-14 09:00:00,Bull Ring,0.17261709793645594,0.17072871327400208,-0.0018883846624538625,0.0018883846624538625,3.565996633390988e-06,True,False,LOW
2016-12-15 13:30:00,Shopping,0.7848958333333333,0.7830156087875366,-0.001880224545796727,0.001880224545796727,3.5352443426165084e-06,True,False,VERY_HIGH
2016-12-12 10:00:00,Others-CCCPS135a,0.7865052794231264,0.7883831858634949,0.0018779064403684487,0.0018779064403684487,3.526532598777298e-06,False,True,VERY_HIGH
2016-12-17 12:00:00,Shopping,0.4822916666666667,0.4804144501686096,-0.001877216498057055,0.001877216498057055,3.523941780577593e-06,True,False,MODERATE
2016-12-10 09:00:00,Broad Street,0.1318840579710145,0.1337602138519287,0.001876155880914221,0.001876155880914221,3.5199608894890163e-06,False,True,LOW
2016-12-14 10:00:00,BHMNCPRAN01,0.9483333333333334,0.9464578628540039,-0.0018754704793294552,0.0018754704793294552,3.5173895188362564e-06,True,False,VERY_HIGH
2016-12-10 10:00:00,Others-CCCPS119a,0.19871566179093827,0.19684115052223206,-0.0018745112687062193,0.0018745112687062193,3.5137924965066e-06,True,False,LOW
2016-12-16 11:00:00,BHMEURBRD01,0.7468085106382979,0.7486823797225952,0.0018738690842973194,0.0018738690842973194,3.5113853450852742e-06,False,True,HIGH
2016-12-10 13:30:00,BHMEURBRD01,0.30851063829787234,0.31038346886634827,0.001872830568475925,0.001872830568475925,3.5074943382178563e-06,False,True,MODERATE
2016-12-14 12:00:00,BHMNCPNHS01,0.87,0.8718709349632263,0.0018709349632263228,0.0018709349632263228,3.5003976366226817e-06,False,True,VERY_HIGH
2016-12-13 10:30:00,Others-CCCPS8,0.5695915279878971,0.5677247643470764,-0.0018667636408207233,0.0018667636408207233,3.4848064906902426e-06,True,False,HIGH
2016-12-10 11:30:00,Shopping,0.459375,0.46124106645584106,0.0018660664558410867,0.0018660664558410867,3.4822040176153143e-06,False,True,MODERATE
2016-12-13 12:00:00,BHMEURBRD01,0.951063829787234,0.9492014646530151,-0.0018623651342188907,0.0018623651342188907,3.468403893154147e-06,True,False,VERY_HIGH
2016-12-15 11:30:00,BHMEURBRD02,0.8454545454545455,0.8473161458969116,0.0018616004423661625,0.0018616004423661625,3.465556207017892e-06,False,True,VERY_HIGH
2016-12-19 13:00:00,BHMBCCTHL01,1.0,0.9981408715248108,-0.001859128475189209,0.001859128475189209,3.4563586872593532e-06,True,False,VERY_HIGH
2016-12-17 11:00:00,Bull Ring,0.7258434326891582,0.7276979088783264,0.0018544761891682304,0.0018544761891682304,3.4390819361919224e-06,False,True,HIGH
2016-12-13 11:00:00,BHMNCPHST01,0.7016666666666667,0.6998140811920166,-0.0018525854746500592,0.0018525854746500592,3.4320729408843852e-06,True,False,HIGH
2016-12-15 14:30:00,BHMBCCSNH01,0.9420625724217845,0.9402111172676086,-0.0018514551541758406,0.0018514551541758406,3.4278861879242855e-06,True,False,VERY_HIGH
2016-12-13 12:30:00,Others-CCCPS133,0.7031016042780749,0.7049487233161926,0.0018471190381177394,0.0018471190381177394,3.411848740977003e-06,False,True,HIGH
2016-12-18 09:30:00,BHMBRCBRG01,0.13267326732673268,0.1308344453573227,-0.0018388219694099872,0.0018388219694099872,3.381266235184824e-06,True,False,LOW
2016-12-11 12:00:00,Others-CCCPS105a,0.6879044300647088,0.686067521572113,-0.001836908492595768,0.001836908492595768,3.3742328101704565e-06,True,False,HIGH
2016-12-18 15:00:00,BHMBRCBRG03,0.48998822143698467,0.4881548583507538,-0.001833363086230888,0.001833363086230888,3.3612202059540467e-06,True,False,MODERATE
2016-12-12 11:30:00,Others-CCCPS105a,0.6988551518168243,0.697022020816803,-0.0018331310000213596,0.0018331310000213596,3.36036926323931e-06,True,False,HIGH
2016-12-10 08:00:00,BHMBRCBRG03,0.10954063604240283,0.107708640396595,-0.0018319956458078268,0.0018319956458078268,3.3562080462588362e-06,True,False,LOW
2016-12-17 12:00:00,BHMBRCBRG03,0.5818610129564193,0.5800327062606812,-0.001828306695738191,0.001828306695738191,3.3427053736811023e-06,True,False,HIGH
2016-12-18 10:30:00,BHMBRTARC01,0.7661290322580645,0.7679570317268372,0.0018279994687726564,0.0018279994687726564,3.341582057833114e-06,False,True,VERY_HIGH
2016-12-16 13:30:00,Others-CCCPS119a,0.1962183374955405,0.19804152846336365,0.0018231909678231573,0.0018231909678231573,3.324025305151941e-06,False,True,LOW
2016-12-12 15:30:00,BHMBRCBRG02,0.6440536013400335,0.642231822013855,-0.001821779326178552,0.001821779326178552,3.318879913291579e-06,True,False,HIGH
2016-12-09 14:00:00,BHMNCPRAN01,0.7083333333333334,0.7101414203643799,0.0018080870310465125,0.0018080870310465125,3.269178711838592e-06,False,True,HIGH
2016-12-17 12:00:00,Others-CCCPS98,0.49500483403158235,0.4931979477405548,-0.001806886291027543,0.001806886291027543,3.264838068703271e-06,True,False,MODERATE
2016-12-12 14:00:00,Others-CCCPS98,0.34805027392845633,0.3498547077178955,0.0018044337894391749,0.0018044337894391749,3.2559813004698206e-06,False,True,MODERATE
2016-12-09 14:00:00,BHMBRCBRG03,0.4287396937573616,0.4305417835712433,0.001802089813881691,0.001802089813881691,3.2475276972961475e-06,False,True,MODERATE
2016-12-10 13:00:00,BHMBRCBRG01,0.999009900990099,0.9972099661827087,-0.0017999348073902688,0.0017999348073902688,3.239765310855044e-06,True,False,VERY_HIGH
2016-12-17 13:30:00,Others-CCCPS133,0.8177540106951872,0.8159543871879578,-0.0017996235072293976,0.0017996235072293976,3.2386447677726377e-06,True,False,VERY_HIGH
2016-12-18 14:30:00,Others-CCCPS98,0.5446342249436029,0.5428377389907837,-0.0017964859528192267,0.0017964859528192267,3.227361778676805e-06,True,False,HIGH
2016-12-13 12:30:00,NIA South,0.2779187817258883,0.27971386909484863,0.0017950873689603353,0.0017950873689603353,3.222338662200939e-06,False,True,MODERATE
2016-12-18 16:00:00,BHMBRCBRG03,0.37338044758539457,0.37158575654029846,-0.0017946910450961084,0.0017946910450961084,3.2209159473481618e-06,True,False,MODERATE
2016-12-19 08:30:00,BHMBRCBRG02,0.09631490787269682,0.09810711443424225,0.0017922065615454258,0.0017922065615454258,3.2120043592464783e-06,False,True,LOW
2016-12-09 09:00:00,BHMNCPNST01,0.5505154639175258,0.5523068904876709,0.0017914265701450827,0.0017914265701450827,3.2092091562217747e-06,False,True,HIGH
2016-12-17 11:30:00,BHMBRCBRG03,0.5477031802120141,0.5494939684867859,0.0017907882747717485,0.0017907882747717485,3.2069226450599755e-06,False,True,HIGH
2016-12-15 13:30:00,BHMNCPRAN01,0.9316666666666666,0.929879903793335,-0.001786762873331682,0.001786762873331682,3.1925215655164886e-06,True,False,VERY_HIGH
2016-12-19 10:00:00,BHMNCPLDH01,0.7916666666666666,0.7898826003074646,-0.00178406635920203,0.00178406635920203,3.1828927740363867e-06,True,False,VERY_HIGH
2016-12-12 13:00:00,BHMBCCTHL01,1.0,0.9982170462608337,-0.0017829537391662598,0.0017829537391662598,3.178924036006947e-06,True,False,VERY_HIGH
2016-12-15 09:30:00,BHMBCCSNH01,0.8922363847045192,0.8940191864967346,0.0017828017922154604,0.0017828017922154604,3.178382230326658e-06,False,True,VERY_HIGH
2016-12-16 08:00:00,Others-CCCPS119a,0.09489832322511595,0.09667491167783737,0.0017765884527214254,0.0017765884527214254,3.1562665303431086e-06,False,True,LOW
2016-12-09 11:30:00,Others-CCCPS8,0.6021180030257186,0.603885293006897,0.001767289981178366,0.001767289981178366,3.123313877573429e-06,False,True,HIGH
2016-12-18 12:30:00,Others-CCCPS202,0.2710248552945182,0.2727908194065094,0.0017659641119912028,0.0017659641119912028,3.1186292448408774e-06,False,True,MODERATE
2016-12-12 08:30:00,Others-CCCPS202,0.26898195437521283,0.2707464098930359,0.0017644555178230603,0.0017644555178230603,3.113303274376244e-06,False,True,MODERATE
2016-12-13 12:00:00,NIA Car Parks,0.17271293375394323,0.17446880042552948,0.0017558666715862536,0.0017558666715862536,3.0830677683873885e-06,False,True,LOW
2016-12-19 13:30:00,BHMBCCTHL01,1.0,0.9982455968856812,-0.0017544031143188477,0.0017544031143188477,3.0779302875316716e-06,True,False,VERY_HIGH
2016-12-12 13:30:00,Others-CCCPS202,0.4341164453524004,0.4358687698841095,0.001752324531709093,0.001752324531709093,3.070641264429492e-06,False,True,MODERATE
2016-12-15 13:30:00,BHMNCPHST01,0.705,0.7067515850067139,0.0017515850067139072,0.0017515850067139072,3.0680500357449583e-06,False,True,HIGH
2016-12-15 08:00:00,Others-CCCPS8,0.3313161875945537,0.32956844568252563,-0.001747741912028089,0.001747741912028089,3.0546017910596004e-06,True,False,MODERATE
2016-12-10 10:30:00,Others-CCCPS119a,0.21476988940420977,0.21302363276481628,-0.0017462566393934842,0.0017462566393934842,3.049412250625825e-06,True,False,LOW
2016-12-14 10:00:00,BHMNCPNST01,0.511340206185567,0.5095998048782349,-0.0017404013073321067,0.0017404013073321067,3.0289967105633064e-06,True,False,HIGH
2016-12-11 08:30:00,Shopping,0.16510416666666666,0.1668308526277542,0.0017266859610875485,0.0017266859610875485,2.981444408216831e-06,False,True,LOW
2016-12-09 15:00:00,Others-CCCPS135a,0.6842647437548287,0.6825447678565979,-0.0017199758982308078,0.0017199758982308078,2.958317090494874e-06,True,False,HIGH
2016-12-14 15:00:00,Others-CCCPS98,0.35707379954882373,0.3587893545627594,0.0017155550139356657,0.0017155550139356657,2.943129005839802e-06,False,True,MODERATE
2016-12-16 11:30:00,Others-CCCPS8,0.5869894099848714,0.5887043476104736,0.0017149376256022641,0.0017149376256022641,2.9410110597063313e-06,False,True,HIGH
2016-12-13 15:00:00,Others-CCCPS98,0.3251691911053819,0.323456346988678,-0.0017128441167039155,0.0017128441167039155,2.9338349681272163e-06,True,False,MODERATE
2016-12-18 11:30:00,BHMNCPHST01,0.315,0.3132885694503784,-0.0017114305496215843,0.0017114305496215843,2.928994526178038e-06,True,False,MODERATE
2016-12-11 09:00:00,Others-CCCPS119a,0.12950410274705673,0.12779782712459564,-0.0017062756224610898,0.0017062756224610898,2.911376499804979e-06,True,False,LOW
2016-12-16 15:30:00,NIA Car Parks,0.12697160883280756,0.12867653369903564,0.0017049248662280858,0.0017049248662280858,2.9067687994828565e-06,False,True,LOW
2016-12-16 10:30:00,BHMEURBRD02,0.7090909090909091,0.7073860168457031,-0.00170489224520598,0.00170489224520598,2.9066575677634875e-06,True,False,HIGH
2016-12-19 10:00:00,Others-CCCPS98,0.5169191105381888,0.5186229348182678,0.0017038242800789805,0.0017038242800789805,2.903017177386656e-06,False,True,HIGH
2016-12-12 11:00:00,BHMNCPLDH01,0.9333333333333333,0.93163001537323,-0.0017033179601033677,0.0017033179601033677,2.9012920732106978e-06,True,False,VERY_HIGH
2016-12-18 12:30:00,BHMBRTARC01,0.7157258064516129,0.7174235582351685,0.0016977517835555789,0.0016977517835555789,2.882361118566149e-06,False,True,HIGH
2016-12-14 15:00:00,Others-CCCPS135a,0.781354622714396,0.7796619534492493,-0.0016926692651467734,0.0016926692651467734,2.8651292411725177e-06,True,False,VERY_HIGH
2016-12-15 13:30:00,BHMNCPNHS01,0.91,0.9083118438720703,-0.0016881561279297186,0.0016881561279297186,2.84987111226666e-06,True,False,VERY_HIGH
2016-12-15 08:30:00,Others-CCCPS202,0.29213483146067415,0.2938203513622284,0.0016855199015542444,0.0016855199015542444,2.8409773385354296e-06,False,True,MODERATE
2016-12-14 15:30:00,BHMBRCBRG02,0.576214405360134,0.5745341777801514,-0.0016802275799826516,0.0016802275799826516,2.8231647205343578e-06,True,False,HIGH
2016-12-10 08:30:00,Others-CCCPS105a,0.41264310602289694,0.4109695851802826,-0.001673520842614351,0.001673520842614351,2.8006720106646477e-06,True,False,MODERATE
2016-12-13 09:00:00,Bull Ring,0.17589256469046838,0.1742246150970459,-0.0016679495934224797,0.0016679495934224797,2.7820558461982156e-06,True,False,LOW
2016-12-12 15:00:00,NIA Car Parks,0.13485804416403785,0.13651448488235474,0.0016564407183168872,0.0016564407183168872,2.7437958532981653e-06,False,True,LOW
2016-12-15 11:30:00,BHMBRCBRG02,0.6599664991624791,0.6583183407783508,-0.00164815838412824,0.00164815838412824,2.716426059172211e-06,True,False,HIGH
2016-12-12 09:00:00,BHMEURBRD02,0.7454545454545455,0.7471026182174683,0.001648072762922781,0.001648072762922781,2.716143831887929e-06,False,True,HIGH
2016-12-19 10:30:00,BHMBRCBRG02,0.47822445561139026,0.4798697829246521,0.0016453273132618351,0.0016453273132618351,2.707101967765409e-06,False,True,MODERATE
2016-12-09 11:00:00,Broad Street,0.7666666666666667,0.7650237083435059,-0.001642958323160859,0.001642958323160859,2.699312051643542e-06,True,False,VERY_HIGH
2016-12-14 14:30:00,Shopping,0.75,0.748357355594635,-0.0016426444053649902,0.0016426444053649902,2.6982806424769024e-06,True,False,HIGH
2016-12-14 12:30:00,BHMNCPNST01,0.5505154639175258,0.5488764643669128,-0.001638999550612974,0.001638999550612974,2.6863195269095308e-06,True,False,HIGH
2016-12-12 11:30:00,Others-CCCPS119a,0.21905101676774885,0.22068919241428375,0.0016381756465349007,0.0016381756465349007,2.6836194489000397e-06,False,True,LOW
2016-12-17 11:00:00,BHMEURBRD02,0.2318181818181818,0.23018065094947815,-0.0016375308687036627,0.0016375308687036627,2.681507345957372e-06,True,False,LOW
2016-12-18 15:30:00,BHMNCPPLS01,0.4488888888888889,0.45052459836006165,0.0016357094711727527,0.0016357094711727527,2.6755454740842464e-06,False,True,MODERATE
2016-12-12 13:00:00,BHMMBMMBX01,0.9170305676855895,0.9186657071113586,0.0016351394257690943,0.0016351394257690943,2.6736809417044834e-06,False,True,VERY_HIGH
2016-12-17 08:30:00,BHMEURBRD01,0.13829787234042554,0.13666808605194092,-0.0016297862884846193,0.0016297862884846193,2.6562033461324706e-06,True,False,LOW
2016-12-19 15:30:00,Others-CCCPS202,0.42356145726932243,0.425176203250885,0.001614745981562582,0.001614745981562582,2.6074045849725064e-06,False,True,MODERATE
2016-12-10 11:00:00,BHMMBMMBX01,0.6404657933042213,0.6388530135154724,-0.0016127797887488526,0.0016127797887488526,2.6010586469967935e-06,True,False,HIGH
2016-12-10 11:30:00,Others-CCCPS105a,0.6276754604280737,0.6260784268379211,-0.001597033590152508,0.001597033590152508,2.5505162880754086e-06,True,False,HIGH
2016-12-14 09:00:00,Others-CCCPS105a,0.49377799900447983,0.495364785194397,0.0015867861899171443,0.0015867861899171443,2.5178904125117676e-06,False,True,MODERATE
2016-12-14 08:30:00,BHMBCCPST01,0.14195583596214512,0.14037029445171356,-0.001585541510431554,0.001585541510431554,2.5139418813015738e-06,True,False,LOW
2016-12-16 15:00:00,NIA South,0.2017766497461929,0.20019717514514923,-0.0015794746010436567,0.0015794746010436567,2.4947400153420184e-06,True,False,LOW
2016-12-11 13:30:00,Others-CCCPS98,0.35223976796648404,0.3506624102592468,-0.0015773577072372147,0.0015773577072372147,2.4880573365806425e-06,True,False,MODERATE
2016-12-16 13:00:00,NIA Car Parks,0.10883280757097792,0.11040874570608139,0.001575938135103469,0.001575938135103469,2.4835810056734e-06,False,True,LOW
2016-12-10 10:00:00,Shopping,0.33489583333333334,0.3333244025707245,-0.0015714307626088497,0.0015714307626088497,2.469394641673431e-06,True,False,MODERATE
2016-12-10 10:30:00,BHMBCCMKT01,0.3483535528596187,0.3499234616756439,0.0015699088160252006,0.0015699088160252006,2.464613690633647e-06,False,True,MODERATE
2016-12-09 16:00:00,BHMNCPHST01,0.475,0.47343385219573975,-0.0015661478042602317,0.0015661478042602317,2.452818944789145e-06,True,False,MODERATE
2016-12-12 12:30:00,BHMBRCBRG01,1.0,0.9984351992607117,-0.00156480073928833,0.00156480073928833,2.4486013536773044e-06,True,False,VERY_HIGH
2016-12-17 10:00:00,Others-CCCPS98,0.46567837576538834,0.467242568731308,0.0015641929659196419,0.0015641929659196419,2.446699634632486e-06,False,True,MODERATE
2016-12-14 13:30:00,NIA Car Parks,0.1750788643533123,0.17351631820201874,-0.001562546151293559,0.001562546151293559,2.4415504749223136e-06,True,False,LOW
2016-12-15 08:30:00,NIA Car Parks,0.13249211356466878,0.13404951989650726,0.0015574063318384845,0.0015574063318384845,2.425514482450604e-06,False,True,LOW
2016-12-19 13:30:00,Others-CCCPS135a,0.8174092196755086,0.8158532381057739,-0.001555981569734688,0.001555981569734688,2.4210786453540237e-06,True,False,VERY_HIGH
2016-12-13 14:00:00,Others-CCCPS135a,0.8676281225856297,0.8660746216773987,-0.0015535009082310314,0.0015535009082310314,2.4133650718746395e-06,True,False,VERY_HIGH
2016-12-15 10:00:00,BHMNCPRAN01,0.9316666666666666,0.9332163333892822,0.0015496667226155836,0.0015496667226155836,2.4014669511821242e-06,False,True,VERY_HIGH
2016-12-12 10:30:00,Others-CCCPS119a,0.20049946485907955,0.20204700529575348,0.0015475404366739332,0.0015475404366739332,2.3948814031409477e-06,False,True,LOW
2016-12-14 15:00:00,BHMNCPHST01,0.64,0.6384568214416504,-0.0015431785583496227,0.0015431785583496227,2.38140006295002e-06,True,False,HIGH
2016-12-14 14:30:00,NIA South,0.25761421319796957,0.25914984941482544,0.0015356362168558735,0.0015356362168558735,2.3581785905194194e-06,False,True,MODERATE
2016-12-14 15:00:00,Others-CCCPS8,0.5907715582450832,0.5892400145530701,-0.0015315436920131376,0.0015315436920131376,2.3456260805452323e-06,True,False,HIGH
2016-12-16 10:30:00,Others-CCCPS8,0.556732223903177,0.5552009344100952,-0.0015312894930817889,0.0015312894930817889,2.344847511622682e-06,True,False,HIGH
2016-12-10 12:30:00,Others-CCCPS119a,0.2194077773813771,0.22093787789344788,0.0015301005120707811,0.0015301005120707811,2.3412075770392667e-06,False,True,LOW
2016-12-16 13:30:00,NIA South,0.1802030456852792,0.17867451906204224,-0.0015285266232369643,0.0015285266232369643,2.336393637944197e-06,True,False,LOW
2016-12-19 11:30:00,Others-CCCPS202,0.4167517875383044,0.418266236782074,0.001514449243769589,0.001514449243769589,2.29355651195428e-06,False,True,MODERATE
2016-12-11 11:30:00,Others-CCCPS8,0.6505295007564297,0.652036726474762,0.0015072257183322835,0.0015072257183322835,2.2717293660022677e-06,False,True,HIGH
2016-12-14 12:30:00,BHMNCPHST01,0.7125,0.7140027284622192,0.001502728462219216,0.001502728462219216,2.25819283116373e-06,False,True,HIGH
2016-12-08 15:30:00,Others-CCCPS98,0.36384144376409927,0.36534103751182556,0.001499593747726291,0.001499593747726291,2.248781408219783e-06,False,True,MODERATE
2016-12-13 15:30:00,BHMBCCTHL01,0.8501291989664083,0.8516282439231873,0.0014990449567789943,0.0014990449567789943,2.247135782444537e-06,False,True,VERY_HIGH
2016-12-17 16:00:00,Others-CCCPS133,0.8168983957219251,0.8154004216194153,-0.001497974102509847,0.001497974102509847,2.2439264117901814e-06,True,False,VERY_HIGH
2016-12-12 14:30:00,Others-CCCPS105a,0.6804380288700846,0.6819348335266113,0.0014968046565266846,0.0014968046565266846,2.240424179799966e-06,False,True,HIGH
2016-12-18 08:00:00,BHMBCCPST01,0.08201892744479496,0.08052289485931396,-0.0014960325854809914,0.0014960325854809914,2.2381134968209397e-06,True,False,LOW
2016-12-10 14:00:00,Others-CCCPS202,0.31971399387129723,0.3182215988636017,-0.0014923950076955461,0.0014923950076955461,2.2272428589945893e-06,True,False,MODERATE
2016-12-14 08:30:00,Broad Street,0.717391304347826,0.7158994078636169,-0.0014918964842091098,0.0014918964842091098,2.2257551195955026e-06,True,False,HIGH
2016-12-18 15:00:00,Others-CCCPS98,0.5352884305510796,0.5367780327796936,0.001489602228614051,0.001489602228614051,2.218914799491947e-06,False,True,HIGH
2016-12-11 08:00:00,Others-CCCPS133,0.15336898395721926,0.15485653281211853,0.0014875488548992677,0.0014875488548992677,2.2128015957121224e-06,False,True,LOW
2016-12-15 14:30:00,Shopping,0.7421875,0.7407055497169495,-0.0014819502830505371,0.0014819502830505371,2.196176641433567e-06,True,False,HIGH
2016-12-15 10:30:00,BHMNCPHST01,0.6575,0.6589797735214233,0.0014797735214233665,0.0014797735214233665,2.1897296747057104e-06,False,True,HIGH
2016-12-09 09:30:00,Others-CCCPS133,0.372620320855615,0.3711444139480591,-0.0014759069075558906,0.0014759069075558906,2.1783011997711923e-06,True,False,MODERATE
2016-12-12 08:00:00,BHMEURBRD02,0.4,0.3985257148742676,-0.001474285125732444,0.001474285125732444,2.1735166319559282e-06,True,False,MODERATE
2016-12-10 11:30:00,Others-CCCPS202,0.26285325161729656,0.2643258571624756,0.0014726055451790288,0.0014726055451790288,2.1685670916920247e-06,False,True,MODERATE
2016-12-18 08:30:00,Others-CCCPS135a,0.2199330414627865,0.2214016318321228,0.0014685903693363034,0.0014685903693363034,2.15675767290734e-06,False,True,LOW
2016-12-12 14:00:00,NIA Car Parks,0.15851735015772872,0.15998126566410065,0.0014639155063719267,0.0014639155063719267,2.1430486097961747e-06,False,True,LOW
2016-12-18 08:00:00,Bull Ring,0.04225352112676056,0.04371512308716774,0.0014616019604071773,0.0014616019604071773,2.136280290666104e-06,False,True,LOW
2016-12-12 16:00:00,Others-CCCPS119a,0.17267213699607564,0.17121125757694244,-0.0014608794191331986,0.0014608794191331986,2.1341686772469516e-06,True,False,LOW
2016-12-09 09:00:00,Others-CCCPS98,0.31421205285207865,0.3127603828907013,-0.0014516699613773554,0.0014516699613773554,2.1073456767653326e-06,True,False,MODERATE
2016-12-11 11:00:00,Others-CCCPS202,0.25978890023833845,0.2583377957344055,-0.0014511045039329318,0.0014511045039329318,2.10570428133444e-06,True,False,MODERATE
2016-12-19 12:30:00,BHMBCCTHL01,1.0,0.9985492825508118,-0.0014507174491882324,0.0014507174491882324,2.1045811173792117e-06,True,False,VERY_HIGH
2016-12-16 10:30:00,BHMNCPNHS01,0.736,0.7374489903450012,0.0014489903450012331,0.0014489903450012331,2.0995730199067926e-06,False,True,HIGH
2016-12-08 15:30:00,Others-CCCPS105a,0.7013439522150323,0.699895977973938,-0.0014479742410943297,0.0014479742410943297,2.0966294028727e-06,True,False,HIGH
2016-12-14 14:00:00,Others-CCCPS202,0.4477357848144365,0.44628867506980896,-0.0014471097446275283,0.0014471097446275283,2.09412661299595e-06,True,False,MODERATE
2016-12-18 11:00:00,BHMNCPLDH01,0.37083333333333335,0.3722795248031616,0.001446191469828273,0.001446191469828273,2.0914697674040605e-06,False,True,MODERATE
2016-12-17 14:00:00,Others-CCCPS8,0.7534039334341907,0.7519713640213013,-0.001432569412889384,0.001432569412889384,2.052255122746234e-06,True,False,VERY_HIGH
2016-12-09 08:30:00,BHMBRCBRG01,0.1188118811881188,0.12024204432964325,0.0014301631415244431,0.0014301631415244431,2.0453666113750645e-06,False,True,LOW
2016-12-19 14:30:00,BHMBCCSNH01,0.9351100811123986,0.9337062835693359,-0.0014037975430626348,0.0014037975430626348,1.97064754190869e-06,True,False,VERY_HIGH
2016-12-11 10:00:00,BHMNCPLDH01,0.30416666666666664,0.3027702569961548,-0.0013964096705118556,0.0013964096705118556,1.949959967899029e-06,True,False,MODERATE
2016-12-11 09:30:00,BHMEURBRD02,0.15454545454545454,0.15593861043453217,0.0013931558890776241,0.0013931558890776241,1.940883331271665e-06,False,True,LOW
2016-12-18 12:00:00,BHMEURBRD02,0.10454545454545454,0.10315314680337906,-0.0013923077420754798,0.0013923077420754798,1.9385208486433207e-06,True,False,LOW
2016-12-13 12:30:00,NIA Car Parks,0.17271293375394323,0.17410153150558472,0.0013885977516414905,0.0013885977516414905,1.9282037158638026e-06,False,True,LOW
2016-12-10 12:30:00,BHMEURBRD02,0.09545454545454546,0.09683632105588913,0.001381775601343671,0.001381775601343671,1.9093038124686637e-06,False,True,LOW
2016-12-15 15:30:00,BHMEURBRD01,0.7787234042553192,0.7773423194885254,-0.001381084766793772,0.001381084766793772,1.9073951330698076e-06,True,False,VERY_HIGH
2016-12-15 13:30:00,BHMNCPLDH01,0.9180555555555555,0.9194366335868835,0.0013810780313280313,0.0013810780313280313,1.9073765286169107e-06,False,True,VERY_HIGH
2016-12-08 15:00:00,NIA South,0.2817258883248731,0.28310540318489075,0.0013795148600176388,0.0013795148600176388,1.9030612490094855e-06,False,True,MODERATE
2016-12-13 16:00:00,BHMBCCSNH01,0.7195828505214369,0.7209622263908386,0.0013793758694017333,0.0013793758694017333,1.9026777890877876e-06,False,True,HIGH
2016-12-15 13:30:00,Broad Street,0.9043478260869565,0.9029743075370789,-0.0013735185498776614,0.0013735185498776614,1.886553206858034e-06,True,False,VERY_HIGH
2016-12-11 08:00:00,BHMBRCBRG03,0.04004711425206125,0.041417643427848816,0.0013705291757875673,0.0013705291757875673,1.8783502216849486e-06,False,True,LOW
2016-12-17 13:00:00,BHMBCCSNH01,0.7323290845886443,0.7336981296539307,0.001369045065286345,0.001369045065286345,1.8742843907848928e-06,False,True,HIGH
2016-12-14 14:30:00,NIA Car Parks,0.16009463722397477,0.16146044433116913,0.0013658071071943612,0.0013658071071943612,1.865429054062629e-06,False,True,LOW
2016-12-09 08:30:00,BHMNCPHST01,0.35583333333333333,0.35719895362854004,0.0013656202952067042,0.0013656202952067042,1.864918790680446e-06,False,True,MODERATE
2016-12-09 12:00:00,Others-CCCPS202,0.41436840313244805,0.4157274663448334,0.0013590632123853252,0.0013590632123853252,1.8470528152591196e-06,False,True,MODERATE
2016-12-09 14:30:00,BHMNCPLDH01,0.8152777777777778,0.8139195442199707,-0.0013582335578070648,0.0013582335578070648,1.8447983975532371e-06,True,False,VERY_HIGH
2016-12-17 12:30:00,Others-CCCPS202,0.31392577459993193,0.31256911158561707,-0.0013566630143148628,0.0013566630143148628,1.8405345344098897e-06,True,False,MODERATE
2016-12-09 11:00:00,BHMBCCPST01,0.39747634069400634,0.39612090587615967,-0.001355434817846668,0.001355434817846668,1.83720354543103e-06,True,False,MODERATE
2016-12-12 09:30:00,BHMNCPNHS01,0.818,0.8193480372428894,0.001348037242889455,0.001348037242889455,1.8172044082170033e-06,False,True,VERY_HIGH
2016-12-13 14:30:00,BHMNCPNST01,0.5835051546391753,0.5848518013954163,0.0013466467562409656,0.0013466467562409656,1.8134574860943148e-06,False,True,HIGH
2016-12-13 12:30:00,Others-CCCPS119a,0.22368890474491615,0.22503156960010529,0.0013426648551891351,0.0013426648551891351,1.8027489133600612e-06,False,True,LOW
2016-12-12 10:00:00,BHMNCPNST01,0.5092783505154639,0.5106180906295776,0.0013397401141137522,0.0013397401141137522,1.7949035733655296e-06,False,True,HIGH
2016-12-09 11:00:00,BHMBRCBRG03,0.3828032979976443,0.38146868348121643,-0.0013346145164278567,0.0013346145164278567,1.7811959074599616e-06,True,False,MODERATE
2016-12-15 13:30:00,Others-CCCPS98,0.41669352239767965,0.4153594672679901,-0.0013340551296895375,0.0013340551296895375,1.779703089050969e-06,True,False,MODERATE
2016-12-10 14:00:00,BHMNCPLDH01,0.7041666666666667,0.7054987549781799,0.0013320883115132132,0.0013320883115132132,1.7744592696701232e-06,False,True,HIGH
2016-12-18 15:00:00,Others-CCCPS105a,0.7038327526132404,0.7051594853401184,0.0013267327268779994,0.0013267327268779994,1.7602197285691321e-06,False,True,HIGH
2016-12-10 13:30:00,Others-CCCPS8,0.7118003025718608,0.7131226658821106,0.001322363310249819,0.001322363310249819,1.7486447242948588e-06,False,True,HIGH
2016-12-15 12:00:00,BHMNCPNHS01,0.876,0.874678373336792,-0.0013216266632080087,0.0013216266632080087,1.7466970369023353e-06,True,False,VERY_HIGH
2016-12-12 08:30:00,Others-CCCPS98,0.22268772155978087,0.22400762140750885,0.0013198998477279844,0.0013198998477279844,1.7421356080323565e-06,False,True,LOW
2016-12-10 16:00:00,BHMNCPHST01,0.5266666666666666,0.5279843807220459,0.001317714055379282,0.001317714055379282,1.7363703317441136e-06,False,True,HIGH
2016-12-13 11:30:00,Others-CCCPS135a,0.901107391192377,0.902419924736023,0.0013125335436459107,0.0013125335436459107,1.7227443031956916e-06,False,True,VERY_HIGH
2016-12-11 09:00:00,BHMNCPLDH01,0.24583333333333332,0.24713164567947388,0.0012983123461405566,0.0012983123461405566,1.6856149481409963e-06,False,True,LOW
2016-12-13 12:30:00,Bull Ring,0.7179823124795284,0.7192733883857727,0.0012910759062443322,0.0012910759062443322,1.6668769956846237e-06,False,True,HIGH
2016-12-09 08:00:00,BHMNCPRAN01,0.53,0.5287178158760071,-0.0012821841239929466,0.0012821841239929466,1.6439961278195597e-06,True,False,HIGH
2016-12-15 13:30:00,Others-CCCPS105a,0.794425087108014,0.7957048416137695,0.0012797545057555704,0.0012797545057555704,1.6377715950016841e-06,False,True,VERY_HIGH
2016-12-11 12:00:00,Others-CCCPS119a,0.2194077773813771,0.22068147361278534,0.0012736962314082445,0.0012736962314082445,1.6223020899035643e-06,False,True,LOW
2016-12-18 14:00:00,BHMBCCTHL01,1.0,0.998729407787323,-0.001270592212677002,0.001270592212677002,1.6144045709154398e-06,True,False,VERY_HIGH
2016-12-14 10:00:00,BHMBRCBRG01,0.5485148514851486,0.54976886510849,0.0012540136233414323,0.0012540136233414323,1.5725501675259077e-06,False,True,HIGH
2016-12-12 10:30:00,BHMNCPNHS01,0.884,0.8827465772628784,-0.00125342273712159,0.00125342273712159,1.5710685579333785e-06,True,False,VERY_HIGH
2016-12-12 08:30:00,BHMBRCBRG03,0.11778563015312132,0.11653827875852585,-0.001247351394595475,0.001247351394595475,1.5558855015992765e-06,True,False,LOW
2016-12-17 09:30:00,BHMEURBRD01,0.16170212765957448,0.16046424210071564,-0.0012378855588588422,0.0012378855588588422,1.5323606568312681e-06,True,False,LOW
2016-12-08 14:30:00,Others-CCCPS202,0.449438202247191,0.4482017457485199,-0.0012364564986711013,0.0012364564986711013,1.528824673105999e-06,True,False,MODERATE
2016-12-11 11:30:00,BHMBCCSNH01,0.764774044032445,0.7660101056098938,0.0012360615774488215,0.0012360615774488215,1.527848223245269e-06,False,True,VERY_HIGH
2016-12-15 13:00:00,BHMNCPNHS01,0.906,0.9072360396385193,0.0012360396385192596,0.0012360396385192596,1.527793987990822e-06,False,True,VERY_HIGH
2016-12-15 13:00:00,BHMBCCTHL01,1.0,0.9987645745277405,-0.0012354254722595215,0.0012354254722595215,1.5262760975076617e-06,True,False,VERY_HIGH
2016-12-15 11:00:00,Others-CCCPS8,0.6021180030257186,0.6033504605293274,0.001232457503608786,0.001232457503608786,1.5189514982016006e-06,False,True,HIGH
2016-12-17 09:00:00,BHMBRCBRG02,0.25125628140703515,0.2524867057800293,0.0012304243729941433,0.0012304243729941433,1.5139441376580306e-06,False,True,MODERATE
2016-12-13 08:30:00,BHMNCPHST01,0.4058333333333333,0.40705880522727966,0.0012254718939463394,0.0012254718939463394,1.501781362852428e-06,False,True,MODERATE
2016-12-16 11:30:00,BHMEURBRD01,0.7680851063829788,0.7668703198432922,-0.001214786539686541,0.001214786539686541,1.4757063370035998e-06,True,False,VERY_HIGH
2016-12-15 09:00:00,BHMNCPNHS01,0.704,0.7052079439163208,0.0012079439163208416,0.0012079439163208416,1.4591285049765324e-06,False,True,HIGH
2016-12-15 13:30:00,Others-CCCPS8,0.6883509833585476,0.6871469020843506,-0.001204081274197022,0.001204081274197022,1.4498117148719239e-06,True,False,HIGH
2016-12-10 09:30:00,Broad Street,0.1391304347826087,0.1379382461309433,-0.001192188651665399,0.001192188651665399,1.421313781159762e-06,True,False,LOW
2016-12-08 16:00:00,Others-CCCPS202,0.3840653728294178,0.38524630665779114,0.001180933828373365,0.001180933828373365,1.3946047069965725e-06,False,True,MODERATE
2016-12-12 10:00:00,Others-CCCPS119a,0.18301819479129505,0.1818380057811737,-0.0011801890101213464,0.0011801890101213464,1.3928460996112034e-06,True,False,LOW
2016-12-15 12:00:00,Others-CCCPS133,0.6906951871657754,0.6918696165084839,0.001174429342708505,0.001174429342708505,1.3792842810147313e-06,False,True,HIGH
2016-12-17 11:00:00,BHMBRCBRG01,0.9831683168316832,0.9843418002128601,0.001173483381176954,0.001173483381176954,1.3770632458984964e-06,False,True,VERY_HIGH
2016-12-12 12:00:00,Broad Street,0.8681159420289855,0.8669459819793701,-0.0011699600496153373,0.0011699600496153373,1.3688065176959224e-06,True,False,VERY_HIGH
2016-12-14 16:00:00,Others-CCCPS8,0.5438729198184569,0.5427126288414001,-0.0011602909770567216,0.0011602909770567216,1.3462751514392415e-06,True,False,HIGH
2016-12-17 14:30:00,BHMBCCPST01,0.9779179810725552,0.9767588376998901,-0.0011591433726650946,0.0011591433726650946,1.3436133583934103e-06,True,False,VERY_HIGH
2016-12-15 11:30:00,Broad Street,0.8927536231884058,0.8939071893692017,0.001153566180795873,0.001153566180795873,1.330714933475977e-06,False,True,VERY_HIGH
2016-12-10 08:00:00,BHMNCPHST01,0.1275,0.12634824216365814,-0.0011517578363418601,0.0011517578363418601,1.326546113574883e-06,True,False,LOW
2016-12-11 14:00:00,Others-CCCPS98,0.3609410248146955,0.3620914816856384,0.0011504568709429508,0.0011504568709429508,1.3235510118998454e-06,False,True,MODERATE
2016-12-15 15:30:00,BHMNCPNHS01,0.824,0.8228505253791809,-0.0011494746208190465,0.0011494746208190465,1.3212919039070907e-06,True,False,VERY_HIGH
2016-12-16 15:30:00,BHMBRCBRG02,0.7051926298157454,0.7063400745391846,0.001147444723439195,0.001147444723439195,1.3166293933484505e-06,False,True,HIGH
2016-12-15 13:00:00,NIA Car Parks,0.21293375394321767,0.21407949924468994,0.0011457453014722674,0.0011457453014722674,1.3127322958457769e-06,False,True,LOW
2016-12-13 08:30:00,BHMEURBRD02,0.6545454545454545,0.6534015536308289,-0.001143900914625684,0.001143900914625684,1.3085093024814763e-06,True,False,HIGH
2016-12-14 12:30:00,NIA Car Parks,0.18217665615141956,0.18103446066379547,-0.0011421954876240925,0.0011421954876240925,1.3046105319488384e-06,True,False,LOW
2016-12-12 10:00:00,Bull Ring,0.4182771044873895,0.41713929176330566,-0.0011378127240838087,0.0011378127240838087,1.2946177950870175e-06,True,False,MODERATE
2016-12-19 10:30:00,BHMBCCMKT01,0.2322357019064125,0.23336847126483917,0.001132769358426683,0.001132769358426683,1.2831664193903989e-06,False,True,LOW
2016-12-16 11:00:00,BHMBRCBRG03,0.3957597173144876,0.39688459038734436,0.0011248730728567469,0.0011248730728567469,1.26533943003818e-06,False,True,MODERATE
2016-12-16 08:30:00,BHMBRCBRG03,0.15665488810365136,0.15553350746631622,-0.0011213806373351343,0.0011213806373351343,1.257494533790152e-06,True,False,LOW
2016-12-17 09:00:00,BHMBCCMKT01,0.14211438474870017,0.14100120961666107,-0.001113175132039096,0.001113175132039096,1.2391588745902585e-06,True,False,LOW
2016-12-10 11:00:00,BHMNCPHST01,0.35583333333333333,0.35472333431243896,-0.00110999902089437,0.00110999902089437,1.23209782638646e-06,True,False,MODERATE
2016-12-14 12:30:00,BHMBCCTHL01,1.0,0.9988929629325867,-0.00110703706741333,0.00110703706741333,1.225531068627106e-06,True,False,VERY_HIGH
2016-12-13 10:00:00,BHMNCPPLS01,0.19555555555555557,0.19666124880313873,0.0011056932475831671,0.0011056932475831671,1.2225575577510108e-06,False,True,LOW
2016-12-16 13:30:00,BHMNCPHST01,0.6233333333333333,0.6222304105758667,-0.0011029227574665956,0.0011029227574665956,1.2164386089377188e-06,True,False,HIGH
2016-12-10 11:30:00,Others-CCCPS133,0.7366844919786096,0.7355863451957703,-0.001098146782839371,0.001098146782839371,1.2059263566604605e-06,True,False,HIGH
2016-12-12 10:00:00,NIA South,0.23096446700507614,0.22986939549446106,-0.001095071510615081,0.001095071510615081,1.1991816133607956e-06,True,False,LOW
2016-12-17 14:30:00,BHMNCPNHS01,0.376,0.3749065697193146,-0.0010934302806854257,0.0010934302806854257,1.1955897787198088e-06,True,False,MODERATE
2016-12-12 09:30:00,Broad Street,0.7695652173913043,0.768475353717804,-0.0010898636735003908,0.0010898636735003908,1.1878028268157664e-06,True,False,VERY_HIGH
2016-12-14 14:30:00,Bull Ring,0.6498526039960695,0.6487665772438049,-0.0010860267522645461,0.0010860267522645461,1.1794541066342778e-06,True,False,HIGH
2016-12-14 09:00:00,BHMBCCPST01,0.1861198738170347,0.1872030794620514,0.0010832056450166827,0.0010832056450166827,1.1733344693960076e-06,False,True,LOW
2016-12-19 12:30:00,Others-CCCPS98,0.588462777956816,0.5895426273345947,0.0010798493777787188,0.0010798493777787188,1.1660746786890863e-06,False,True,HIGH
2016-12-08 16:00:00,Others-CCCPS135a,0.6646922482616534,0.6636155247688293,-0.001076723492824061,0.001076723492824061,1.1593334799992457e-06,True,False,HIGH
2016-12-18 11:30:00,Others-CCCPS135a,0.3811485964460469,0.38221731781959534,0.0010687213735484646,0.0010687213735484646,1.142165374279317e-06,False,True,MODERATE
2016-12-09 16:00:00,BHMBCCSNH01,0.660486674391657,0.6594190001487732,-0.001067674242883787,0.001067674242883787,1.139928288917468e-06,True,False,HIGH
2016-12-09 10:30:00,BHMMBMMBX01,0.8457059679767104,0.844639241695404,-0.0010667262813063294,0.0010667262813063294,1.1379049592296302e-06,True,False,VERY_HIGH
2016-12-12 16:00:00,Others-CCCPS202,0.37895812053115424,0.38002070784568787,0.001062587314533625,0.001062587314533625,1.1290918010077812e-06,False,True,MODERATE
2016-12-12 13:30:00,BHMNCPLDH01,0.9347222222222222,0.9357826709747314,0.0010604487525092132,0.0010604487525092132,1.1245515566983465e-06,False,True,VERY_HIGH
2016-12-18 08:00:00,BHMBRTARC01,0.7943548387096774,0.7932956218719482,-0.0010592168377291378,0.0010592168377291378,1.1219403093289145e-06,True,False,VERY_HIGH
2016-12-17 13:00:00,BHMBRCBRG01,1.0,0.99894118309021,-0.001058816909790039,0.001058816909790039,1.1210932484573277e-06,True,False,VERY_HIGH
2016-12-12 14:30:00,BHMNCPPLS01,0.29555555555555557,0.29661324620246887,0.0010576906469133007,0.0010576906469133007,1.1187095045678767e-06,False,True,MODERATE
2016-12-12 12:30:00,Others-CCCPS8,0.6505295007564297,0.6515787243843079,0.001049223627878182,0.001049223627878182,1.1008702212978536e-06,False,True,HIGH
2016-12-12 12:00:00,Others-CCCPS8,0.6391830559757943,0.6381359100341797,-0.0010471459416145912,0.0010471459416145912,1.0965146230399088e-06,True,False,HIGH
2016-12-14 15:00:00,Others-CCCPS119a,0.20834819835890117,0.2073044627904892,-0.0010437355684119742,0.0010437355684119742,1.089383936768267e-06,True,False,LOW
2016-12-11 09:00:00,Others-CCCPS8,0.30559757942511345,0.30455905199050903,-0.0010385274346044193,0.0010385274346044193,1.0785392324260365e-06,True,False,MODERATE
2016-12-15 08:30:00,BHMEURBRD01,0.6170212765957447,0.6180548667907715,0.0010335901950268012,0.0010335901950268012,1.0683086912555408e-06,False,True,HIGH
2016-12-11 08:30:00,Others-CCCPS202,0.15389853592100783,0.1528681367635727,-0.0010303991574351357,0.0010303991574351357,1.0617224236430374e-06,True,False,LOW
2016-12-17 11:00:00,Others-CCCPS135a,0.4218387844450167,0.4228639304637909,0.0010251460187741812,0.0010251460187741812,1.0509243598085539e-06,False,True,MODERATE
2016-12-16 15:00:00,BHMBCCPST01,0.5236593059936908,0.5246777534484863,0.0010184474547955125,0.0010184474547955125,1.0372352181794573e-06,False,True,HIGH
2016-12-14 15:00:00,Others-CCCPS202,0.4290091930541369,0.42799684405326843,-0.00101234900086844,0.00101234900086844,1.0248504995593285e-06,True,False,MODERATE
2016-12-19 14:30:00,Others-CCCPS105a,0.800895968143355,0.799896240234375,-0.0009997279089799527,0.0009997279089799527,9.994558919934285e-07,True,False,VERY_HIGH
2016-12-17 12:00:00,BHMEURBRD02,0.2318181818181818,0.2328159064054489,0.0009977245872671014,0.0009977245872671014,9.95454352037308e-07,False,True,LOW
2016-12-10 15:00:00,BHMNCPPLS01,0.44666666666666666,0.447663277387619,0.0009966107209523623,0.0009966107209523623,9.932329291171872e-07,False,True,MODERATE
2016-12-11 11:00:00,BHMBRCBRG03,0.25677267373380447,0.2557767331600189,-0.0009959405737855476,0.0009959405737855476,9.918976265122858e-07,True,False,MODERATE
2016-12-09 10:00:00,Shopping,0.6755208333333333,0.6765126585960388,0.0009918252627054702,0.0009918252627054702,9.83717351740775e-07,False,True,HIGH
2016-12-16 11:00:00,Others-CCCPS119a,0.180164109882269,0.17918552458286285,-0.0009785852994061428,0.0009785852994061428,9.576291882138101e-07,True,False,LOW
2016-12-14 12:00:00,BHMBCCTHL01,1.0,0.9990240335464478,-0.0009759664535522461,0.0009759664535522461,9.525105184593485e-07,True,False,VERY_HIGH
2016-12-09 13:00:00,BHMBCCTHL01,1.0,0.9990281462669373,-0.0009718537330627441,0.0009718537330627441,9.444996784679915e-07,True,False,VERY_HIGH
2016-12-19 14:30:00,BHMBRCBRG01,0.9811881188118812,0.9821537733078003,0.0009656544959191216,0.0009656544959191216,9.324886054888128e-07,False,True,VERY_HIGH
2016-12-09 10:00:00,Others-CCCPS202,0.3755532856656452,0.3745899200439453,-0.0009633656216999076,0.0009633656216999076,9.280733210732495e-07,True,False,MODERATE
2016-12-18 13:30:00,Others-CCCPS202,0.3026898195437521,0.30173033475875854,-0.0009594847849935806,0.0009594847849935806,9.206110526341776e-07,True,False,MODERATE
2016-12-12 13:00:00,BHMNCPHST01,0.7075,0.7084559798240662,0.0009559798240661443,0.0009559798240661443,9.138974240215363e-07,False,True,HIGH
2016-12-14 12:00:00,BHMNCPRAN01,0.97,0.9690464735031128,-0.0009535264968871804,0.0009535264968871804,9.092127802659381e-07,True,False,VERY_HIGH
2016-12-12 11:30:00,Others-CCCPS98,0.34869481147276826,0.3477429449558258,-0.0009518665169424567,0.0009518665169424567,9.060498660761643e-07,True,False,MODERATE
2016-12-09 15:00:00,Shopping,0.634375,0.6334255933761597,-0.0009494066238403542,0.0009494066238403542,9.013729373919399e-07,True,False,HIGH
2016-12-16 10:00:00,Others-CCCPS119a,0.16232607920085623,0.16138552129268646,-0.0009405579081697701,0.0009405579081697701,8.846491786206937e-07,True,False,LOW
2016-12-09 12:00:00,Others-CCCPS119a,0.21798073492686407,0.21891823410987854,0.000937499183014473,0.000937499183014473,8.789047181528044e-07,False,True,LOW
2016-12-15 09:00:00,Others-CCCPS8,0.4092284417549168,0.40829193592071533,-0.000936505834201462,0.000936505834201462,8.770431774933763e-07,True,False,MODERATE
2016-12-17 11:00:00,Others-CCCPS105a,0.5121951219512195,0.511271059513092,-0.000924062438127482,0.000924062438127482,8.538913895581065e-07,True,False,HIGH
2016-12-17 09:30:00,BHMBCCMKT01,0.22357019064124783,0.22449417412281036,0.0009239834815625292,0.0009239834815625292,8.537454742004127e-07,False,True,LOW
2016-12-09 13:00:00,BHMBRCBRG03,0.4652532391048292,0.46433237195014954,-0.0009208671546796499,0.0009208671546796499,8.479963165677942e-07,True,False,MODERATE
2016-12-13 12:30:00,BHMBCCSNH01,0.9768250289687138,0.9777451157569885,0.0009200867882747099,0.0009200867882747099,8.465596979576709e-07,False,True,VERY_HIGH
2016-12-18 14:30:00,BHMNCPRAN01,0.12166666666666667,0.12075141817331314,-0.0009152484933535321,0.0009152484933535321,8.376798045859104e-07,True,False,LOW
2016-12-15 11:00:00,NIA Car Parks,0.19321766561514195,0.19412995874881744,0.0009122931336754958,0.0009122931336754958,8.322787617514561e-07,False,True,LOW
2016-12-17 10:00:00,BHMEURBRD02,0.2409090909090909,0.2400016188621521,-0.0009074720469388065,0.0009074720469388065,8.235055159753073e-07,True,False,LOW
2016-12-13 11:00:00,Broad Street,0.9347826086956522,0.9356887936592102,0.0009061849635579877,0.0009061849635579877,8.211711881785916e-07,False,True,VERY_HIGH
2016-12-09 15:00:00,Others-CCCPS133,0.6254545454545455,0.6263562440872192,0.000901698632673753,0.000901698632673753,8.130604241657159e-07,False,True,HIGH
2016-12-11 08:30:00,BHMBRCBRG02,0.05778894472361809,0.058682143688201904,0.0008931989645838134,0.0008931989645838134,7.978043903335964e-07,False,True,LOW
2016-12-17 08:30:00,Others-CCCPS105a,0.3673469387755102,0.36645397543907166,-0.0008929633364385681,0.0008929633364385681,7.973835202234993e-07,True,False,MODERATE
2016-12-19 11:00:00,Others-CCCPS119a,0.45272921869425614,0.4536195993423462,0.00089038064809005,0.00089038064809005,7.927776984932575e-07,False,True,MODERATE
2016-12-12 14:30:00,Others-CCCPS119a,0.20870495897252944,0.20781481266021729,-0.0008901463123121567,0.0008901463123121567,7.923604573229316e-07,True,False,LOW
2016-12-13 12:00:00,NIA South,0.2766497461928934,0.27576321363449097,-0.0008865325584024308,0.0008865325584024308,7.859399771075595e-07,True,False,MODERATE
2016-12-18 10:30:00,BHMBRCBRG03,0.25323910482921086,0.25235724449157715,-0.0008818603376337109,0.0008818603376337109,7.776776550914425e-07,True,False,MODERATE
2016-12-09 14:30:00,BHMBCCPST01,0.416403785488959,0.4172852337360382,0.0008814482470791973,0.0008814482470791973,7.769510122789897e-07,False,True,MODERATE
2016-12-14 09:30:00,BHMBRCBRG03,0.21319199057714958,0.2123156487941742,-0.0008763417829753817,0.0008763417829753817,7.679749205884709e-07,True,False,LOW
2016-12-09 13:30:00,BHMNCPNHS01,0.67,0.6708664894104004,0.0008664894104003507,0.0008664894104003507,7.508038983359473e-07,False,True,HIGH
2016-12-15 09:30:00,NIA Car Parks,0.15930599369085174,0.1584417074918747,-0.000864286198977049,0.000864286198977049,7.469906337421951e-07,True,False,LOW
2016-12-18 16:00:00,Others-CCCPS133,0.6158288770053476,0.6149658560752869,-0.0008630209300607428,0.0008630209300607428,7.448051257229095e-07,True,False,HIGH
2016-12-15 14:30:00,Others-CCCPS202,0.4467143343547838,0.44585224986076355,-0.0008620844940202543,0.0008620844940202543,7.431896748301579e-07,True,False,MODERATE
2016-12-15 12:30:00,Others-CCCPS202,0.45454545454545453,0.4536890983581543,-0.0008563561873002334,0.0008563561873002334,7.333459195273925e-07,True,False,MODERATE
2016-12-13 14:00:00,Shopping,0.775,0.7758439183235168,0.0008439183235168235,0.0008439183235168235,7.12198136767446e-07,False,True,VERY_HIGH
2016-12-16 13:00:00,BHMBRCBRG03,0.4711425206124853,0.4719862639904022,0.0008437433779169279,0.0008437433779169279,7.119028877786678e-07,False,True,MODERATE
2016-12-18 15:00:00,BHMNCPRAN01,0.115,0.1158425509929657,0.0008425509929656932,0.0008425509929656932,7.098921757474756e-07,False,True,LOW
2016-12-17 16:00:00,Others-CCCPS8,0.7405446293494705,0.7397024631500244,-0.0008421661994461038,0.0008421661994461038,7.092439074894947e-07,True,False,HIGH
2016-12-14 10:00:00,Bull Ring,0.38224697019325254,0.38308894634246826,0.0008419761492157174,0.0008419761492157174,7.08923835848128e-07,False,True,MODERATE
2016-12-16 11:00:00,Others-CCCPS202,0.3908750425604358,0.3917135000228882,0.0008384574624523689,0.0008384574624523689,7.030109163420656e-07,False,True,MODERATE
2016-12-10 12:30:00,BHMBRCBRG02,0.9991624790619765,1.0,0.0008375209380234727,0.0008375209380234727,7.014413216277176e-07,False,True,VERY_HIGH
2016-12-15 15:00:00,BHMBCCSNH01,0.8968713789107764,0.8960441946983337,-0.0008271842124426554,0.0008271842124426554,6.84233721314376e-07,True,False,VERY_HIGH
2016-12-16 13:00:00,Shopping,0.6963541666666667,0.6955298781394958,-0.0008242885271708689,0.0008242885271708689,6.794515760255203e-07,True,False,HIGH
2016-12-19 15:00:00,Others-CCCPS133,0.8047058823529412,0.8038894534111023,-0.0008164289418388648,0.0008164289418388648,6.665562170721286e-07,True,False,VERY_HIGH
2016-12-10 09:30:00,Others-CCCPS119a,0.1840884766321798,0.18490056693553925,0.0008120903033594362,0.0008120903033594362,6.594906608104211e-07,False,True,LOW
2016-12-19 10:30:00,BHMNCPLDH01,0.8138888888888889,0.8130781650543213,-0.0008107238345675949,0.0008107238345675949,6.57273135935985e-07,True,False,VERY_HIGH
2016-12-16 13:30:00,NIA Car Parks,0.11198738170347003,0.11117836087942123,-0.000809020824048795,0.000809020824048795,6.545146937445914e-07,True,False,LOW
2016-12-10 10:00:00,Others-CCCPS135a,0.34123100695338654,0.3404298424720764,-0.0008011644813101237,0.0008011644813101237,6.418645261129197e-07,True,False,MODERATE
2016-12-11 14:00:00,BHMBCCTHL01,1.0,0.9992042779922485,-0.0007957220077514648,0.0007957220077514648,6.331735136200223e-07,True,False,VERY_HIGH
2016-12-09 12:00:00,BHMBRCBRG01,1.0,0.9992083311080933,-0.0007916688919067383,0.0007916688919067383,6.267396344128429e-07,True,False,VERY_HIGH
2016-12-18 16:00:00,Others-CCCPS135a,0.3497295905227917,0.3505200445652008,0.0007904540424091278,0.0007904540424091278,6.248175931609312e-07,False,True,MODERATE
2016-12-13 12:30:00,Others-CCCPS135a,0.8987895956734484,0.8995791077613831,0.0007895120879346518,0.0007895120879346518,6.233293369949333e-07,False,True,VERY_HIGH
2016-12-12 10:30:00,BHMNCPLDH01,0.9166666666666666,0.9174525141716003,0.0007858475049337121,0.0007858475049337121,6.175563010105407e-07,False,True,VERY_HIGH
2016-12-10 12:30:00,Others-CCCPS105a,0.6888999502239921,0.6881182193756104,-0.0007817308483817342,0.0007817308483817342,6.111031193116259e-07,True,False,HIGH
2016-12-19 15:00:00,Others-CCCPS135a,0.7651300540818955,0.7643498778343201,-0.0007801762475754259,0.0007801762475754259,6.086749772808723e-07,True,False,VERY_HIGH
2016-12-13 09:30:00,BHMNCPHST01,0.5783333333333334,0.5791061520576477,0.0007728187243143392,0.0007728187243143392,5.972487806508425e-07,False,True,HIGH
2016-12-16 15:00:00,Others-CCCPS119a,0.1962183374955405,0.19698494672775269,0.0007666092322121953,0.0007666092322121953,5.876897149129717e-07,False,True,LOW
2016-12-08 16:00:00,BHMNCPRAN01,0.7216666666666667,0.7224332094192505,0.0007665427525838098,0.0007665427525838098,5.875877915387638e-07,False,True,HIGH
2016-12-09 13:30:00,BHMNCPHST01,0.6358333333333334,0.6350670456886292,-0.0007662876447042111,0.0007662876447042111,5.871967544263272e-07,True,False,HIGH
2016-12-09 14:00:00,BHMNCPHST01,0.6166666666666667,0.6159048080444336,-0.0007618586222331025,0.0007618586222331025,5.804285602709212e-07,True,False,HIGH
2016-12-17 13:00:00,BHMMBMMBX01,0.6302765647743813,0.6310377717018127,0.0007612069274314237,0.0007612069274314237,5.794359863695887e-07,False,True,HIGH
2016-12-12 14:30:00,Others-CCCPS135a,0.8104558331187226,0.8096959590911865,-0.0007598740275360782,0.0007598740275360782,5.774085377239006e-07,True,False,VERY_HIGH
2016-12-14 09:00:00,Others-CCCPS119a,0.17909382804138424,0.17833822965621948,-0.0007555983851647574,0.0007555983851647574,5.709289196635891e-07,True,False,LOW
2016-12-16 11:30:00,BHMBRCBRG01,0.9742574257425742,0.9750072360038757,0.0007498102613014979,0.0007498102613014979,5.622154279530205e-07,False,True,VERY_HIGH
2016-12-19 12:30:00,BHMBCCMKT01,0.4800693240901213,0.4808160960674286,0.0007467719773072701,0.0007467719773072701,5.576683860914098e-07,False,True,MODERATE
2016-12-16 11:00:00,Broad Street,0.7376811594202899,0.7369381189346313,-0.0007430404856585415,0.0007430404856585415,5.521091633276812e-07,True,False,HIGH
2016-12-16 13:30:00,BHMEURBRD02,0.6681818181818182,0.6674388647079468,-0.0007429534738714327,0.0007429534738714327,5.519798643376296e-07,True,False,HIGH
2016-12-15 13:00:00,Shopping,0.7848958333333333,0.7841581106185913,-0.0007377227147420395,0.0007377227147420395,5.442348038463647e-07,True,False,VERY_HIGH
2016-12-13 14:00:00,Others-CCCPS202,0.4484167517875383,0.447679340839386,-0.0007374109481523283,0.0007374109481523283,5.437749064549159e-07,True,False,MODERATE
2016-12-11 12:30:00,Others-CCCPS119a,0.21905101676774885,0.21978631615638733,0.0007352993886384773,0.0007352993886384773,5.406651909321185e-07,False,True,LOW
2016-12-14 11:30:00,Shopping,0.7890625,0.7883334755897522,-0.0007290244102478027,0.0007290244102478027,5.314765907371566e-07,True,False,VERY_HIGH
2016-12-16 14:00:00,BHMNCPLDH01,0.7652777777777777,0.7660067081451416,0.0007289303673638781,0.0007289303673638781,5.313394804652382e-07,False,True,VERY_HIGH
2016-12-16 08:00:00,Others-CCCPS8,0.38502269288956126,0.3857472538948059,0.0007245610052446505,0.0007245610052446505,5.249886503211384e-07,False,True,MODERATE
2016-12-12 13:00:00,BHMNCPRAN01,0.8466666666666667,0.8459423780441284,-0.0007242886225382605,0.0007242886225382605,5.245940087383709e-07,True,False,VERY_HIGH
2016-12-15 11:00:00,Others-CCCPS202,0.4324140279196459,0.4331382215023041,0.0007241935826581836,0.0007241935826581836,5.244563451632953e-07,False,True,MODERATE
2016-12-10 13:30:00,Others-CCCPS105a,0.7585863613738179,0.7593077421188354,0.0007213807450175969,0.0007213807450175969,5.20390179282143e-07,False,True,VERY_HIGH
2016-12-09 11:30:00,Broad Street,0.782608695652174,0.7833252549171448,0.0007165592649708286,0.0007165592649708286,5.134571802155341e-07,False,True,VERY_HIGH
2016-12-18 09:30:00,BHMMBMMBX01,0.388646288209607,0.3879355788230896,-0.0007107093865174052,0.0007107093865174052,5.051078320839465e-07,True,False,MODERATE
2016-12-12 12:30:00,Others-CCCPS105a,0.7421602787456446,0.7414528727531433,-0.0007074059925012977,0.0007074059925012977,5.00423238226746e-07,True,False,HIGH
2016-12-14 14:30:00,Broad Street,0.8724637681159421,0.8731706738471985,0.0007069057312564242,0.0007069057312564242,4.997157128831799e-07,False,True,VERY_HIGH
2016-12-12 14:00:00,BHMBCCPST01,0.45425867507886436,0.4549640417098999,0.0007053666310355422,0.0007053666310355422,4.975420841784308e-07,False,True,MODERATE
2016-12-18 13:00:00,BHMNCPNHS01,0.248,0.24730172753334045,-0.0006982724666595441,0.0006982724666595441,4.875844376948042e-07,True,False,LOW
2016-12-10 12:30:00,BHMBRCBRG01,1.0,0.9993051886558533,-0.0006948113441467285,0.0006948113441467285,4.827628039549836e-07,True,False,VERY_HIGH
2016-12-11 09:30:00,BHMNCPPLS01,0.06666666666666667,0.06597288697957993,-0.0006937796870867402,0.0006937796870867402,4.813302542141751e-07,True,False,LOW
2016-12-19 14:00:00,BHMMBMMBX01,0.9723435225618632,0.9716624021530151,-0.000681120408848046,0.000681120408848046,4.6392501134932936e-07,True,False,VERY_HIGH
2016-12-14 08:00:00,BHMBRCBRG01,0.08712871287128712,0.0878034234046936,0.0006747105334064807,0.0006747105334064807,4.552343038896577e-07,False,True,LOW
2016-12-09 14:30:00,BHMBCCMKT01,0.3466204506065858,0.3459523618221283,-0.0006680887844575101,0.0006680887844575101,4.4634262391791335e-07,True,False,MODERATE
2016-12-14 12:00:00,Others-CCCPS135a,0.8707185166108679,0.8700538277626038,-0.0006646888482640945,0.0006646888482640945,4.418112650066484e-07,True,False,VERY_HIGH
2016-12-17 12:00:00,Others-CCCPS133,0.7148663101604278,0.7142070531845093,-0.0006592569759185096,0.0006592569759185096,4.346197602972184e-07,True,False,HIGH
2016-12-13 08:30:00,Others-CCCPS119a,0.14020692115590438,0.13954858481884003,-0.000658336337064358,0.000658336337064358,4.3340673269931603e-07,True,False,LOW
2016-12-14 13:00:00,Others-CCCPS135a,0.8655678599021375,0.8649097084999084,-0.0006581514022290236,0.0006581514022290236,4.3316326825603e-07,True,False,VERY_HIGH
2016-12-12 15:30:00,BHMEURBRD01,0.7148936170212766,0.7142407298088074,-0.0006528872124692553,0.0006528872124692553,4.262617122058745e-07,True,False,HIGH
2016-12-10 10:30:00,BHMBRCBRG01,1.0,0.9993484616279602,-0.0006515383720397949,0.0006515383720397949,4.245022502402662e-07,True,False,VERY_HIGH
2016-12-13 11:00:00,Others-CCCPS98,0.34096036094102483,0.34030961990356445,-0.0006507410374603784,0.0006507410374603784,4.234638978350096e-07,True,False,MODERATE
2016-12-10 14:30:00,Others-CCCPS202,0.3251617296561117,0.32451316714286804,-0.0006485625132436335,0.0006485625132436335,4.206333335848982e-07,True,False,MODERATE
2016-12-16 14:00:00,Others-CCCPS8,0.6081694402420574,0.6075218915939331,-0.0006475486481243298,0.0006475486481243298,4.193192516876471e-07,True,False,HIGH
2016-12-16 13:00:00,Others-CCCPS119a,0.19514805565465573,0.19450287520885468,-0.0006451804458010579,0.0006451804458010579,4.1625780764405186e-07,True,False,LOW
2016-12-14 15:00:00,BHMBCCMKT01,0.24610051993067592,0.2454604208469391,-0.0006400990837368281,0.0006400990837368281,4.097268370007269e-07,True,False,LOW
2016-12-15 14:00:00,BHMBCCMKT01,0.317157712305026,0.3177923262119293,0.0006346139069033363,0.0006346139069033363,4.027348108351164e-07,False,True,MODERATE
2016-12-12 09:30:00,Others-CCCPS98,0.2816629068643248,0.28102967143058777,-0.000633235433737056,0.000633235433737056,4.0098711454015747e-07,True,False,MODERATE
2016-12-17 12:30:00,BHMMBMMBX01,0.5997088791848617,0.5990769267082214,-0.000631952476640274,0.000631952476640274,3.9936393273177603e-07,True,False,HIGH
2016-12-10 12:30:00,Shopping,0.5359375,0.5353142023086548,-0.0006232976913451704,0.0006232976913451704,3.8850001203621935e-07,True,False,HIGH
2016-12-12 09:00:00,Others-CCCPS135a,0.6574813288694309,0.6568639874458313,-0.0006173414235995933,0.0006173414235995933,3.811104332919725e-07,True,False,HIGH
2016-12-16 10:30:00,BHMNCPHST01,0.6058333333333333,0.6052231192588806,-0.0006102140744527196,0.0006102140744527196,3.723612166601892e-07,True,False,HIGH
2016-12-10 15:00:00,Shopping,0.5994791666666667,0.598871111869812,-0.0006080547968546623,0.0006080547968546623,3.697306359779647e-07,True,False,HIGH
2016-12-19 15:00:00,BHMNCPLDH01,0.8097222222222222,0.8103302717208862,0.0006080494986639984,0.0006080494986639984,3.6972419282553977e-07,False,True,VERY_HIGH
2016-12-16 11:30:00,Broad Street,0.7492753623188406,0.7498831748962402,0.0006078125773996135,0.0006078125773996135,3.6943612924516113e-07,False,True,HIGH
2016-12-15 12:00:00,Bull Ring,0.706845725515886,0.7074525356292725,0.0006068101133864801,0.0006068101133864801,3.6821851370811277e-07,False,True,HIGH
2016-12-10 08:00:00,Others-CCCPS135a,0.2142673190831831,0.2148619294166565,0.0005946103334733832,0.0005946103334733832,3.53561448673328e-07,False,True,LOW
2016-12-10 12:30:00,Others-CCCPS135a,0.4908575843420036,0.49144986271858215,0.0005922783765785478,0.0005922783765785478,3.5079367536252e-07,False,True,MODERATE
2016-12-12 14:00:00,Shopping,0.7734375,0.7728461027145386,-0.0005913972854614258,0.0005913972854614258,3.4975074925114313e-07,True,False,VERY_HIGH
2016-12-10 08:00:00,Shopping,0.1828125,0.18222995102405548,-0.0005825489759445079,0.0005825489759445079,3.393633093739949e-07,True,False,LOW
2016-12-19 11:00:00,BHMNCPNHS01,0.696,0.6965823769569397,0.0005823769569397452,0.0005823769569397452,3.391629199743979e-07,False,True,HIGH
2016-12-13 09:30:00,Shopping,0.6666666666666666,0.66608726978302,-0.0005793968836466101,0.0005793968836466101,3.357007487794035e-07,True,False,HIGH
2016-12-15 13:00:00,Others-CCCPS119a,0.24117017481270067,0.24174764752388,0.0005774727111793332,0.0005774727111793332,3.3347473215680956e-07,False,True,LOW
2016-12-09 16:00:00,BHMBCCMKT01,0.23570190641247835,0.23512686789035797,-0.0005750385221203747,0.0005750385221203747,3.306693019223846e-07,True,False,LOW
2016-12-15 11:30:00,Others-CCCPS8,0.6285930408472012,0.6280209422111511,-0.0005720986360501223,0.0005720986360501223,3.2729684937041034e-07,True,False,HIGH
2016-12-09 13:00:00,BHMNCPNST01,0.5917525773195876,0.5911902785301208,-0.0005622987894667864,0.0005622987894667864,3.1617992863581334e-07,True,False,HIGH
2016-12-17 09:00:00,Others-CCCPS202,0.1961184882533197,0.19555892050266266,-0.0005595677506570473,0.0005595677506570473,3.131160675753875e-07,True,False,LOW
2016-12-17 09:00:00,BHMMBMMBX01,0.44395924308588064,0.4434029459953308,-0.0005562970905498288,0.0005562970905498288,3.094664529542044e-07,True,False,MODERATE
2016-12-11 09:00:00,Shopping,0.18072916666666666,0.18018122017383575,-0.0005479464928309086,0.0005479464928309086,3.002453590056929e-07,True,False,LOW
2016-12-09 11:00:00,Others-CCCPS135a,0.7746587689930466,0.7752012610435486,0.0005424920505019415,0.0005424920505019415,2.9429762485780106e-07,False,True,VERY_HIGH
2016-12-15 14:30:00,BHMNCPNHS01,0.874,0.8745396733283997,0.0005396733283996591,0.0005396733283996591,2.912473013859663e-07,False,True,VERY_HIGH
2016-12-15 08:00:00,BHMBRCBRG02,0.12144053601340034,0.12197708338499069,0.000536547371590354,0.000536547371590354,2.878830819605175e-07,False,True,LOW
2016-12-11 14:30:00,Shopping,0.5833333333333334,0.5838684439659119,0.0005351106325784949,0.0005351106325784949,2.8634338909855696e-07,False,True,HIGH
2016-12-10 11:00:00,Shopping,0.42135416666666664,0.4218892753124237,0.0005351086457570653,0.0005351086457570653,2.863412627639604e-07,False,True,MODERATE
2016-12-11 14:00:00,BHMNCPRAN01,0.18666666666666668,0.18719370663166046,0.0005270399649937862,0.0005270399649937862,2.7777112470065145e-07,False,True,LOW
2016-12-18 14:30:00,BHMEURBRD02,0.1590909090909091,0.15961284935474396,0.0005219402638348691,0.0005219402638348691,2.724216390120128e-07,False,True,LOW
2016-12-18 11:30:00,BHMNCPNST01,0.36082474226804123,0.3603062629699707,-0.0005184792980705288,0.0005184792980705288,2.688207825277083e-07,True,False,MODERATE
2016-12-16 09:00:00,Others-CCCPS8,0.45612708018154313,0.45664334297180176,0.0005162627902586259,0.0005162627902586259,2.665272686056219e-07,False,True,MODERATE
2016-12-15 12:30:00,BHMNCPRAN01,0.9516666666666667,0.9511507749557495,-0.000515891710917149,0.000515891710917149,2.6614425739302324e-07,True,False,VERY_HIGH
2016-12-18 15:00:00,BHMEURBRD02,0.16818181818181818,0.16766653954982758,-0.0005152786319906066,0.0005152786319906066,2.6551206858611105e-07,True,False,LOW
2016-12-16 08:00:00,Bull Ring,0.10972813625941696,0.10921350121498108,-0.0005146350444358849,0.0005146350444358849,2.648492289615253e-07,True,False,LOW
2016-12-13 08:00:00,Others-CCCPS135a,0.43754828740664437,0.438062459230423,0.0005141718237786086,0.0005141718237786086,2.643726643678205e-07,False,True,MODERATE
2016-12-18 12:00:00,Others-CCCPS202,0.2618318011576439,0.2613193094730377,-0.0005124916846061534,0.0005124916846061534,2.6264772679045294e-07,True,False,MODERATE
2016-12-17 13:00:00,Bull Ring,0.9033737307566329,0.9038849472999573,0.000511216543324422,0.000511216543324422,2.6134235416857067e-07,False,True,VERY_HIGH
2016-12-18 13:00:00,BHMBRCBRG01,0.999009900990099,0.9995195865631104,0.0005096855730113425,0.0005096855730113425,2.597793833359006e-07,False,True,VERY_HIGH
2016-12-12 15:30:00,NIA Car Parks,0.12145110410094637,0.12195631116628647,0.000505207065340102,0.000505207065340102,2.5523417886955805e-07,False,True,LOW
2016-12-16 14:30:00,Broad Street,0.7463768115942029,0.7468815445899963,0.0005047329957934554,0.0005047329957934554,2.547553970426363e-07,False,True,HIGH
2016-12-18 11:00:00,BHMBRTARC01,0.7540322580645161,0.754529595375061,0.0004973373105449097,0.0004973373105449097,2.4734440046004394e-07,False,True,VERY_HIGH
2016-12-18 12:30:00,BHMBRCBRG01,0.998019801980198,0.9985170364379883,0.0004972344577902632,0.0004972344577902632,2.4724210601397705e-07,False,True,VERY_HIGH
2016-12-09 14:30:00,BHMBRCBRG01,0.8524752475247525,0.8519787788391113,-0.0004964686856411271,0.0004964686856411271,2.464811558222283e-07,True,False,VERY_HIGH
2016-12-09 12:30:00,Shopping,0.7385416666666667,0.7390262484550476,0.00048458178838095556,0.00048458178838095556,2.348195096304852e-07,False,True,HIGH
2016-12-09 08:00:00,BHMNCPLDH01,0.6097222222222223,0.6092389225959778,-0.0004832996262444933,0.0004832996262444933,2.3357852872806692e-07,True,False,HIGH
2016-12-12 16:00:00,NIA Car Parks,0.10331230283911672,0.10379301756620407,0.00048071472708735574,0.00048071472708735574,2.310866488386709e-07,False,True,LOW
2016-12-10 12:00:00,BHMMBMMBX01,0.7045123726346434,0.7049906253814697,0.00047825274682633534,0.00047825274682633534,2.2872568984693481e-07,False,True,HIGH
2016-12-09 08:00:00,Others-CCCPS119a,0.13985016054227614,0.1393738090991974,-0.0004763514430787541,0.0004763514430787541,2.2691069732321152e-07,True,False,LOW
2016-12-09 09:00:00,Others-CCCPS8,0.4266263237518911,0.4270978569984436,0.0004715332465525246,0.0004715332465525246,2.2234360260436394e-07,False,True,MODERATE
2016-12-10 15:00:00,BHMNCPHST01,0.5516666666666666,0.5521329641342163,0.00046629746754967005,0.00046629746754967005,2.174333282432356e-07,False,True,HIGH
2016-12-18 13:30:00,BHMNCPRAN01,0.13333333333333333,0.13378725945949554,0.00045392612616221295,0.00045392612616221295,2.0604892801263326e-07,False,True,LOW
2016-12-09 12:30:00,BHMNCPLDH01,0.8777777777777778,0.877325177192688,-0.00045260058508977963,0.00045260058508977963,2.0484728962361085e-07,True,False,VERY_HIGH
2016-12-09 14:30:00,Shopping,0.6755208333333333,0.6759690046310425,0.00044817129770913233,0.00044817129770913233,2.0085751209028772e-07,False,True,HIGH
2016-12-11 08:00:00,Others-CCCPS119a,0.11951480556546558,0.11906690150499344,-0.00044790406047214015,0.00044790406047214015,2.0061804738743058e-07,True,False,LOW
2016-12-13 10:30:00,Shopping,0.7557291666666667,0.7552846074104309,-0.00044455925623576587,0.00044455925623576587,1.9763293230489734e-07,True,False,VERY_HIGH
2016-12-09 15:00:00,Others-CCCPS119a,0.21334284694969674,0.21290229260921478,-0.00044055434048195785,0.00044055434048195785,1.9408812691749284e-07,True,False,LOW
2016-12-14 08:00:00,Others-CCCPS133,0.19165775401069518,0.19121956825256348,-0.0004381857581317039,0.0004381857581317039,1.9200675862945613e-07,True,False,LOW
2016-12-16 14:30:00,Others-CCCPS105a,0.6749626679940269,0.6754000782966614,0.00043741030263444447,0.00043741030263444447,1.913277728507563e-07,False,True,HIGH
2016-12-14 12:00:00,BHMBCCPST01,0.42902208201892744,0.4294559359550476,0.00043385393612016543,0.00043385393612016543,1.882292378869606e-07,False,True,MODERATE
2016-12-11 09:30:00,BHMBRCBRG01,0.12079207920792079,0.12122449278831482,0.000432413580394031,0.000432413580394031,1.869815045091851e-07,False,True,LOW
2016-12-13 10:30:00,Others-CCCPS202,0.43956418113721485,0.43913349509239197,-0.0004306860448228811,0.0004306860448228811,1.8549046920517675e-07,True,False,MODERATE
2016-12-14 09:00:00,Others-CCCPS133,0.2590374331550802,0.25946444272994995,0.0004270095748697411,0.0004270095748697411,1.8233717703043705e-07,False,True,MODERATE
2016-12-13 12:00:00,BHMBRTARC01,0.7923387096774194,0.7927638292312622,0.0004251195538428343,0.0004251195538428343,1.8072663505953048e-07,False,True,VERY_HIGH
2016-12-08 16:00:00,BHMNCPHST01,0.48833333333333334,0.4887576997280121,0.0004243663946787435,0.0004243663946787435,1.8008683693263508e-07,False,True,MODERATE
2016-12-09 10:30:00,BHMBCCPST01,0.35331230283911674,0.353724867105484,0.00041256426636726573,0.00041256426636726573,1.702092738831602e-07,False,True,MODERATE
2016-12-12 13:00:00,Others-CCCPS8,0.6497730711043873,0.6493656635284424,-0.00040740757594492916,0.00040740757594492916,1.6598093293732322e-07,True,False,HIGH
2016-12-10 12:30:00,Others-CCCPS202,0.2832822608103507,0.2836841940879822,0.00040193327763149433,0.00040193327763149433,1.615503596675959e-07,False,True,MODERATE
2016-12-12 15:30:00,BHMNCPLDH01,0.7861111111111111,0.7857103943824768,-0.0004007167286342872,0.0004007167286342872,1.6057389660736496e-07,True,False,VERY_HIGH
2016-12-11 16:00:00,BHMNCPRAN01,0.17833333333333334,0.17793573439121246,-0.0003975989421208803,0.0003975989421208803,1.5808491877564313e-07,True,False,LOW
2016-12-12 15:00:00,Broad Street,0.8130434782608695,0.8126496076583862,-0.00039387060248330386,0.00039387060248330386,1.5513405150056076e-07,True,False,VERY_HIGH
2016-12-13 16:00:00,NIA South,0.16878172588832488,0.16839347779750824,-0.0003882480908166397,0.0003882480908166397,1.507365800227657e-07,True,False,LOW
2016-12-14 13:30:00,Others-CCCPS135a,0.8580994076744785,0.8584749698638916,0.0003755621894131478,0.0003755621894131478,1.410469581167971e-07,False,True,VERY_HIGH
2016-12-15 15:30:00,BHMBCCTHL01,0.9767441860465116,0.9763702750205994,-0.00037391102591222136,0.00037391102591222136,1.3980945529872987e-07,True,False,VERY_HIGH
2016-12-11 13:30:00,BHMBCCTHL01,1.0,0.9996262788772583,-0.0003737211227416992,0.0003737211227416992,1.396674775833162e-07,True,False,VERY_HIGH
2016-12-19 09:00:00,BHMBCCTHL01,0.5917312661498708,0.5921041369438171,0.0003728707939463227,0.0003728707939463227,1.3903262897816106e-07,False,True,HIGH
2016-12-14 12:30:00,BHMEURBRD01,0.9404255319148936,0.9400530457496643,-0.0003724861652293354,0.0003724861652293354,1.3874594328725576e-07,True,False,VERY_HIGH
2016-12-17 13:30:00,Bull Ring,0.9151654110710776,0.914802074432373,-0.0003633366387045811,0.0003633366387045811,1.320135130251433e-07,True,False,VERY_HIGH
2016-12-16 16:00:00,BHMNCPRAN01,0.5033333333333333,0.5029811859130859,-0.0003521474202473618,0.0003521474202473618,1.2400780558687203e-07,True,False,HIGH
2016-12-16 12:00:00,BHMNCPNST01,0.5319587628865979,0.5323089957237244,0.0003502328371264296,0.0003502328371264296,1.2266304020162818e-07,False,True,HIGH
2016-12-13 08:30:00,Others-CCCPS8,0.37594553706505296,0.3762921094894409,0.00034657242438795866,0.00034657242438795866,1.2011244534614733e-07,False,True,MODERATE
2016-12-14 14:30:00,Others-CCCPS119a,0.21584017124509455,0.2161632478237152,0.00032307657862065686,0.00032307657862065686,1.0437847565322948e-07,False,True,LOW
2016-12-16 12:30:00,Others-CCCPS133,0.6919786096256685,0.6922987699508667,0.00032016032519821547,0.00032016032519821547,1.0250263383102708e-07,False,True,HIGH
2016-12-15 14:00:00,BHMNCPRAN01,0.9183333333333333,0.9186510443687439,0.00031771103541056167,0.00031771103541056167,1.0094030202165117e-07,False,True,VERY_HIGH
2016-12-10 10:00:00,BHMNCPNST01,0.44329896907216493,0.44298237562179565,-0.00031659345036927355,0.00031659345036927355,1.0023141281672168e-07,True,False,MODERATE
2016-12-17 15:00:00,Broad Street,0.4463768115942029,0.4460633099079132,-0.00031350168628968555,0.00031350168628968555,9.828330730647642e-08,True,False,MODERATE
2016-12-15 08:30:00,BHMBRCBRG03,0.12956419316843346,0.12987664341926575,0.0003124502508322913,0.0003124502508322913,9.762515924516173e-08,False,True,LOW
2016-12-16 13:30:00,BHMNCPPLS01,0.3488888888888889,0.34919801354408264,0.00030912465519372656,0.00030912465519372656,9.555805244864034e-08,False,True,MODERATE
2016-12-14 12:30:00,Others-CCCPS135a,0.8699459181045583,0.8696402311325073,-0.00030568697205102247,0.00030568697205102247,9.34445248817226e-08,True,False,VERY_HIGH
2016-12-18 09:30:00,Others-CCCPS105a,0.3384768541562967,0.3381763994693756,-0.0003004546869210811,0.0003004546869210811,9.027301889284487e-08,True,False,MODERATE
2016-12-13 14:30:00,BHMMBMMBX01,0.8544395924308588,0.8541398048400879,-0.00029978759077087247,0.00029978759077087247,8.98725995802041e-08,True,False,VERY_HIGH
2016-12-17 14:00:00,BHMBCCTHL01,1.0,0.9997075796127319,-0.0002924203872680664,0.0002924203872680664,8.550968289000593e-08,True,False,VERY_HIGH
2016-12-12 13:30:00,NIA Car Parks,0.16798107255520506,0.16769446432590485,-0.00028660822930021146,0.00028660822930021146,8.214427710260259e-08,True,False,LOW
2016-12-19 12:00:00,Others-CCCPS98,0.572993876893329,0.5727089047431946,-0.00028497215013445487,0.00028497215013445487,8.120912635225428e-08,True,False,HIGH
2016-12-18 14:00:00,Shopping,0.5078125,0.5080946683883667,0.0002821683883666992,0.0002821683883666992,7.96189993934604e-08,False,True,HIGH
2016-12-17 13:30:00,Others-CCCPS98,0.5481791814373187,0.5484589338302612,0.00027975239294253385,0.00027975239294253385,7.826140135707386e-08,False,True,HIGH
2016-12-17 16:00:00,BHMBRCBRG02,0.9556113902847572,0.9553330540657043,-0.0002783362190528216,0.0002783362190528216,7.747105083662028e-08,True,False,VERY_HIGH
2016-12-19 08:30:00,BHMBCCPST01,0.24605678233438485,0.24577854573726654,-0.0002782365971183143,0.0002782365971183143,7.741560397597913e-08,True,False,LOW
2016-12-11 11:30:00,Bull Ring,0.7890599410415984,0.7887895107269287,-0.0002704303146696674,0.0002704303146696674,7.313255509233532e-08,True,False,VERY_HIGH
2016-12-08 14:30:00,Others-CCCPS98,0.3854334514985498,0.3856963515281677,0.0002629000296179296,0.0002629000296179296,6.911642557310825e-08,False,True,MODERATE
2016-12-10 13:30:00,Broad Street,0.2391304347826087,0.23938973248004913,0.0002592976974404304,0.0002592976974404304,6.723529589790899e-08,False,True,LOW
2016-12-14 10:00:00,Others-CCCPS119a,0.22226186229040315,0.22200709581375122,-0.00025476647665192975,0.00025476647665192975,6.490595762563827e-08,True,False,LOW
2016-12-10 12:30:00,BHMBCCTHL01,1.0,0.999748945236206,-0.0002510547637939453,0.0002510547637939453,6.302849442363367e-08,True,False,VERY_HIGH
2016-12-14 13:00:00,BHMBRCBRG03,0.3545347467608952,0.3547845482826233,0.0002498015217280991,0.0002498015217280991,6.240080025767397e-08,False,True,MODERATE
2016-12-17 12:00:00,BHMMBMMBX01,0.5676855895196506,0.5674386024475098,-0.00024698707214088067,0.00024698707214088067,6.10026138047246e-08,True,False,HIGH
2016-12-13 08:00:00,Others-CCCPS202,0.2386789240721825,0.23892274498939514,0.00024382091721264487,0.00024382091721264487,5.9448639670415427e-08,False,True,LOW
2016-12-09 15:30:00,Bull Ring,0.5912217490992466,0.5909786224365234,-0.00024312666272319206,0.00024312666272319206,5.9110574126916785e-08,True,False,HIGH
2016-12-19 10:30:00,Others-CCCPS119a,0.4388155547627542,0.4390571415424347,0.00024158677968050268,0.00024158677968050268,5.836417211639574e-08,False,True,MODERATE
2016-12-19 08:30:00,Others-CCCPS135a,0.5598763842389904,0.5596374869346619,-0.00023889730432857803,0.00023889730432857803,5.707192201546123e-08,True,False,HIGH
2016-12-17 15:00:00,BHMBRCBRG01,0.997029702970297,0.9967917799949646,-0.00023792297533242746,0.00023792297533242746,5.660734219103488e-08,True,False,VERY_HIGH
2016-12-17 15:00:00,BHMNCPPLS01,0.4777777777777778,0.47754326462745667,-0.00023451315032113618,0.00023451315032113618,5.4996417673543813e-08,True,False,MODERATE
2016-12-13 10:30:00,Others-CCCPS98,0.3287141475990977,0.32848820090293884,-0.00022594669615882967,0.00022594669615882967,5.10519095050905e-08,True,False,MODERATE
2016-12-14 12:00:00,BHMNCPHST01,0.7175,0.7177169919013977,0.00021699190139767843,0.00021699190139767843,4.70854852721798e-08,False,True,HIGH
2016-12-15 08:00:00,Others-CCCPS98,0.23106670963583628,0.23128342628479004,0.00021671664895375753,0.00021671664895375753,4.6966105933746174e-08,False,True,LOW
2016-12-09 12:00:00,Broad Street,0.7855072463768116,0.785723865032196,0.00021661865538447067,0.00021661865538447067,4.692364186057606e-08,False,True,VERY_HIGH
2016-12-10 12:00:00,Others-CCCPS8,0.6316187594553706,0.6314072012901306,-0.00021155816523998894,0.00021155816523998894,4.475685727971046e-08,True,False,HIGH
2016-12-13 12:30:00,Others-CCCPS202,0.4654409261150834,0.46523091197013855,-0.00021001414494487003,0.00021001414494487003,4.4105941076924874e-08,True,False,MODERATE
2016-12-08 14:30:00,BHMNCPNHS01,0.892,0.8922065496444702,0.00020654964447019974,0.00020654964447019974,4.2662755630765915e-08,False,True,VERY_HIGH
2016-12-12 15:00:00,Shopping,0.6979166666666666,0.6981227993965149,0.00020613272984826292,0.00020613272984826292,4.2490702314696944e-08,False,True,HIGH
2016-12-09 09:30:00,BHMBRCBRG03,0.2249705535924617,0.22516973316669464,0.00019917957423293275,0.00019917957423293275,3.967250279161237e-08,False,True,LOW
2016-12-12 11:00:00,BHMBCCPST01,0.3627760252365931,0.3629745841026306,0.0001985588660375348,0.0001985588660375348,3.9425623282111696e-08,False,True,MODERATE
2016-12-12 12:30:00,Others-CCCPS98,0.3651305188527232,0.36493903398513794,-0.0001914848675852454,0.0001914848675852454,3.666645451413897e-08,True,False,MODERATE
2016-12-11 16:00:00,BHMNCPNST01,0.5773195876288659,0.5775092840194702,0.0001896963906042881,0.0001896963906042881,3.5984720608294644e-08,False,True,HIGH
2016-12-09 10:30:00,Others-CCCPS133,0.5572192513368984,0.5574082732200623,0.00018902188316383128,0.00018902188316383128,3.572927231480108e-08,False,True,HIGH
2016-12-10 13:30:00,BHMEURBRD02,0.09090909090909091,0.09072285145521164,-0.0001862394538792722,0.0001862394538792722,3.468513418124956e-08,True,False,LOW
2016-12-11 14:30:00,Others-CCCPS135a,0.5307751738346639,0.5305891036987305,-0.00018607013593341382,0.00018607013593341382,3.46220954862791e-08,True,False,HIGH
2016-12-16 12:00:00,BHMMBMMBX01,0.7481804949053857,0.7483639717102051,0.00018347680481933804,0.00018347680481933804,3.366373790671347e-08,False,True,HIGH
2016-12-11 08:30:00,Bull Ring,0.052079921388797905,0.05226314812898636,0.0001832267401884538,0.0001832267401884538,3.3572038320087156e-08,False,True,LOW
2016-12-11 15:00:00,Broad Street,0.2927536231884058,0.29293540120124817,0.00018177801284235962,0.00018177801284235962,3.304324595291706e-08,False,True,MODERATE
2016-12-15 13:00:00,Others-CCCPS133,0.733048128342246,0.7328720688819885,-0.00017605946025744945,0.00017605946025744945,3.099693354614442e-08,True,False,HIGH
2016-12-12 11:30:00,NIA Car Parks,0.1695583596214511,0.1697232872247696,0.00016492760331848766,0.00016492760331848766,2.720111433638042e-08,False,True,LOW
2016-12-11 15:00:00,BHMBCCPST01,0.8517350157728707,0.8518952131271362,0.00016019735426553439,0.00016019735426553439,2.5663192313677127e-08,False,True,VERY_HIGH
2016-12-09 10:00:00,BHMEURBRD02,0.6954545454545454,0.6956071257591248,0.00015258030457931948,0.00015258030457931948,2.3280749345517902e-08,False,True,HIGH
2016-12-12 09:00:00,BHMNCPHST01,0.4575,0.45735079050064087,-0.00014920949935914862,0.00014920949935914862,2.2263474699007773e-08,True,False,MODERATE
2016-12-10 11:00:00,BHMNCPPLS01,0.27555555555555555,0.27570316195487976,0.00014760639932420716,0.00014760639932420716,2.1787649121457305e-08,False,True,MODERATE
2016-12-13 14:30:00,BHMBCCPST01,0.4637223974763407,0.4635757803916931,-0.00014661708464758227,0.00014661708464758227,2.1496569510556304e-08,True,False,MODERATE
2016-12-17 14:30:00,Others-CCCPS98,0.572993876893329,0.5731368660926819,0.00014298919935284982,0.00014298919935284982,2.0445911131569027e-08,False,True,HIGH
2016-12-17 12:00:00,BHMNCPNST01,0.5587628865979382,0.5589002966880798,0.00013741009014167638,0.00013741009014167638,1.8881532872743626e-08,False,True,HIGH
2016-12-16 12:30:00,BHMBCCSNH01,0.9582850521436849,0.9584203362464905,0.00013528410280561065,0.00013528410280561065,1.8301788471919032e-08,False,True,VERY_HIGH
2016-12-18 09:00:00,BHMNCPLDH01,0.25833333333333336,0.25820356607437134,-0.00012976725896202135,0.00012976725896202135,1.683954149851631e-08,True,False,MODERATE
2016-12-19 12:00:00,Others-CCCPS202,0.42288049029622066,0.42300957441329956,0.00012908411707890366,0.00012908411707890366,1.666270928204011e-08,False,True,MODERATE
2016-12-12 14:30:00,Others-CCCPS8,0.6119515885022693,0.6120802164077759,0.0001286279055066064,0.0001286279055066064,1.654513807501647e-08,False,True,HIGH
2016-12-15 14:00:00,Bull Ring,0.6996396986570587,0.6995264291763306,-0.0001132694807280954,0.0001132694807280954,1.2829975264412374e-08,True,False,HIGH
2016-12-17 14:00:00,Bull Ring,0.9197510645266951,0.9196408987045288,-0.00011016582216627491,0.00011016582216627491,1.2136508373571308e-08,True,False,VERY_HIGH
2016-12-10 13:30:00,BHMNCPHST01,0.5258333333333334,0.5259371399879456,0.00010380665461218186,0.00010380665461218186,1.0775821541772817e-08,False,True,HIGH
2016-12-13 15:30:00,NIA Car Parks,0.11908517350157728,0.11898186057806015,-0.00010331292351713206,0.00010331292351713206,1.0673560165656778e-08,True,False,LOW
2016-12-11 13:00:00,Bull Ring,0.8565345561742548,0.8566358089447021,0.00010125277044736869,0.00010125277044736869,1.0252123523267538e-08,False,True,VERY_HIGH
2016-12-18 09:30:00,BHMEURBRD01,0.16595744680851063,0.16605249047279358,9.504366428295108e-05,9.504366428295108e-05,9.03329812033031e-09,False,True,LOW
2016-12-11 16:00:00,Others-CCCPS98,0.323557847244602,0.3234635293483734,-9.431789622860176e-05,9.431789622860176e-05,8.89586554898929e-09,True,False,MODERATE
2016-12-18 13:30:00,BHMNCPPLS01,0.5111111111111111,0.51120525598526,9.414487414893813e-05,9.414487414893813e-05,8.863257328519398e-09,False,True,HIGH
2016-12-16 12:00:00,Others-CCCPS105a,0.6500746640119462,0.6499931216239929,-8.154238795332613e-05,8.154238795332613e-05,6.649161033130747e-09,True,False,HIGH
2016-12-15 16:00:00,BHMMBMMBX01,0.8850072780203785,0.8850827217102051,7.544368982659311e-05,7.544368982659311e-05,5.6917503346511885e-09,False,True,VERY_HIGH
2016-12-14 14:30:00,Others-CCCPS105a,0.7307117969138875,0.7307847142219543,7.291730806679997e-05,7.291730806679997e-05,5.316933815708612e-09,False,True,HIGH
2016-12-12 15:00:00,Others-CCCPS133,0.6166844919786096,0.6167505383491516,6.604637054197227e-05,6.604637054197227e-05,4.362123061767502e-09,False,True,HIGH
2016-12-18 13:30:00,BHMNCPLDH01,0.5680555555555555,0.5681177973747253,6.224181916980598e-05,6.224181916980598e-05,3.874044053566827e-09,False,True,HIGH
2016-12-09 14:00:00,Others-CCCPS202,0.40074906367041196,0.4008108675479889,6.180387757692696e-05,6.180387757692696e-05,3.819719283543775e-09,False,True,MODERATE
2016-12-19 13:00:00,Shopping,0.7864583333333334,0.7865201234817505,6.179014841711794e-05,6.179014841711794e-05,3.8180224414094625e-09,False,True,VERY_HIGH
2016-12-09 12:30:00,BHMBRCBRG01,1.0,0.9999414086341858,-5.8591365814208984e-05,5.8591365814208984e-05,3.4329481479744572e-09,True,False,VERY_HIGH
2016-12-17 14:00:00,Others-CCCPS133,0.8342245989304813,0.8342803716659546,5.577273547330286e-05,5.577273547330286e-05,3.110598022175015e-09,False,True,VERY_HIGH
2016-12-12 12:00:00,NIA South,0.27284263959390864,0.2727918326854706,-5.080690843806135e-05,5.080690843806135e-05,2.5813419450335496e-09,True,False,MODERATE
2016-12-10 13:00:00,BHMEURBRD02,0.08636363636363636,0.08641367405653,5.0037692893634134e-05,5.0037692893634134e-05,2.5037707101176437e-09,False,True,LOW
2016-12-15 10:30:00,BHMNCPPLS01,0.26,0.26004841923713684,4.841923713683194e-05,4.841923713683194e-05,2.344422524912765e-09,False,True,MODERATE
2016-12-17 14:00:00,Others-CCCPS119a,0.4555833036032822,0.4555353820323944,-4.792157088778781e-05,4.792157088778781e-05,2.2964769563532725e-09,True,False,MODERATE
2016-12-16 14:00:00,Others-CCCPS119a,0.19550481626828398,0.19554759562015533,4.277935187135817e-05,4.277935187135817e-05,1.830072946533476e-09,False,True,LOW
2016-12-12 16:00:00,BHMBRCBRG03,0.303886925795053,0.3038473427295685,-3.95830654845164e-05,3.95830654845164e-05,1.5668190731515134e-09,True,False,MODERATE
2016-12-18 12:30:00,BHMEURBRD02,0.10454545454545454,0.10458174347877502,3.628893332048577e-05,3.628893332048577e-05,1.3168866815386625e-09,False,True,LOW
2016-12-08 14:30:00,Others-CCCPS135a,0.8367241823332475,0.8366929888725281,-3.119346071944751e-05,3.119346071944751e-05,9.730319916557146e-10,True,False,VERY_HIGH
2016-12-11 11:30:00,BHMNCPLDH01,0.49583333333333335,0.4958135485649109,-1.9784768422459464e-05,1.9784768422459464e-05,3.9143706153034915e-10,True,False,MODERATE
2016-12-12 11:00:00,Broad Street,0.8347826086956521,0.8347959518432617,1.3343147609590211e-05,1.3343147609590211e-05,1.7803958813131297e-10,False,True,VERY_HIGH
2016-12-12 12:30:00,Others-CCCPS135a,0.864795261395828,0.86480313539505,7.873999222085537e-06,7.873999222085537e-06,6.199986374940365e-11,False,True,VERY_HIGH
2016-12-19 08:00:00,BHMEURBRD02,0.37272727272727274,0.37273308634757996,5.813620307215661e-06,5.813620307215661e-06,3.379818107647032e-11,False,True,MODERATE
2016-12-16 11:30:00,BHMNCPNHS01,0.73,0.7300028204917908,2.820491790789248e-06,2.820491790789248e-06,7.955173941909539e-12,False,True,HIGH
2016-12-10 11:30:00,BHMBCCTHL01,1.0,1.0,0.0,0.0,0.0,False,False,VERY_HIGH
2016-12-15 11:30:00,BHMBCCTHL01,1.0,1.0,0.0,0.0,0.0,False,False,VERY_HIGH
2016-12-14 11:30:00,BHMBCCTHL01,1.0,1.0,0.0,0.0,0.0,False,False,VERY_HIGH
2016-12-17 12:30:00,BHMBCCTHL01,1.0,1.0,0.0,0.0,0.0,False,False,VERY_HIGH
2016-12-18 12:00:00,BHMBRCBRG01,1.0,1.0,0.0,0.0,0.0,False,False,VERY_HIGH
2016-12-18 13:00:00,BHMBCCTHL01,1.0,1.0,0.0,0.0,0.0,False,False,VERY_HIGH
2016-12-18 12:30:00,BHMBRCBRG02,1.0,1.0,0.0,0.0,0.0,False,False,VERY_HIGH
2016-12-18 11:30:00,BHMBCCTHL01,1.0,1.0,0.0,0.0,0.0,False,False,VERY_HIGH
2016-12-11 13:30:00,BHMBRCBRG02,1.0,1.0,0.0,0.0,0.0,False,False,VERY_HIGH
2016-12-18 12:30:00,BHMBCCTHL01,1.0,1.0,0.0,0.0,0.0,False,False,VERY_HIGH
2016-12-11 12:30:00,BHMBRCBRG02,1.0,1.0,0.0,0.0,0.0,False,False,VERY_HIGH
2016-12-11 12:30:00,BHMBCCTHL01,1.0,1.0,0.0,0.0,0.0,False,False,VERY_HIGH
2016-12-10 11:00:00,BHMBCCTHL01,1.0,1.0,0.0,0.0,0.0,False,False,VERY_HIGH
2016-12-10 11:00:00,BHMBRCBRG01,1.0,1.0,0.0,0.0,0.0,False,False,VERY_HIGH
2016-12-11 13:00:00,BHMBCCTHL01,1.0,1.0,0.0,0.0,0.0,False,False,VERY_HIGH
2016-12-15 12:30:00,BHMBCCTHL01,1.0,1.0,0.0,0.0,0.0,False,False,VERY_HIGH
2016-12-10 12:00:00,BHMBCCTHL01,1.0,1.0,0.0,0.0,0.0,False,False,VERY_HIGH
2016-12-14 13:00:00,BHMBCCTHL01,1.0,1.0,0.0,0.0,0.0,False,False,VERY_HIGH
2016-12-11 12:00:00,BHMBRCBRG01,1.0,1.0,0.0,0.0,0.0,False,False,VERY_HIGH
2016-12-18 13:30:00,BHMBCCTHL01,1.0,1.0,0.0,0.0,0.0,False,False,VERY_HIGH
2016-12-10 13:00:00,BHMBCCTHL01,1.0,1.0,0.0,0.0,0.0,False,False,VERY_HIGH
2016-12-10 13:30:00,BHMBCCTHL01,1.0,1.0,0.0,0.0,0.0,False,False,VERY_HIGH
2016-12-11 11:30:00,BHMBCCTHL01,1.0,1.0,0.0,0.0,0.0,False,False,VERY_HIGH
2016-12-11 12:00:00,BHMBCCTHL01,1.0,1.0,0.0,0.0,0.0,False,False,VERY_HIGH
2016-12-11 11:30:00,BHMBRCBRG01,1.0,1.0,0.0,0.0,0.0,False,False,VERY_HIGH
2016-12-10 14:00:00,BHMBCCTHL01,1.0,1.0,0.0,0.0,0.0,False,False,VERY_HIGH
