feature,family,classification,prediction_time_status,confidence,current_state_dependency,source_fields,target_reference,future_reference,rolling_or_lag_reference,source_files,source_line_numbers,rationale,production_action
year,temporal_calendar,temporal_calendar,SAFE,HIGH,TIMESTAMP,feature-generation dependency requires review,False,False,False,C:\agano\Oshwal\docs\Project\smart-parking-system\backend\app\ml\features\calendar_features.py; C:\agano\Oshwal\docs\Project\smart-parking-system\backend\app\ml\features\temporal_features.py,"21, 24, 26, 55, 59, 60, 88, 89, 97, 98, 111, 117, 121, 124, 128, 129, 135, 156, 157, 402, 406, 410, 444, 448, 474, 478, 482, 554, 555, 705, 706, 729, 730, 735, 789, 790, 869, 872, 874, 875, 878, 879, 884, 888, 897, 901, 980, 981, 982, 984, 986, 987, 988, 990, 991, 994, 996, 998, 1000, 1003, 1006, 1007, 1009, 1010, 1013, 1015, 1377, 1378, 1386, 1387, 1392, 1393, 1439, 1441, 1443, 1455, 1457, 1574, 1577, 1579, 1784, 1790, 1794, 1808",Calendar/time features are computable from the prediction timestamp.,Document timestamp source and timezone.
month,temporal_calendar,temporal_calendar,SAFE,HIGH,TIMESTAMP,feature-generation dependency requires review,False,False,False,C:\agano\Oshwal\docs\Project\smart-parking-system\backend\app\ml\features\calendar_features.py; C:\agano\Oshwal\docs\Project\smart-parking-system\backend\app\ml\features\temporal_features.py,"22, 25, 31, 56, 58, 90, 91, 113, 119, 125, 127, 131, 158, 159, 185, 416, 420, 424, 460, 464, 504, 507, 509, 515, 525, 529, 541, 557, 558, 691, 694, 696, 697, 700, 701, 706, 711, 712, 716, 722, 723, 733, 734, 736, 739, 740, 746, 750, 762, 764, 765, 775, 776, 792, 846, 850, 858, 862, 915, 918, 919, 925, 929, 937, 941, 1019, 1024, 1025, 1028, 1032, 1038, 1040, 1044, 1046, 1092, 1118, 1219, 1220, 1380, 1381, 1389, 1390, 1398, 1399, 1421, 1423, 1425, 1427, 1435, 1437, 1447, 1449, 1575, 1578, 1581, 1583, 1786, 1792, 1798, 1804",Calendar/time features are computable from the prediction timestamp.,Document timestamp source and timezone.
quarter,temporal_calendar,temporal_calendar,SAFE,HIGH,TIMESTAMP,feature-generation dependency requires review,False,False,False,C:\agano\Oshwal\docs\Project\smart-parking-system\backend\app\ml\features\calendar_features.py; C:\agano\Oshwal\docs\Project\smart-parking-system\backend\app\ml\features\temporal_features.py,"23, 32, 57, 115, 126, 127, 133, 187, 430, 434, 438, 536, 539, 541, 544, 552, 558, 566, 569, 574, 575, 581, 585, 717, 718, 757, 760, 764, 775, 786, 795, 809, 810, 811, 818, 823, 832, 837, 846, 850, 858, 862, 1017, 1020, 1021, 1027, 1031, 1039, 1043, 1094, 1124, 1222, 1223, 1383, 1384, 1401, 1402, 1429, 1431, 1433, 1435, 1437, 1459, 1461, 1576, 1582, 1788, 1800, 1806",Calendar/time features are computable from the prediction timestamp.,Document timestamp source and timezone.
day_of_month,temporal_calendar,temporal_calendar,SAFE,HIGH,TIMESTAMP,feature-generation dependency requires review,False,False,False,C:\agano\Oshwal\docs\Project\smart-parking-system\backend\app\ml\features\calendar_features.py; C:\agano\Oshwal\docs\Project\smart-parking-system\backend\app\ml\features\temporal_features.py,"25, 58, 119, 127, 460, 464, 723, 1389, 1390, 1578, 1792",Calendar/time features are computable from the prediction timestamp.,Document timestamp source and timezone.
day_of_year,temporal_calendar,temporal_calendar,SAFE,HIGH,TIMESTAMP,feature-generation dependency requires review,False,False,False,C:\agano\Oshwal\docs\Project\smart-parking-system\backend\app\ml\features\calendar_features.py; C:\agano\Oshwal\docs\Project\smart-parking-system\backend\app\ml\features\temporal_features.py,"26, 59, 88, 89, 121, 128, 156, 157, 474, 478, 729, 986, 987, 994, 996, 998, 1000, 1006, 1007, 1009, 1010, 1013, 1015, 1392, 1393, 1455, 1457, 1579, 1794",Calendar/time features are computable from the prediction timestamp.,Document timestamp source and timezone.
week_of_year,temporal_calendar,temporal_calendar,SAFE,HIGH,TIMESTAMP,feature-generation dependency requires review,False,False,False,C:\agano\Oshwal\docs\Project\smart-parking-system\backend\app\ml\features\calendar_features.py; C:\agano\Oshwal\docs\Project\smart-parking-system\backend\app\ml\features\temporal_features.py,"24, 60, 97, 117, 129, 444, 448, 735, 1386, 1387, 1577, 1790",Calendar/time features are computable from the prediction timestamp.,Document timestamp source and timezone.
day_of_week,temporal_calendar,temporal_calendar,SAFE,HIGH,TIMESTAMP,feature-generation dependency requires review,False,False,False,C:\agano\Oshwal\docs\Project\smart-parking-system\backend\app\ml\features\calendar_features.py; C:\agano\Oshwal\docs\Project\smart-parking-system\backend\app\ml\features\temporal_features.py,"27, 61, 86, 87, 123, 130, 154, 155, 488, 492, 597, 602, 606, 680, 740, 845, 852, 858, 864, 870, 876, 882, 888, 894, 900, 951, 956, 958, 962, 963, 968, 970, 974, 1139, 1142, 1143, 1218, 1219, 1226, 1237, 1238, 1395, 1396, 1451, 1453, 1580, 1796",Calendar/time features are computable from the prediction timestamp.,Document timestamp source and timezone.
hour,temporal_calendar,temporal_calendar,SAFE,HIGH,TIMESTAMP,feature-generation dependency requires review,False,False,False,C:\agano\Oshwal\docs\Project\smart-parking-system\backend\app\ml\data\dataset_audit.py; C:\agano\Oshwal\docs\Project\smart-parking-system\backend\app\ml\data\dataset_builder.py; C:\agano\Oshwal\docs\Project\smart-parking-system\backend\app\ml\data\temporal.py; C:\agano\Oshwal\docs\Project\smart-parking-system\backend\app\ml\data\temporal_normalizer.py; C:\agano\Oshwal\docs\Project\smart-parking-system\backend\app\ml\features\calendar_features.py; C:\agano\Oshwal\docs\Project\smart-parking-system\backend\app\ml\features\rolling_features.py; C:\agano\Oshwal\docs\Project\smart-parking-system\backend\app\ml\features\temporal_features.py; C:\agano\Oshwal\docs\Project\smart-parking-system\backend\app\ml\ml_models\baseline_model.py,"28, 48, 49, 50, 56, 57, 58, 59, 60, 61, 65, 67, 84, 85, 97, 121, 127, 133, 135, 152, 153, 161, 188, 190, 250, 283, 284, 285, 299, 303, 323, 364, 366, 370, 372, 389, 394, 485, 490, 491, 493, 523, 536, 537, 563, 564, 566, 575, 645, 648, 651, 670, 705, 706, 757, 758, 762, 763, 769, 771, 772, 781, 784, 797, 803, 838, 916, 922, 930, 938, 940, 944, 946, 1095, 1096, 1136, 1138, 1140, 1141, 1183, 1186, 1187, 1194, 1235, 1236, 1272, 1280, 1295, 1334, 1340, 1514, 1522, 1529, 1572, 1575, 1578, 1585, 1588, 1591, 1594, 1597, 1611, 1612, 1635, 1888, 1892, 2084, 2088, 2100, 2102, 2111, 2112, 2117, 2118, 2142, 2144, 2174, 2175, 2180, 2181, 2264, 2267, 2499",Calendar/time features are computable from the prediction timestamp.,Document timestamp source and timezone.
minute,temporal_calendar,temporal_calendar,SAFE,HIGH,TIMESTAMP,feature-generation dependency requires review,False,False,True,C:\agano\Oshwal\docs\Project\smart-parking-system\backend\app\ml\data\dataset_audit.py; C:\agano\Oshwal\docs\Project\smart-parking-system\backend\app\ml\data\dataset_builder.py; C:\agano\Oshwal\docs\Project\smart-parking-system\backend\app\ml\data\temporal.py; C:\agano\Oshwal\docs\Project\smart-parking-system\backend\app\ml\data\temporal_normalizer.py; C:\agano\Oshwal\docs\Project\smart-parking-system\backend\app\ml\features\calendar_features.py; C:\agano\Oshwal\docs\Project\smart-parking-system\backend\app\ml\features\lag_features.py; C:\agano\Oshwal\docs\Project\smart-parking-system\backend\app\ml\features\rolling_features.py; C:\agano\Oshwal\docs\Project\smart-parking-system\backend\app\ml\features\temporal_features.py,"7, 29, 30, 38, 41, 48, 54, 58, 63, 66, 95, 96, 99, 101, 102, 103, 105, 107, 111, 112, 113, 114, 115, 117, 119, 121, 122, 123, 124, 125, 127, 134, 137, 138, 163, 165, 167, 169, 171, 175, 177, 179, 180, 181, 183, 185, 186, 187, 189, 191, 192, 196, 198, 202, 203, 217, 219, 220, 223, 230, 231, 234, 235, 237, 238, 240, 241, 244, 247, 249, 251, 253, 255, 256, 257, 258, 259, 262, 264, 266, 268, 270, 271, 272, 274, 276, 278, 279, 280, 281, 282, 284, 288, 290, 291, 293, 295, 299, 300, 301, 303, 304, 305, 307, 308, 309, 312, 313, 317, 318, 321, 322, 325, 327, 330, 337, 343, 344, 347, 350, 362, 364, 370, 372, 373, 376, 378, 382, 384, 388, 390, 393, 395, 398, 425, 427, 429, 431, 536, 562, 577, 579, 609, 614, 628, 632, 633, 636, 637, 639, 640, 644, 645, 647, 651, 652, 653, 655, 657, 663, 671, 676, 681, 686, 691, 699, 704, 710, 716, 722, 725, 728, 731, 734, 738, 741, 746, 749, 760, 766, 767, 770, 771, 785, 787, 796, 798, 802, 804, 812, 817, 821, 827, 830, 839, 844, 849, 854, 859, 863, 867, 868, 871, 872, 878, 884, 890, 892, 893, 894, 895, 896, 897, 901, 904, 908, 911, 912, 916, 919, 921, 923, 933, 936, 945, 954, 991, 992, 994, 995, 1009, 1013, 1021, 1022, 1023, 1026, 1028, 1029, 1034, 1035, 1045, 1046, 1048, 1059, 1081, 1082, 1092, 1098, 1099, 1100, 1101, 1102, 1104, 1105, 1107, 1108, 1110, 1111, 1116, 1118, 1120, 1122, 1124, 1126, 1128, 1130, 1132, 1134, 1136, 1137, 1138, 1140, 1142, 1144, 1146, 1160, 1198, 1199, 1201, 1202, 1203, 1210, 1211, 1238, 1241, 1244, 1246, 1249, 1254, 1259, 1264, 1268, 1272, 1273, 1275, 1277, 1286, 1292, 1295, 1296, 1299, 1300, 1317, 1318, 1325, 1334, 1335, 1336, 1337, 1339, 1341, 1351, 1352, 1354, 1355, 1357, 1358, 1360, 1361, 1363, 1371, 1372, 1378, 1383, 1425, 1436, 1458, 1483, 1485, 1492, 1494, 1497, 1499, 1506, 1508, 1512, 1517, 1520, 1525, 1528, 1530, 1534, 1536, 1634, 1636, 1638, 1641, 1643, 1647, 1648, 1649, 1671, 1703, 1705, 1706, 1710, 1864, 1884, 1912, 1914, 2085, 2088, 2099, 2101, 2103, 2110, 2114, 2115, 2120, 2121, 2143, 2145, 2177, 2178, 2183, 2184, 2229, 2252, 2253, 2256, 2259, 2264, 2265, 2267, 2278, 2279, 2280, 2281, 2291, 2292, 2294, 2295, 2297, 2298, 2300, 2301, 2378",Calendar/time features are computable from the prediction timestamp.,Document timestamp source and timezone.
half_hour_slot,temporal_calendar,temporal_calendar,SAFE,HIGH,TIMESTAMP,feature-generation dependency requires review,False,False,False,C:\agano\Oshwal\docs\Project\smart-parking-system\backend\app\ml\features\temporal_features.py,"67, 135, 780, 781, 1138, 1279, 1280, 1295",Calendar/time features are computable from the prediction timestamp.,Document timestamp source and timezone.
time_slot,temporal_calendar,temporal_calendar,SAFE,HIGH,TIMESTAMP,feature-generation dependency requires review,False,False,False,C:\agano\Oshwal\docs\Project\smart-parking-system\backend\app\ml\features\temporal_features.py,"68, 136, 222, 253, 290, 295, 808, 809, 814",Calendar/time features are computable from the prediction timestamp.,Document timestamp source and timezone.
minutes_since_midnight,temporal_calendar,temporal_calendar,SAFE,HIGH,TIMESTAMP,feature-generation dependency requires review,False,False,False,C:\agano\Oshwal\docs\Project\smart-parking-system\backend\app\ml\data\temporal_normalizer.py; C:\agano\Oshwal\docs\Project\smart-parking-system\backend\app\ml\features\temporal_features.py,"95, 137, 796, 801, 802, 804, 812, 830, 921, 933, 1339, 1355, 1363, 1634, 1641, 1647",Calendar/time features are computable from the prediction timestamp.,Document timestamp source and timezone.
minutes_since_week_start,temporal_calendar,temporal_calendar,SAFE,HIGH,TIMESTAMP,feature-generation dependency requires review,False,False,False,C:\agano\Oshwal\docs\Project\smart-parking-system\backend\app\ml\features\temporal_features.py,"96, 138, 826, 827",Calendar/time features are computable from the prediction timestamp.,Document timestamp source and timezone.
is_weekday,temporal_calendar,temporal_calendar,SAFE,HIGH,TIMESTAMP,feature-generation dependency requires review,False,False,False,C:\agano\Oshwal\docs\Project\smart-parking-system\backend\app\ml\features\calendar_features.py; C:\agano\Oshwal\docs\Project\smart-parking-system\backend\app\ml\features\feature_pipeline.py; C:\agano\Oshwal\docs\Project\smart-parking-system\backend\app\ml\features\temporal_features.py,"72, 141, 601, 604, 611, 621, 665, 849, 850, 1406, 1669",Calendar/time features are computable from the prediction timestamp.,Document timestamp source and timezone.
is_weekend,temporal_calendar,temporal_calendar,SAFE,HIGH,TIMESTAMP,feature-generation dependency requires review,False,False,False,C:\agano\Oshwal\docs\Project\smart-parking-system\backend\app\ml\features\calendar_features.py; C:\agano\Oshwal\docs\Project\smart-parking-system\backend\app\ml\features\feature_pipeline.py; C:\agano\Oshwal\docs\Project\smart-parking-system\backend\app\ml\features\temporal_features.py,"73, 142, 605, 616, 627, 666, 855, 856, 1408, 1672",Calendar/time features are computable from the prediction timestamp.,Document timestamp source and timezone.
is_monday,temporal_calendar,temporal_calendar,SAFE,HIGH,TIMESTAMP,feature-generation dependency requires review,False,False,False,C:\agano\Oshwal\docs\Project\smart-parking-system\backend\app\ml\features\calendar_features.py; C:\agano\Oshwal\docs\Project\smart-parking-system\backend\app\ml\features\feature_pipeline.py; C:\agano\Oshwal\docs\Project\smart-parking-system\backend\app\ml\features\temporal_features.py,"74, 143, 641, 667, 861, 862, 1411",Calendar/time features are computable from the prediction timestamp.,Document timestamp source and timezone.
is_tuesday,temporal_calendar,temporal_calendar,SAFE,HIGH,TIMESTAMP,feature-generation dependency requires review,False,False,False,C:\agano\Oshwal\docs\Project\smart-parking-system\backend\app\ml\features\calendar_features.py; C:\agano\Oshwal\docs\Project\smart-parking-system\backend\app\ml\features\feature_pipeline.py; C:\agano\Oshwal\docs\Project\smart-parking-system\backend\app\ml\features\temporal_features.py,"75, 144, 645, 668, 867, 868, 1412",Calendar/time features are computable from the prediction timestamp.,Document timestamp source and timezone.
is_wednesday,temporal_calendar,temporal_calendar,SAFE,HIGH,TIMESTAMP,feature-generation dependency requires review,False,False,False,C:\agano\Oshwal\docs\Project\smart-parking-system\backend\app\ml\features\calendar_features.py; C:\agano\Oshwal\docs\Project\smart-parking-system\backend\app\ml\features\feature_pipeline.py; C:\agano\Oshwal\docs\Project\smart-parking-system\backend\app\ml\features\temporal_features.py,"76, 145, 649, 669, 873, 874, 1413",Calendar/time features are computable from the prediction timestamp.,Document timestamp source and timezone.
is_thursday,temporal_calendar,temporal_calendar,SAFE,HIGH,TIMESTAMP,feature-generation dependency requires review,False,False,False,C:\agano\Oshwal\docs\Project\smart-parking-system\backend\app\ml\features\calendar_features.py; C:\agano\Oshwal\docs\Project\smart-parking-system\backend\app\ml\features\feature_pipeline.py; C:\agano\Oshwal\docs\Project\smart-parking-system\backend\app\ml\features\temporal_features.py,"77, 146, 653, 670, 879, 880, 1414",Calendar/time features are computable from the prediction timestamp.,Document timestamp source and timezone.
is_friday,temporal_calendar,temporal_calendar,SAFE,HIGH,TIMESTAMP,feature-generation dependency requires review,False,False,False,C:\agano\Oshwal\docs\Project\smart-parking-system\backend\app\ml\features\calendar_features.py; C:\agano\Oshwal\docs\Project\smart-parking-system\backend\app\ml\features\feature_pipeline.py; C:\agano\Oshwal\docs\Project\smart-parking-system\backend\app\ml\features\temporal_features.py,"78, 147, 657, 671, 885, 886, 1415",Calendar/time features are computable from the prediction timestamp.,Document timestamp source and timezone.
is_saturday,temporal_calendar,temporal_calendar,SAFE,HIGH,TIMESTAMP,feature-generation dependency requires review,False,False,False,C:\agano\Oshwal\docs\Project\smart-parking-system\backend\app\ml\features\calendar_features.py; C:\agano\Oshwal\docs\Project\smart-parking-system\backend\app\ml\features\feature_pipeline.py; C:\agano\Oshwal\docs\Project\smart-parking-system\backend\app\ml\features\temporal_features.py,"79, 148, 661, 672, 891, 892, 1416",Calendar/time features are computable from the prediction timestamp.,Document timestamp source and timezone.
is_sunday,temporal_calendar,temporal_calendar,SAFE,HIGH,TIMESTAMP,feature-generation dependency requires review,False,False,False,C:\agano\Oshwal\docs\Project\smart-parking-system\backend\app\ml\features\calendar_features.py; C:\agano\Oshwal\docs\Project\smart-parking-system\backend\app\ml\features\feature_pipeline.py; C:\agano\Oshwal\docs\Project\smart-parking-system\backend\app\ml\features\temporal_features.py,"80, 149, 665, 673, 897, 898, 1417",Calendar/time features are computable from the prediction timestamp.,Document timestamp source and timezone.
hour_sin,temporal_calendar,temporal_calendar,SAFE,HIGH,TIMESTAMP,feature-generation dependency requires review,False,False,False,C:\agano\Oshwal\docs\Project\smart-parking-system\backend\app\ml\features\temporal_features.py,"84, 152, 937, 938, 1140, 1235",Calendar/time features are computable from the prediction timestamp.,Document timestamp source and timezone.
hour_cos,temporal_calendar,temporal_calendar,SAFE,HIGH,TIMESTAMP,feature-generation dependency requires review,False,False,False,C:\agano\Oshwal\docs\Project\smart-parking-system\backend\app\ml\features\temporal_features.py,"85, 153, 943, 944, 1141, 1236",Calendar/time features are computable from the prediction timestamp.,Document timestamp source and timezone.
day_of_week_sin,temporal_calendar,temporal_calendar,SAFE,HIGH,TIMESTAMP,feature-generation dependency requires review,False,False,False,C:\agano\Oshwal\docs\Project\smart-parking-system\backend\app\ml\features\calendar_features.py; C:\agano\Oshwal\docs\Project\smart-parking-system\backend\app\ml\features\temporal_features.py,"86, 154, 958, 967, 968, 1142, 1237, 1451",Calendar/time features are computable from the prediction timestamp.,Document timestamp source and timezone.
day_of_week_cos,temporal_calendar,temporal_calendar,SAFE,HIGH,TIMESTAMP,feature-generation dependency requires review,False,False,False,C:\agano\Oshwal\docs\Project\smart-parking-system\backend\app\ml\features\calendar_features.py; C:\agano\Oshwal\docs\Project\smart-parking-system\backend\app\ml\features\temporal_features.py,"87, 155, 970, 973, 974, 1143, 1238, 1453",Calendar/time features are computable from the prediction timestamp.,Document timestamp source and timezone.
day_of_year_sin,temporal_calendar,temporal_calendar,SAFE,HIGH,TIMESTAMP,feature-generation dependency requires review,False,False,False,C:\agano\Oshwal\docs\Project\smart-parking-system\backend\app\ml\features\calendar_features.py; C:\agano\Oshwal\docs\Project\smart-parking-system\backend\app\ml\features\temporal_features.py,"88, 156, 994, 1006, 1007, 1455",Calendar/time features are computable from the prediction timestamp.,Document timestamp source and timezone.
day_of_year_cos,temporal_calendar,temporal_calendar,SAFE,HIGH,TIMESTAMP,feature-generation dependency requires review,False,False,False,C:\agano\Oshwal\docs\Project\smart-parking-system\backend\app\ml\features\calendar_features.py; C:\agano\Oshwal\docs\Project\smart-parking-system\backend\app\ml\features\temporal_features.py,"89, 157, 1006, 1012, 1013, 1457",Calendar/time features are computable from the prediction timestamp.,Document timestamp source and timezone.
month_sin,temporal_calendar,temporal_calendar,SAFE,HIGH,TIMESTAMP,feature-generation dependency requires review,False,False,False,C:\agano\Oshwal\docs\Project\smart-parking-system\backend\app\ml\features\calendar_features.py; C:\agano\Oshwal\docs\Project\smart-parking-system\backend\app\ml\features\temporal_features.py,"90, 158, 925, 1037, 1038, 1447",Calendar/time features are computable from the prediction timestamp.,Document timestamp source and timezone.
month_cos,temporal_calendar,temporal_calendar,SAFE,HIGH,TIMESTAMP,feature-generation dependency requires review,False,False,False,C:\agano\Oshwal\docs\Project\smart-parking-system\backend\app\ml\features\calendar_features.py; C:\agano\Oshwal\docs\Project\smart-parking-system\backend\app\ml\features\temporal_features.py,"91, 159, 937, 1043, 1044, 1449",Calendar/time features are computable from the prediction timestamp.,Document timestamp source and timezone.
calendar_year,temporal_calendar,temporal_calendar,SAFE,HIGH,TIMESTAMP,feature-generation dependency requires review,False,False,False,C:\agano\Oshwal\docs\Project\smart-parking-system\backend\app\ml\features\calendar_features.py,"406, 1378, 1574",Calendar/time features are computable from the prediction timestamp.,Document timestamp source and timezone.
calendar_month,temporal_calendar,temporal_calendar,SAFE,HIGH,TIMESTAMP,feature-generation dependency requires review,False,False,False,C:\agano\Oshwal\docs\Project\smart-parking-system\backend\app\ml\features\calendar_features.py,"420, 925, 937, 1381, 1447, 1449, 1575",Calendar/time features are computable from the prediction timestamp.,Document timestamp source and timezone.
calendar_quarter,temporal_calendar,temporal_calendar,SAFE,HIGH,TIMESTAMP,feature-generation dependency requires review,False,False,False,C:\agano\Oshwal\docs\Project\smart-parking-system\backend\app\ml\features\calendar_features.py,"434, 1027, 1039, 1384, 1459, 1461, 1576",Calendar/time features are computable from the prediction timestamp.,Document timestamp source and timezone.
calendar_week_of_year,temporal_calendar,temporal_calendar,SAFE,HIGH,TIMESTAMP,feature-generation dependency requires review,False,False,False,C:\agano\Oshwal\docs\Project\smart-parking-system\backend\app\ml\features\calendar_features.py,"448, 1387, 1577",Calendar/time features are computable from the prediction timestamp.,Document timestamp source and timezone.
calendar_day_of_month,temporal_calendar,temporal_calendar,SAFE,HIGH,TIMESTAMP,feature-generation dependency requires review,False,False,False,C:\agano\Oshwal\docs\Project\smart-parking-system\backend\app\ml\features\calendar_features.py,"464, 1390, 1578",Calendar/time features are computable from the prediction timestamp.,Document timestamp source and timezone.
calendar_day_of_year,temporal_calendar,temporal_calendar,SAFE,HIGH,TIMESTAMP,feature-generation dependency requires review,False,False,False,C:\agano\Oshwal\docs\Project\smart-parking-system\backend\app\ml\features\calendar_features.py,"478, 994, 1006, 1393, 1455, 1457, 1579",Calendar/time features are computable from the prediction timestamp.,Document timestamp source and timezone.
calendar_day_of_week,temporal_calendar,temporal_calendar,SAFE,HIGH,TIMESTAMP,feature-generation dependency requires review,False,False,False,C:\agano\Oshwal\docs\Project\smart-parking-system\backend\app\ml\features\calendar_features.py,"492, 958, 970, 1396, 1451, 1453, 1580",Calendar/time features are computable from the prediction timestamp.,Document timestamp source and timezone.
calendar_week_of_month,temporal_calendar,temporal_calendar,SAFE,HIGH,TIMESTAMP,feature-generation dependency requires review,False,False,False,C:\agano\Oshwal\docs\Project\smart-parking-system\backend\app\ml\features\calendar_features.py,"525, 1399, 1581",Calendar/time features are computable from the prediction timestamp.,Document timestamp source and timezone.
calendar_week_of_quarter,temporal_calendar,temporal_calendar,SAFE,HIGH,TIMESTAMP,feature-generation dependency requires review,False,False,False,C:\agano\Oshwal\docs\Project\smart-parking-system\backend\app\ml\features\calendar_features.py,"581, 1402, 1582",Calendar/time features are computable from the prediction timestamp.,Document timestamp source and timezone.
is_month_start,temporal_calendar,temporal_calendar,SAFE,HIGH,TIMESTAMP,feature-generation dependency requires review,False,False,False,C:\agano\Oshwal\docs\Project\smart-parking-system\backend\app\ml\features\calendar_features.py,"697, 706, 1423",Calendar/time features are computable from the prediction timestamp.,Document timestamp source and timezone.
is_month_end,temporal_calendar,temporal_calendar,SAFE,HIGH,TIMESTAMP,feature-generation dependency requires review,False,False,False,C:\agano\Oshwal\docs\Project\smart-parking-system\backend\app\ml\features\calendar_features.py,"701, 711, 1425",Calendar/time features are computable from the prediction timestamp.,Document timestamp source and timezone.
days_to_month_end,temporal_calendar,temporal_calendar,SAFE,HIGH,TIMESTAMP,feature-generation dependency requires review,False,False,False,C:\agano\Oshwal\docs\Project\smart-parking-system\backend\app\ml\features\calendar_features.py,"739, 746, 750, 1427, 1583",Calendar/time features are computable from the prediction timestamp.,Document timestamp source and timezone.
is_quarter_start,temporal_calendar,temporal_calendar,SAFE,HIGH,TIMESTAMP,feature-generation dependency requires review,False,False,False,C:\agano\Oshwal\docs\Project\smart-parking-system\backend\app\ml\features\calendar_features.py,"764, 818, 846, 850, 1431, 1435",Calendar/time features are computable from the prediction timestamp.,Document timestamp source and timezone.
is_quarter_end,temporal_calendar,temporal_calendar,SAFE,HIGH,TIMESTAMP,feature-generation dependency requires review,False,False,False,C:\agano\Oshwal\docs\Project\smart-parking-system\backend\app\ml\features\calendar_features.py,"775, 832, 858, 862, 1433, 1437",Calendar/time features are computable from the prediction timestamp.,Document timestamp source and timezone.
is_quarter_start_month,temporal_calendar,temporal_calendar,SAFE,HIGH,TIMESTAMP,feature-generation dependency requires review,False,False,False,C:\agano\Oshwal\docs\Project\smart-parking-system\backend\app\ml\features\calendar_features.py,"764, 846, 850, 1435",Calendar/time features are computable from the prediction timestamp.,Document timestamp source and timezone.
is_quarter_end_month,temporal_calendar,temporal_calendar,SAFE,HIGH,TIMESTAMP,feature-generation dependency requires review,False,False,False,C:\agano\Oshwal\docs\Project\smart-parking-system\backend\app\ml\features\calendar_features.py,"775, 858, 862, 1437",Calendar/time features are computable from the prediction timestamp.,Document timestamp source and timezone.
is_year_start,temporal_calendar,temporal_calendar,SAFE,HIGH,TIMESTAMP,feature-generation dependency requires review,False,False,False,C:\agano\Oshwal\docs\Project\smart-parking-system\backend\app\ml\features\calendar_features.py,"874, 875, 884, 888, 1441",Calendar/time features are computable from the prediction timestamp.,Document timestamp source and timezone.
is_year_end,temporal_calendar,temporal_calendar,SAFE,HIGH,TIMESTAMP,feature-generation dependency requires review,False,False,False,C:\agano\Oshwal\docs\Project\smart-parking-system\backend\app\ml\features\calendar_features.py,"878, 879, 897, 901, 1443",Calendar/time features are computable from the prediction timestamp.,Document timestamp source and timezone.
calendar_month_sin,temporal_calendar,temporal_calendar,SAFE,HIGH,TIMESTAMP,feature-generation dependency requires review,False,False,False,C:\agano\Oshwal\docs\Project\smart-parking-system\backend\app\ml\features\calendar_features.py,"925, 1447",Calendar/time features are computable from the prediction timestamp.,Document timestamp source and timezone.
calendar_month_cos,temporal_calendar,temporal_calendar,SAFE,HIGH,TIMESTAMP,feature-generation dependency requires review,False,False,False,C:\agano\Oshwal\docs\Project\smart-parking-system\backend\app\ml\features\calendar_features.py,"937, 1449",Calendar/time features are computable from the prediction timestamp.,Document timestamp source and timezone.
calendar_day_of_week_sin,temporal_calendar,temporal_calendar,SAFE,HIGH,TIMESTAMP,feature-generation dependency requires review,False,False,False,C:\agano\Oshwal\docs\Project\smart-parking-system\backend\app\ml\features\calendar_features.py,"958, 1451",Calendar/time features are computable from the prediction timestamp.,Document timestamp source and timezone.
calendar_day_of_week_cos,temporal_calendar,temporal_calendar,SAFE,HIGH,TIMESTAMP,feature-generation dependency requires review,False,False,False,C:\agano\Oshwal\docs\Project\smart-parking-system\backend\app\ml\features\calendar_features.py,"970, 1453",Calendar/time features are computable from the prediction timestamp.,Document timestamp source and timezone.
calendar_day_of_year_sin,temporal_calendar,temporal_calendar,SAFE,HIGH,TIMESTAMP,feature-generation dependency requires review,False,False,False,C:\agano\Oshwal\docs\Project\smart-parking-system\backend\app\ml\features\calendar_features.py,"994, 1455",Calendar/time features are computable from the prediction timestamp.,Document timestamp source and timezone.
calendar_day_of_year_cos,temporal_calendar,temporal_calendar,SAFE,HIGH,TIMESTAMP,feature-generation dependency requires review,False,False,False,C:\agano\Oshwal\docs\Project\smart-parking-system\backend\app\ml\features\calendar_features.py,"1006, 1457",Calendar/time features are computable from the prediction timestamp.,Document timestamp source and timezone.
calendar_quarter_sin,temporal_calendar,temporal_calendar,SAFE,HIGH,TIMESTAMP,feature-generation dependency requires review,False,False,False,C:\agano\Oshwal\docs\Project\smart-parking-system\backend\app\ml\features\calendar_features.py,"1027, 1459",Calendar/time features are computable from the prediction timestamp.,Document timestamp source and timezone.
calendar_quarter_cos,temporal_calendar,temporal_calendar,SAFE,HIGH,TIMESTAMP,feature-generation dependency requires review,False,False,False,C:\agano\Oshwal\docs\Project\smart-parking-system\backend\app\ml\features\calendar_features.py,"1039, 1461",Calendar/time features are computable from the prediction timestamp.,Document timestamp source and timezone.
capacity_utilization,current_state,current_state,REQUIRES_PRODUCTION_AVAILABILITY_CONFIRMATION,MEDIUM,CURRENT_OBSERVATION,capacity/space counts,False,False,False,C:\agano\Oshwal\docs\Project\smart-parking-system\backend\app\ml\features\demand_features.py; C:\agano\Oshwal\docs\Project\smart-parking-system\backend\app\ml\features\feature_pipeline.py; C:\agano\Oshwal\docs\Project\smart-parking-system\backend\app\ml\features\occupancy_features.py,"63, 125, 619, 647, 648, 682, 683, 684, 742, 818, 865, 1252, 1291, 1322, 1700, 1953","Feature is derived from current parking state. It is not inherently temporally leaky, but the source observation must be available at T.","Document the real-time source, ingestion latency, freshness SLA, and fallback behaviour."
availability_rate,current_state,current_state,REQUIRES_PRODUCTION_AVAILABILITY_CONFIRMATION,MEDIUM,CURRENT_OBSERVATION,availability/available_spaces,False,False,False,C:\agano\Oshwal\docs\Project\smart-parking-system\backend\app\ml\data\dataset_builder.py; C:\agano\Oshwal\docs\Project\smart-parking-system\backend\app\ml\features\demand_features.py; C:\agano\Oshwal\docs\Project\smart-parking-system\backend\app\ml\features\feature_pipeline.py; C:\agano\Oshwal\docs\Project\smart-parking-system\backend\app\ml\features\occupancy_features.py,"64, 126, 438, 623, 630, 635, 636, 638, 654, 655, 686, 687, 688, 741, 758, 759, 764, 780, 783, 789, 792, 866, 1253, 1292, 1295, 1297, 1305, 1307, 1323, 1682, 1925, 1941, 1942, 1951, 1964, 2007, 2017, 2104","Feature is derived from current parking state. It is not inherently temporally leaky, but the source observation must be available at T.","Document the real-time source, ingestion latency, freshness SLA, and fallback behaviour."
occupied_ratio,current_state,current_state,REQUIRES_PRODUCTION_AVAILABILITY_CONFIRMATION,MEDIUM,CURRENT_OBSERVATION,occupancy/occupied_spaces,False,False,False,C:\agano\Oshwal\docs\Project\smart-parking-system\backend\app\ml\features\occupancy_features.py,"65, 127, 630, 661, 662, 690, 691, 692, 867, 1254, 1293, 1324","Feature is derived from current parking state. It is not inherently temporally leaky, but the source observation must be available at T.","Document the real-time source, ingestion latency, freshness SLA, and fallback behaviour."
available_ratio,current_state,current_state,REQUIRES_PRODUCTION_AVAILABILITY_CONFIRMATION,MEDIUM,CURRENT_OBSERVATION,availability/available_spaces,False,False,False,C:\agano\Oshwal\docs\Project\smart-parking-system\backend\app\ml\features\occupancy_features.py,"66, 128, 637, 642, 668, 669, 694, 695, 696, 868, 1255, 1294, 1325","Feature is derived from current parking state. It is not inherently temporally leaky, but the source observation must be available at T.","Document the real-time source, ingestion latency, freshness SLA, and fallback behaviour."
vacancy_ratio,current_state,current_state,REQUIRES_PRODUCTION_AVAILABILITY_CONFIRMATION,MEDIUM,CURRENT_OBSERVATION,availability/available_spaces,False,False,False,C:\agano\Oshwal\docs\Project\smart-parking-system\backend\app\ml\features\occupancy_features.py,"67, 129, 641, 675, 676, 698, 699, 700, 869, 1256, 1295, 1326","Feature is derived from current parking state. It is not inherently temporally leaky, but the source observation must be available at T.","Document the real-time source, ingestion latency, freshness SLA, and fallback behaviour."
occupancy_level,current_state,current_state,REQUIRES_PRODUCTION_AVAILABILITY_CONFIRMATION,MEDIUM,CURRENT_OBSERVATION,occupancy/occupied_spaces,False,False,False,C:\agano\Oshwal\docs\Project\smart-parking-system\backend\app\ml\features\occupancy_features.py; C:\agano\Oshwal\docs\Project\smart-parking-system\backend\app\ml\ml_models\xgboost_model.py,"58, 71, 132, 199, 706, 707, 1257","Feature is derived from current parking state. It is not inherently temporally leaky, but the source observation must be available at T.","Document the real-time source, ingestion latency, freshness SLA, and fallback behaviour."
is_empty,current_state,current_state,REQUIRES_PRODUCTION_AVAILABILITY_CONFIRMATION,MEDIUM,CURRENT_OBSERVATION,feature-generation dependency requires review,False,False,False,C:\agano\Oshwal\docs\Project\smart-parking-system\backend\app\ml\features\occupancy_features.py,"72, 133, 712, 713","Feature is derived from current parking state. It is not inherently temporally leaky, but the source observation must be available at T.","Document the real-time source, ingestion latency, freshness SLA, and fallback behaviour."
is_low_occupancy,current_state,current_state,REQUIRES_PRODUCTION_AVAILABILITY_CONFIRMATION,MEDIUM,CURRENT_OBSERVATION,occupancy/occupied_spaces,False,False,False,C:\agano\Oshwal\docs\Project\smart-parking-system\backend\app\ml\features\occupancy_features.py,"73, 134, 719, 720","Feature is derived from current parking state. It is not inherently temporally leaky, but the source observation must be available at T.","Document the real-time source, ingestion latency, freshness SLA, and fallback behaviour."
is_moderate_occupancy,current_state,current_state,REQUIRES_PRODUCTION_AVAILABILITY_CONFIRMATION,MEDIUM,CURRENT_OBSERVATION,occupancy/occupied_spaces,False,False,False,C:\agano\Oshwal\docs\Project\smart-parking-system\backend\app\ml\features\occupancy_features.py,"74, 135, 727, 728","Feature is derived from current parking state. It is not inherently temporally leaky, but the source observation must be available at T.","Document the real-time source, ingestion latency, freshness SLA, and fallback behaviour."
is_high_occupancy,current_state,current_state,REQUIRES_PRODUCTION_AVAILABILITY_CONFIRMATION,MEDIUM,CURRENT_OBSERVATION,occupancy/occupied_spaces,False,False,False,C:\agano\Oshwal\docs\Project\smart-parking-system\backend\app\ml\features\occupancy_features.py,"75, 136, 742, 743","Feature is derived from current parking state. It is not inherently temporally leaky, but the source observation must be available at T.","Document the real-time source, ingestion latency, freshness SLA, and fallback behaviour."
is_near_full,current_state,current_state,REQUIRES_PRODUCTION_AVAILABILITY_CONFIRMATION,MEDIUM,CURRENT_OBSERVATION,feature-generation dependency requires review,False,False,False,C:\agano\Oshwal\docs\Project\smart-parking-system\backend\app\ml\features\demand_features.py; C:\agano\Oshwal\docs\Project\smart-parking-system\backend\app\ml\features\feature_pipeline.py; C:\agano\Oshwal\docs\Project\smart-parking-system\backend\app\ml\features\occupancy_features.py,"76, 137, 743, 750, 751, 839, 1704","Feature is derived from current parking state. It is not inherently temporally leaky, but the source observation must be available at T.","Document the real-time source, ingestion latency, freshness SLA, and fallback behaviour."
occupancy_capacity_difference,current_state,current_state,REQUIRES_PRODUCTION_AVAILABILITY_CONFIRMATION,MEDIUM,CURRENT_OBSERVATION,occupancy/occupied_spaces; capacity/space counts,False,False,False,C:\agano\Oshwal\docs\Project\smart-parking-system\backend\app\ml\features\occupancy_features.py,"80, 140, 762, 769, 821, 822, 824","Feature is derived from current parking state. It is not inherently temporally leaky, but the source observation must be available at T.","Document the real-time source, ingestion latency, freshness SLA, and fallback behaviour."
occupancy_within_capacity,current_state,current_state,REQUIRES_PRODUCTION_AVAILABILITY_CONFIRMATION,MEDIUM,CURRENT_OBSERVATION,occupancy/occupied_spaces; capacity/space counts,False,False,False,C:\agano\Oshwal\docs\Project\smart-parking-system\backend\app\ml\features\occupancy_features.py,"81, 141, 827, 828","Feature is derived from current parking state. It is not inherently temporally leaky, but the source observation must be available at T.","Document the real-time source, ingestion latency, freshness SLA, and fallback behaviour."
occupancy_state_valid,current_state,current_state,REQUIRES_PRODUCTION_AVAILABILITY_CONFIRMATION,MEDIUM,CURRENT_OBSERVATION,occupancy/occupied_spaces,False,False,False,C:\agano\Oshwal\docs\Project\smart-parking-system\backend\app\ml\features\occupancy_features.py,"82, 142, 833, 834","Feature is derived from current parking state. It is not inherently temporally leaky, but the source observation must be available at T.","Document the real-time source, ingestion latency, freshness SLA, and fallback behaviour."
demand_level,current_state,current_state,REQUIRES_PRODUCTION_AVAILABILITY_CONFIRMATION,MEDIUM,CURRENT_OBSERVATION,derived current demand state,False,False,False,C:\agano\Oshwal\docs\Project\smart-parking-system\backend\app\ml\features\demand_features.py,"188, 679, 687, 694, 948, 956, 960, 964, 968, 972, 976, 984, 1655, 1658, 1662, 1946, 1947, 2491","Feature is derived from current parking state. It is not inherently temporally leaky, but the source observation must be available at T.","Document the real-time source, ingestion latency, freshness SLA, and fallback behaviour."
calculated_demand_level,current_state,current_state,REQUIRES_PRODUCTION_AVAILABILITY_CONFIRMATION,MEDIUM,CURRENT_OBSERVATION,derived current demand state,False,False,False,C:\agano\Oshwal\docs\Project\smart-parking-system\backend\app\ml\features\demand_features.py,"694, 1662, 1947","Feature is derived from current parking state. It is not inherently temporally leaky, but the source observation must be available at T.","Document the real-time source, ingestion latency, freshness SLA, and fallback behaviour."
demand_pressure,current_state,current_state,REQUIRES_PRODUCTION_AVAILABILITY_CONFIRMATION,MEDIUM,CURRENT_OBSERVATION,derived current demand state,False,False,False,C:\agano\Oshwal\docs\Project\smart-parking-system\backend\app\ml\features\demand_features.py,"190, 702, 711, 1665, 1668, 1948, 2493","Feature is derived from current parking state. It is not inherently temporally leaky, but the source observation must be available at T.","Document the real-time source, ingestion latency, freshness SLA, and fallback behaviour."
demand_excess_pressure,current_state,current_state,REQUIRES_PRODUCTION_AVAILABILITY_CONFIRMATION,MEDIUM,CURRENT_OBSERVATION,derived current demand state,False,False,False,C:\agano\Oshwal\docs\Project\smart-parking-system\backend\app\ml\features\demand_features.py,"727, 1672, 1949","Feature is derived from current parking state. It is not inherently temporally leaky, but the source observation must be available at T.","Document the real-time source, ingestion latency, freshness SLA, and fallback behaviour."
remaining_capacity_ratio,current_state,current_state,REQUIRES_PRODUCTION_AVAILABILITY_CONFIRMATION,MEDIUM,CURRENT_OBSERVATION,capacity/space counts,False,False,False,C:\agano\Oshwal\docs\Project\smart-parking-system\backend\app\ml\features\demand_features.py,"747, 1676, 1950, 2009, 2018, 2105","Feature is derived from current parking state. It is not inherently temporally leaky, but the source observation must be available at T.","Document the real-time source, ingestion latency, freshness SLA, and fallback behaviour."
availability_pressure,current_state,current_state,REQUIRES_PRODUCTION_AVAILABILITY_CONFIRMATION,MEDIUM,CURRENT_OBSERVATION,availability/available_spaces,False,False,False,C:\agano\Oshwal\docs\Project\smart-parking-system\backend\app\ml\features\demand_features.py,"192, 755, 762, 767, 768, 775, 776, 1679, 1686, 1952, 2011, 2019, 2126, 2495","Feature is derived from current parking state. It is not inherently temporally leaky, but the source observation must be available at T.","Document the real-time source, ingestion latency, freshness SLA, and fallback behaviour."
is_low_availability,current_state,current_state,REQUIRES_PRODUCTION_AVAILABILITY_CONFIRMATION,MEDIUM,CURRENT_OBSERVATION,availability/available_spaces,False,False,False,C:\agano\Oshwal\docs\Project\smart-parking-system\backend\app\ml\features\demand_features.py,"798, 1690","Feature is derived from current parking state. It is not inherently temporally leaky, but the source observation must be available at T.","Document the real-time source, ingestion latency, freshness SLA, and fallback behaviour."
is_critical_availability,current_state,current_state,REQUIRES_PRODUCTION_AVAILABILITY_CONFIRMATION,MEDIUM,CURRENT_OBSERVATION,availability/available_spaces,False,False,False,C:\agano\Oshwal\docs\Project\smart-parking-system\backend\app\ml\features\demand_features.py,"805, 1694","Feature is derived from current parking state. It is not inherently temporally leaky, but the source observation must be available at T.","Document the real-time source, ingestion latency, freshness SLA, and fallback behaviour."
is_full,current_state,current_state,REQUIRES_PRODUCTION_AVAILABILITY_CONFIRMATION,MEDIUM,CURRENT_OBSERVATION,feature-generation dependency requires review,False,False,False,C:\agano\Oshwal\docs\Project\smart-parking-system\backend\app\ml\features\demand_features.py,"846, 1708","Feature is derived from current parking state. It is not inherently temporally leaky, but the source observation must be available at T.","Document the real-time source, ingestion latency, freshness SLA, and fallback behaviour."
is_zero_capacity,current_state,current_state,REQUIRES_PRODUCTION_AVAILABILITY_CONFIRMATION,MEDIUM,CURRENT_OBSERVATION,capacity/space counts,False,False,False,C:\agano\Oshwal\docs\Project\smart-parking-system\backend\app\ml\features\demand_features.py,"853, 1712","Feature is derived from current parking state. It is not inherently temporally leaky, but the source observation must be available at T.","Document the real-time source, ingestion latency, freshness SLA, and fallback behaviour."
is_capacity_exceeded,current_state,current_state,REQUIRES_PRODUCTION_AVAILABILITY_CONFIRMATION,MEDIUM,CURRENT_OBSERVATION,capacity/space counts,False,False,False,C:\agano\Oshwal\docs\Project\smart-parking-system\backend\app\ml\features\demand_features.py,"860, 1716, 1903","Feature is derived from current parking state. It is not inherently temporally leaky, but the source observation must be available at T.","Document the real-time source, ingestion latency, freshness SLA, and fallback behaviour."
demand_class,current_state,current_state,REQUIRES_PRODUCTION_AVAILABILITY_CONFIRMATION,MEDIUM,CURRENT_OBSERVATION,derived current demand state,False,False,False,C:\agano\Oshwal\docs\Project\smart-parking-system\backend\app\ml\features\demand_features.py; C:\agano\Oshwal\docs\Project\smart-parking-system\backend\app\ml\ml_models\xgboost_model.py,"59, 196, 200, 350, 870, 872, 878, 886, 898, 910, 922, 934, 939, 940, 957, 961, 965, 969, 973, 977, 983, 1341, 1517, 1518, 1719, 1722, 1726, 1954, 2269, 2336, 2499","Feature is derived from current parking state. It is not inherently temporally leaky, but the source observation must be available at T.","Document the real-time source, ingestion latency, freshness SLA, and fallback behaviour."
demand_class_code,current_state,current_state,REQUIRES_PRODUCTION_AVAILABILITY_CONFIRMATION,MEDIUM,CURRENT_OBSERVATION,derived current demand state,False,False,False,C:\agano\Oshwal\docs\Project\smart-parking-system\backend\app\ml\features\demand_features.py,"983, 1726, 1954","Feature is derived from current parking state. It is not inherently temporally leaky, but the source observation must be available at T.","Document the real-time source, ingestion latency, freshness SLA, and fallback behaviour."
is_low_demand,current_state,current_state,REQUIRES_PRODUCTION_AVAILABILITY_CONFIRMATION,MEDIUM,CURRENT_OBSERVATION,derived current demand state,False,False,False,C:\agano\Oshwal\docs\Project\smart-parking-system\backend\app\ml\features\demand_features.py,"1051, 1732","Feature is derived from current parking state. It is not inherently temporally leaky, but the source observation must be available at T.","Document the real-time source, ingestion latency, freshness SLA, and fallback behaviour."
is_moderate_demand,current_state,current_state,REQUIRES_PRODUCTION_AVAILABILITY_CONFIRMATION,MEDIUM,CURRENT_OBSERVATION,derived current demand state,False,False,False,C:\agano\Oshwal\docs\Project\smart-parking-system\backend\app\ml\features\demand_features.py,"1055, 1736","Feature is derived from current parking state. It is not inherently temporally leaky, but the source observation must be available at T.","Document the real-time source, ingestion latency, freshness SLA, and fallback behaviour."
is_high_demand,current_state,current_state,REQUIRES_PRODUCTION_AVAILABILITY_CONFIRMATION,MEDIUM,CURRENT_OBSERVATION,derived current demand state,False,False,False,C:\agano\Oshwal\docs\Project\smart-parking-system\backend\app\ml\features\demand_features.py,"1059, 1740","Feature is derived from current parking state. It is not inherently temporally leaky, but the source observation must be available at T.","Document the real-time source, ingestion latency, freshness SLA, and fallback behaviour."
is_very_high_demand,current_state,current_state,REQUIRES_PRODUCTION_AVAILABILITY_CONFIRMATION,MEDIUM,CURRENT_OBSERVATION,derived current demand state,False,False,False,C:\agano\Oshwal\docs\Project\smart-parking-system\backend\app\ml\features\demand_features.py,"1063, 1744","Feature is derived from current parking state. It is not inherently temporally leaky, but the source observation must be available at T.","Document the real-time source, ingestion latency, freshness SLA, and fallback behaviour."
is_critical_demand,current_state,current_state,REQUIRES_PRODUCTION_AVAILABILITY_CONFIRMATION,MEDIUM,CURRENT_OBSERVATION,derived current demand state,False,False,False,C:\agano\Oshwal\docs\Project\smart-parking-system\backend\app\ml\features\demand_features.py,"1067, 1748","Feature is derived from current parking state. It is not inherently temporally leaky, but the source observation must be available at T.","Document the real-time source, ingestion latency, freshness SLA, and fallback behaviour."
occupancy_rate_consistent,current_state,current_state,REQUIRES_PRODUCTION_AVAILABILITY_CONFIRMATION,MEDIUM,CURRENT_OBSERVATION,occupancy/occupied_spaces,False,False,False,C:\agano\Oshwal\docs\Project\smart-parking-system\backend\app\ml\features\demand_features.py,"1100, 1754","Feature is derived from current parking state. It is not inherently temporally leaky, but the source observation must be available at T.","Document the real-time source, ingestion latency, freshness SLA, and fallback behaviour."
space_count_consistent,other,other,REQUIRES_DOCUMENTATION,MEDIUM,UNRESOLVED,feature-generation dependency requires review,False,False,False,C:\agano\Oshwal\docs\Project\smart-parking-system\backend\app\ml\features\demand_features.py,"1107, 1758",Feature could not be conclusively mapped to a prediction-time source from static analysis.,Document production feature source and availability.
has_valid_capacity,other,other,REQUIRES_DOCUMENTATION,MEDIUM,UNRESOLVED,capacity/space counts,False,False,False,C:\agano\Oshwal\docs\Project\smart-parking-system\backend\app\ml\features\demand_features.py,"1119, 1762",Feature could not be conclusively mapped to a prediction-time source from static analysis.,Document production feature source and availability.
has_valid_occupancy,other,other,REQUIRES_DOCUMENTATION,MEDIUM,UNRESOLVED,occupancy/occupied_spaces,False,False,False,C:\agano\Oshwal\docs\Project\smart-parking-system\backend\app\ml\features\demand_features.py,"1126, 1766",Feature could not be conclusively mapped to a prediction-time source from static analysis.,Document production feature source and availability.
has_negative_values,other,other,REQUIRES_DOCUMENTATION,MEDIUM,UNRESOLVED,feature-generation dependency requires review,False,False,False,C:\agano\Oshwal\docs\Project\smart-parking-system\backend\app\ml\features\demand_features.py,"1136, 1770",Feature could not be conclusively mapped to a prediction-time source from static analysis.,Document production feature source and availability.
has_capacity_violation,other,other,REQUIRES_DOCUMENTATION,MEDIUM,UNRESOLVED,capacity/space counts,False,False,False,C:\agano\Oshwal\docs\Project\smart-parking-system\backend\app\ml\features\demand_features.py,"1147, 1774",Feature could not be conclusively mapped to a prediction-time source from static analysis.,Document production feature source and availability.
has_consistency_issue,other,other,REQUIRES_DOCUMENTATION,MEDIUM,UNRESOLVED,feature-generation dependency requires review,False,False,False,C:\agano\Oshwal\docs\Project\smart-parking-system\backend\app\ml\features\demand_features.py,"1154, 1778",Feature could not be conclusively mapped to a prediction-time source from static analysis.,Document production feature source and availability.
occupancy_rate_lag_30m,historical_lag,historical_lag,SAFE_IF_GENERATED_CAUSALLY,HIGH,HISTORICAL_OBSERVATIONS,occupancy/occupied_spaces,False,False,True,,,Historical feature is safe provided its window contains only observations at or before T.,Document lag/rolling window construction and production data availability.
occupancy_rate_lag_1h,historical_lag,historical_lag,SAFE_IF_GENERATED_CAUSALLY,HIGH,HISTORICAL_OBSERVATIONS,occupancy/occupied_spaces,False,False,True,,,Historical feature is safe provided its window contains only observations at or before T.,Document lag/rolling window construction and production data availability.
occupancy_rate_lag_2h,historical_lag,historical_lag,SAFE_IF_GENERATED_CAUSALLY,HIGH,HISTORICAL_OBSERVATIONS,occupancy/occupied_spaces,False,False,True,,,Historical feature is safe provided its window contains only observations at or before T.,Document lag/rolling window construction and production data availability.
occupancy_rate_lag_3h,historical_lag,historical_lag,SAFE_IF_GENERATED_CAUSALLY,HIGH,HISTORICAL_OBSERVATIONS,occupancy/occupied_spaces,False,False,True,,,Historical feature is safe provided its window contains only observations at or before T.,Document lag/rolling window construction and production data availability.
occupancy_rate_lag_6h,historical_lag,historical_lag,SAFE_IF_GENERATED_CAUSALLY,HIGH,HISTORICAL_OBSERVATIONS,occupancy/occupied_spaces,False,False,True,,,Historical feature is safe provided its window contains only observations at or before T.,Document lag/rolling window construction and production data availability.
occupancy_rate_lag_12h,historical_lag,historical_lag,SAFE_IF_GENERATED_CAUSALLY,HIGH,HISTORICAL_OBSERVATIONS,occupancy/occupied_spaces,False,False,True,,,Historical feature is safe provided its window contains only observations at or before T.,Document lag/rolling window construction and production data availability.
occupancy_rate_lag_1d,historical_lag,historical_lag,SAFE_IF_GENERATED_CAUSALLY,HIGH,HISTORICAL_OBSERVATIONS,occupancy/occupied_spaces,False,False,True,,,Historical feature is safe provided its window contains only observations at or before T.,Document lag/rolling window construction and production data availability.
occupied_spaces_lag_30m,historical_lag,historical_lag,SAFE_IF_GENERATED_CAUSALLY,HIGH,HISTORICAL_OBSERVATIONS,occupancy/occupied_spaces; capacity/space counts,False,False,True,,,Historical feature is safe provided its window contains only observations at or before T.,Document lag/rolling window construction and production data availability.
occupied_spaces_lag_1h,historical_lag,historical_lag,SAFE_IF_GENERATED_CAUSALLY,HIGH,HISTORICAL_OBSERVATIONS,occupancy/occupied_spaces; capacity/space counts,False,False,True,,,Historical feature is safe provided its window contains only observations at or before T.,Document lag/rolling window construction and production data availability.
occupied_spaces_lag_2h,historical_lag,historical_lag,SAFE_IF_GENERATED_CAUSALLY,HIGH,HISTORICAL_OBSERVATIONS,occupancy/occupied_spaces; capacity/space counts,False,False,True,,,Historical feature is safe provided its window contains only observations at or before T.,Document lag/rolling window construction and production data availability.
occupied_spaces_lag_3h,historical_lag,historical_lag,SAFE_IF_GENERATED_CAUSALLY,HIGH,HISTORICAL_OBSERVATIONS,occupancy/occupied_spaces; capacity/space counts,False,False,True,,,Historical feature is safe provided its window contains only observations at or before T.,Document lag/rolling window construction and production data availability.
occupied_spaces_lag_6h,historical_lag,historical_lag,SAFE_IF_GENERATED_CAUSALLY,HIGH,HISTORICAL_OBSERVATIONS,occupancy/occupied_spaces; capacity/space counts,False,False,True,,,Historical feature is safe provided its window contains only observations at or before T.,Document lag/rolling window construction and production data availability.
occupied_spaces_lag_12h,historical_lag,historical_lag,SAFE_IF_GENERATED_CAUSALLY,HIGH,HISTORICAL_OBSERVATIONS,occupancy/occupied_spaces; capacity/space counts,False,False,True,,,Historical feature is safe provided its window contains only observations at or before T.,Document lag/rolling window construction and production data availability.
occupied_spaces_lag_1d,historical_lag,historical_lag,SAFE_IF_GENERATED_CAUSALLY,HIGH,HISTORICAL_OBSERVATIONS,occupancy/occupied_spaces; capacity/space counts,False,False,True,,,Historical feature is safe provided its window contains only observations at or before T.,Document lag/rolling window construction and production data availability.
available_spaces_lag_30m,historical_lag,historical_lag,SAFE_IF_GENERATED_CAUSALLY,HIGH,HISTORICAL_OBSERVATIONS,availability/available_spaces; capacity/space counts,False,False,True,,,Historical feature is safe provided its window contains only observations at or before T.,Document lag/rolling window construction and production data availability.
available_spaces_lag_1h,historical_lag,historical_lag,SAFE_IF_GENERATED_CAUSALLY,HIGH,HISTORICAL_OBSERVATIONS,availability/available_spaces; capacity/space counts,False,False,True,,,Historical feature is safe provided its window contains only observations at or before T.,Document lag/rolling window construction and production data availability.
available_spaces_lag_2h,historical_lag,historical_lag,SAFE_IF_GENERATED_CAUSALLY,HIGH,HISTORICAL_OBSERVATIONS,availability/available_spaces; capacity/space counts,False,False,True,,,Historical feature is safe provided its window contains only observations at or before T.,Document lag/rolling window construction and production data availability.
available_spaces_lag_3h,historical_lag,historical_lag,SAFE_IF_GENERATED_CAUSALLY,HIGH,HISTORICAL_OBSERVATIONS,availability/available_spaces; capacity/space counts,False,False,True,,,Historical feature is safe provided its window contains only observations at or before T.,Document lag/rolling window construction and production data availability.
available_spaces_lag_6h,historical_lag,historical_lag,SAFE_IF_GENERATED_CAUSALLY,HIGH,HISTORICAL_OBSERVATIONS,availability/available_spaces; capacity/space counts,False,False,True,,,Historical feature is safe provided its window contains only observations at or before T.,Document lag/rolling window construction and production data availability.
available_spaces_lag_12h,historical_lag,historical_lag,SAFE_IF_GENERATED_CAUSALLY,HIGH,HISTORICAL_OBSERVATIONS,availability/available_spaces; capacity/space counts,False,False,True,,,Historical feature is safe provided its window contains only observations at or before T.,Document lag/rolling window construction and production data availability.
available_spaces_lag_1d,historical_lag,historical_lag,SAFE_IF_GENERATED_CAUSALLY,HIGH,HISTORICAL_OBSERVATIONS,availability/available_spaces; capacity/space counts,False,False,True,,,Historical feature is safe provided its window contains only observations at or before T.,Document lag/rolling window construction and production data availability.
occupancy_rate_roll_mean_1h,historical_lag,historical_lag,SAFE_IF_GENERATED_CAUSALLY,HIGH,HISTORICAL_OBSERVATIONS,occupancy/occupied_spaces,False,False,True,C:\agano\Oshwal\docs\Project\smart-parking-system\backend\app\ml\features\rolling_features.py,73,Historical feature is safe provided its window contains only observations at or before T.,Document lag/rolling window construction and production data availability.
occupancy_rate_roll_std_1h,historical_lag,historical_lag,SAFE_IF_GENERATED_CAUSALLY,HIGH,HISTORICAL_OBSERVATIONS,occupancy/occupied_spaces,False,False,True,C:\agano\Oshwal\docs\Project\smart-parking-system\backend\app\ml\features\rolling_features.py,80,Historical feature is safe provided its window contains only observations at or before T.,Document lag/rolling window construction and production data availability.
occupancy_rate_roll_min_1h,historical_lag,historical_lag,SAFE_IF_GENERATED_CAUSALLY,HIGH,HISTORICAL_OBSERVATIONS,occupancy/occupied_spaces,False,False,True,C:\agano\Oshwal\docs\Project\smart-parking-system\backend\app\ml\features\rolling_features.py,84,Historical feature is safe provided its window contains only observations at or before T.,Document lag/rolling window construction and production data availability.
occupancy_rate_roll_max_1h,historical_lag,historical_lag,SAFE_IF_GENERATED_CAUSALLY,HIGH,HISTORICAL_OBSERVATIONS,occupancy/occupied_spaces,False,False,True,C:\agano\Oshwal\docs\Project\smart-parking-system\backend\app\ml\features\rolling_features.py,85,Historical feature is safe provided its window contains only observations at or before T.,Document lag/rolling window construction and production data availability.
occupancy_rate_roll_median_1h,historical_lag,historical_lag,SAFE_IF_GENERATED_CAUSALLY,HIGH,HISTORICAL_OBSERVATIONS,occupancy/occupied_spaces,False,False,True,C:\agano\Oshwal\docs\Project\smart-parking-system\backend\app\ml\features\rolling_features.py,87,Historical feature is safe provided its window contains only observations at or before T.,Document lag/rolling window construction and production data availability.
occupancy_rate_roll_trend_1h,historical_lag,historical_lag,SAFE_IF_GENERATED_CAUSALLY,HIGH,HISTORICAL_OBSERVATIONS,occupancy/occupied_spaces,False,False,True,C:\agano\Oshwal\docs\Project\smart-parking-system\backend\app\ml\features\rolling_features.py,92,Historical feature is safe provided its window contains only observations at or before T.,Document lag/rolling window construction and production data availability.
occupancy_rate_roll_count_1h,historical_lag,historical_lag,SAFE_IF_GENERATED_CAUSALLY,HIGH,HISTORICAL_OBSERVATIONS,occupancy/occupied_spaces,False,False,True,C:\agano\Oshwal\docs\Project\smart-parking-system\backend\app\ml\features\rolling_features.py,89,Historical feature is safe provided its window contains only observations at or before T.,Document lag/rolling window construction and production data availability.
occupancy_rate_roll_missing_1h,historical_lag,historical_lag,SAFE_IF_GENERATED_CAUSALLY,HIGH,HISTORICAL_OBSERVATIONS,occupancy/occupied_spaces,False,False,True,C:\agano\Oshwal\docs\Project\smart-parking-system\backend\app\ml\features\rolling_features.py,90,Historical feature is safe provided its window contains only observations at or before T.,Document lag/rolling window construction and production data availability.
occupancy_rate_roll_coverage_ratio_1h,historical_lag,historical_lag,SAFE_IF_GENERATED_CAUSALLY,HIGH,HISTORICAL_OBSERVATIONS,occupancy/occupied_spaces,False,False,True,,,Historical feature is safe provided its window contains only observations at or before T.,Document lag/rolling window construction and production data availability.
occupancy_rate_roll_1h_available,historical_lag,historical_lag,SAFE_IF_GENERATED_CAUSALLY,HIGH,HISTORICAL_OBSERVATIONS,occupancy/occupied_spaces; availability/available_spaces,False,False,True,,,Historical feature is safe provided its window contains only observations at or before T.,Document lag/rolling window construction and production data availability.
occupancy_rate_roll_mean_2h,historical_lag,historical_lag,SAFE_IF_GENERATED_CAUSALLY,HIGH,HISTORICAL_OBSERVATIONS,occupancy/occupied_spaces,False,False,True,C:\agano\Oshwal\docs\Project\smart-parking-system\backend\app\ml\features\rolling_features.py,74,Historical feature is safe provided its window contains only observations at or before T.,Document lag/rolling window construction and production data availability.
occupancy_rate_roll_std_2h,historical_lag,historical_lag,SAFE_IF_GENERATED_CAUSALLY,HIGH,HISTORICAL_OBSERVATIONS,occupancy/occupied_spaces,False,False,True,C:\agano\Oshwal\docs\Project\smart-parking-system\backend\app\ml\features\rolling_features.py,81,Historical feature is safe provided its window contains only observations at or before T.,Document lag/rolling window construction and production data availability.
occupancy_rate_roll_min_2h,historical_lag,historical_lag,SAFE_IF_GENERATED_CAUSALLY,HIGH,HISTORICAL_OBSERVATIONS,occupancy/occupied_spaces,False,False,True,,,Historical feature is safe provided its window contains only observations at or before T.,Document lag/rolling window construction and production data availability.
occupancy_rate_roll_max_2h,historical_lag,historical_lag,SAFE_IF_GENERATED_CAUSALLY,HIGH,HISTORICAL_OBSERVATIONS,occupancy/occupied_spaces,False,False,True,,,Historical feature is safe provided its window contains only observations at or before T.,Document lag/rolling window construction and production data availability.
occupancy_rate_roll_median_2h,historical_lag,historical_lag,SAFE_IF_GENERATED_CAUSALLY,HIGH,HISTORICAL_OBSERVATIONS,occupancy/occupied_spaces,False,False,True,,,Historical feature is safe provided its window contains only observations at or before T.,Document lag/rolling window construction and production data availability.
occupancy_rate_roll_trend_2h,historical_lag,historical_lag,SAFE_IF_GENERATED_CAUSALLY,HIGH,HISTORICAL_OBSERVATIONS,occupancy/occupied_spaces,False,False,True,,,Historical feature is safe provided its window contains only observations at or before T.,Document lag/rolling window construction and production data availability.
occupancy_rate_roll_count_2h,historical_lag,historical_lag,SAFE_IF_GENERATED_CAUSALLY,HIGH,HISTORICAL_OBSERVATIONS,occupancy/occupied_spaces,False,False,True,,,Historical feature is safe provided its window contains only observations at or before T.,Document lag/rolling window construction and production data availability.
occupancy_rate_roll_missing_2h,historical_lag,historical_lag,SAFE_IF_GENERATED_CAUSALLY,HIGH,HISTORICAL_OBSERVATIONS,occupancy/occupied_spaces,False,False,True,,,Historical feature is safe provided its window contains only observations at or before T.,Document lag/rolling window construction and production data availability.
occupancy_rate_roll_coverage_ratio_2h,historical_lag,historical_lag,SAFE_IF_GENERATED_CAUSALLY,HIGH,HISTORICAL_OBSERVATIONS,occupancy/occupied_spaces,False,False,True,,,Historical feature is safe provided its window contains only observations at or before T.,Document lag/rolling window construction and production data availability.
occupancy_rate_roll_2h_available,historical_lag,historical_lag,SAFE_IF_GENERATED_CAUSALLY,HIGH,HISTORICAL_OBSERVATIONS,occupancy/occupied_spaces; availability/available_spaces,False,False,True,,,Historical feature is safe provided its window contains only observations at or before T.,Document lag/rolling window construction and production data availability.
occupancy_rate_roll_mean_3h,historical_lag,historical_lag,SAFE_IF_GENERATED_CAUSALLY,HIGH,HISTORICAL_OBSERVATIONS,occupancy/occupied_spaces,False,False,True,C:\agano\Oshwal\docs\Project\smart-parking-system\backend\app\ml\features\rolling_features.py,75,Historical feature is safe provided its window contains only observations at or before T.,Document lag/rolling window construction and production data availability.
occupancy_rate_roll_std_3h,historical_lag,historical_lag,SAFE_IF_GENERATED_CAUSALLY,HIGH,HISTORICAL_OBSERVATIONS,occupancy/occupied_spaces,False,False,True,,,Historical feature is safe provided its window contains only observations at or before T.,Document lag/rolling window construction and production data availability.
occupancy_rate_roll_min_3h,historical_lag,historical_lag,SAFE_IF_GENERATED_CAUSALLY,HIGH,HISTORICAL_OBSERVATIONS,occupancy/occupied_spaces,False,False,True,,,Historical feature is safe provided its window contains only observations at or before T.,Document lag/rolling window construction and production data availability.
occupancy_rate_roll_max_3h,historical_lag,historical_lag,SAFE_IF_GENERATED_CAUSALLY,HIGH,HISTORICAL_OBSERVATIONS,occupancy/occupied_spaces,False,False,True,,,Historical feature is safe provided its window contains only observations at or before T.,Document lag/rolling window construction and production data availability.
occupancy_rate_roll_median_3h,historical_lag,historical_lag,SAFE_IF_GENERATED_CAUSALLY,HIGH,HISTORICAL_OBSERVATIONS,occupancy/occupied_spaces,False,False,True,,,Historical feature is safe provided its window contains only observations at or before T.,Document lag/rolling window construction and production data availability.
occupancy_rate_roll_trend_3h,historical_lag,historical_lag,SAFE_IF_GENERATED_CAUSALLY,HIGH,HISTORICAL_OBSERVATIONS,occupancy/occupied_spaces,False,False,True,,,Historical feature is safe provided its window contains only observations at or before T.,Document lag/rolling window construction and production data availability.
occupancy_rate_roll_count_3h,historical_lag,historical_lag,SAFE_IF_GENERATED_CAUSALLY,HIGH,HISTORICAL_OBSERVATIONS,occupancy/occupied_spaces,False,False,True,,,Historical feature is safe provided its window contains only observations at or before T.,Document lag/rolling window construction and production data availability.
occupancy_rate_roll_missing_3h,historical_lag,historical_lag,SAFE_IF_GENERATED_CAUSALLY,HIGH,HISTORICAL_OBSERVATIONS,occupancy/occupied_spaces,False,False,True,,,Historical feature is safe provided its window contains only observations at or before T.,Document lag/rolling window construction and production data availability.
occupancy_rate_roll_coverage_ratio_3h,historical_lag,historical_lag,SAFE_IF_GENERATED_CAUSALLY,HIGH,HISTORICAL_OBSERVATIONS,occupancy/occupied_spaces,False,False,True,,,Historical feature is safe provided its window contains only observations at or before T.,Document lag/rolling window construction and production data availability.
occupancy_rate_roll_3h_available,historical_lag,historical_lag,SAFE_IF_GENERATED_CAUSALLY,HIGH,HISTORICAL_OBSERVATIONS,occupancy/occupied_spaces; availability/available_spaces,False,False,True,,,Historical feature is safe provided its window contains only observations at or before T.,Document lag/rolling window construction and production data availability.
occupancy_rate_roll_mean_6h,historical_lag,historical_lag,SAFE_IF_GENERATED_CAUSALLY,HIGH,HISTORICAL_OBSERVATIONS,occupancy/occupied_spaces,False,False,True,C:\agano\Oshwal\docs\Project\smart-parking-system\backend\app\ml\features\rolling_features.py,76,Historical feature is safe provided its window contains only observations at or before T.,Document lag/rolling window construction and production data availability.
occupancy_rate_roll_std_6h,historical_lag,historical_lag,SAFE_IF_GENERATED_CAUSALLY,HIGH,HISTORICAL_OBSERVATIONS,occupancy/occupied_spaces,False,False,True,,,Historical feature is safe provided its window contains only observations at or before T.,Document lag/rolling window construction and production data availability.
occupancy_rate_roll_min_6h,historical_lag,historical_lag,SAFE_IF_GENERATED_CAUSALLY,HIGH,HISTORICAL_OBSERVATIONS,occupancy/occupied_spaces,False,False,True,,,Historical feature is safe provided its window contains only observations at or before T.,Document lag/rolling window construction and production data availability.
occupancy_rate_roll_max_6h,historical_lag,historical_lag,SAFE_IF_GENERATED_CAUSALLY,HIGH,HISTORICAL_OBSERVATIONS,occupancy/occupied_spaces,False,False,True,,,Historical feature is safe provided its window contains only observations at or before T.,Document lag/rolling window construction and production data availability.
occupancy_rate_roll_median_6h,historical_lag,historical_lag,SAFE_IF_GENERATED_CAUSALLY,HIGH,HISTORICAL_OBSERVATIONS,occupancy/occupied_spaces,False,False,True,,,Historical feature is safe provided its window contains only observations at or before T.,Document lag/rolling window construction and production data availability.
occupancy_rate_roll_trend_6h,historical_lag,historical_lag,SAFE_IF_GENERATED_CAUSALLY,HIGH,HISTORICAL_OBSERVATIONS,occupancy/occupied_spaces,False,False,True,,,Historical feature is safe provided its window contains only observations at or before T.,Document lag/rolling window construction and production data availability.
occupancy_rate_roll_count_6h,historical_lag,historical_lag,SAFE_IF_GENERATED_CAUSALLY,HIGH,HISTORICAL_OBSERVATIONS,occupancy/occupied_spaces,False,False,True,,,Historical feature is safe provided its window contains only observations at or before T.,Document lag/rolling window construction and production data availability.
occupancy_rate_roll_missing_6h,historical_lag,historical_lag,SAFE_IF_GENERATED_CAUSALLY,HIGH,HISTORICAL_OBSERVATIONS,occupancy/occupied_spaces,False,False,True,,,Historical feature is safe provided its window contains only observations at or before T.,Document lag/rolling window construction and production data availability.
occupancy_rate_roll_coverage_ratio_6h,historical_lag,historical_lag,SAFE_IF_GENERATED_CAUSALLY,HIGH,HISTORICAL_OBSERVATIONS,occupancy/occupied_spaces,False,False,True,,,Historical feature is safe provided its window contains only observations at or before T.,Document lag/rolling window construction and production data availability.
occupancy_rate_roll_6h_available,historical_lag,historical_lag,SAFE_IF_GENERATED_CAUSALLY,HIGH,HISTORICAL_OBSERVATIONS,occupancy/occupied_spaces; availability/available_spaces,False,False,True,,,Historical feature is safe provided its window contains only observations at or before T.,Document lag/rolling window construction and production data availability.
occupancy_rate_roll_mean_12h,historical_lag,historical_lag,SAFE_IF_GENERATED_CAUSALLY,HIGH,HISTORICAL_OBSERVATIONS,occupancy/occupied_spaces,False,False,True,C:\agano\Oshwal\docs\Project\smart-parking-system\backend\app\ml\features\rolling_features.py,77,Historical feature is safe provided its window contains only observations at or before T.,Document lag/rolling window construction and production data availability.
occupancy_rate_roll_std_12h,historical_lag,historical_lag,SAFE_IF_GENERATED_CAUSALLY,HIGH,HISTORICAL_OBSERVATIONS,occupancy/occupied_spaces,False,False,True,,,Historical feature is safe provided its window contains only observations at or before T.,Document lag/rolling window construction and production data availability.
occupancy_rate_roll_min_12h,historical_lag,historical_lag,SAFE_IF_GENERATED_CAUSALLY,HIGH,HISTORICAL_OBSERVATIONS,occupancy/occupied_spaces,False,False,True,,,Historical feature is safe provided its window contains only observations at or before T.,Document lag/rolling window construction and production data availability.
occupancy_rate_roll_max_12h,historical_lag,historical_lag,SAFE_IF_GENERATED_CAUSALLY,HIGH,HISTORICAL_OBSERVATIONS,occupancy/occupied_spaces,False,False,True,,,Historical feature is safe provided its window contains only observations at or before T.,Document lag/rolling window construction and production data availability.
occupancy_rate_roll_median_12h,historical_lag,historical_lag,SAFE_IF_GENERATED_CAUSALLY,HIGH,HISTORICAL_OBSERVATIONS,occupancy/occupied_spaces,False,False,True,,,Historical feature is safe provided its window contains only observations at or before T.,Document lag/rolling window construction and production data availability.
occupancy_rate_roll_trend_12h,historical_lag,historical_lag,SAFE_IF_GENERATED_CAUSALLY,HIGH,HISTORICAL_OBSERVATIONS,occupancy/occupied_spaces,False,False,True,,,Historical feature is safe provided its window contains only observations at or before T.,Document lag/rolling window construction and production data availability.
occupancy_rate_roll_count_12h,historical_lag,historical_lag,SAFE_IF_GENERATED_CAUSALLY,HIGH,HISTORICAL_OBSERVATIONS,occupancy/occupied_spaces,False,False,True,,,Historical feature is safe provided its window contains only observations at or before T.,Document lag/rolling window construction and production data availability.
occupancy_rate_roll_missing_12h,historical_lag,historical_lag,SAFE_IF_GENERATED_CAUSALLY,HIGH,HISTORICAL_OBSERVATIONS,occupancy/occupied_spaces,False,False,True,,,Historical feature is safe provided its window contains only observations at or before T.,Document lag/rolling window construction and production data availability.
occupancy_rate_roll_coverage_ratio_12h,historical_lag,historical_lag,SAFE_IF_GENERATED_CAUSALLY,HIGH,HISTORICAL_OBSERVATIONS,occupancy/occupied_spaces,False,False,True,,,Historical feature is safe provided its window contains only observations at or before T.,Document lag/rolling window construction and production data availability.
occupancy_rate_roll_12h_available,historical_lag,historical_lag,SAFE_IF_GENERATED_CAUSALLY,HIGH,HISTORICAL_OBSERVATIONS,occupancy/occupied_spaces; availability/available_spaces,False,False,True,,,Historical feature is safe provided its window contains only observations at or before T.,Document lag/rolling window construction and production data availability.
occupancy_rate_roll_mean_1d,historical_lag,historical_lag,SAFE_IF_GENERATED_CAUSALLY,HIGH,HISTORICAL_OBSERVATIONS,occupancy/occupied_spaces,False,False,True,,,Historical feature is safe provided its window contains only observations at or before T.,Document lag/rolling window construction and production data availability.
occupancy_rate_roll_std_1d,historical_lag,historical_lag,SAFE_IF_GENERATED_CAUSALLY,HIGH,HISTORICAL_OBSERVATIONS,occupancy/occupied_spaces,False,False,True,,,Historical feature is safe provided its window contains only observations at or before T.,Document lag/rolling window construction and production data availability.
occupancy_rate_roll_min_1d,historical_lag,historical_lag,SAFE_IF_GENERATED_CAUSALLY,HIGH,HISTORICAL_OBSERVATIONS,occupancy/occupied_spaces,False,False,True,,,Historical feature is safe provided its window contains only observations at or before T.,Document lag/rolling window construction and production data availability.
occupancy_rate_roll_max_1d,historical_lag,historical_lag,SAFE_IF_GENERATED_CAUSALLY,HIGH,HISTORICAL_OBSERVATIONS,occupancy/occupied_spaces,False,False,True,,,Historical feature is safe provided its window contains only observations at or before T.,Document lag/rolling window construction and production data availability.
occupancy_rate_roll_median_1d,historical_lag,historical_lag,SAFE_IF_GENERATED_CAUSALLY,HIGH,HISTORICAL_OBSERVATIONS,occupancy/occupied_spaces,False,False,True,,,Historical feature is safe provided its window contains only observations at or before T.,Document lag/rolling window construction and production data availability.
occupancy_rate_roll_trend_1d,historical_lag,historical_lag,SAFE_IF_GENERATED_CAUSALLY,HIGH,HISTORICAL_OBSERVATIONS,occupancy/occupied_spaces,False,False,True,,,Historical feature is safe provided its window contains only observations at or before T.,Document lag/rolling window construction and production data availability.
occupancy_rate_roll_count_1d,historical_lag,historical_lag,SAFE_IF_GENERATED_CAUSALLY,HIGH,HISTORICAL_OBSERVATIONS,occupancy/occupied_spaces,False,False,True,,,Historical feature is safe provided its window contains only observations at or before T.,Document lag/rolling window construction and production data availability.
occupancy_rate_roll_missing_1d,historical_lag,historical_lag,SAFE_IF_GENERATED_CAUSALLY,HIGH,HISTORICAL_OBSERVATIONS,occupancy/occupied_spaces,False,False,True,,,Historical feature is safe provided its window contains only observations at or before T.,Document lag/rolling window construction and production data availability.
occupancy_rate_roll_coverage_ratio_1d,historical_lag,historical_lag,SAFE_IF_GENERATED_CAUSALLY,HIGH,HISTORICAL_OBSERVATIONS,occupancy/occupied_spaces,False,False,True,,,Historical feature is safe provided its window contains only observations at or before T.,Document lag/rolling window construction and production data availability.
occupancy_rate_roll_1d_available,historical_lag,historical_lag,SAFE_IF_GENERATED_CAUSALLY,HIGH,HISTORICAL_OBSERVATIONS,occupancy/occupied_spaces; availability/available_spaces,False,False,True,,,Historical feature is safe provided its window contains only observations at or before T.,Document lag/rolling window construction and production data availability.
occupied_spaces_roll_mean_1h,historical_lag,historical_lag,SAFE_IF_GENERATED_CAUSALLY,HIGH,HISTORICAL_OBSERVATIONS,occupancy/occupied_spaces; capacity/space counts,False,False,True,,,Historical feature is safe provided its window contains only observations at or before T.,Document lag/rolling window construction and production data availability.
occupied_spaces_roll_std_1h,historical_lag,historical_lag,SAFE_IF_GENERATED_CAUSALLY,HIGH,HISTORICAL_OBSERVATIONS,occupancy/occupied_spaces; capacity/space counts,False,False,True,,,Historical feature is safe provided its window contains only observations at or before T.,Document lag/rolling window construction and production data availability.
occupied_spaces_roll_min_1h,historical_lag,historical_lag,SAFE_IF_GENERATED_CAUSALLY,HIGH,HISTORICAL_OBSERVATIONS,occupancy/occupied_spaces; capacity/space counts,False,False,True,,,Historical feature is safe provided its window contains only observations at or before T.,Document lag/rolling window construction and production data availability.
occupied_spaces_roll_max_1h,historical_lag,historical_lag,SAFE_IF_GENERATED_CAUSALLY,HIGH,HISTORICAL_OBSERVATIONS,occupancy/occupied_spaces; capacity/space counts,False,False,True,,,Historical feature is safe provided its window contains only observations at or before T.,Document lag/rolling window construction and production data availability.
occupied_spaces_roll_median_1h,historical_lag,historical_lag,SAFE_IF_GENERATED_CAUSALLY,HIGH,HISTORICAL_OBSERVATIONS,occupancy/occupied_spaces; capacity/space counts,False,False,True,,,Historical feature is safe provided its window contains only observations at or before T.,Document lag/rolling window construction and production data availability.
occupied_spaces_roll_trend_1h,historical_lag,historical_lag,SAFE_IF_GENERATED_CAUSALLY,HIGH,HISTORICAL_OBSERVATIONS,occupancy/occupied_spaces; capacity/space counts,False,False,True,,,Historical feature is safe provided its window contains only observations at or before T.,Document lag/rolling window construction and production data availability.
occupied_spaces_roll_count_1h,historical_lag,historical_lag,SAFE_IF_GENERATED_CAUSALLY,HIGH,HISTORICAL_OBSERVATIONS,occupancy/occupied_spaces; capacity/space counts,False,False,True,,,Historical feature is safe provided its window contains only observations at or before T.,Document lag/rolling window construction and production data availability.
occupied_spaces_roll_missing_1h,historical_lag,historical_lag,SAFE_IF_GENERATED_CAUSALLY,HIGH,HISTORICAL_OBSERVATIONS,occupancy/occupied_spaces; capacity/space counts,False,False,True,,,Historical feature is safe provided its window contains only observations at or before T.,Document lag/rolling window construction and production data availability.
occupied_spaces_roll_coverage_ratio_1h,historical_lag,historical_lag,SAFE_IF_GENERATED_CAUSALLY,HIGH,HISTORICAL_OBSERVATIONS,occupancy/occupied_spaces; capacity/space counts,False,False,True,,,Historical feature is safe provided its window contains only observations at or before T.,Document lag/rolling window construction and production data availability.
occupied_spaces_roll_1h_available,historical_lag,historical_lag,SAFE_IF_GENERATED_CAUSALLY,HIGH,HISTORICAL_OBSERVATIONS,occupancy/occupied_spaces; availability/available_spaces; capacity/space counts,False,False,True,,,Historical feature is safe provided its window contains only observations at or before T.,Document lag/rolling window construction and production data availability.
occupied_spaces_roll_mean_2h,historical_lag,historical_lag,SAFE_IF_GENERATED_CAUSALLY,HIGH,HISTORICAL_OBSERVATIONS,occupancy/occupied_spaces; capacity/space counts,False,False,True,,,Historical feature is safe provided its window contains only observations at or before T.,Document lag/rolling window construction and production data availability.
occupied_spaces_roll_std_2h,historical_lag,historical_lag,SAFE_IF_GENERATED_CAUSALLY,HIGH,HISTORICAL_OBSERVATIONS,occupancy/occupied_spaces; capacity/space counts,False,False,True,,,Historical feature is safe provided its window contains only observations at or before T.,Document lag/rolling window construction and production data availability.
occupied_spaces_roll_min_2h,historical_lag,historical_lag,SAFE_IF_GENERATED_CAUSALLY,HIGH,HISTORICAL_OBSERVATIONS,occupancy/occupied_spaces; capacity/space counts,False,False,True,,,Historical feature is safe provided its window contains only observations at or before T.,Document lag/rolling window construction and production data availability.
occupied_spaces_roll_max_2h,historical_lag,historical_lag,SAFE_IF_GENERATED_CAUSALLY,HIGH,HISTORICAL_OBSERVATIONS,occupancy/occupied_spaces; capacity/space counts,False,False,True,,,Historical feature is safe provided its window contains only observations at or before T.,Document lag/rolling window construction and production data availability.
occupied_spaces_roll_median_2h,historical_lag,historical_lag,SAFE_IF_GENERATED_CAUSALLY,HIGH,HISTORICAL_OBSERVATIONS,occupancy/occupied_spaces; capacity/space counts,False,False,True,,,Historical feature is safe provided its window contains only observations at or before T.,Document lag/rolling window construction and production data availability.
occupied_spaces_roll_trend_2h,historical_lag,historical_lag,SAFE_IF_GENERATED_CAUSALLY,HIGH,HISTORICAL_OBSERVATIONS,occupancy/occupied_spaces; capacity/space counts,False,False,True,,,Historical feature is safe provided its window contains only observations at or before T.,Document lag/rolling window construction and production data availability.
occupied_spaces_roll_count_2h,historical_lag,historical_lag,SAFE_IF_GENERATED_CAUSALLY,HIGH,HISTORICAL_OBSERVATIONS,occupancy/occupied_spaces; capacity/space counts,False,False,True,,,Historical feature is safe provided its window contains only observations at or before T.,Document lag/rolling window construction and production data availability.
occupied_spaces_roll_missing_2h,historical_lag,historical_lag,SAFE_IF_GENERATED_CAUSALLY,HIGH,HISTORICAL_OBSERVATIONS,occupancy/occupied_spaces; capacity/space counts,False,False,True,,,Historical feature is safe provided its window contains only observations at or before T.,Document lag/rolling window construction and production data availability.
occupied_spaces_roll_coverage_ratio_2h,historical_lag,historical_lag,SAFE_IF_GENERATED_CAUSALLY,HIGH,HISTORICAL_OBSERVATIONS,occupancy/occupied_spaces; capacity/space counts,False,False,True,,,Historical feature is safe provided its window contains only observations at or before T.,Document lag/rolling window construction and production data availability.
occupied_spaces_roll_2h_available,historical_lag,historical_lag,SAFE_IF_GENERATED_CAUSALLY,HIGH,HISTORICAL_OBSERVATIONS,occupancy/occupied_spaces; availability/available_spaces; capacity/space counts,False,False,True,,,Historical feature is safe provided its window contains only observations at or before T.,Document lag/rolling window construction and production data availability.
occupied_spaces_roll_mean_3h,historical_lag,historical_lag,SAFE_IF_GENERATED_CAUSALLY,HIGH,HISTORICAL_OBSERVATIONS,occupancy/occupied_spaces; capacity/space counts,False,False,True,,,Historical feature is safe provided its window contains only observations at or before T.,Document lag/rolling window construction and production data availability.
occupied_spaces_roll_std_3h,historical_lag,historical_lag,SAFE_IF_GENERATED_CAUSALLY,HIGH,HISTORICAL_OBSERVATIONS,occupancy/occupied_spaces; capacity/space counts,False,False,True,,,Historical feature is safe provided its window contains only observations at or before T.,Document lag/rolling window construction and production data availability.
occupied_spaces_roll_min_3h,historical_lag,historical_lag,SAFE_IF_GENERATED_CAUSALLY,HIGH,HISTORICAL_OBSERVATIONS,occupancy/occupied_spaces; capacity/space counts,False,False,True,,,Historical feature is safe provided its window contains only observations at or before T.,Document lag/rolling window construction and production data availability.
occupied_spaces_roll_max_3h,historical_lag,historical_lag,SAFE_IF_GENERATED_CAUSALLY,HIGH,HISTORICAL_OBSERVATIONS,occupancy/occupied_spaces; capacity/space counts,False,False,True,,,Historical feature is safe provided its window contains only observations at or before T.,Document lag/rolling window construction and production data availability.
occupied_spaces_roll_median_3h,historical_lag,historical_lag,SAFE_IF_GENERATED_CAUSALLY,HIGH,HISTORICAL_OBSERVATIONS,occupancy/occupied_spaces; capacity/space counts,False,False,True,,,Historical feature is safe provided its window contains only observations at or before T.,Document lag/rolling window construction and production data availability.
occupied_spaces_roll_trend_3h,historical_lag,historical_lag,SAFE_IF_GENERATED_CAUSALLY,HIGH,HISTORICAL_OBSERVATIONS,occupancy/occupied_spaces; capacity/space counts,False,False,True,,,Historical feature is safe provided its window contains only observations at or before T.,Document lag/rolling window construction and production data availability.
occupied_spaces_roll_count_3h,historical_lag,historical_lag,SAFE_IF_GENERATED_CAUSALLY,HIGH,HISTORICAL_OBSERVATIONS,occupancy/occupied_spaces; capacity/space counts,False,False,True,,,Historical feature is safe provided its window contains only observations at or before T.,Document lag/rolling window construction and production data availability.
occupied_spaces_roll_missing_3h,historical_lag,historical_lag,SAFE_IF_GENERATED_CAUSALLY,HIGH,HISTORICAL_OBSERVATIONS,occupancy/occupied_spaces; capacity/space counts,False,False,True,,,Historical feature is safe provided its window contains only observations at or before T.,Document lag/rolling window construction and production data availability.
occupied_spaces_roll_coverage_ratio_3h,historical_lag,historical_lag,SAFE_IF_GENERATED_CAUSALLY,HIGH,HISTORICAL_OBSERVATIONS,occupancy/occupied_spaces; capacity/space counts,False,False,True,,,Historical feature is safe provided its window contains only observations at or before T.,Document lag/rolling window construction and production data availability.
occupied_spaces_roll_3h_available,historical_lag,historical_lag,SAFE_IF_GENERATED_CAUSALLY,HIGH,HISTORICAL_OBSERVATIONS,occupancy/occupied_spaces; availability/available_spaces; capacity/space counts,False,False,True,,,Historical feature is safe provided its window contains only observations at or before T.,Document lag/rolling window construction and production data availability.
occupied_spaces_roll_mean_6h,historical_lag,historical_lag,SAFE_IF_GENERATED_CAUSALLY,HIGH,HISTORICAL_OBSERVATIONS,occupancy/occupied_spaces; capacity/space counts,False,False,True,,,Historical feature is safe provided its window contains only observations at or before T.,Document lag/rolling window construction and production data availability.
occupied_spaces_roll_std_6h,historical_lag,historical_lag,SAFE_IF_GENERATED_CAUSALLY,HIGH,HISTORICAL_OBSERVATIONS,occupancy/occupied_spaces; capacity/space counts,False,False,True,,,Historical feature is safe provided its window contains only observations at or before T.,Document lag/rolling window construction and production data availability.
occupied_spaces_roll_min_6h,historical_lag,historical_lag,SAFE_IF_GENERATED_CAUSALLY,HIGH,HISTORICAL_OBSERVATIONS,occupancy/occupied_spaces; capacity/space counts,False,False,True,,,Historical feature is safe provided its window contains only observations at or before T.,Document lag/rolling window construction and production data availability.
occupied_spaces_roll_max_6h,historical_lag,historical_lag,SAFE_IF_GENERATED_CAUSALLY,HIGH,HISTORICAL_OBSERVATIONS,occupancy/occupied_spaces; capacity/space counts,False,False,True,,,Historical feature is safe provided its window contains only observations at or before T.,Document lag/rolling window construction and production data availability.
occupied_spaces_roll_median_6h,historical_lag,historical_lag,SAFE_IF_GENERATED_CAUSALLY,HIGH,HISTORICAL_OBSERVATIONS,occupancy/occupied_spaces; capacity/space counts,False,False,True,,,Historical feature is safe provided its window contains only observations at or before T.,Document lag/rolling window construction and production data availability.
occupied_spaces_roll_trend_6h,historical_lag,historical_lag,SAFE_IF_GENERATED_CAUSALLY,HIGH,HISTORICAL_OBSERVATIONS,occupancy/occupied_spaces; capacity/space counts,False,False,True,,,Historical feature is safe provided its window contains only observations at or before T.,Document lag/rolling window construction and production data availability.
occupied_spaces_roll_count_6h,historical_lag,historical_lag,SAFE_IF_GENERATED_CAUSALLY,HIGH,HISTORICAL_OBSERVATIONS,occupancy/occupied_spaces; capacity/space counts,False,False,True,,,Historical feature is safe provided its window contains only observations at or before T.,Document lag/rolling window construction and production data availability.
occupied_spaces_roll_missing_6h,historical_lag,historical_lag,SAFE_IF_GENERATED_CAUSALLY,HIGH,HISTORICAL_OBSERVATIONS,occupancy/occupied_spaces; capacity/space counts,False,False,True,,,Historical feature is safe provided its window contains only observations at or before T.,Document lag/rolling window construction and production data availability.
occupied_spaces_roll_coverage_ratio_6h,historical_lag,historical_lag,SAFE_IF_GENERATED_CAUSALLY,HIGH,HISTORICAL_OBSERVATIONS,occupancy/occupied_spaces; capacity/space counts,False,False,True,,,Historical feature is safe provided its window contains only observations at or before T.,Document lag/rolling window construction and production data availability.
occupied_spaces_roll_6h_available,historical_lag,historical_lag,SAFE_IF_GENERATED_CAUSALLY,HIGH,HISTORICAL_OBSERVATIONS,occupancy/occupied_spaces; availability/available_spaces; capacity/space counts,False,False,True,,,Historical feature is safe provided its window contains only observations at or before T.,Document lag/rolling window construction and production data availability.
occupied_spaces_roll_mean_12h,historical_lag,historical_lag,SAFE_IF_GENERATED_CAUSALLY,HIGH,HISTORICAL_OBSERVATIONS,occupancy/occupied_spaces; capacity/space counts,False,False,True,,,Historical feature is safe provided its window contains only observations at or before T.,Document lag/rolling window construction and production data availability.
occupied_spaces_roll_std_12h,historical_lag,historical_lag,SAFE_IF_GENERATED_CAUSALLY,HIGH,HISTORICAL_OBSERVATIONS,occupancy/occupied_spaces; capacity/space counts,False,False,True,,,Historical feature is safe provided its window contains only observations at or before T.,Document lag/rolling window construction and production data availability.
occupied_spaces_roll_min_12h,historical_lag,historical_lag,SAFE_IF_GENERATED_CAUSALLY,HIGH,HISTORICAL_OBSERVATIONS,occupancy/occupied_spaces; capacity/space counts,False,False,True,,,Historical feature is safe provided its window contains only observations at or before T.,Document lag/rolling window construction and production data availability.
occupied_spaces_roll_max_12h,historical_lag,historical_lag,SAFE_IF_GENERATED_CAUSALLY,HIGH,HISTORICAL_OBSERVATIONS,occupancy/occupied_spaces; capacity/space counts,False,False,True,,,Historical feature is safe provided its window contains only observations at or before T.,Document lag/rolling window construction and production data availability.
occupied_spaces_roll_median_12h,historical_lag,historical_lag,SAFE_IF_GENERATED_CAUSALLY,HIGH,HISTORICAL_OBSERVATIONS,occupancy/occupied_spaces; capacity/space counts,False,False,True,,,Historical feature is safe provided its window contains only observations at or before T.,Document lag/rolling window construction and production data availability.
occupied_spaces_roll_trend_12h,historical_lag,historical_lag,SAFE_IF_GENERATED_CAUSALLY,HIGH,HISTORICAL_OBSERVATIONS,occupancy/occupied_spaces; capacity/space counts,False,False,True,,,Historical feature is safe provided its window contains only observations at or before T.,Document lag/rolling window construction and production data availability.
occupied_spaces_roll_count_12h,historical_lag,historical_lag,SAFE_IF_GENERATED_CAUSALLY,HIGH,HISTORICAL_OBSERVATIONS,occupancy/occupied_spaces; capacity/space counts,False,False,True,,,Historical feature is safe provided its window contains only observations at or before T.,Document lag/rolling window construction and production data availability.
occupied_spaces_roll_missing_12h,historical_lag,historical_lag,SAFE_IF_GENERATED_CAUSALLY,HIGH,HISTORICAL_OBSERVATIONS,occupancy/occupied_spaces; capacity/space counts,False,False,True,,,Historical feature is safe provided its window contains only observations at or before T.,Document lag/rolling window construction and production data availability.
occupied_spaces_roll_coverage_ratio_12h,historical_lag,historical_lag,SAFE_IF_GENERATED_CAUSALLY,HIGH,HISTORICAL_OBSERVATIONS,occupancy/occupied_spaces; capacity/space counts,False,False,True,,,Historical feature is safe provided its window contains only observations at or before T.,Document lag/rolling window construction and production data availability.
occupied_spaces_roll_12h_available,historical_lag,historical_lag,SAFE_IF_GENERATED_CAUSALLY,HIGH,HISTORICAL_OBSERVATIONS,occupancy/occupied_spaces; availability/available_spaces; capacity/space counts,False,False,True,,,Historical feature is safe provided its window contains only observations at or before T.,Document lag/rolling window construction and production data availability.
occupied_spaces_roll_mean_1d,historical_lag,historical_lag,SAFE_IF_GENERATED_CAUSALLY,HIGH,HISTORICAL_OBSERVATIONS,occupancy/occupied_spaces; capacity/space counts,False,False,True,,,Historical feature is safe provided its window contains only observations at or before T.,Document lag/rolling window construction and production data availability.
occupied_spaces_roll_std_1d,historical_lag,historical_lag,SAFE_IF_GENERATED_CAUSALLY,HIGH,HISTORICAL_OBSERVATIONS,occupancy/occupied_spaces; capacity/space counts,False,False,True,,,Historical feature is safe provided its window contains only observations at or before T.,Document lag/rolling window construction and production data availability.
occupied_spaces_roll_min_1d,historical_lag,historical_lag,SAFE_IF_GENERATED_CAUSALLY,HIGH,HISTORICAL_OBSERVATIONS,occupancy/occupied_spaces; capacity/space counts,False,False,True,,,Historical feature is safe provided its window contains only observations at or before T.,Document lag/rolling window construction and production data availability.
occupied_spaces_roll_max_1d,historical_lag,historical_lag,SAFE_IF_GENERATED_CAUSALLY,HIGH,HISTORICAL_OBSERVATIONS,occupancy/occupied_spaces; capacity/space counts,False,False,True,,,Historical feature is safe provided its window contains only observations at or before T.,Document lag/rolling window construction and production data availability.
occupied_spaces_roll_median_1d,historical_lag,historical_lag,SAFE_IF_GENERATED_CAUSALLY,HIGH,HISTORICAL_OBSERVATIONS,occupancy/occupied_spaces; capacity/space counts,False,False,True,,,Historical feature is safe provided its window contains only observations at or before T.,Document lag/rolling window construction and production data availability.
occupied_spaces_roll_trend_1d,historical_lag,historical_lag,SAFE_IF_GENERATED_CAUSALLY,HIGH,HISTORICAL_OBSERVATIONS,occupancy/occupied_spaces; capacity/space counts,False,False,True,,,Historical feature is safe provided its window contains only observations at or before T.,Document lag/rolling window construction and production data availability.
occupied_spaces_roll_count_1d,historical_lag,historical_lag,SAFE_IF_GENERATED_CAUSALLY,HIGH,HISTORICAL_OBSERVATIONS,occupancy/occupied_spaces; capacity/space counts,False,False,True,,,Historical feature is safe provided its window contains only observations at or before T.,Document lag/rolling window construction and production data availability.
occupied_spaces_roll_missing_1d,historical_lag,historical_lag,SAFE_IF_GENERATED_CAUSALLY,HIGH,HISTORICAL_OBSERVATIONS,occupancy/occupied_spaces; capacity/space counts,False,False,True,,,Historical feature is safe provided its window contains only observations at or before T.,Document lag/rolling window construction and production data availability.
occupied_spaces_roll_coverage_ratio_1d,historical_lag,historical_lag,SAFE_IF_GENERATED_CAUSALLY,HIGH,HISTORICAL_OBSERVATIONS,occupancy/occupied_spaces; capacity/space counts,False,False,True,,,Historical feature is safe provided its window contains only observations at or before T.,Document lag/rolling window construction and production data availability.
occupied_spaces_roll_1d_available,historical_lag,historical_lag,SAFE_IF_GENERATED_CAUSALLY,HIGH,HISTORICAL_OBSERVATIONS,occupancy/occupied_spaces; availability/available_spaces; capacity/space counts,False,False,True,,,Historical feature is safe provided its window contains only observations at or before T.,Document lag/rolling window construction and production data availability.
available_spaces_roll_mean_1h,historical_lag,historical_lag,SAFE_IF_GENERATED_CAUSALLY,HIGH,HISTORICAL_OBSERVATIONS,availability/available_spaces; capacity/space counts,False,False,True,,,Historical feature is safe provided its window contains only observations at or before T.,Document lag/rolling window construction and production data availability.
available_spaces_roll_std_1h,historical_lag,historical_lag,SAFE_IF_GENERATED_CAUSALLY,HIGH,HISTORICAL_OBSERVATIONS,availability/available_spaces; capacity/space counts,False,False,True,,,Historical feature is safe provided its window contains only observations at or before T.,Document lag/rolling window construction and production data availability.
available_spaces_roll_min_1h,historical_lag,historical_lag,SAFE_IF_GENERATED_CAUSALLY,HIGH,HISTORICAL_OBSERVATIONS,availability/available_spaces; capacity/space counts,False,False,True,,,Historical feature is safe provided its window contains only observations at or before T.,Document lag/rolling window construction and production data availability.
available_spaces_roll_max_1h,historical_lag,historical_lag,SAFE_IF_GENERATED_CAUSALLY,HIGH,HISTORICAL_OBSERVATIONS,availability/available_spaces; capacity/space counts,False,False,True,,,Historical feature is safe provided its window contains only observations at or before T.,Document lag/rolling window construction and production data availability.
available_spaces_roll_median_1h,historical_lag,historical_lag,SAFE_IF_GENERATED_CAUSALLY,HIGH,HISTORICAL_OBSERVATIONS,availability/available_spaces; capacity/space counts,False,False,True,,,Historical feature is safe provided its window contains only observations at or before T.,Document lag/rolling window construction and production data availability.
available_spaces_roll_trend_1h,historical_lag,historical_lag,SAFE_IF_GENERATED_CAUSALLY,HIGH,HISTORICAL_OBSERVATIONS,availability/available_spaces; capacity/space counts,False,False,True,,,Historical feature is safe provided its window contains only observations at or before T.,Document lag/rolling window construction and production data availability.
available_spaces_roll_count_1h,historical_lag,historical_lag,SAFE_IF_GENERATED_CAUSALLY,HIGH,HISTORICAL_OBSERVATIONS,availability/available_spaces; capacity/space counts,False,False,True,,,Historical feature is safe provided its window contains only observations at or before T.,Document lag/rolling window construction and production data availability.
available_spaces_roll_missing_1h,historical_lag,historical_lag,SAFE_IF_GENERATED_CAUSALLY,HIGH,HISTORICAL_OBSERVATIONS,availability/available_spaces; capacity/space counts,False,False,True,,,Historical feature is safe provided its window contains only observations at or before T.,Document lag/rolling window construction and production data availability.
available_spaces_roll_coverage_ratio_1h,historical_lag,historical_lag,SAFE_IF_GENERATED_CAUSALLY,HIGH,HISTORICAL_OBSERVATIONS,availability/available_spaces; capacity/space counts,False,False,True,,,Historical feature is safe provided its window contains only observations at or before T.,Document lag/rolling window construction and production data availability.
available_spaces_roll_1h_available,historical_lag,historical_lag,SAFE_IF_GENERATED_CAUSALLY,HIGH,HISTORICAL_OBSERVATIONS,availability/available_spaces; capacity/space counts,False,False,True,,,Historical feature is safe provided its window contains only observations at or before T.,Document lag/rolling window construction and production data availability.
available_spaces_roll_mean_2h,historical_lag,historical_lag,SAFE_IF_GENERATED_CAUSALLY,HIGH,HISTORICAL_OBSERVATIONS,availability/available_spaces; capacity/space counts,False,False,True,,,Historical feature is safe provided its window contains only observations at or before T.,Document lag/rolling window construction and production data availability.
available_spaces_roll_std_2h,historical_lag,historical_lag,SAFE_IF_GENERATED_CAUSALLY,HIGH,HISTORICAL_OBSERVATIONS,availability/available_spaces; capacity/space counts,False,False,True,,,Historical feature is safe provided its window contains only observations at or before T.,Document lag/rolling window construction and production data availability.
available_spaces_roll_min_2h,historical_lag,historical_lag,SAFE_IF_GENERATED_CAUSALLY,HIGH,HISTORICAL_OBSERVATIONS,availability/available_spaces; capacity/space counts,False,False,True,,,Historical feature is safe provided its window contains only observations at or before T.,Document lag/rolling window construction and production data availability.
available_spaces_roll_max_2h,historical_lag,historical_lag,SAFE_IF_GENERATED_CAUSALLY,HIGH,HISTORICAL_OBSERVATIONS,availability/available_spaces; capacity/space counts,False,False,True,,,Historical feature is safe provided its window contains only observations at or before T.,Document lag/rolling window construction and production data availability.
available_spaces_roll_median_2h,historical_lag,historical_lag,SAFE_IF_GENERATED_CAUSALLY,HIGH,HISTORICAL_OBSERVATIONS,availability/available_spaces; capacity/space counts,False,False,True,,,Historical feature is safe provided its window contains only observations at or before T.,Document lag/rolling window construction and production data availability.
available_spaces_roll_trend_2h,historical_lag,historical_lag,SAFE_IF_GENERATED_CAUSALLY,HIGH,HISTORICAL_OBSERVATIONS,availability/available_spaces; capacity/space counts,False,False,True,,,Historical feature is safe provided its window contains only observations at or before T.,Document lag/rolling window construction and production data availability.
available_spaces_roll_count_2h,historical_lag,historical_lag,SAFE_IF_GENERATED_CAUSALLY,HIGH,HISTORICAL_OBSERVATIONS,availability/available_spaces; capacity/space counts,False,False,True,,,Historical feature is safe provided its window contains only observations at or before T.,Document lag/rolling window construction and production data availability.
available_spaces_roll_missing_2h,historical_lag,historical_lag,SAFE_IF_GENERATED_CAUSALLY,HIGH,HISTORICAL_OBSERVATIONS,availability/available_spaces; capacity/space counts,False,False,True,,,Historical feature is safe provided its window contains only observations at or before T.,Document lag/rolling window construction and production data availability.
available_spaces_roll_coverage_ratio_2h,historical_lag,historical_lag,SAFE_IF_GENERATED_CAUSALLY,HIGH,HISTORICAL_OBSERVATIONS,availability/available_spaces; capacity/space counts,False,False,True,,,Historical feature is safe provided its window contains only observations at or before T.,Document lag/rolling window construction and production data availability.
available_spaces_roll_2h_available,historical_lag,historical_lag,SAFE_IF_GENERATED_CAUSALLY,HIGH,HISTORICAL_OBSERVATIONS,availability/available_spaces; capacity/space counts,False,False,True,,,Historical feature is safe provided its window contains only observations at or before T.,Document lag/rolling window construction and production data availability.
available_spaces_roll_mean_3h,historical_lag,historical_lag,SAFE_IF_GENERATED_CAUSALLY,HIGH,HISTORICAL_OBSERVATIONS,availability/available_spaces; capacity/space counts,False,False,True,,,Historical feature is safe provided its window contains only observations at or before T.,Document lag/rolling window construction and production data availability.
available_spaces_roll_std_3h,historical_lag,historical_lag,SAFE_IF_GENERATED_CAUSALLY,HIGH,HISTORICAL_OBSERVATIONS,availability/available_spaces; capacity/space counts,False,False,True,,,Historical feature is safe provided its window contains only observations at or before T.,Document lag/rolling window construction and production data availability.
available_spaces_roll_min_3h,historical_lag,historical_lag,SAFE_IF_GENERATED_CAUSALLY,HIGH,HISTORICAL_OBSERVATIONS,availability/available_spaces; capacity/space counts,False,False,True,,,Historical feature is safe provided its window contains only observations at or before T.,Document lag/rolling window construction and production data availability.
available_spaces_roll_max_3h,historical_lag,historical_lag,SAFE_IF_GENERATED_CAUSALLY,HIGH,HISTORICAL_OBSERVATIONS,availability/available_spaces; capacity/space counts,False,False,True,,,Historical feature is safe provided its window contains only observations at or before T.,Document lag/rolling window construction and production data availability.
available_spaces_roll_median_3h,historical_lag,historical_lag,SAFE_IF_GENERATED_CAUSALLY,HIGH,HISTORICAL_OBSERVATIONS,availability/available_spaces; capacity/space counts,False,False,True,,,Historical feature is safe provided its window contains only observations at or before T.,Document lag/rolling window construction and production data availability.
available_spaces_roll_trend_3h,historical_lag,historical_lag,SAFE_IF_GENERATED_CAUSALLY,HIGH,HISTORICAL_OBSERVATIONS,availability/available_spaces; capacity/space counts,False,False,True,,,Historical feature is safe provided its window contains only observations at or before T.,Document lag/rolling window construction and production data availability.
available_spaces_roll_count_3h,historical_lag,historical_lag,SAFE_IF_GENERATED_CAUSALLY,HIGH,HISTORICAL_OBSERVATIONS,availability/available_spaces; capacity/space counts,False,False,True,,,Historical feature is safe provided its window contains only observations at or before T.,Document lag/rolling window construction and production data availability.
available_spaces_roll_missing_3h,historical_lag,historical_lag,SAFE_IF_GENERATED_CAUSALLY,HIGH,HISTORICAL_OBSERVATIONS,availability/available_spaces; capacity/space counts,False,False,True,,,Historical feature is safe provided its window contains only observations at or before T.,Document lag/rolling window construction and production data availability.
available_spaces_roll_coverage_ratio_3h,historical_lag,historical_lag,SAFE_IF_GENERATED_CAUSALLY,HIGH,HISTORICAL_OBSERVATIONS,availability/available_spaces; capacity/space counts,False,False,True,,,Historical feature is safe provided its window contains only observations at or before T.,Document lag/rolling window construction and production data availability.
available_spaces_roll_3h_available,historical_lag,historical_lag,SAFE_IF_GENERATED_CAUSALLY,HIGH,HISTORICAL_OBSERVATIONS,availability/available_spaces; capacity/space counts,False,False,True,,,Historical feature is safe provided its window contains only observations at or before T.,Document lag/rolling window construction and production data availability.
available_spaces_roll_mean_6h,historical_lag,historical_lag,SAFE_IF_GENERATED_CAUSALLY,HIGH,HISTORICAL_OBSERVATIONS,availability/available_spaces; capacity/space counts,False,False,True,,,Historical feature is safe provided its window contains only observations at or before T.,Document lag/rolling window construction and production data availability.
available_spaces_roll_std_6h,historical_lag,historical_lag,SAFE_IF_GENERATED_CAUSALLY,HIGH,HISTORICAL_OBSERVATIONS,availability/available_spaces; capacity/space counts,False,False,True,,,Historical feature is safe provided its window contains only observations at or before T.,Document lag/rolling window construction and production data availability.
available_spaces_roll_min_6h,historical_lag,historical_lag,SAFE_IF_GENERATED_CAUSALLY,HIGH,HISTORICAL_OBSERVATIONS,availability/available_spaces; capacity/space counts,False,False,True,,,Historical feature is safe provided its window contains only observations at or before T.,Document lag/rolling window construction and production data availability.
available_spaces_roll_max_6h,historical_lag,historical_lag,SAFE_IF_GENERATED_CAUSALLY,HIGH,HISTORICAL_OBSERVATIONS,availability/available_spaces; capacity/space counts,False,False,True,,,Historical feature is safe provided its window contains only observations at or before T.,Document lag/rolling window construction and production data availability.
available_spaces_roll_median_6h,historical_lag,historical_lag,SAFE_IF_GENERATED_CAUSALLY,HIGH,HISTORICAL_OBSERVATIONS,availability/available_spaces; capacity/space counts,False,False,True,,,Historical feature is safe provided its window contains only observations at or before T.,Document lag/rolling window construction and production data availability.
available_spaces_roll_trend_6h,historical_lag,historical_lag,SAFE_IF_GENERATED_CAUSALLY,HIGH,HISTORICAL_OBSERVATIONS,availability/available_spaces; capacity/space counts,False,False,True,,,Historical feature is safe provided its window contains only observations at or before T.,Document lag/rolling window construction and production data availability.
available_spaces_roll_count_6h,historical_lag,historical_lag,SAFE_IF_GENERATED_CAUSALLY,HIGH,HISTORICAL_OBSERVATIONS,availability/available_spaces; capacity/space counts,False,False,True,,,Historical feature is safe provided its window contains only observations at or before T.,Document lag/rolling window construction and production data availability.
available_spaces_roll_missing_6h,historical_lag,historical_lag,SAFE_IF_GENERATED_CAUSALLY,HIGH,HISTORICAL_OBSERVATIONS,availability/available_spaces; capacity/space counts,False,False,True,,,Historical feature is safe provided its window contains only observations at or before T.,Document lag/rolling window construction and production data availability.
available_spaces_roll_coverage_ratio_6h,historical_lag,historical_lag,SAFE_IF_GENERATED_CAUSALLY,HIGH,HISTORICAL_OBSERVATIONS,availability/available_spaces; capacity/space counts,False,False,True,,,Historical feature is safe provided its window contains only observations at or before T.,Document lag/rolling window construction and production data availability.
available_spaces_roll_6h_available,historical_lag,historical_lag,SAFE_IF_GENERATED_CAUSALLY,HIGH,HISTORICAL_OBSERVATIONS,availability/available_spaces; capacity/space counts,False,False,True,,,Historical feature is safe provided its window contains only observations at or before T.,Document lag/rolling window construction and production data availability.
available_spaces_roll_mean_12h,historical_lag,historical_lag,SAFE_IF_GENERATED_CAUSALLY,HIGH,HISTORICAL_OBSERVATIONS,availability/available_spaces; capacity/space counts,False,False,True,,,Historical feature is safe provided its window contains only observations at or before T.,Document lag/rolling window construction and production data availability.
available_spaces_roll_std_12h,historical_lag,historical_lag,SAFE_IF_GENERATED_CAUSALLY,HIGH,HISTORICAL_OBSERVATIONS,availability/available_spaces; capacity/space counts,False,False,True,,,Historical feature is safe provided its window contains only observations at or before T.,Document lag/rolling window construction and production data availability.
available_spaces_roll_min_12h,historical_lag,historical_lag,SAFE_IF_GENERATED_CAUSALLY,HIGH,HISTORICAL_OBSERVATIONS,availability/available_spaces; capacity/space counts,False,False,True,,,Historical feature is safe provided its window contains only observations at or before T.,Document lag/rolling window construction and production data availability.
available_spaces_roll_max_12h,historical_lag,historical_lag,SAFE_IF_GENERATED_CAUSALLY,HIGH,HISTORICAL_OBSERVATIONS,availability/available_spaces; capacity/space counts,False,False,True,,,Historical feature is safe provided its window contains only observations at or before T.,Document lag/rolling window construction and production data availability.
available_spaces_roll_median_12h,historical_lag,historical_lag,SAFE_IF_GENERATED_CAUSALLY,HIGH,HISTORICAL_OBSERVATIONS,availability/available_spaces; capacity/space counts,False,False,True,,,Historical feature is safe provided its window contains only observations at or before T.,Document lag/rolling window construction and production data availability.
available_spaces_roll_trend_12h,historical_lag,historical_lag,SAFE_IF_GENERATED_CAUSALLY,HIGH,HISTORICAL_OBSERVATIONS,availability/available_spaces; capacity/space counts,False,False,True,,,Historical feature is safe provided its window contains only observations at or before T.,Document lag/rolling window construction and production data availability.
available_spaces_roll_count_12h,historical_lag,historical_lag,SAFE_IF_GENERATED_CAUSALLY,HIGH,HISTORICAL_OBSERVATIONS,availability/available_spaces; capacity/space counts,False,False,True,,,Historical feature is safe provided its window contains only observations at or before T.,Document lag/rolling window construction and production data availability.
available_spaces_roll_missing_12h,historical_lag,historical_lag,SAFE_IF_GENERATED_CAUSALLY,HIGH,HISTORICAL_OBSERVATIONS,availability/available_spaces; capacity/space counts,False,False,True,,,Historical feature is safe provided its window contains only observations at or before T.,Document lag/rolling window construction and production data availability.
available_spaces_roll_coverage_ratio_12h,historical_lag,historical_lag,SAFE_IF_GENERATED_CAUSALLY,HIGH,HISTORICAL_OBSERVATIONS,availability/available_spaces; capacity/space counts,False,False,True,,,Historical feature is safe provided its window contains only observations at or before T.,Document lag/rolling window construction and production data availability.
available_spaces_roll_12h_available,historical_lag,historical_lag,SAFE_IF_GENERATED_CAUSALLY,HIGH,HISTORICAL_OBSERVATIONS,availability/available_spaces; capacity/space counts,False,False,True,,,Historical feature is safe provided its window contains only observations at or before T.,Document lag/rolling window construction and production data availability.
available_spaces_roll_mean_1d,historical_lag,historical_lag,SAFE_IF_GENERATED_CAUSALLY,HIGH,HISTORICAL_OBSERVATIONS,availability/available_spaces; capacity/space counts,False,False,True,,,Historical feature is safe provided its window contains only observations at or before T.,Document lag/rolling window construction and production data availability.
available_spaces_roll_std_1d,historical_lag,historical_lag,SAFE_IF_GENERATED_CAUSALLY,HIGH,HISTORICAL_OBSERVATIONS,availability/available_spaces; capacity/space counts,False,False,True,,,Historical feature is safe provided its window contains only observations at or before T.,Document lag/rolling window construction and production data availability.
available_spaces_roll_min_1d,historical_lag,historical_lag,SAFE_IF_GENERATED_CAUSALLY,HIGH,HISTORICAL_OBSERVATIONS,availability/available_spaces; capacity/space counts,False,False,True,,,Historical feature is safe provided its window contains only observations at or before T.,Document lag/rolling window construction and production data availability.
available_spaces_roll_max_1d,historical_lag,historical_lag,SAFE_IF_GENERATED_CAUSALLY,HIGH,HISTORICAL_OBSERVATIONS,availability/available_spaces; capacity/space counts,False,False,True,,,Historical feature is safe provided its window contains only observations at or before T.,Document lag/rolling window construction and production data availability.
available_spaces_roll_median_1d,historical_lag,historical_lag,SAFE_IF_GENERATED_CAUSALLY,HIGH,HISTORICAL_OBSERVATIONS,availability/available_spaces; capacity/space counts,False,False,True,,,Historical feature is safe provided its window contains only observations at or before T.,Document lag/rolling window construction and production data availability.
available_spaces_roll_trend_1d,historical_lag,historical_lag,SAFE_IF_GENERATED_CAUSALLY,HIGH,HISTORICAL_OBSERVATIONS,availability/available_spaces; capacity/space counts,False,False,True,,,Historical feature is safe provided its window contains only observations at or before T.,Document lag/rolling window construction and production data availability.
available_spaces_roll_count_1d,historical_lag,historical_lag,SAFE_IF_GENERATED_CAUSALLY,HIGH,HISTORICAL_OBSERVATIONS,availability/available_spaces; capacity/space counts,False,False,True,,,Historical feature is safe provided its window contains only observations at or before T.,Document lag/rolling window construction and production data availability.
available_spaces_roll_missing_1d,historical_lag,historical_lag,SAFE_IF_GENERATED_CAUSALLY,HIGH,HISTORICAL_OBSERVATIONS,availability/available_spaces; capacity/space counts,False,False,True,,,Historical feature is safe provided its window contains only observations at or before T.,Document lag/rolling window construction and production data availability.
available_spaces_roll_coverage_ratio_1d,historical_lag,historical_lag,SAFE_IF_GENERATED_CAUSALLY,HIGH,HISTORICAL_OBSERVATIONS,availability/available_spaces; capacity/space counts,False,False,True,,,Historical feature is safe provided its window contains only observations at or before T.,Document lag/rolling window construction and production data availability.
available_spaces_roll_1d_available,historical_lag,historical_lag,SAFE_IF_GENERATED_CAUSALLY,HIGH,HISTORICAL_OBSERVATIONS,availability/available_spaces; capacity/space counts,False,False,True,,,Historical feature is safe provided its window contains only observations at or before T.,Document lag/rolling window construction and production data availability.
