feature_name,feature_family,production_status,dependency,availability_at_t,future_information_risk,target_reference_risk,source_evidence_count,source_files,rationale,required_production_documentation,recommended_action
year,temporal_calendar,SAFE_DETERMINISTIC,PREDICTION_TIMESTAMP,YES,NONE,NONE_IDENTIFIED,0,,Feature can be deterministically calculated from the prediction timestamp and calendar context.,Document timestamp timezone and calendar conventions.,ALLOW_IN_PRODUCTION_FEATURE_SET
month,temporal_calendar,SAFE_DETERMINISTIC,PREDICTION_TIMESTAMP,YES,NONE,NONE_IDENTIFIED,0,,Feature can be deterministically calculated from the prediction timestamp and calendar context.,Document timestamp timezone and calendar conventions.,ALLOW_IN_PRODUCTION_FEATURE_SET
quarter,temporal_calendar,SAFE_DETERMINISTIC,PREDICTION_TIMESTAMP,YES,NONE,NONE_IDENTIFIED,0,,Feature can be deterministically calculated from the prediction timestamp and calendar context.,Document timestamp timezone and calendar conventions.,ALLOW_IN_PRODUCTION_FEATURE_SET
day_of_month,temporal_calendar,SAFE_DETERMINISTIC,PREDICTION_TIMESTAMP,YES,NONE,NONE_IDENTIFIED,0,,Feature can be deterministically calculated from the prediction timestamp and calendar context.,Document timestamp timezone and calendar conventions.,ALLOW_IN_PRODUCTION_FEATURE_SET
day_of_year,temporal_calendar,SAFE_DETERMINISTIC,PREDICTION_TIMESTAMP,YES,NONE,NONE_IDENTIFIED,0,,Feature can be deterministically calculated from the prediction timestamp and calendar context.,Document timestamp timezone and calendar conventions.,ALLOW_IN_PRODUCTION_FEATURE_SET
week_of_year,temporal_calendar,SAFE_DETERMINISTIC,PREDICTION_TIMESTAMP,YES,NONE,NONE_IDENTIFIED,0,,Feature can be deterministically calculated from the prediction timestamp and calendar context.,Document timestamp timezone and calendar conventions.,ALLOW_IN_PRODUCTION_FEATURE_SET
day_of_week,temporal_calendar,SAFE_DETERMINISTIC,PREDICTION_TIMESTAMP,YES,NONE,NONE_IDENTIFIED,0,,Feature can be deterministically calculated from the prediction timestamp and calendar context.,Document timestamp timezone and calendar conventions.,ALLOW_IN_PRODUCTION_FEATURE_SET
hour,temporal_calendar,SAFE_DETERMINISTIC,PREDICTION_TIMESTAMP,YES,NONE,NONE_IDENTIFIED,17,app\ml\data\dataset_audit.py; app\ml\data\dataset_builder.py,Feature can be deterministically calculated from the prediction timestamp and calendar context.,Document timestamp timezone and calendar conventions.,ALLOW_IN_PRODUCTION_FEATURE_SET
minute,temporal_calendar,SAFE_DETERMINISTIC,PREDICTION_TIMESTAMP,YES,NONE,NONE_IDENTIFIED,50,app\ml\data\dataset_builder.py; app\ml\data\temporal.py; app\ml\data\temporal_normalizer.py,Feature can be deterministically calculated from the prediction timestamp and calendar context.,Document timestamp timezone and calendar conventions.,ALLOW_IN_PRODUCTION_FEATURE_SET
half_hour_slot,temporal_calendar,SAFE_DETERMINISTIC,PREDICTION_TIMESTAMP,YES,NONE,NONE_IDENTIFIED,0,,Feature can be deterministically calculated from the prediction timestamp and calendar context.,Document timestamp timezone and calendar conventions.,ALLOW_IN_PRODUCTION_FEATURE_SET
time_slot,temporal_calendar,SAFE_DETERMINISTIC,PREDICTION_TIMESTAMP,YES,NONE,NONE_IDENTIFIED,0,,Feature can be deterministically calculated from the prediction timestamp and calendar context.,Document timestamp timezone and calendar conventions.,ALLOW_IN_PRODUCTION_FEATURE_SET
minutes_since_midnight,temporal_calendar,SAFE_DETERMINISTIC,PREDICTION_TIMESTAMP,YES,NONE,NONE_IDENTIFIED,0,,Feature can be deterministically calculated from the prediction timestamp and calendar context.,Document timestamp timezone and calendar conventions.,ALLOW_IN_PRODUCTION_FEATURE_SET
minutes_since_week_start,temporal_calendar,SAFE_DETERMINISTIC,PREDICTION_TIMESTAMP,YES,NONE,NONE_IDENTIFIED,0,,Feature can be deterministically calculated from the prediction timestamp and calendar context.,Document timestamp timezone and calendar conventions.,ALLOW_IN_PRODUCTION_FEATURE_SET
is_weekday,temporal_calendar,SAFE_DETERMINISTIC,PREDICTION_TIMESTAMP,YES,NONE,NONE_IDENTIFIED,0,,Feature can be deterministically calculated from the prediction timestamp and calendar context.,Document timestamp timezone and calendar conventions.,ALLOW_IN_PRODUCTION_FEATURE_SET
is_weekend,temporal_calendar,SAFE_DETERMINISTIC,PREDICTION_TIMESTAMP,YES,NONE,NONE_IDENTIFIED,0,,Feature can be deterministically calculated from the prediction timestamp and calendar context.,Document timestamp timezone and calendar conventions.,ALLOW_IN_PRODUCTION_FEATURE_SET
is_monday,temporal_calendar,SAFE_DETERMINISTIC,PREDICTION_TIMESTAMP,YES,NONE,NONE_IDENTIFIED,0,,Feature can be deterministically calculated from the prediction timestamp and calendar context.,Document timestamp timezone and calendar conventions.,ALLOW_IN_PRODUCTION_FEATURE_SET
is_tuesday,temporal_calendar,SAFE_DETERMINISTIC,PREDICTION_TIMESTAMP,YES,NONE,NONE_IDENTIFIED,0,,Feature can be deterministically calculated from the prediction timestamp and calendar context.,Document timestamp timezone and calendar conventions.,ALLOW_IN_PRODUCTION_FEATURE_SET
is_wednesday,temporal_calendar,SAFE_DETERMINISTIC,PREDICTION_TIMESTAMP,YES,NONE,NONE_IDENTIFIED,0,,Feature can be deterministically calculated from the prediction timestamp and calendar context.,Document timestamp timezone and calendar conventions.,ALLOW_IN_PRODUCTION_FEATURE_SET
is_thursday,temporal_calendar,SAFE_DETERMINISTIC,PREDICTION_TIMESTAMP,YES,NONE,NONE_IDENTIFIED,0,,Feature can be deterministically calculated from the prediction timestamp and calendar context.,Document timestamp timezone and calendar conventions.,ALLOW_IN_PRODUCTION_FEATURE_SET
is_friday,temporal_calendar,SAFE_DETERMINISTIC,PREDICTION_TIMESTAMP,YES,NONE,NONE_IDENTIFIED,0,,Feature can be deterministically calculated from the prediction timestamp and calendar context.,Document timestamp timezone and calendar conventions.,ALLOW_IN_PRODUCTION_FEATURE_SET
is_saturday,temporal_calendar,SAFE_DETERMINISTIC,PREDICTION_TIMESTAMP,YES,NONE,NONE_IDENTIFIED,0,,Feature can be deterministically calculated from the prediction timestamp and calendar context.,Document timestamp timezone and calendar conventions.,ALLOW_IN_PRODUCTION_FEATURE_SET
is_sunday,temporal_calendar,SAFE_DETERMINISTIC,PREDICTION_TIMESTAMP,YES,NONE,NONE_IDENTIFIED,0,,Feature can be deterministically calculated from the prediction timestamp and calendar context.,Document timestamp timezone and calendar conventions.,ALLOW_IN_PRODUCTION_FEATURE_SET
hour_sin,temporal_calendar,SAFE_DETERMINISTIC,PREDICTION_TIMESTAMP,YES,NONE,NONE_IDENTIFIED,0,,Feature can be deterministically calculated from the prediction timestamp and calendar context.,Document timestamp timezone and calendar conventions.,ALLOW_IN_PRODUCTION_FEATURE_SET
hour_cos,temporal_calendar,SAFE_DETERMINISTIC,PREDICTION_TIMESTAMP,YES,NONE,NONE_IDENTIFIED,0,,Feature can be deterministically calculated from the prediction timestamp and calendar context.,Document timestamp timezone and calendar conventions.,ALLOW_IN_PRODUCTION_FEATURE_SET
day_of_week_sin,temporal_calendar,SAFE_DETERMINISTIC,PREDICTION_TIMESTAMP,YES,NONE,NONE_IDENTIFIED,0,,Feature can be deterministically calculated from the prediction timestamp and calendar context.,Document timestamp timezone and calendar conventions.,ALLOW_IN_PRODUCTION_FEATURE_SET
day_of_week_cos,temporal_calendar,SAFE_DETERMINISTIC,PREDICTION_TIMESTAMP,YES,NONE,NONE_IDENTIFIED,0,,Feature can be deterministically calculated from the prediction timestamp and calendar context.,Document timestamp timezone and calendar conventions.,ALLOW_IN_PRODUCTION_FEATURE_SET
day_of_year_sin,temporal_calendar,SAFE_DETERMINISTIC,PREDICTION_TIMESTAMP,YES,NONE,NONE_IDENTIFIED,0,,Feature can be deterministically calculated from the prediction timestamp and calendar context.,Document timestamp timezone and calendar conventions.,ALLOW_IN_PRODUCTION_FEATURE_SET
day_of_year_cos,temporal_calendar,SAFE_DETERMINISTIC,PREDICTION_TIMESTAMP,YES,NONE,NONE_IDENTIFIED,0,,Feature can be deterministically calculated from the prediction timestamp and calendar context.,Document timestamp timezone and calendar conventions.,ALLOW_IN_PRODUCTION_FEATURE_SET
month_sin,temporal_calendar,SAFE_DETERMINISTIC,PREDICTION_TIMESTAMP,YES,NONE,NONE_IDENTIFIED,0,,Feature can be deterministically calculated from the prediction timestamp and calendar context.,Document timestamp timezone and calendar conventions.,ALLOW_IN_PRODUCTION_FEATURE_SET
month_cos,temporal_calendar,SAFE_DETERMINISTIC,PREDICTION_TIMESTAMP,YES,NONE,NONE_IDENTIFIED,0,,Feature can be deterministically calculated from the prediction timestamp and calendar context.,Document timestamp timezone and calendar conventions.,ALLOW_IN_PRODUCTION_FEATURE_SET
calendar_year,temporal_calendar,SAFE_DETERMINISTIC,PREDICTION_TIMESTAMP,YES,NONE,NONE_IDENTIFIED,0,,Feature can be deterministically calculated from the prediction timestamp and calendar context.,Document timestamp timezone and calendar conventions.,ALLOW_IN_PRODUCTION_FEATURE_SET
calendar_month,temporal_calendar,SAFE_DETERMINISTIC,PREDICTION_TIMESTAMP,YES,NONE,NONE_IDENTIFIED,0,,Feature can be deterministically calculated from the prediction timestamp and calendar context.,Document timestamp timezone and calendar conventions.,ALLOW_IN_PRODUCTION_FEATURE_SET
calendar_quarter,temporal_calendar,SAFE_DETERMINISTIC,PREDICTION_TIMESTAMP,YES,NONE,NONE_IDENTIFIED,0,,Feature can be deterministically calculated from the prediction timestamp and calendar context.,Document timestamp timezone and calendar conventions.,ALLOW_IN_PRODUCTION_FEATURE_SET
calendar_week_of_year,temporal_calendar,SAFE_DETERMINISTIC,PREDICTION_TIMESTAMP,YES,NONE,NONE_IDENTIFIED,0,,Feature can be deterministically calculated from the prediction timestamp and calendar context.,Document timestamp timezone and calendar conventions.,ALLOW_IN_PRODUCTION_FEATURE_SET
calendar_day_of_month,temporal_calendar,SAFE_DETERMINISTIC,PREDICTION_TIMESTAMP,YES,NONE,NONE_IDENTIFIED,0,,Feature can be deterministically calculated from the prediction timestamp and calendar context.,Document timestamp timezone and calendar conventions.,ALLOW_IN_PRODUCTION_FEATURE_SET
calendar_day_of_year,temporal_calendar,SAFE_DETERMINISTIC,PREDICTION_TIMESTAMP,YES,NONE,NONE_IDENTIFIED,0,,Feature can be deterministically calculated from the prediction timestamp and calendar context.,Document timestamp timezone and calendar conventions.,ALLOW_IN_PRODUCTION_FEATURE_SET
calendar_day_of_week,temporal_calendar,SAFE_DETERMINISTIC,PREDICTION_TIMESTAMP,YES,NONE,NONE_IDENTIFIED,0,,Feature can be deterministically calculated from the prediction timestamp and calendar context.,Document timestamp timezone and calendar conventions.,ALLOW_IN_PRODUCTION_FEATURE_SET
calendar_week_of_month,temporal_calendar,SAFE_DETERMINISTIC,PREDICTION_TIMESTAMP,YES,NONE,NONE_IDENTIFIED,0,,Feature can be deterministically calculated from the prediction timestamp and calendar context.,Document timestamp timezone and calendar conventions.,ALLOW_IN_PRODUCTION_FEATURE_SET
calendar_week_of_quarter,temporal_calendar,SAFE_DETERMINISTIC,PREDICTION_TIMESTAMP,YES,NONE,NONE_IDENTIFIED,0,,Feature can be deterministically calculated from the prediction timestamp and calendar context.,Document timestamp timezone and calendar conventions.,ALLOW_IN_PRODUCTION_FEATURE_SET
is_month_start,temporal_calendar,SAFE_DETERMINISTIC,PREDICTION_TIMESTAMP,YES,NONE,NONE_IDENTIFIED,0,,Feature can be deterministically calculated from the prediction timestamp and calendar context.,Document timestamp timezone and calendar conventions.,ALLOW_IN_PRODUCTION_FEATURE_SET
is_month_end,temporal_calendar,SAFE_DETERMINISTIC,PREDICTION_TIMESTAMP,YES,NONE,NONE_IDENTIFIED,0,,Feature can be deterministically calculated from the prediction timestamp and calendar context.,Document timestamp timezone and calendar conventions.,ALLOW_IN_PRODUCTION_FEATURE_SET
days_to_month_end,temporal_calendar,SAFE_DETERMINISTIC,PREDICTION_TIMESTAMP,YES,NONE,NONE_IDENTIFIED,0,,Feature can be deterministically calculated from the prediction timestamp and calendar context.,Document timestamp timezone and calendar conventions.,ALLOW_IN_PRODUCTION_FEATURE_SET
is_quarter_start,temporal_calendar,SAFE_DETERMINISTIC,PREDICTION_TIMESTAMP,YES,NONE,NONE_IDENTIFIED,0,,Feature can be deterministically calculated from the prediction timestamp and calendar context.,Document timestamp timezone and calendar conventions.,ALLOW_IN_PRODUCTION_FEATURE_SET
is_quarter_end,temporal_calendar,SAFE_DETERMINISTIC,PREDICTION_TIMESTAMP,YES,NONE,NONE_IDENTIFIED,0,,Feature can be deterministically calculated from the prediction timestamp and calendar context.,Document timestamp timezone and calendar conventions.,ALLOW_IN_PRODUCTION_FEATURE_SET
is_quarter_start_month,temporal_calendar,SAFE_DETERMINISTIC,PREDICTION_TIMESTAMP,YES,NONE,NONE_IDENTIFIED,0,,Feature can be deterministically calculated from the prediction timestamp and calendar context.,Document timestamp timezone and calendar conventions.,ALLOW_IN_PRODUCTION_FEATURE_SET
is_quarter_end_month,temporal_calendar,SAFE_DETERMINISTIC,PREDICTION_TIMESTAMP,YES,NONE,NONE_IDENTIFIED,0,,Feature can be deterministically calculated from the prediction timestamp and calendar context.,Document timestamp timezone and calendar conventions.,ALLOW_IN_PRODUCTION_FEATURE_SET
is_year_start,temporal_calendar,SAFE_DETERMINISTIC,PREDICTION_TIMESTAMP,YES,NONE,NONE_IDENTIFIED,0,,Feature can be deterministically calculated from the prediction timestamp and calendar context.,Document timestamp timezone and calendar conventions.,ALLOW_IN_PRODUCTION_FEATURE_SET
is_year_end,temporal_calendar,SAFE_DETERMINISTIC,PREDICTION_TIMESTAMP,YES,NONE,NONE_IDENTIFIED,0,,Feature can be deterministically calculated from the prediction timestamp and calendar context.,Document timestamp timezone and calendar conventions.,ALLOW_IN_PRODUCTION_FEATURE_SET
calendar_month_sin,temporal_calendar,SAFE_DETERMINISTIC,PREDICTION_TIMESTAMP,YES,NONE,NONE_IDENTIFIED,0,,Feature can be deterministically calculated from the prediction timestamp and calendar context.,Document timestamp timezone and calendar conventions.,ALLOW_IN_PRODUCTION_FEATURE_SET
calendar_month_cos,temporal_calendar,SAFE_DETERMINISTIC,PREDICTION_TIMESTAMP,YES,NONE,NONE_IDENTIFIED,0,,Feature can be deterministically calculated from the prediction timestamp and calendar context.,Document timestamp timezone and calendar conventions.,ALLOW_IN_PRODUCTION_FEATURE_SET
calendar_day_of_week_sin,temporal_calendar,SAFE_DETERMINISTIC,PREDICTION_TIMESTAMP,YES,NONE,NONE_IDENTIFIED,0,,Feature can be deterministically calculated from the prediction timestamp and calendar context.,Document timestamp timezone and calendar conventions.,ALLOW_IN_PRODUCTION_FEATURE_SET
calendar_day_of_week_cos,temporal_calendar,SAFE_DETERMINISTIC,PREDICTION_TIMESTAMP,YES,NONE,NONE_IDENTIFIED,0,,Feature can be deterministically calculated from the prediction timestamp and calendar context.,Document timestamp timezone and calendar conventions.,ALLOW_IN_PRODUCTION_FEATURE_SET
calendar_day_of_year_sin,temporal_calendar,SAFE_DETERMINISTIC,PREDICTION_TIMESTAMP,YES,NONE,NONE_IDENTIFIED,0,,Feature can be deterministically calculated from the prediction timestamp and calendar context.,Document timestamp timezone and calendar conventions.,ALLOW_IN_PRODUCTION_FEATURE_SET
calendar_day_of_year_cos,temporal_calendar,SAFE_DETERMINISTIC,PREDICTION_TIMESTAMP,YES,NONE,NONE_IDENTIFIED,0,,Feature can be deterministically calculated from the prediction timestamp and calendar context.,Document timestamp timezone and calendar conventions.,ALLOW_IN_PRODUCTION_FEATURE_SET
calendar_quarter_sin,temporal_calendar,SAFE_DETERMINISTIC,PREDICTION_TIMESTAMP,YES,NONE,NONE_IDENTIFIED,0,,Feature can be deterministically calculated from the prediction timestamp and calendar context.,Document timestamp timezone and calendar conventions.,ALLOW_IN_PRODUCTION_FEATURE_SET
calendar_quarter_cos,temporal_calendar,SAFE_DETERMINISTIC,PREDICTION_TIMESTAMP,YES,NONE,NONE_IDENTIFIED,0,,Feature can be deterministically calculated from the prediction timestamp and calendar context.,Document timestamp timezone and calendar conventions.,ALLOW_IN_PRODUCTION_FEATURE_SET
capacity_utilization,current_state,REQUIRES_REALTIME_SOURCE,CURRENT_OBSERVATION,CONDITIONAL,LOW_IF_CASUALLY_ALIGNED,NONE_IDENTIFIED,0,,Feature is derived from current parking state. It is valid for a T -> T+30m forecast only if the underlying observation is genuinely available at T and does not contain later information.,"Document source system, observation timestamp, ingestion latency, freshness SLA, maximum permitted feature age, and fallback behaviour.",REQUIRE_REALTIME_AVAILABILITY_CONTRACT
availability_rate,current_state,REQUIRES_REALTIME_SOURCE,CURRENT_OBSERVATION,CONDITIONAL,LOW_IF_CASUALLY_ALIGNED,NONE_IDENTIFIED,0,,Feature is derived from current parking state. It is valid for a T -> T+30m forecast only if the underlying observation is genuinely available at T and does not contain later information.,"Document source system, observation timestamp, ingestion latency, freshness SLA, maximum permitted feature age, and fallback behaviour.",REQUIRE_REALTIME_AVAILABILITY_CONTRACT
occupied_ratio,current_state,REQUIRES_REALTIME_SOURCE,CURRENT_OBSERVATION,CONDITIONAL,LOW_IF_CASUALLY_ALIGNED,NONE_IDENTIFIED,0,,Feature is derived from current parking state. It is valid for a T -> T+30m forecast only if the underlying observation is genuinely available at T and does not contain later information.,"Document source system, observation timestamp, ingestion latency, freshness SLA, maximum permitted feature age, and fallback behaviour.",REQUIRE_REALTIME_AVAILABILITY_CONTRACT
available_ratio,current_state,REQUIRES_REALTIME_SOURCE,CURRENT_OBSERVATION,CONDITIONAL,LOW_IF_CASUALLY_ALIGNED,NONE_IDENTIFIED,0,,Feature is derived from current parking state. It is valid for a T -> T+30m forecast only if the underlying observation is genuinely available at T and does not contain later information.,"Document source system, observation timestamp, ingestion latency, freshness SLA, maximum permitted feature age, and fallback behaviour.",REQUIRE_REALTIME_AVAILABILITY_CONTRACT
vacancy_ratio,current_state,REQUIRES_REALTIME_SOURCE,CURRENT_OBSERVATION,CONDITIONAL,LOW_IF_CASUALLY_ALIGNED,NONE_IDENTIFIED,0,,Feature is derived from current parking state. It is valid for a T -> T+30m forecast only if the underlying observation is genuinely available at T and does not contain later information.,"Document source system, observation timestamp, ingestion latency, freshness SLA, maximum permitted feature age, and fallback behaviour.",REQUIRE_REALTIME_AVAILABILITY_CONTRACT
occupancy_level,current_state,REQUIRES_REALTIME_SOURCE,CURRENT_OBSERVATION,CONDITIONAL,LOW_IF_CASUALLY_ALIGNED,NONE_IDENTIFIED,0,,Feature is derived from current parking state. It is valid for a T -> T+30m forecast only if the underlying observation is genuinely available at T and does not contain later information.,"Document source system, observation timestamp, ingestion latency, freshness SLA, maximum permitted feature age, and fallback behaviour.",REQUIRE_REALTIME_AVAILABILITY_CONTRACT
is_empty,current_state,REQUIRES_REALTIME_SOURCE,CURRENT_OBSERVATION,CONDITIONAL,LOW_IF_CASUALLY_ALIGNED,NONE_IDENTIFIED,1,app\ml\ml_models\xgboost_model.py,Feature is derived from current parking state. It is valid for a T -> T+30m forecast only if the underlying observation is genuinely available at T and does not contain later information.,"Document source system, observation timestamp, ingestion latency, freshness SLA, maximum permitted feature age, and fallback behaviour.",REQUIRE_REALTIME_AVAILABILITY_CONTRACT
is_low_occupancy,current_state,REQUIRES_REALTIME_SOURCE,CURRENT_OBSERVATION,CONDITIONAL,LOW_IF_CASUALLY_ALIGNED,NONE_IDENTIFIED,0,,Feature is derived from current parking state. It is valid for a T -> T+30m forecast only if the underlying observation is genuinely available at T and does not contain later information.,"Document source system, observation timestamp, ingestion latency, freshness SLA, maximum permitted feature age, and fallback behaviour.",REQUIRE_REALTIME_AVAILABILITY_CONTRACT
is_moderate_occupancy,current_state,REQUIRES_REALTIME_SOURCE,CURRENT_OBSERVATION,CONDITIONAL,LOW_IF_CASUALLY_ALIGNED,NONE_IDENTIFIED,0,,Feature is derived from current parking state. It is valid for a T -> T+30m forecast only if the underlying observation is genuinely available at T and does not contain later information.,"Document source system, observation timestamp, ingestion latency, freshness SLA, maximum permitted feature age, and fallback behaviour.",REQUIRE_REALTIME_AVAILABILITY_CONTRACT
is_high_occupancy,current_state,REQUIRES_REALTIME_SOURCE,CURRENT_OBSERVATION,CONDITIONAL,LOW_IF_CASUALLY_ALIGNED,NONE_IDENTIFIED,0,,Feature is derived from current parking state. It is valid for a T -> T+30m forecast only if the underlying observation is genuinely available at T and does not contain later information.,"Document source system, observation timestamp, ingestion latency, freshness SLA, maximum permitted feature age, and fallback behaviour.",REQUIRE_REALTIME_AVAILABILITY_CONTRACT
is_near_full,current_state,REQUIRES_REALTIME_SOURCE,CURRENT_OBSERVATION,CONDITIONAL,LOW_IF_CASUALLY_ALIGNED,NONE_IDENTIFIED,0,,Feature is derived from current parking state. It is valid for a T -> T+30m forecast only if the underlying observation is genuinely available at T and does not contain later information.,"Document source system, observation timestamp, ingestion latency, freshness SLA, maximum permitted feature age, and fallback behaviour.",REQUIRE_REALTIME_AVAILABILITY_CONTRACT
occupancy_capacity_difference,current_state,REQUIRES_REALTIME_SOURCE,CURRENT_OBSERVATION,CONDITIONAL,LOW_IF_CASUALLY_ALIGNED,NONE_IDENTIFIED,0,,Feature is derived from current parking state. It is valid for a T -> T+30m forecast only if the underlying observation is genuinely available at T and does not contain later information.,"Document source system, observation timestamp, ingestion latency, freshness SLA, maximum permitted feature age, and fallback behaviour.",REQUIRE_REALTIME_AVAILABILITY_CONTRACT
occupancy_within_capacity,current_state,REQUIRES_REALTIME_SOURCE,CURRENT_OBSERVATION,CONDITIONAL,LOW_IF_CASUALLY_ALIGNED,NONE_IDENTIFIED,0,,Feature is derived from current parking state. It is valid for a T -> T+30m forecast only if the underlying observation is genuinely available at T and does not contain later information.,"Document source system, observation timestamp, ingestion latency, freshness SLA, maximum permitted feature age, and fallback behaviour.",REQUIRE_REALTIME_AVAILABILITY_CONTRACT
occupancy_state_valid,current_state,REQUIRES_REALTIME_SOURCE,CURRENT_OBSERVATION,CONDITIONAL,LOW_IF_CASUALLY_ALIGNED,NONE_IDENTIFIED,0,,Feature is derived from current parking state. It is valid for a T -> T+30m forecast only if the underlying observation is genuinely available at T and does not contain later information.,"Document source system, observation timestamp, ingestion latency, freshness SLA, maximum permitted feature age, and fallback behaviour.",REQUIRE_REALTIME_AVAILABILITY_CONTRACT
demand_level,current_state,REQUIRES_REALTIME_SOURCE,CURRENT_OBSERVATION,CONDITIONAL,LOW_IF_CASUALLY_ALIGNED,NONE_IDENTIFIED,0,,Feature is derived from current parking state. It is valid for a T -> T+30m forecast only if the underlying observation is genuinely available at T and does not contain later information.,"Document source system, observation timestamp, ingestion latency, freshness SLA, maximum permitted feature age, and fallback behaviour.",REQUIRE_REALTIME_AVAILABILITY_CONTRACT
calculated_demand_level,current_state,REQUIRES_REALTIME_SOURCE,CURRENT_OBSERVATION,CONDITIONAL,LOW_IF_CASUALLY_ALIGNED,NONE_IDENTIFIED,0,,Feature is derived from current parking state. It is valid for a T -> T+30m forecast only if the underlying observation is genuinely available at T and does not contain later information.,"Document source system, observation timestamp, ingestion latency, freshness SLA, maximum permitted feature age, and fallback behaviour.",REQUIRE_REALTIME_AVAILABILITY_CONTRACT
demand_pressure,current_state,REQUIRES_REALTIME_SOURCE,CURRENT_OBSERVATION,CONDITIONAL,LOW_IF_CASUALLY_ALIGNED,NONE_IDENTIFIED,0,,Feature is derived from current parking state. It is valid for a T -> T+30m forecast only if the underlying observation is genuinely available at T and does not contain later information.,"Document source system, observation timestamp, ingestion latency, freshness SLA, maximum permitted feature age, and fallback behaviour.",REQUIRE_REALTIME_AVAILABILITY_CONTRACT
demand_excess_pressure,current_state,REQUIRES_REALTIME_SOURCE,CURRENT_OBSERVATION,CONDITIONAL,LOW_IF_CASUALLY_ALIGNED,NONE_IDENTIFIED,0,,Feature is derived from current parking state. It is valid for a T -> T+30m forecast only if the underlying observation is genuinely available at T and does not contain later information.,"Document source system, observation timestamp, ingestion latency, freshness SLA, maximum permitted feature age, and fallback behaviour.",REQUIRE_REALTIME_AVAILABILITY_CONTRACT
remaining_capacity_ratio,current_state,REQUIRES_REALTIME_SOURCE,CURRENT_OBSERVATION,CONDITIONAL,LOW_IF_CASUALLY_ALIGNED,NONE_IDENTIFIED,0,,Feature is derived from current parking state. It is valid for a T -> T+30m forecast only if the underlying observation is genuinely available at T and does not contain later information.,"Document source system, observation timestamp, ingestion latency, freshness SLA, maximum permitted feature age, and fallback behaviour.",REQUIRE_REALTIME_AVAILABILITY_CONTRACT
availability_pressure,current_state,REQUIRES_REALTIME_SOURCE,CURRENT_OBSERVATION,CONDITIONAL,LOW_IF_CASUALLY_ALIGNED,NONE_IDENTIFIED,0,,Feature is derived from current parking state. It is valid for a T -> T+30m forecast only if the underlying observation is genuinely available at T and does not contain later information.,"Document source system, observation timestamp, ingestion latency, freshness SLA, maximum permitted feature age, and fallback behaviour.",REQUIRE_REALTIME_AVAILABILITY_CONTRACT
is_low_availability,current_state,REQUIRES_REALTIME_SOURCE,CURRENT_OBSERVATION,CONDITIONAL,LOW_IF_CASUALLY_ALIGNED,NONE_IDENTIFIED,0,,Feature is derived from current parking state. It is valid for a T -> T+30m forecast only if the underlying observation is genuinely available at T and does not contain later information.,"Document source system, observation timestamp, ingestion latency, freshness SLA, maximum permitted feature age, and fallback behaviour.",REQUIRE_REALTIME_AVAILABILITY_CONTRACT
is_critical_availability,current_state,REQUIRES_REALTIME_SOURCE,CURRENT_OBSERVATION,CONDITIONAL,LOW_IF_CASUALLY_ALIGNED,NONE_IDENTIFIED,0,,Feature is derived from current parking state. It is valid for a T -> T+30m forecast only if the underlying observation is genuinely available at T and does not contain later information.,"Document source system, observation timestamp, ingestion latency, freshness SLA, maximum permitted feature age, and fallback behaviour.",REQUIRE_REALTIME_AVAILABILITY_CONTRACT
is_full,current_state,REQUIRES_REALTIME_SOURCE,CURRENT_OBSERVATION,CONDITIONAL,LOW_IF_CASUALLY_ALIGNED,NONE_IDENTIFIED,0,,Feature is derived from current parking state. It is valid for a T -> T+30m forecast only if the underlying observation is genuinely available at T and does not contain later information.,"Document source system, observation timestamp, ingestion latency, freshness SLA, maximum permitted feature age, and fallback behaviour.",REQUIRE_REALTIME_AVAILABILITY_CONTRACT
is_zero_capacity,current_state,REQUIRES_REALTIME_SOURCE,CURRENT_OBSERVATION,CONDITIONAL,LOW_IF_CASUALLY_ALIGNED,NONE_IDENTIFIED,0,,Feature is derived from current parking state. It is valid for a T -> T+30m forecast only if the underlying observation is genuinely available at T and does not contain later information.,"Document source system, observation timestamp, ingestion latency, freshness SLA, maximum permitted feature age, and fallback behaviour.",REQUIRE_REALTIME_AVAILABILITY_CONTRACT
is_capacity_exceeded,current_state,REQUIRES_REALTIME_SOURCE,CURRENT_OBSERVATION,CONDITIONAL,LOW_IF_CASUALLY_ALIGNED,NONE_IDENTIFIED,0,,Feature is derived from current parking state. It is valid for a T -> T+30m forecast only if the underlying observation is genuinely available at T and does not contain later information.,"Document source system, observation timestamp, ingestion latency, freshness SLA, maximum permitted feature age, and fallback behaviour.",REQUIRE_REALTIME_AVAILABILITY_CONTRACT
demand_class,current_state,REQUIRES_REALTIME_SOURCE,CURRENT_OBSERVATION,CONDITIONAL,LOW_IF_CASUALLY_ALIGNED,NONE_IDENTIFIED,0,,Feature is derived from current parking state. It is valid for a T -> T+30m forecast only if the underlying observation is genuinely available at T and does not contain later information.,"Document source system, observation timestamp, ingestion latency, freshness SLA, maximum permitted feature age, and fallback behaviour.",REQUIRE_REALTIME_AVAILABILITY_CONTRACT
demand_class_code,current_state,REQUIRES_REALTIME_SOURCE,CURRENT_OBSERVATION,CONDITIONAL,LOW_IF_CASUALLY_ALIGNED,NONE_IDENTIFIED,0,,Feature is derived from current parking state. It is valid for a T -> T+30m forecast only if the underlying observation is genuinely available at T and does not contain later information.,"Document source system, observation timestamp, ingestion latency, freshness SLA, maximum permitted feature age, and fallback behaviour.",REQUIRE_REALTIME_AVAILABILITY_CONTRACT
is_low_demand,current_state,REQUIRES_REALTIME_SOURCE,CURRENT_OBSERVATION,CONDITIONAL,LOW_IF_CASUALLY_ALIGNED,NONE_IDENTIFIED,0,,Feature is derived from current parking state. It is valid for a T -> T+30m forecast only if the underlying observation is genuinely available at T and does not contain later information.,"Document source system, observation timestamp, ingestion latency, freshness SLA, maximum permitted feature age, and fallback behaviour.",REQUIRE_REALTIME_AVAILABILITY_CONTRACT
is_moderate_demand,current_state,REQUIRES_REALTIME_SOURCE,CURRENT_OBSERVATION,CONDITIONAL,LOW_IF_CASUALLY_ALIGNED,NONE_IDENTIFIED,0,,Feature is derived from current parking state. It is valid for a T -> T+30m forecast only if the underlying observation is genuinely available at T and does not contain later information.,"Document source system, observation timestamp, ingestion latency, freshness SLA, maximum permitted feature age, and fallback behaviour.",REQUIRE_REALTIME_AVAILABILITY_CONTRACT
is_high_demand,current_state,REQUIRES_REALTIME_SOURCE,CURRENT_OBSERVATION,CONDITIONAL,LOW_IF_CASUALLY_ALIGNED,NONE_IDENTIFIED,0,,Feature is derived from current parking state. It is valid for a T -> T+30m forecast only if the underlying observation is genuinely available at T and does not contain later information.,"Document source system, observation timestamp, ingestion latency, freshness SLA, maximum permitted feature age, and fallback behaviour.",REQUIRE_REALTIME_AVAILABILITY_CONTRACT
is_very_high_demand,current_state,REQUIRES_REALTIME_SOURCE,CURRENT_OBSERVATION,CONDITIONAL,LOW_IF_CASUALLY_ALIGNED,NONE_IDENTIFIED,0,,Feature is derived from current parking state. It is valid for a T -> T+30m forecast only if the underlying observation is genuinely available at T and does not contain later information.,"Document source system, observation timestamp, ingestion latency, freshness SLA, maximum permitted feature age, and fallback behaviour.",REQUIRE_REALTIME_AVAILABILITY_CONTRACT
is_critical_demand,current_state,REQUIRES_REALTIME_SOURCE,CURRENT_OBSERVATION,CONDITIONAL,LOW_IF_CASUALLY_ALIGNED,NONE_IDENTIFIED,0,,Feature is derived from current parking state. It is valid for a T -> T+30m forecast only if the underlying observation is genuinely available at T and does not contain later information.,"Document source system, observation timestamp, ingestion latency, freshness SLA, maximum permitted feature age, and fallback behaviour.",REQUIRE_REALTIME_AVAILABILITY_CONTRACT
occupancy_rate_consistent,current_state,REQUIRES_REALTIME_SOURCE,CURRENT_OBSERVATION,CONDITIONAL,LOW_IF_CASUALLY_ALIGNED,NONE_IDENTIFIED,0,,Feature is derived from current parking state. It is valid for a T -> T+30m forecast only if the underlying observation is genuinely available at T and does not contain later information.,"Document source system, observation timestamp, ingestion latency, freshness SLA, maximum permitted feature age, and fallback behaviour.",REQUIRE_REALTIME_AVAILABILITY_CONTRACT
space_count_consistent,current_state,REQUIRES_DOCUMENTATION,UNRESOLVED_PRODUCTION_SOURCE,UNKNOWN,UNKNOWN,NONE_IDENTIFIED,0,,Static analysis could not conclusively establish the production-time source of this feature.,Identify the production source and demonstrate that the value is available at prediction timestamp T.,DOCUMENT_PRODUCTION_SOURCE_BEFORE_APPROVAL
has_valid_capacity,current_state,REQUIRES_DOCUMENTATION,UNRESOLVED_PRODUCTION_SOURCE,UNKNOWN,UNKNOWN,NONE_IDENTIFIED,0,,Static analysis could not conclusively establish the production-time source of this feature.,Identify the production source and demonstrate that the value is available at prediction timestamp T.,DOCUMENT_PRODUCTION_SOURCE_BEFORE_APPROVAL
has_valid_occupancy,current_state,REQUIRES_DOCUMENTATION,UNRESOLVED_PRODUCTION_SOURCE,UNKNOWN,UNKNOWN,NONE_IDENTIFIED,0,,Static analysis could not conclusively establish the production-time source of this feature.,Identify the production source and demonstrate that the value is available at prediction timestamp T.,DOCUMENT_PRODUCTION_SOURCE_BEFORE_APPROVAL
has_negative_values,current_state,REQUIRES_DOCUMENTATION,UNRESOLVED_PRODUCTION_SOURCE,UNKNOWN,UNKNOWN,NONE_IDENTIFIED,0,,Static analysis could not conclusively establish the production-time source of this feature.,Identify the production source and demonstrate that the value is available at prediction timestamp T.,DOCUMENT_PRODUCTION_SOURCE_BEFORE_APPROVAL
has_capacity_violation,current_state,REQUIRES_DOCUMENTATION,UNRESOLVED_PRODUCTION_SOURCE,UNKNOWN,UNKNOWN,NONE_IDENTIFIED,0,,Static analysis could not conclusively establish the production-time source of this feature.,Identify the production source and demonstrate that the value is available at prediction timestamp T.,DOCUMENT_PRODUCTION_SOURCE_BEFORE_APPROVAL
has_consistency_issue,current_state,REQUIRES_DOCUMENTATION,UNRESOLVED_PRODUCTION_SOURCE,UNKNOWN,UNKNOWN,NONE_IDENTIFIED,0,,Static analysis could not conclusively establish the production-time source of this feature.,Identify the production source and demonstrate that the value is available at prediction timestamp T.,DOCUMENT_PRODUCTION_SOURCE_BEFORE_APPROVAL
occupancy_rate_lag_30m,historical_lag,SAFE_HISTORICAL_IF_GENERATED_CAUSALLY,HISTORICAL_INFORMATION,CONDITIONAL,LOW_IF_CAUSALLY_GENERATED,NONE_IDENTIFIED,0,,Feature appears historical/lagged. It is suitable for production only if its generation guarantees that no observation after T is incorporated.,"Document lag/window definition, cutoff timestamp, timezone, missing-history behaviour, and guarantee that the window ends at or before T.",ALLOW_AFTER_CAUSAL_GENERATION_VERIFICATION
occupancy_rate_lag_1h,historical_lag,SAFE_HISTORICAL_IF_GENERATED_CAUSALLY,HISTORICAL_INFORMATION,CONDITIONAL,LOW_IF_CAUSALLY_GENERATED,NONE_IDENTIFIED,0,,Feature appears historical/lagged. It is suitable for production only if its generation guarantees that no observation after T is incorporated.,"Document lag/window definition, cutoff timestamp, timezone, missing-history behaviour, and guarantee that the window ends at or before T.",ALLOW_AFTER_CAUSAL_GENERATION_VERIFICATION
occupancy_rate_lag_2h,historical_lag,SAFE_HISTORICAL_IF_GENERATED_CAUSALLY,HISTORICAL_INFORMATION,CONDITIONAL,LOW_IF_CAUSALLY_GENERATED,NONE_IDENTIFIED,0,,Feature appears historical/lagged. It is suitable for production only if its generation guarantees that no observation after T is incorporated.,"Document lag/window definition, cutoff timestamp, timezone, missing-history behaviour, and guarantee that the window ends at or before T.",ALLOW_AFTER_CAUSAL_GENERATION_VERIFICATION
occupancy_rate_lag_3h,historical_lag,SAFE_HISTORICAL_IF_GENERATED_CAUSALLY,HISTORICAL_INFORMATION,CONDITIONAL,LOW_IF_CAUSALLY_GENERATED,NONE_IDENTIFIED,0,,Feature appears historical/lagged. It is suitable for production only if its generation guarantees that no observation after T is incorporated.,"Document lag/window definition, cutoff timestamp, timezone, missing-history behaviour, and guarantee that the window ends at or before T.",ALLOW_AFTER_CAUSAL_GENERATION_VERIFICATION
occupancy_rate_lag_6h,historical_lag,SAFE_HISTORICAL_IF_GENERATED_CAUSALLY,HISTORICAL_INFORMATION,CONDITIONAL,LOW_IF_CAUSALLY_GENERATED,NONE_IDENTIFIED,0,,Feature appears historical/lagged. It is suitable for production only if its generation guarantees that no observation after T is incorporated.,"Document lag/window definition, cutoff timestamp, timezone, missing-history behaviour, and guarantee that the window ends at or before T.",ALLOW_AFTER_CAUSAL_GENERATION_VERIFICATION
occupancy_rate_lag_12h,historical_lag,SAFE_HISTORICAL_IF_GENERATED_CAUSALLY,HISTORICAL_INFORMATION,CONDITIONAL,LOW_IF_CAUSALLY_GENERATED,NONE_IDENTIFIED,0,,Feature appears historical/lagged. It is suitable for production only if its generation guarantees that no observation after T is incorporated.,"Document lag/window definition, cutoff timestamp, timezone, missing-history behaviour, and guarantee that the window ends at or before T.",ALLOW_AFTER_CAUSAL_GENERATION_VERIFICATION
occupancy_rate_lag_1d,historical_lag,SAFE_HISTORICAL_IF_GENERATED_CAUSALLY,HISTORICAL_INFORMATION,CONDITIONAL,LOW_IF_CAUSALLY_GENERATED,NONE_IDENTIFIED,0,,Feature appears historical/lagged. It is suitable for production only if its generation guarantees that no observation after T is incorporated.,"Document lag/window definition, cutoff timestamp, timezone, missing-history behaviour, and guarantee that the window ends at or before T.",ALLOW_AFTER_CAUSAL_GENERATION_VERIFICATION
occupied_spaces_lag_30m,historical_lag,SAFE_HISTORICAL_IF_GENERATED_CAUSALLY,HISTORICAL_INFORMATION,CONDITIONAL,LOW_IF_CAUSALLY_GENERATED,NONE_IDENTIFIED,0,,Feature appears historical/lagged. It is suitable for production only if its generation guarantees that no observation after T is incorporated.,"Document lag/window definition, cutoff timestamp, timezone, missing-history behaviour, and guarantee that the window ends at or before T.",ALLOW_AFTER_CAUSAL_GENERATION_VERIFICATION
occupied_spaces_lag_1h,historical_lag,SAFE_HISTORICAL_IF_GENERATED_CAUSALLY,HISTORICAL_INFORMATION,CONDITIONAL,LOW_IF_CAUSALLY_GENERATED,NONE_IDENTIFIED,0,,Feature appears historical/lagged. It is suitable for production only if its generation guarantees that no observation after T is incorporated.,"Document lag/window definition, cutoff timestamp, timezone, missing-history behaviour, and guarantee that the window ends at or before T.",ALLOW_AFTER_CAUSAL_GENERATION_VERIFICATION
occupied_spaces_lag_2h,historical_lag,SAFE_HISTORICAL_IF_GENERATED_CAUSALLY,HISTORICAL_INFORMATION,CONDITIONAL,LOW_IF_CAUSALLY_GENERATED,NONE_IDENTIFIED,0,,Feature appears historical/lagged. It is suitable for production only if its generation guarantees that no observation after T is incorporated.,"Document lag/window definition, cutoff timestamp, timezone, missing-history behaviour, and guarantee that the window ends at or before T.",ALLOW_AFTER_CAUSAL_GENERATION_VERIFICATION
occupied_spaces_lag_3h,historical_lag,SAFE_HISTORICAL_IF_GENERATED_CAUSALLY,HISTORICAL_INFORMATION,CONDITIONAL,LOW_IF_CAUSALLY_GENERATED,NONE_IDENTIFIED,0,,Feature appears historical/lagged. It is suitable for production only if its generation guarantees that no observation after T is incorporated.,"Document lag/window definition, cutoff timestamp, timezone, missing-history behaviour, and guarantee that the window ends at or before T.",ALLOW_AFTER_CAUSAL_GENERATION_VERIFICATION
occupied_spaces_lag_6h,historical_lag,SAFE_HISTORICAL_IF_GENERATED_CAUSALLY,HISTORICAL_INFORMATION,CONDITIONAL,LOW_IF_CAUSALLY_GENERATED,NONE_IDENTIFIED,0,,Feature appears historical/lagged. It is suitable for production only if its generation guarantees that no observation after T is incorporated.,"Document lag/window definition, cutoff timestamp, timezone, missing-history behaviour, and guarantee that the window ends at or before T.",ALLOW_AFTER_CAUSAL_GENERATION_VERIFICATION
occupied_spaces_lag_12h,historical_lag,SAFE_HISTORICAL_IF_GENERATED_CAUSALLY,HISTORICAL_INFORMATION,CONDITIONAL,LOW_IF_CAUSALLY_GENERATED,NONE_IDENTIFIED,0,,Feature appears historical/lagged. It is suitable for production only if its generation guarantees that no observation after T is incorporated.,"Document lag/window definition, cutoff timestamp, timezone, missing-history behaviour, and guarantee that the window ends at or before T.",ALLOW_AFTER_CAUSAL_GENERATION_VERIFICATION
occupied_spaces_lag_1d,historical_lag,SAFE_HISTORICAL_IF_GENERATED_CAUSALLY,HISTORICAL_INFORMATION,CONDITIONAL,LOW_IF_CAUSALLY_GENERATED,NONE_IDENTIFIED,0,,Feature appears historical/lagged. It is suitable for production only if its generation guarantees that no observation after T is incorporated.,"Document lag/window definition, cutoff timestamp, timezone, missing-history behaviour, and guarantee that the window ends at or before T.",ALLOW_AFTER_CAUSAL_GENERATION_VERIFICATION
available_spaces_lag_30m,historical_lag,SAFE_HISTORICAL_IF_GENERATED_CAUSALLY,HISTORICAL_INFORMATION,CONDITIONAL,LOW_IF_CAUSALLY_GENERATED,NONE_IDENTIFIED,0,,Feature appears historical/lagged. It is suitable for production only if its generation guarantees that no observation after T is incorporated.,"Document lag/window definition, cutoff timestamp, timezone, missing-history behaviour, and guarantee that the window ends at or before T.",ALLOW_AFTER_CAUSAL_GENERATION_VERIFICATION
available_spaces_lag_1h,historical_lag,SAFE_HISTORICAL_IF_GENERATED_CAUSALLY,HISTORICAL_INFORMATION,CONDITIONAL,LOW_IF_CAUSALLY_GENERATED,NONE_IDENTIFIED,0,,Feature appears historical/lagged. It is suitable for production only if its generation guarantees that no observation after T is incorporated.,"Document lag/window definition, cutoff timestamp, timezone, missing-history behaviour, and guarantee that the window ends at or before T.",ALLOW_AFTER_CAUSAL_GENERATION_VERIFICATION
available_spaces_lag_2h,historical_lag,SAFE_HISTORICAL_IF_GENERATED_CAUSALLY,HISTORICAL_INFORMATION,CONDITIONAL,LOW_IF_CAUSALLY_GENERATED,NONE_IDENTIFIED,0,,Feature appears historical/lagged. It is suitable for production only if its generation guarantees that no observation after T is incorporated.,"Document lag/window definition, cutoff timestamp, timezone, missing-history behaviour, and guarantee that the window ends at or before T.",ALLOW_AFTER_CAUSAL_GENERATION_VERIFICATION
available_spaces_lag_3h,historical_lag,SAFE_HISTORICAL_IF_GENERATED_CAUSALLY,HISTORICAL_INFORMATION,CONDITIONAL,LOW_IF_CAUSALLY_GENERATED,NONE_IDENTIFIED,0,,Feature appears historical/lagged. It is suitable for production only if its generation guarantees that no observation after T is incorporated.,"Document lag/window definition, cutoff timestamp, timezone, missing-history behaviour, and guarantee that the window ends at or before T.",ALLOW_AFTER_CAUSAL_GENERATION_VERIFICATION
available_spaces_lag_6h,historical_lag,SAFE_HISTORICAL_IF_GENERATED_CAUSALLY,HISTORICAL_INFORMATION,CONDITIONAL,LOW_IF_CAUSALLY_GENERATED,NONE_IDENTIFIED,0,,Feature appears historical/lagged. It is suitable for production only if its generation guarantees that no observation after T is incorporated.,"Document lag/window definition, cutoff timestamp, timezone, missing-history behaviour, and guarantee that the window ends at or before T.",ALLOW_AFTER_CAUSAL_GENERATION_VERIFICATION
available_spaces_lag_12h,historical_lag,SAFE_HISTORICAL_IF_GENERATED_CAUSALLY,HISTORICAL_INFORMATION,CONDITIONAL,LOW_IF_CAUSALLY_GENERATED,NONE_IDENTIFIED,0,,Feature appears historical/lagged. It is suitable for production only if its generation guarantees that no observation after T is incorporated.,"Document lag/window definition, cutoff timestamp, timezone, missing-history behaviour, and guarantee that the window ends at or before T.",ALLOW_AFTER_CAUSAL_GENERATION_VERIFICATION
available_spaces_lag_1d,historical_lag,SAFE_HISTORICAL_IF_GENERATED_CAUSALLY,HISTORICAL_INFORMATION,CONDITIONAL,LOW_IF_CAUSALLY_GENERATED,NONE_IDENTIFIED,0,,Feature appears historical/lagged. It is suitable for production only if its generation guarantees that no observation after T is incorporated.,"Document lag/window definition, cutoff timestamp, timezone, missing-history behaviour, and guarantee that the window ends at or before T.",ALLOW_AFTER_CAUSAL_GENERATION_VERIFICATION
occupancy_rate_roll_mean_1h,historical_lag,SAFE_HISTORICAL_IF_GENERATED_CAUSALLY,HISTORICAL_INFORMATION,CONDITIONAL,LOW_IF_CAUSALLY_GENERATED,NONE_IDENTIFIED,0,,Feature appears historical/lagged. It is suitable for production only if its generation guarantees that no observation after T is incorporated.,"Document lag/window definition, cutoff timestamp, timezone, missing-history behaviour, and guarantee that the window ends at or before T.",ALLOW_AFTER_CAUSAL_GENERATION_VERIFICATION
occupancy_rate_roll_std_1h,historical_lag,SAFE_HISTORICAL_IF_GENERATED_CAUSALLY,HISTORICAL_INFORMATION,CONDITIONAL,LOW_IF_CAUSALLY_GENERATED,NONE_IDENTIFIED,0,,Feature appears historical/lagged. It is suitable for production only if its generation guarantees that no observation after T is incorporated.,"Document lag/window definition, cutoff timestamp, timezone, missing-history behaviour, and guarantee that the window ends at or before T.",ALLOW_AFTER_CAUSAL_GENERATION_VERIFICATION
occupancy_rate_roll_min_1h,historical_lag,SAFE_HISTORICAL_IF_GENERATED_CAUSALLY,HISTORICAL_INFORMATION,CONDITIONAL,LOW_IF_CAUSALLY_GENERATED,NONE_IDENTIFIED,0,,Feature appears historical/lagged. It is suitable for production only if its generation guarantees that no observation after T is incorporated.,"Document lag/window definition, cutoff timestamp, timezone, missing-history behaviour, and guarantee that the window ends at or before T.",ALLOW_AFTER_CAUSAL_GENERATION_VERIFICATION
occupancy_rate_roll_max_1h,historical_lag,SAFE_HISTORICAL_IF_GENERATED_CAUSALLY,HISTORICAL_INFORMATION,CONDITIONAL,LOW_IF_CAUSALLY_GENERATED,NONE_IDENTIFIED,0,,Feature appears historical/lagged. It is suitable for production only if its generation guarantees that no observation after T is incorporated.,"Document lag/window definition, cutoff timestamp, timezone, missing-history behaviour, and guarantee that the window ends at or before T.",ALLOW_AFTER_CAUSAL_GENERATION_VERIFICATION
occupancy_rate_roll_median_1h,historical_lag,SAFE_HISTORICAL_IF_GENERATED_CAUSALLY,HISTORICAL_INFORMATION,CONDITIONAL,LOW_IF_CAUSALLY_GENERATED,NONE_IDENTIFIED,0,,Feature appears historical/lagged. It is suitable for production only if its generation guarantees that no observation after T is incorporated.,"Document lag/window definition, cutoff timestamp, timezone, missing-history behaviour, and guarantee that the window ends at or before T.",ALLOW_AFTER_CAUSAL_GENERATION_VERIFICATION
occupancy_rate_roll_trend_1h,historical_lag,SAFE_HISTORICAL_IF_GENERATED_CAUSALLY,HISTORICAL_INFORMATION,CONDITIONAL,LOW_IF_CAUSALLY_GENERATED,NONE_IDENTIFIED,0,,Feature appears historical/lagged. It is suitable for production only if its generation guarantees that no observation after T is incorporated.,"Document lag/window definition, cutoff timestamp, timezone, missing-history behaviour, and guarantee that the window ends at or before T.",ALLOW_AFTER_CAUSAL_GENERATION_VERIFICATION
occupancy_rate_roll_count_1h,other,REQUIRES_DOCUMENTATION,UNRESOLVED,UNKNOWN,UNKNOWN,NONE_IDENTIFIED,0,,"Feature could not be confidently classified as deterministic calendar, historical, or current-state from the available static contract.","Document the production source, timestamp semantics, refresh behaviour, and availability at prediction time.",DOCUMENT_BEFORE_PRODUCTION_APPROVAL
occupancy_rate_roll_missing_1h,other,REQUIRES_DOCUMENTATION,UNRESOLVED,UNKNOWN,UNKNOWN,NONE_IDENTIFIED,0,,"Feature could not be confidently classified as deterministic calendar, historical, or current-state from the available static contract.","Document the production source, timestamp semantics, refresh behaviour, and availability at prediction time.",DOCUMENT_BEFORE_PRODUCTION_APPROVAL
occupancy_rate_roll_coverage_ratio_1h,other,REQUIRES_DOCUMENTATION,UNRESOLVED,UNKNOWN,UNKNOWN,NONE_IDENTIFIED,0,,"Feature could not be confidently classified as deterministic calendar, historical, or current-state from the available static contract.","Document the production source, timestamp semantics, refresh behaviour, and availability at prediction time.",DOCUMENT_BEFORE_PRODUCTION_APPROVAL
occupancy_rate_roll_1h_available,other,REQUIRES_DOCUMENTATION,UNRESOLVED,UNKNOWN,UNKNOWN,NONE_IDENTIFIED,0,,"Feature could not be confidently classified as deterministic calendar, historical, or current-state from the available static contract.","Document the production source, timestamp semantics, refresh behaviour, and availability at prediction time.",DOCUMENT_BEFORE_PRODUCTION_APPROVAL
occupancy_rate_roll_mean_2h,historical_lag,SAFE_HISTORICAL_IF_GENERATED_CAUSALLY,HISTORICAL_INFORMATION,CONDITIONAL,LOW_IF_CAUSALLY_GENERATED,NONE_IDENTIFIED,0,,Feature appears historical/lagged. It is suitable for production only if its generation guarantees that no observation after T is incorporated.,"Document lag/window definition, cutoff timestamp, timezone, missing-history behaviour, and guarantee that the window ends at or before T.",ALLOW_AFTER_CAUSAL_GENERATION_VERIFICATION
occupancy_rate_roll_std_2h,historical_lag,SAFE_HISTORICAL_IF_GENERATED_CAUSALLY,HISTORICAL_INFORMATION,CONDITIONAL,LOW_IF_CAUSALLY_GENERATED,NONE_IDENTIFIED,0,,Feature appears historical/lagged. It is suitable for production only if its generation guarantees that no observation after T is incorporated.,"Document lag/window definition, cutoff timestamp, timezone, missing-history behaviour, and guarantee that the window ends at or before T.",ALLOW_AFTER_CAUSAL_GENERATION_VERIFICATION
occupancy_rate_roll_min_2h,historical_lag,SAFE_HISTORICAL_IF_GENERATED_CAUSALLY,HISTORICAL_INFORMATION,CONDITIONAL,LOW_IF_CAUSALLY_GENERATED,NONE_IDENTIFIED,0,,Feature appears historical/lagged. It is suitable for production only if its generation guarantees that no observation after T is incorporated.,"Document lag/window definition, cutoff timestamp, timezone, missing-history behaviour, and guarantee that the window ends at or before T.",ALLOW_AFTER_CAUSAL_GENERATION_VERIFICATION
occupancy_rate_roll_max_2h,historical_lag,SAFE_HISTORICAL_IF_GENERATED_CAUSALLY,HISTORICAL_INFORMATION,CONDITIONAL,LOW_IF_CAUSALLY_GENERATED,NONE_IDENTIFIED,0,,Feature appears historical/lagged. It is suitable for production only if its generation guarantees that no observation after T is incorporated.,"Document lag/window definition, cutoff timestamp, timezone, missing-history behaviour, and guarantee that the window ends at or before T.",ALLOW_AFTER_CAUSAL_GENERATION_VERIFICATION
occupancy_rate_roll_median_2h,historical_lag,SAFE_HISTORICAL_IF_GENERATED_CAUSALLY,HISTORICAL_INFORMATION,CONDITIONAL,LOW_IF_CAUSALLY_GENERATED,NONE_IDENTIFIED,0,,Feature appears historical/lagged. It is suitable for production only if its generation guarantees that no observation after T is incorporated.,"Document lag/window definition, cutoff timestamp, timezone, missing-history behaviour, and guarantee that the window ends at or before T.",ALLOW_AFTER_CAUSAL_GENERATION_VERIFICATION
occupancy_rate_roll_trend_2h,historical_lag,SAFE_HISTORICAL_IF_GENERATED_CAUSALLY,HISTORICAL_INFORMATION,CONDITIONAL,LOW_IF_CAUSALLY_GENERATED,NONE_IDENTIFIED,0,,Feature appears historical/lagged. It is suitable for production only if its generation guarantees that no observation after T is incorporated.,"Document lag/window definition, cutoff timestamp, timezone, missing-history behaviour, and guarantee that the window ends at or before T.",ALLOW_AFTER_CAUSAL_GENERATION_VERIFICATION
occupancy_rate_roll_count_2h,other,REQUIRES_DOCUMENTATION,UNRESOLVED,UNKNOWN,UNKNOWN,NONE_IDENTIFIED,0,,"Feature could not be confidently classified as deterministic calendar, historical, or current-state from the available static contract.","Document the production source, timestamp semantics, refresh behaviour, and availability at prediction time.",DOCUMENT_BEFORE_PRODUCTION_APPROVAL
occupancy_rate_roll_missing_2h,other,REQUIRES_DOCUMENTATION,UNRESOLVED,UNKNOWN,UNKNOWN,NONE_IDENTIFIED,0,,"Feature could not be confidently classified as deterministic calendar, historical, or current-state from the available static contract.","Document the production source, timestamp semantics, refresh behaviour, and availability at prediction time.",DOCUMENT_BEFORE_PRODUCTION_APPROVAL
occupancy_rate_roll_coverage_ratio_2h,other,REQUIRES_DOCUMENTATION,UNRESOLVED,UNKNOWN,UNKNOWN,NONE_IDENTIFIED,0,,"Feature could not be confidently classified as deterministic calendar, historical, or current-state from the available static contract.","Document the production source, timestamp semantics, refresh behaviour, and availability at prediction time.",DOCUMENT_BEFORE_PRODUCTION_APPROVAL
occupancy_rate_roll_2h_available,other,REQUIRES_DOCUMENTATION,UNRESOLVED,UNKNOWN,UNKNOWN,NONE_IDENTIFIED,0,,"Feature could not be confidently classified as deterministic calendar, historical, or current-state from the available static contract.","Document the production source, timestamp semantics, refresh behaviour, and availability at prediction time.",DOCUMENT_BEFORE_PRODUCTION_APPROVAL
occupancy_rate_roll_mean_3h,historical_lag,SAFE_HISTORICAL_IF_GENERATED_CAUSALLY,HISTORICAL_INFORMATION,CONDITIONAL,LOW_IF_CAUSALLY_GENERATED,NONE_IDENTIFIED,0,,Feature appears historical/lagged. It is suitable for production only if its generation guarantees that no observation after T is incorporated.,"Document lag/window definition, cutoff timestamp, timezone, missing-history behaviour, and guarantee that the window ends at or before T.",ALLOW_AFTER_CAUSAL_GENERATION_VERIFICATION
occupancy_rate_roll_std_3h,historical_lag,SAFE_HISTORICAL_IF_GENERATED_CAUSALLY,HISTORICAL_INFORMATION,CONDITIONAL,LOW_IF_CAUSALLY_GENERATED,NONE_IDENTIFIED,0,,Feature appears historical/lagged. It is suitable for production only if its generation guarantees that no observation after T is incorporated.,"Document lag/window definition, cutoff timestamp, timezone, missing-history behaviour, and guarantee that the window ends at or before T.",ALLOW_AFTER_CAUSAL_GENERATION_VERIFICATION
occupancy_rate_roll_min_3h,historical_lag,SAFE_HISTORICAL_IF_GENERATED_CAUSALLY,HISTORICAL_INFORMATION,CONDITIONAL,LOW_IF_CAUSALLY_GENERATED,NONE_IDENTIFIED,0,,Feature appears historical/lagged. It is suitable for production only if its generation guarantees that no observation after T is incorporated.,"Document lag/window definition, cutoff timestamp, timezone, missing-history behaviour, and guarantee that the window ends at or before T.",ALLOW_AFTER_CAUSAL_GENERATION_VERIFICATION
occupancy_rate_roll_max_3h,historical_lag,SAFE_HISTORICAL_IF_GENERATED_CAUSALLY,HISTORICAL_INFORMATION,CONDITIONAL,LOW_IF_CAUSALLY_GENERATED,NONE_IDENTIFIED,0,,Feature appears historical/lagged. It is suitable for production only if its generation guarantees that no observation after T is incorporated.,"Document lag/window definition, cutoff timestamp, timezone, missing-history behaviour, and guarantee that the window ends at or before T.",ALLOW_AFTER_CAUSAL_GENERATION_VERIFICATION
occupancy_rate_roll_median_3h,historical_lag,SAFE_HISTORICAL_IF_GENERATED_CAUSALLY,HISTORICAL_INFORMATION,CONDITIONAL,LOW_IF_CAUSALLY_GENERATED,NONE_IDENTIFIED,0,,Feature appears historical/lagged. It is suitable for production only if its generation guarantees that no observation after T is incorporated.,"Document lag/window definition, cutoff timestamp, timezone, missing-history behaviour, and guarantee that the window ends at or before T.",ALLOW_AFTER_CAUSAL_GENERATION_VERIFICATION
occupancy_rate_roll_trend_3h,historical_lag,SAFE_HISTORICAL_IF_GENERATED_CAUSALLY,HISTORICAL_INFORMATION,CONDITIONAL,LOW_IF_CAUSALLY_GENERATED,NONE_IDENTIFIED,0,,Feature appears historical/lagged. It is suitable for production only if its generation guarantees that no observation after T is incorporated.,"Document lag/window definition, cutoff timestamp, timezone, missing-history behaviour, and guarantee that the window ends at or before T.",ALLOW_AFTER_CAUSAL_GENERATION_VERIFICATION
occupancy_rate_roll_count_3h,other,REQUIRES_DOCUMENTATION,UNRESOLVED,UNKNOWN,UNKNOWN,NONE_IDENTIFIED,0,,"Feature could not be confidently classified as deterministic calendar, historical, or current-state from the available static contract.","Document the production source, timestamp semantics, refresh behaviour, and availability at prediction time.",DOCUMENT_BEFORE_PRODUCTION_APPROVAL
occupancy_rate_roll_missing_3h,other,REQUIRES_DOCUMENTATION,UNRESOLVED,UNKNOWN,UNKNOWN,NONE_IDENTIFIED,0,,"Feature could not be confidently classified as deterministic calendar, historical, or current-state from the available static contract.","Document the production source, timestamp semantics, refresh behaviour, and availability at prediction time.",DOCUMENT_BEFORE_PRODUCTION_APPROVAL
occupancy_rate_roll_coverage_ratio_3h,other,REQUIRES_DOCUMENTATION,UNRESOLVED,UNKNOWN,UNKNOWN,NONE_IDENTIFIED,0,,"Feature could not be confidently classified as deterministic calendar, historical, or current-state from the available static contract.","Document the production source, timestamp semantics, refresh behaviour, and availability at prediction time.",DOCUMENT_BEFORE_PRODUCTION_APPROVAL
occupancy_rate_roll_3h_available,other,REQUIRES_DOCUMENTATION,UNRESOLVED,UNKNOWN,UNKNOWN,NONE_IDENTIFIED,0,,"Feature could not be confidently classified as deterministic calendar, historical, or current-state from the available static contract.","Document the production source, timestamp semantics, refresh behaviour, and availability at prediction time.",DOCUMENT_BEFORE_PRODUCTION_APPROVAL
occupancy_rate_roll_mean_6h,historical_lag,SAFE_HISTORICAL_IF_GENERATED_CAUSALLY,HISTORICAL_INFORMATION,CONDITIONAL,LOW_IF_CAUSALLY_GENERATED,NONE_IDENTIFIED,0,,Feature appears historical/lagged. It is suitable for production only if its generation guarantees that no observation after T is incorporated.,"Document lag/window definition, cutoff timestamp, timezone, missing-history behaviour, and guarantee that the window ends at or before T.",ALLOW_AFTER_CAUSAL_GENERATION_VERIFICATION
occupancy_rate_roll_std_6h,historical_lag,SAFE_HISTORICAL_IF_GENERATED_CAUSALLY,HISTORICAL_INFORMATION,CONDITIONAL,LOW_IF_CAUSALLY_GENERATED,NONE_IDENTIFIED,0,,Feature appears historical/lagged. It is suitable for production only if its generation guarantees that no observation after T is incorporated.,"Document lag/window definition, cutoff timestamp, timezone, missing-history behaviour, and guarantee that the window ends at or before T.",ALLOW_AFTER_CAUSAL_GENERATION_VERIFICATION
occupancy_rate_roll_min_6h,historical_lag,SAFE_HISTORICAL_IF_GENERATED_CAUSALLY,HISTORICAL_INFORMATION,CONDITIONAL,LOW_IF_CAUSALLY_GENERATED,NONE_IDENTIFIED,0,,Feature appears historical/lagged. It is suitable for production only if its generation guarantees that no observation after T is incorporated.,"Document lag/window definition, cutoff timestamp, timezone, missing-history behaviour, and guarantee that the window ends at or before T.",ALLOW_AFTER_CAUSAL_GENERATION_VERIFICATION
occupancy_rate_roll_max_6h,historical_lag,SAFE_HISTORICAL_IF_GENERATED_CAUSALLY,HISTORICAL_INFORMATION,CONDITIONAL,LOW_IF_CAUSALLY_GENERATED,NONE_IDENTIFIED,0,,Feature appears historical/lagged. It is suitable for production only if its generation guarantees that no observation after T is incorporated.,"Document lag/window definition, cutoff timestamp, timezone, missing-history behaviour, and guarantee that the window ends at or before T.",ALLOW_AFTER_CAUSAL_GENERATION_VERIFICATION
occupancy_rate_roll_median_6h,historical_lag,SAFE_HISTORICAL_IF_GENERATED_CAUSALLY,HISTORICAL_INFORMATION,CONDITIONAL,LOW_IF_CAUSALLY_GENERATED,NONE_IDENTIFIED,0,,Feature appears historical/lagged. It is suitable for production only if its generation guarantees that no observation after T is incorporated.,"Document lag/window definition, cutoff timestamp, timezone, missing-history behaviour, and guarantee that the window ends at or before T.",ALLOW_AFTER_CAUSAL_GENERATION_VERIFICATION
occupancy_rate_roll_trend_6h,historical_lag,SAFE_HISTORICAL_IF_GENERATED_CAUSALLY,HISTORICAL_INFORMATION,CONDITIONAL,LOW_IF_CAUSALLY_GENERATED,NONE_IDENTIFIED,0,,Feature appears historical/lagged. It is suitable for production only if its generation guarantees that no observation after T is incorporated.,"Document lag/window definition, cutoff timestamp, timezone, missing-history behaviour, and guarantee that the window ends at or before T.",ALLOW_AFTER_CAUSAL_GENERATION_VERIFICATION
occupancy_rate_roll_count_6h,other,REQUIRES_DOCUMENTATION,UNRESOLVED,UNKNOWN,UNKNOWN,NONE_IDENTIFIED,0,,"Feature could not be confidently classified as deterministic calendar, historical, or current-state from the available static contract.","Document the production source, timestamp semantics, refresh behaviour, and availability at prediction time.",DOCUMENT_BEFORE_PRODUCTION_APPROVAL
occupancy_rate_roll_missing_6h,other,REQUIRES_DOCUMENTATION,UNRESOLVED,UNKNOWN,UNKNOWN,NONE_IDENTIFIED,0,,"Feature could not be confidently classified as deterministic calendar, historical, or current-state from the available static contract.","Document the production source, timestamp semantics, refresh behaviour, and availability at prediction time.",DOCUMENT_BEFORE_PRODUCTION_APPROVAL
occupancy_rate_roll_coverage_ratio_6h,other,REQUIRES_DOCUMENTATION,UNRESOLVED,UNKNOWN,UNKNOWN,NONE_IDENTIFIED,0,,"Feature could not be confidently classified as deterministic calendar, historical, or current-state from the available static contract.","Document the production source, timestamp semantics, refresh behaviour, and availability at prediction time.",DOCUMENT_BEFORE_PRODUCTION_APPROVAL
occupancy_rate_roll_6h_available,other,REQUIRES_DOCUMENTATION,UNRESOLVED,UNKNOWN,UNKNOWN,NONE_IDENTIFIED,0,,"Feature could not be confidently classified as deterministic calendar, historical, or current-state from the available static contract.","Document the production source, timestamp semantics, refresh behaviour, and availability at prediction time.",DOCUMENT_BEFORE_PRODUCTION_APPROVAL
occupancy_rate_roll_mean_12h,historical_lag,SAFE_HISTORICAL_IF_GENERATED_CAUSALLY,HISTORICAL_INFORMATION,CONDITIONAL,LOW_IF_CAUSALLY_GENERATED,NONE_IDENTIFIED,0,,Feature appears historical/lagged. It is suitable for production only if its generation guarantees that no observation after T is incorporated.,"Document lag/window definition, cutoff timestamp, timezone, missing-history behaviour, and guarantee that the window ends at or before T.",ALLOW_AFTER_CAUSAL_GENERATION_VERIFICATION
occupancy_rate_roll_std_12h,historical_lag,SAFE_HISTORICAL_IF_GENERATED_CAUSALLY,HISTORICAL_INFORMATION,CONDITIONAL,LOW_IF_CAUSALLY_GENERATED,NONE_IDENTIFIED,0,,Feature appears historical/lagged. It is suitable for production only if its generation guarantees that no observation after T is incorporated.,"Document lag/window definition, cutoff timestamp, timezone, missing-history behaviour, and guarantee that the window ends at or before T.",ALLOW_AFTER_CAUSAL_GENERATION_VERIFICATION
occupancy_rate_roll_min_12h,historical_lag,SAFE_HISTORICAL_IF_GENERATED_CAUSALLY,HISTORICAL_INFORMATION,CONDITIONAL,LOW_IF_CAUSALLY_GENERATED,NONE_IDENTIFIED,0,,Feature appears historical/lagged. It is suitable for production only if its generation guarantees that no observation after T is incorporated.,"Document lag/window definition, cutoff timestamp, timezone, missing-history behaviour, and guarantee that the window ends at or before T.",ALLOW_AFTER_CAUSAL_GENERATION_VERIFICATION
occupancy_rate_roll_max_12h,historical_lag,SAFE_HISTORICAL_IF_GENERATED_CAUSALLY,HISTORICAL_INFORMATION,CONDITIONAL,LOW_IF_CAUSALLY_GENERATED,NONE_IDENTIFIED,0,,Feature appears historical/lagged. It is suitable for production only if its generation guarantees that no observation after T is incorporated.,"Document lag/window definition, cutoff timestamp, timezone, missing-history behaviour, and guarantee that the window ends at or before T.",ALLOW_AFTER_CAUSAL_GENERATION_VERIFICATION
occupancy_rate_roll_median_12h,historical_lag,SAFE_HISTORICAL_IF_GENERATED_CAUSALLY,HISTORICAL_INFORMATION,CONDITIONAL,LOW_IF_CAUSALLY_GENERATED,NONE_IDENTIFIED,0,,Feature appears historical/lagged. It is suitable for production only if its generation guarantees that no observation after T is incorporated.,"Document lag/window definition, cutoff timestamp, timezone, missing-history behaviour, and guarantee that the window ends at or before T.",ALLOW_AFTER_CAUSAL_GENERATION_VERIFICATION
occupancy_rate_roll_trend_12h,historical_lag,SAFE_HISTORICAL_IF_GENERATED_CAUSALLY,HISTORICAL_INFORMATION,CONDITIONAL,LOW_IF_CAUSALLY_GENERATED,NONE_IDENTIFIED,0,,Feature appears historical/lagged. It is suitable for production only if its generation guarantees that no observation after T is incorporated.,"Document lag/window definition, cutoff timestamp, timezone, missing-history behaviour, and guarantee that the window ends at or before T.",ALLOW_AFTER_CAUSAL_GENERATION_VERIFICATION
occupancy_rate_roll_count_12h,other,REQUIRES_DOCUMENTATION,UNRESOLVED,UNKNOWN,UNKNOWN,NONE_IDENTIFIED,0,,"Feature could not be confidently classified as deterministic calendar, historical, or current-state from the available static contract.","Document the production source, timestamp semantics, refresh behaviour, and availability at prediction time.",DOCUMENT_BEFORE_PRODUCTION_APPROVAL
occupancy_rate_roll_missing_12h,other,REQUIRES_DOCUMENTATION,UNRESOLVED,UNKNOWN,UNKNOWN,NONE_IDENTIFIED,0,,"Feature could not be confidently classified as deterministic calendar, historical, or current-state from the available static contract.","Document the production source, timestamp semantics, refresh behaviour, and availability at prediction time.",DOCUMENT_BEFORE_PRODUCTION_APPROVAL
occupancy_rate_roll_coverage_ratio_12h,other,REQUIRES_DOCUMENTATION,UNRESOLVED,UNKNOWN,UNKNOWN,NONE_IDENTIFIED,0,,"Feature could not be confidently classified as deterministic calendar, historical, or current-state from the available static contract.","Document the production source, timestamp semantics, refresh behaviour, and availability at prediction time.",DOCUMENT_BEFORE_PRODUCTION_APPROVAL
occupancy_rate_roll_12h_available,other,REQUIRES_DOCUMENTATION,UNRESOLVED,UNKNOWN,UNKNOWN,NONE_IDENTIFIED,0,,"Feature could not be confidently classified as deterministic calendar, historical, or current-state from the available static contract.","Document the production source, timestamp semantics, refresh behaviour, and availability at prediction time.",DOCUMENT_BEFORE_PRODUCTION_APPROVAL
occupancy_rate_roll_mean_1d,historical_lag,SAFE_HISTORICAL_IF_GENERATED_CAUSALLY,HISTORICAL_INFORMATION,CONDITIONAL,LOW_IF_CAUSALLY_GENERATED,NONE_IDENTIFIED,0,,Feature appears historical/lagged. It is suitable for production only if its generation guarantees that no observation after T is incorporated.,"Document lag/window definition, cutoff timestamp, timezone, missing-history behaviour, and guarantee that the window ends at or before T.",ALLOW_AFTER_CAUSAL_GENERATION_VERIFICATION
occupancy_rate_roll_std_1d,historical_lag,SAFE_HISTORICAL_IF_GENERATED_CAUSALLY,HISTORICAL_INFORMATION,CONDITIONAL,LOW_IF_CAUSALLY_GENERATED,NONE_IDENTIFIED,0,,Feature appears historical/lagged. It is suitable for production only if its generation guarantees that no observation after T is incorporated.,"Document lag/window definition, cutoff timestamp, timezone, missing-history behaviour, and guarantee that the window ends at or before T.",ALLOW_AFTER_CAUSAL_GENERATION_VERIFICATION
occupancy_rate_roll_min_1d,historical_lag,SAFE_HISTORICAL_IF_GENERATED_CAUSALLY,HISTORICAL_INFORMATION,CONDITIONAL,LOW_IF_CAUSALLY_GENERATED,NONE_IDENTIFIED,0,,Feature appears historical/lagged. It is suitable for production only if its generation guarantees that no observation after T is incorporated.,"Document lag/window definition, cutoff timestamp, timezone, missing-history behaviour, and guarantee that the window ends at or before T.",ALLOW_AFTER_CAUSAL_GENERATION_VERIFICATION
occupancy_rate_roll_max_1d,historical_lag,SAFE_HISTORICAL_IF_GENERATED_CAUSALLY,HISTORICAL_INFORMATION,CONDITIONAL,LOW_IF_CAUSALLY_GENERATED,NONE_IDENTIFIED,0,,Feature appears historical/lagged. It is suitable for production only if its generation guarantees that no observation after T is incorporated.,"Document lag/window definition, cutoff timestamp, timezone, missing-history behaviour, and guarantee that the window ends at or before T.",ALLOW_AFTER_CAUSAL_GENERATION_VERIFICATION
occupancy_rate_roll_median_1d,historical_lag,SAFE_HISTORICAL_IF_GENERATED_CAUSALLY,HISTORICAL_INFORMATION,CONDITIONAL,LOW_IF_CAUSALLY_GENERATED,NONE_IDENTIFIED,0,,Feature appears historical/lagged. It is suitable for production only if its generation guarantees that no observation after T is incorporated.,"Document lag/window definition, cutoff timestamp, timezone, missing-history behaviour, and guarantee that the window ends at or before T.",ALLOW_AFTER_CAUSAL_GENERATION_VERIFICATION
occupancy_rate_roll_trend_1d,historical_lag,SAFE_HISTORICAL_IF_GENERATED_CAUSALLY,HISTORICAL_INFORMATION,CONDITIONAL,LOW_IF_CAUSALLY_GENERATED,NONE_IDENTIFIED,0,,Feature appears historical/lagged. It is suitable for production only if its generation guarantees that no observation after T is incorporated.,"Document lag/window definition, cutoff timestamp, timezone, missing-history behaviour, and guarantee that the window ends at or before T.",ALLOW_AFTER_CAUSAL_GENERATION_VERIFICATION
occupancy_rate_roll_count_1d,other,REQUIRES_DOCUMENTATION,UNRESOLVED,UNKNOWN,UNKNOWN,NONE_IDENTIFIED,0,,"Feature could not be confidently classified as deterministic calendar, historical, or current-state from the available static contract.","Document the production source, timestamp semantics, refresh behaviour, and availability at prediction time.",DOCUMENT_BEFORE_PRODUCTION_APPROVAL
occupancy_rate_roll_missing_1d,other,REQUIRES_DOCUMENTATION,UNRESOLVED,UNKNOWN,UNKNOWN,NONE_IDENTIFIED,0,,"Feature could not be confidently classified as deterministic calendar, historical, or current-state from the available static contract.","Document the production source, timestamp semantics, refresh behaviour, and availability at prediction time.",DOCUMENT_BEFORE_PRODUCTION_APPROVAL
occupancy_rate_roll_coverage_ratio_1d,other,REQUIRES_DOCUMENTATION,UNRESOLVED,UNKNOWN,UNKNOWN,NONE_IDENTIFIED,0,,"Feature could not be confidently classified as deterministic calendar, historical, or current-state from the available static contract.","Document the production source, timestamp semantics, refresh behaviour, and availability at prediction time.",DOCUMENT_BEFORE_PRODUCTION_APPROVAL
occupancy_rate_roll_1d_available,other,REQUIRES_DOCUMENTATION,UNRESOLVED,UNKNOWN,UNKNOWN,NONE_IDENTIFIED,0,,"Feature could not be confidently classified as deterministic calendar, historical, or current-state from the available static contract.","Document the production source, timestamp semantics, refresh behaviour, and availability at prediction time.",DOCUMENT_BEFORE_PRODUCTION_APPROVAL
occupied_spaces_roll_mean_1h,historical_lag,SAFE_HISTORICAL_IF_GENERATED_CAUSALLY,HISTORICAL_INFORMATION,CONDITIONAL,LOW_IF_CAUSALLY_GENERATED,NONE_IDENTIFIED,0,,Feature appears historical/lagged. It is suitable for production only if its generation guarantees that no observation after T is incorporated.,"Document lag/window definition, cutoff timestamp, timezone, missing-history behaviour, and guarantee that the window ends at or before T.",ALLOW_AFTER_CAUSAL_GENERATION_VERIFICATION
occupied_spaces_roll_std_1h,historical_lag,SAFE_HISTORICAL_IF_GENERATED_CAUSALLY,HISTORICAL_INFORMATION,CONDITIONAL,LOW_IF_CAUSALLY_GENERATED,NONE_IDENTIFIED,0,,Feature appears historical/lagged. It is suitable for production only if its generation guarantees that no observation after T is incorporated.,"Document lag/window definition, cutoff timestamp, timezone, missing-history behaviour, and guarantee that the window ends at or before T.",ALLOW_AFTER_CAUSAL_GENERATION_VERIFICATION
occupied_spaces_roll_min_1h,historical_lag,SAFE_HISTORICAL_IF_GENERATED_CAUSALLY,HISTORICAL_INFORMATION,CONDITIONAL,LOW_IF_CAUSALLY_GENERATED,NONE_IDENTIFIED,0,,Feature appears historical/lagged. It is suitable for production only if its generation guarantees that no observation after T is incorporated.,"Document lag/window definition, cutoff timestamp, timezone, missing-history behaviour, and guarantee that the window ends at or before T.",ALLOW_AFTER_CAUSAL_GENERATION_VERIFICATION
occupied_spaces_roll_max_1h,historical_lag,SAFE_HISTORICAL_IF_GENERATED_CAUSALLY,HISTORICAL_INFORMATION,CONDITIONAL,LOW_IF_CAUSALLY_GENERATED,NONE_IDENTIFIED,0,,Feature appears historical/lagged. It is suitable for production only if its generation guarantees that no observation after T is incorporated.,"Document lag/window definition, cutoff timestamp, timezone, missing-history behaviour, and guarantee that the window ends at or before T.",ALLOW_AFTER_CAUSAL_GENERATION_VERIFICATION
occupied_spaces_roll_median_1h,historical_lag,SAFE_HISTORICAL_IF_GENERATED_CAUSALLY,HISTORICAL_INFORMATION,CONDITIONAL,LOW_IF_CAUSALLY_GENERATED,NONE_IDENTIFIED,0,,Feature appears historical/lagged. It is suitable for production only if its generation guarantees that no observation after T is incorporated.,"Document lag/window definition, cutoff timestamp, timezone, missing-history behaviour, and guarantee that the window ends at or before T.",ALLOW_AFTER_CAUSAL_GENERATION_VERIFICATION
occupied_spaces_roll_trend_1h,historical_lag,SAFE_HISTORICAL_IF_GENERATED_CAUSALLY,HISTORICAL_INFORMATION,CONDITIONAL,LOW_IF_CAUSALLY_GENERATED,NONE_IDENTIFIED,0,,Feature appears historical/lagged. It is suitable for production only if its generation guarantees that no observation after T is incorporated.,"Document lag/window definition, cutoff timestamp, timezone, missing-history behaviour, and guarantee that the window ends at or before T.",ALLOW_AFTER_CAUSAL_GENERATION_VERIFICATION
occupied_spaces_roll_count_1h,other,REQUIRES_DOCUMENTATION,UNRESOLVED,UNKNOWN,UNKNOWN,NONE_IDENTIFIED,0,,"Feature could not be confidently classified as deterministic calendar, historical, or current-state from the available static contract.","Document the production source, timestamp semantics, refresh behaviour, and availability at prediction time.",DOCUMENT_BEFORE_PRODUCTION_APPROVAL
occupied_spaces_roll_missing_1h,other,REQUIRES_DOCUMENTATION,UNRESOLVED,UNKNOWN,UNKNOWN,NONE_IDENTIFIED,0,,"Feature could not be confidently classified as deterministic calendar, historical, or current-state from the available static contract.","Document the production source, timestamp semantics, refresh behaviour, and availability at prediction time.",DOCUMENT_BEFORE_PRODUCTION_APPROVAL
occupied_spaces_roll_coverage_ratio_1h,other,REQUIRES_DOCUMENTATION,UNRESOLVED,UNKNOWN,UNKNOWN,NONE_IDENTIFIED,0,,"Feature could not be confidently classified as deterministic calendar, historical, or current-state from the available static contract.","Document the production source, timestamp semantics, refresh behaviour, and availability at prediction time.",DOCUMENT_BEFORE_PRODUCTION_APPROVAL
occupied_spaces_roll_1h_available,other,REQUIRES_DOCUMENTATION,UNRESOLVED,UNKNOWN,UNKNOWN,NONE_IDENTIFIED,0,,"Feature could not be confidently classified as deterministic calendar, historical, or current-state from the available static contract.","Document the production source, timestamp semantics, refresh behaviour, and availability at prediction time.",DOCUMENT_BEFORE_PRODUCTION_APPROVAL
occupied_spaces_roll_mean_2h,historical_lag,SAFE_HISTORICAL_IF_GENERATED_CAUSALLY,HISTORICAL_INFORMATION,CONDITIONAL,LOW_IF_CAUSALLY_GENERATED,NONE_IDENTIFIED,0,,Feature appears historical/lagged. It is suitable for production only if its generation guarantees that no observation after T is incorporated.,"Document lag/window definition, cutoff timestamp, timezone, missing-history behaviour, and guarantee that the window ends at or before T.",ALLOW_AFTER_CAUSAL_GENERATION_VERIFICATION
occupied_spaces_roll_std_2h,historical_lag,SAFE_HISTORICAL_IF_GENERATED_CAUSALLY,HISTORICAL_INFORMATION,CONDITIONAL,LOW_IF_CAUSALLY_GENERATED,NONE_IDENTIFIED,0,,Feature appears historical/lagged. It is suitable for production only if its generation guarantees that no observation after T is incorporated.,"Document lag/window definition, cutoff timestamp, timezone, missing-history behaviour, and guarantee that the window ends at or before T.",ALLOW_AFTER_CAUSAL_GENERATION_VERIFICATION
occupied_spaces_roll_min_2h,historical_lag,SAFE_HISTORICAL_IF_GENERATED_CAUSALLY,HISTORICAL_INFORMATION,CONDITIONAL,LOW_IF_CAUSALLY_GENERATED,NONE_IDENTIFIED,0,,Feature appears historical/lagged. It is suitable for production only if its generation guarantees that no observation after T is incorporated.,"Document lag/window definition, cutoff timestamp, timezone, missing-history behaviour, and guarantee that the window ends at or before T.",ALLOW_AFTER_CAUSAL_GENERATION_VERIFICATION
occupied_spaces_roll_max_2h,historical_lag,SAFE_HISTORICAL_IF_GENERATED_CAUSALLY,HISTORICAL_INFORMATION,CONDITIONAL,LOW_IF_CAUSALLY_GENERATED,NONE_IDENTIFIED,0,,Feature appears historical/lagged. It is suitable for production only if its generation guarantees that no observation after T is incorporated.,"Document lag/window definition, cutoff timestamp, timezone, missing-history behaviour, and guarantee that the window ends at or before T.",ALLOW_AFTER_CAUSAL_GENERATION_VERIFICATION
occupied_spaces_roll_median_2h,historical_lag,SAFE_HISTORICAL_IF_GENERATED_CAUSALLY,HISTORICAL_INFORMATION,CONDITIONAL,LOW_IF_CAUSALLY_GENERATED,NONE_IDENTIFIED,0,,Feature appears historical/lagged. It is suitable for production only if its generation guarantees that no observation after T is incorporated.,"Document lag/window definition, cutoff timestamp, timezone, missing-history behaviour, and guarantee that the window ends at or before T.",ALLOW_AFTER_CAUSAL_GENERATION_VERIFICATION
occupied_spaces_roll_trend_2h,historical_lag,SAFE_HISTORICAL_IF_GENERATED_CAUSALLY,HISTORICAL_INFORMATION,CONDITIONAL,LOW_IF_CAUSALLY_GENERATED,NONE_IDENTIFIED,0,,Feature appears historical/lagged. It is suitable for production only if its generation guarantees that no observation after T is incorporated.,"Document lag/window definition, cutoff timestamp, timezone, missing-history behaviour, and guarantee that the window ends at or before T.",ALLOW_AFTER_CAUSAL_GENERATION_VERIFICATION
occupied_spaces_roll_count_2h,other,REQUIRES_DOCUMENTATION,UNRESOLVED,UNKNOWN,UNKNOWN,NONE_IDENTIFIED,0,,"Feature could not be confidently classified as deterministic calendar, historical, or current-state from the available static contract.","Document the production source, timestamp semantics, refresh behaviour, and availability at prediction time.",DOCUMENT_BEFORE_PRODUCTION_APPROVAL
occupied_spaces_roll_missing_2h,other,REQUIRES_DOCUMENTATION,UNRESOLVED,UNKNOWN,UNKNOWN,NONE_IDENTIFIED,0,,"Feature could not be confidently classified as deterministic calendar, historical, or current-state from the available static contract.","Document the production source, timestamp semantics, refresh behaviour, and availability at prediction time.",DOCUMENT_BEFORE_PRODUCTION_APPROVAL
occupied_spaces_roll_coverage_ratio_2h,other,REQUIRES_DOCUMENTATION,UNRESOLVED,UNKNOWN,UNKNOWN,NONE_IDENTIFIED,0,,"Feature could not be confidently classified as deterministic calendar, historical, or current-state from the available static contract.","Document the production source, timestamp semantics, refresh behaviour, and availability at prediction time.",DOCUMENT_BEFORE_PRODUCTION_APPROVAL
occupied_spaces_roll_2h_available,other,REQUIRES_DOCUMENTATION,UNRESOLVED,UNKNOWN,UNKNOWN,NONE_IDENTIFIED,0,,"Feature could not be confidently classified as deterministic calendar, historical, or current-state from the available static contract.","Document the production source, timestamp semantics, refresh behaviour, and availability at prediction time.",DOCUMENT_BEFORE_PRODUCTION_APPROVAL
occupied_spaces_roll_mean_3h,historical_lag,SAFE_HISTORICAL_IF_GENERATED_CAUSALLY,HISTORICAL_INFORMATION,CONDITIONAL,LOW_IF_CAUSALLY_GENERATED,NONE_IDENTIFIED,0,,Feature appears historical/lagged. It is suitable for production only if its generation guarantees that no observation after T is incorporated.,"Document lag/window definition, cutoff timestamp, timezone, missing-history behaviour, and guarantee that the window ends at or before T.",ALLOW_AFTER_CAUSAL_GENERATION_VERIFICATION
occupied_spaces_roll_std_3h,historical_lag,SAFE_HISTORICAL_IF_GENERATED_CAUSALLY,HISTORICAL_INFORMATION,CONDITIONAL,LOW_IF_CAUSALLY_GENERATED,NONE_IDENTIFIED,0,,Feature appears historical/lagged. It is suitable for production only if its generation guarantees that no observation after T is incorporated.,"Document lag/window definition, cutoff timestamp, timezone, missing-history behaviour, and guarantee that the window ends at or before T.",ALLOW_AFTER_CAUSAL_GENERATION_VERIFICATION
occupied_spaces_roll_min_3h,historical_lag,SAFE_HISTORICAL_IF_GENERATED_CAUSALLY,HISTORICAL_INFORMATION,CONDITIONAL,LOW_IF_CAUSALLY_GENERATED,NONE_IDENTIFIED,0,,Feature appears historical/lagged. It is suitable for production only if its generation guarantees that no observation after T is incorporated.,"Document lag/window definition, cutoff timestamp, timezone, missing-history behaviour, and guarantee that the window ends at or before T.",ALLOW_AFTER_CAUSAL_GENERATION_VERIFICATION
occupied_spaces_roll_max_3h,historical_lag,SAFE_HISTORICAL_IF_GENERATED_CAUSALLY,HISTORICAL_INFORMATION,CONDITIONAL,LOW_IF_CAUSALLY_GENERATED,NONE_IDENTIFIED,0,,Feature appears historical/lagged. It is suitable for production only if its generation guarantees that no observation after T is incorporated.,"Document lag/window definition, cutoff timestamp, timezone, missing-history behaviour, and guarantee that the window ends at or before T.",ALLOW_AFTER_CAUSAL_GENERATION_VERIFICATION
occupied_spaces_roll_median_3h,historical_lag,SAFE_HISTORICAL_IF_GENERATED_CAUSALLY,HISTORICAL_INFORMATION,CONDITIONAL,LOW_IF_CAUSALLY_GENERATED,NONE_IDENTIFIED,0,,Feature appears historical/lagged. It is suitable for production only if its generation guarantees that no observation after T is incorporated.,"Document lag/window definition, cutoff timestamp, timezone, missing-history behaviour, and guarantee that the window ends at or before T.",ALLOW_AFTER_CAUSAL_GENERATION_VERIFICATION
occupied_spaces_roll_trend_3h,historical_lag,SAFE_HISTORICAL_IF_GENERATED_CAUSALLY,HISTORICAL_INFORMATION,CONDITIONAL,LOW_IF_CAUSALLY_GENERATED,NONE_IDENTIFIED,0,,Feature appears historical/lagged. It is suitable for production only if its generation guarantees that no observation after T is incorporated.,"Document lag/window definition, cutoff timestamp, timezone, missing-history behaviour, and guarantee that the window ends at or before T.",ALLOW_AFTER_CAUSAL_GENERATION_VERIFICATION
occupied_spaces_roll_count_3h,other,REQUIRES_DOCUMENTATION,UNRESOLVED,UNKNOWN,UNKNOWN,NONE_IDENTIFIED,0,,"Feature could not be confidently classified as deterministic calendar, historical, or current-state from the available static contract.","Document the production source, timestamp semantics, refresh behaviour, and availability at prediction time.",DOCUMENT_BEFORE_PRODUCTION_APPROVAL
occupied_spaces_roll_missing_3h,other,REQUIRES_DOCUMENTATION,UNRESOLVED,UNKNOWN,UNKNOWN,NONE_IDENTIFIED,0,,"Feature could not be confidently classified as deterministic calendar, historical, or current-state from the available static contract.","Document the production source, timestamp semantics, refresh behaviour, and availability at prediction time.",DOCUMENT_BEFORE_PRODUCTION_APPROVAL
occupied_spaces_roll_coverage_ratio_3h,other,REQUIRES_DOCUMENTATION,UNRESOLVED,UNKNOWN,UNKNOWN,NONE_IDENTIFIED,0,,"Feature could not be confidently classified as deterministic calendar, historical, or current-state from the available static contract.","Document the production source, timestamp semantics, refresh behaviour, and availability at prediction time.",DOCUMENT_BEFORE_PRODUCTION_APPROVAL
occupied_spaces_roll_3h_available,other,REQUIRES_DOCUMENTATION,UNRESOLVED,UNKNOWN,UNKNOWN,NONE_IDENTIFIED,0,,"Feature could not be confidently classified as deterministic calendar, historical, or current-state from the available static contract.","Document the production source, timestamp semantics, refresh behaviour, and availability at prediction time.",DOCUMENT_BEFORE_PRODUCTION_APPROVAL
occupied_spaces_roll_mean_6h,historical_lag,SAFE_HISTORICAL_IF_GENERATED_CAUSALLY,HISTORICAL_INFORMATION,CONDITIONAL,LOW_IF_CAUSALLY_GENERATED,NONE_IDENTIFIED,0,,Feature appears historical/lagged. It is suitable for production only if its generation guarantees that no observation after T is incorporated.,"Document lag/window definition, cutoff timestamp, timezone, missing-history behaviour, and guarantee that the window ends at or before T.",ALLOW_AFTER_CAUSAL_GENERATION_VERIFICATION
occupied_spaces_roll_std_6h,historical_lag,SAFE_HISTORICAL_IF_GENERATED_CAUSALLY,HISTORICAL_INFORMATION,CONDITIONAL,LOW_IF_CAUSALLY_GENERATED,NONE_IDENTIFIED,0,,Feature appears historical/lagged. It is suitable for production only if its generation guarantees that no observation after T is incorporated.,"Document lag/window definition, cutoff timestamp, timezone, missing-history behaviour, and guarantee that the window ends at or before T.",ALLOW_AFTER_CAUSAL_GENERATION_VERIFICATION
occupied_spaces_roll_min_6h,historical_lag,SAFE_HISTORICAL_IF_GENERATED_CAUSALLY,HISTORICAL_INFORMATION,CONDITIONAL,LOW_IF_CAUSALLY_GENERATED,NONE_IDENTIFIED,0,,Feature appears historical/lagged. It is suitable for production only if its generation guarantees that no observation after T is incorporated.,"Document lag/window definition, cutoff timestamp, timezone, missing-history behaviour, and guarantee that the window ends at or before T.",ALLOW_AFTER_CAUSAL_GENERATION_VERIFICATION
occupied_spaces_roll_max_6h,historical_lag,SAFE_HISTORICAL_IF_GENERATED_CAUSALLY,HISTORICAL_INFORMATION,CONDITIONAL,LOW_IF_CAUSALLY_GENERATED,NONE_IDENTIFIED,0,,Feature appears historical/lagged. It is suitable for production only if its generation guarantees that no observation after T is incorporated.,"Document lag/window definition, cutoff timestamp, timezone, missing-history behaviour, and guarantee that the window ends at or before T.",ALLOW_AFTER_CAUSAL_GENERATION_VERIFICATION
occupied_spaces_roll_median_6h,historical_lag,SAFE_HISTORICAL_IF_GENERATED_CAUSALLY,HISTORICAL_INFORMATION,CONDITIONAL,LOW_IF_CAUSALLY_GENERATED,NONE_IDENTIFIED,0,,Feature appears historical/lagged. It is suitable for production only if its generation guarantees that no observation after T is incorporated.,"Document lag/window definition, cutoff timestamp, timezone, missing-history behaviour, and guarantee that the window ends at or before T.",ALLOW_AFTER_CAUSAL_GENERATION_VERIFICATION
occupied_spaces_roll_trend_6h,historical_lag,SAFE_HISTORICAL_IF_GENERATED_CAUSALLY,HISTORICAL_INFORMATION,CONDITIONAL,LOW_IF_CAUSALLY_GENERATED,NONE_IDENTIFIED,0,,Feature appears historical/lagged. It is suitable for production only if its generation guarantees that no observation after T is incorporated.,"Document lag/window definition, cutoff timestamp, timezone, missing-history behaviour, and guarantee that the window ends at or before T.",ALLOW_AFTER_CAUSAL_GENERATION_VERIFICATION
occupied_spaces_roll_count_6h,other,REQUIRES_DOCUMENTATION,UNRESOLVED,UNKNOWN,UNKNOWN,NONE_IDENTIFIED,0,,"Feature could not be confidently classified as deterministic calendar, historical, or current-state from the available static contract.","Document the production source, timestamp semantics, refresh behaviour, and availability at prediction time.",DOCUMENT_BEFORE_PRODUCTION_APPROVAL
occupied_spaces_roll_missing_6h,other,REQUIRES_DOCUMENTATION,UNRESOLVED,UNKNOWN,UNKNOWN,NONE_IDENTIFIED,0,,"Feature could not be confidently classified as deterministic calendar, historical, or current-state from the available static contract.","Document the production source, timestamp semantics, refresh behaviour, and availability at prediction time.",DOCUMENT_BEFORE_PRODUCTION_APPROVAL
occupied_spaces_roll_coverage_ratio_6h,other,REQUIRES_DOCUMENTATION,UNRESOLVED,UNKNOWN,UNKNOWN,NONE_IDENTIFIED,0,,"Feature could not be confidently classified as deterministic calendar, historical, or current-state from the available static contract.","Document the production source, timestamp semantics, refresh behaviour, and availability at prediction time.",DOCUMENT_BEFORE_PRODUCTION_APPROVAL
occupied_spaces_roll_6h_available,other,REQUIRES_DOCUMENTATION,UNRESOLVED,UNKNOWN,UNKNOWN,NONE_IDENTIFIED,0,,"Feature could not be confidently classified as deterministic calendar, historical, or current-state from the available static contract.","Document the production source, timestamp semantics, refresh behaviour, and availability at prediction time.",DOCUMENT_BEFORE_PRODUCTION_APPROVAL
occupied_spaces_roll_mean_12h,historical_lag,SAFE_HISTORICAL_IF_GENERATED_CAUSALLY,HISTORICAL_INFORMATION,CONDITIONAL,LOW_IF_CAUSALLY_GENERATED,NONE_IDENTIFIED,0,,Feature appears historical/lagged. It is suitable for production only if its generation guarantees that no observation after T is incorporated.,"Document lag/window definition, cutoff timestamp, timezone, missing-history behaviour, and guarantee that the window ends at or before T.",ALLOW_AFTER_CAUSAL_GENERATION_VERIFICATION
occupied_spaces_roll_std_12h,historical_lag,SAFE_HISTORICAL_IF_GENERATED_CAUSALLY,HISTORICAL_INFORMATION,CONDITIONAL,LOW_IF_CAUSALLY_GENERATED,NONE_IDENTIFIED,0,,Feature appears historical/lagged. It is suitable for production only if its generation guarantees that no observation after T is incorporated.,"Document lag/window definition, cutoff timestamp, timezone, missing-history behaviour, and guarantee that the window ends at or before T.",ALLOW_AFTER_CAUSAL_GENERATION_VERIFICATION
occupied_spaces_roll_min_12h,historical_lag,SAFE_HISTORICAL_IF_GENERATED_CAUSALLY,HISTORICAL_INFORMATION,CONDITIONAL,LOW_IF_CAUSALLY_GENERATED,NONE_IDENTIFIED,0,,Feature appears historical/lagged. It is suitable for production only if its generation guarantees that no observation after T is incorporated.,"Document lag/window definition, cutoff timestamp, timezone, missing-history behaviour, and guarantee that the window ends at or before T.",ALLOW_AFTER_CAUSAL_GENERATION_VERIFICATION
occupied_spaces_roll_max_12h,historical_lag,SAFE_HISTORICAL_IF_GENERATED_CAUSALLY,HISTORICAL_INFORMATION,CONDITIONAL,LOW_IF_CAUSALLY_GENERATED,NONE_IDENTIFIED,0,,Feature appears historical/lagged. It is suitable for production only if its generation guarantees that no observation after T is incorporated.,"Document lag/window definition, cutoff timestamp, timezone, missing-history behaviour, and guarantee that the window ends at or before T.",ALLOW_AFTER_CAUSAL_GENERATION_VERIFICATION
occupied_spaces_roll_median_12h,historical_lag,SAFE_HISTORICAL_IF_GENERATED_CAUSALLY,HISTORICAL_INFORMATION,CONDITIONAL,LOW_IF_CAUSALLY_GENERATED,NONE_IDENTIFIED,0,,Feature appears historical/lagged. It is suitable for production only if its generation guarantees that no observation after T is incorporated.,"Document lag/window definition, cutoff timestamp, timezone, missing-history behaviour, and guarantee that the window ends at or before T.",ALLOW_AFTER_CAUSAL_GENERATION_VERIFICATION
occupied_spaces_roll_trend_12h,historical_lag,SAFE_HISTORICAL_IF_GENERATED_CAUSALLY,HISTORICAL_INFORMATION,CONDITIONAL,LOW_IF_CAUSALLY_GENERATED,NONE_IDENTIFIED,0,,Feature appears historical/lagged. It is suitable for production only if its generation guarantees that no observation after T is incorporated.,"Document lag/window definition, cutoff timestamp, timezone, missing-history behaviour, and guarantee that the window ends at or before T.",ALLOW_AFTER_CAUSAL_GENERATION_VERIFICATION
occupied_spaces_roll_count_12h,other,REQUIRES_DOCUMENTATION,UNRESOLVED,UNKNOWN,UNKNOWN,NONE_IDENTIFIED,0,,"Feature could not be confidently classified as deterministic calendar, historical, or current-state from the available static contract.","Document the production source, timestamp semantics, refresh behaviour, and availability at prediction time.",DOCUMENT_BEFORE_PRODUCTION_APPROVAL
occupied_spaces_roll_missing_12h,other,REQUIRES_DOCUMENTATION,UNRESOLVED,UNKNOWN,UNKNOWN,NONE_IDENTIFIED,0,,"Feature could not be confidently classified as deterministic calendar, historical, or current-state from the available static contract.","Document the production source, timestamp semantics, refresh behaviour, and availability at prediction time.",DOCUMENT_BEFORE_PRODUCTION_APPROVAL
occupied_spaces_roll_coverage_ratio_12h,other,REQUIRES_DOCUMENTATION,UNRESOLVED,UNKNOWN,UNKNOWN,NONE_IDENTIFIED,0,,"Feature could not be confidently classified as deterministic calendar, historical, or current-state from the available static contract.","Document the production source, timestamp semantics, refresh behaviour, and availability at prediction time.",DOCUMENT_BEFORE_PRODUCTION_APPROVAL
occupied_spaces_roll_12h_available,other,REQUIRES_DOCUMENTATION,UNRESOLVED,UNKNOWN,UNKNOWN,NONE_IDENTIFIED,0,,"Feature could not be confidently classified as deterministic calendar, historical, or current-state from the available static contract.","Document the production source, timestamp semantics, refresh behaviour, and availability at prediction time.",DOCUMENT_BEFORE_PRODUCTION_APPROVAL
occupied_spaces_roll_mean_1d,historical_lag,SAFE_HISTORICAL_IF_GENERATED_CAUSALLY,HISTORICAL_INFORMATION,CONDITIONAL,LOW_IF_CAUSALLY_GENERATED,NONE_IDENTIFIED,0,,Feature appears historical/lagged. It is suitable for production only if its generation guarantees that no observation after T is incorporated.,"Document lag/window definition, cutoff timestamp, timezone, missing-history behaviour, and guarantee that the window ends at or before T.",ALLOW_AFTER_CAUSAL_GENERATION_VERIFICATION
occupied_spaces_roll_std_1d,historical_lag,SAFE_HISTORICAL_IF_GENERATED_CAUSALLY,HISTORICAL_INFORMATION,CONDITIONAL,LOW_IF_CAUSALLY_GENERATED,NONE_IDENTIFIED,0,,Feature appears historical/lagged. It is suitable for production only if its generation guarantees that no observation after T is incorporated.,"Document lag/window definition, cutoff timestamp, timezone, missing-history behaviour, and guarantee that the window ends at or before T.",ALLOW_AFTER_CAUSAL_GENERATION_VERIFICATION
occupied_spaces_roll_min_1d,historical_lag,SAFE_HISTORICAL_IF_GENERATED_CAUSALLY,HISTORICAL_INFORMATION,CONDITIONAL,LOW_IF_CAUSALLY_GENERATED,NONE_IDENTIFIED,0,,Feature appears historical/lagged. It is suitable for production only if its generation guarantees that no observation after T is incorporated.,"Document lag/window definition, cutoff timestamp, timezone, missing-history behaviour, and guarantee that the window ends at or before T.",ALLOW_AFTER_CAUSAL_GENERATION_VERIFICATION
occupied_spaces_roll_max_1d,historical_lag,SAFE_HISTORICAL_IF_GENERATED_CAUSALLY,HISTORICAL_INFORMATION,CONDITIONAL,LOW_IF_CAUSALLY_GENERATED,NONE_IDENTIFIED,0,,Feature appears historical/lagged. It is suitable for production only if its generation guarantees that no observation after T is incorporated.,"Document lag/window definition, cutoff timestamp, timezone, missing-history behaviour, and guarantee that the window ends at or before T.",ALLOW_AFTER_CAUSAL_GENERATION_VERIFICATION
occupied_spaces_roll_median_1d,historical_lag,SAFE_HISTORICAL_IF_GENERATED_CAUSALLY,HISTORICAL_INFORMATION,CONDITIONAL,LOW_IF_CAUSALLY_GENERATED,NONE_IDENTIFIED,0,,Feature appears historical/lagged. It is suitable for production only if its generation guarantees that no observation after T is incorporated.,"Document lag/window definition, cutoff timestamp, timezone, missing-history behaviour, and guarantee that the window ends at or before T.",ALLOW_AFTER_CAUSAL_GENERATION_VERIFICATION
occupied_spaces_roll_trend_1d,historical_lag,SAFE_HISTORICAL_IF_GENERATED_CAUSALLY,HISTORICAL_INFORMATION,CONDITIONAL,LOW_IF_CAUSALLY_GENERATED,NONE_IDENTIFIED,0,,Feature appears historical/lagged. It is suitable for production only if its generation guarantees that no observation after T is incorporated.,"Document lag/window definition, cutoff timestamp, timezone, missing-history behaviour, and guarantee that the window ends at or before T.",ALLOW_AFTER_CAUSAL_GENERATION_VERIFICATION
occupied_spaces_roll_count_1d,other,REQUIRES_DOCUMENTATION,UNRESOLVED,UNKNOWN,UNKNOWN,NONE_IDENTIFIED,0,,"Feature could not be confidently classified as deterministic calendar, historical, or current-state from the available static contract.","Document the production source, timestamp semantics, refresh behaviour, and availability at prediction time.",DOCUMENT_BEFORE_PRODUCTION_APPROVAL
occupied_spaces_roll_missing_1d,other,REQUIRES_DOCUMENTATION,UNRESOLVED,UNKNOWN,UNKNOWN,NONE_IDENTIFIED,0,,"Feature could not be confidently classified as deterministic calendar, historical, or current-state from the available static contract.","Document the production source, timestamp semantics, refresh behaviour, and availability at prediction time.",DOCUMENT_BEFORE_PRODUCTION_APPROVAL
occupied_spaces_roll_coverage_ratio_1d,other,REQUIRES_DOCUMENTATION,UNRESOLVED,UNKNOWN,UNKNOWN,NONE_IDENTIFIED,0,,"Feature could not be confidently classified as deterministic calendar, historical, or current-state from the available static contract.","Document the production source, timestamp semantics, refresh behaviour, and availability at prediction time.",DOCUMENT_BEFORE_PRODUCTION_APPROVAL
occupied_spaces_roll_1d_available,other,REQUIRES_DOCUMENTATION,UNRESOLVED,UNKNOWN,UNKNOWN,NONE_IDENTIFIED,0,,"Feature could not be confidently classified as deterministic calendar, historical, or current-state from the available static contract.","Document the production source, timestamp semantics, refresh behaviour, and availability at prediction time.",DOCUMENT_BEFORE_PRODUCTION_APPROVAL
available_spaces_roll_mean_1h,historical_lag,SAFE_HISTORICAL_IF_GENERATED_CAUSALLY,HISTORICAL_INFORMATION,CONDITIONAL,LOW_IF_CAUSALLY_GENERATED,NONE_IDENTIFIED,0,,Feature appears historical/lagged. It is suitable for production only if its generation guarantees that no observation after T is incorporated.,"Document lag/window definition, cutoff timestamp, timezone, missing-history behaviour, and guarantee that the window ends at or before T.",ALLOW_AFTER_CAUSAL_GENERATION_VERIFICATION
available_spaces_roll_std_1h,historical_lag,SAFE_HISTORICAL_IF_GENERATED_CAUSALLY,HISTORICAL_INFORMATION,CONDITIONAL,LOW_IF_CAUSALLY_GENERATED,NONE_IDENTIFIED,0,,Feature appears historical/lagged. It is suitable for production only if its generation guarantees that no observation after T is incorporated.,"Document lag/window definition, cutoff timestamp, timezone, missing-history behaviour, and guarantee that the window ends at or before T.",ALLOW_AFTER_CAUSAL_GENERATION_VERIFICATION
available_spaces_roll_min_1h,historical_lag,SAFE_HISTORICAL_IF_GENERATED_CAUSALLY,HISTORICAL_INFORMATION,CONDITIONAL,LOW_IF_CAUSALLY_GENERATED,NONE_IDENTIFIED,0,,Feature appears historical/lagged. It is suitable for production only if its generation guarantees that no observation after T is incorporated.,"Document lag/window definition, cutoff timestamp, timezone, missing-history behaviour, and guarantee that the window ends at or before T.",ALLOW_AFTER_CAUSAL_GENERATION_VERIFICATION
available_spaces_roll_max_1h,historical_lag,SAFE_HISTORICAL_IF_GENERATED_CAUSALLY,HISTORICAL_INFORMATION,CONDITIONAL,LOW_IF_CAUSALLY_GENERATED,NONE_IDENTIFIED,0,,Feature appears historical/lagged. It is suitable for production only if its generation guarantees that no observation after T is incorporated.,"Document lag/window definition, cutoff timestamp, timezone, missing-history behaviour, and guarantee that the window ends at or before T.",ALLOW_AFTER_CAUSAL_GENERATION_VERIFICATION
available_spaces_roll_median_1h,historical_lag,SAFE_HISTORICAL_IF_GENERATED_CAUSALLY,HISTORICAL_INFORMATION,CONDITIONAL,LOW_IF_CAUSALLY_GENERATED,NONE_IDENTIFIED,0,,Feature appears historical/lagged. It is suitable for production only if its generation guarantees that no observation after T is incorporated.,"Document lag/window definition, cutoff timestamp, timezone, missing-history behaviour, and guarantee that the window ends at or before T.",ALLOW_AFTER_CAUSAL_GENERATION_VERIFICATION
available_spaces_roll_trend_1h,historical_lag,SAFE_HISTORICAL_IF_GENERATED_CAUSALLY,HISTORICAL_INFORMATION,CONDITIONAL,LOW_IF_CAUSALLY_GENERATED,NONE_IDENTIFIED,0,,Feature appears historical/lagged. It is suitable for production only if its generation guarantees that no observation after T is incorporated.,"Document lag/window definition, cutoff timestamp, timezone, missing-history behaviour, and guarantee that the window ends at or before T.",ALLOW_AFTER_CAUSAL_GENERATION_VERIFICATION
available_spaces_roll_count_1h,other,REQUIRES_DOCUMENTATION,UNRESOLVED,UNKNOWN,UNKNOWN,NONE_IDENTIFIED,0,,"Feature could not be confidently classified as deterministic calendar, historical, or current-state from the available static contract.","Document the production source, timestamp semantics, refresh behaviour, and availability at prediction time.",DOCUMENT_BEFORE_PRODUCTION_APPROVAL
available_spaces_roll_missing_1h,other,REQUIRES_DOCUMENTATION,UNRESOLVED,UNKNOWN,UNKNOWN,NONE_IDENTIFIED,0,,"Feature could not be confidently classified as deterministic calendar, historical, or current-state from the available static contract.","Document the production source, timestamp semantics, refresh behaviour, and availability at prediction time.",DOCUMENT_BEFORE_PRODUCTION_APPROVAL
available_spaces_roll_coverage_ratio_1h,other,REQUIRES_DOCUMENTATION,UNRESOLVED,UNKNOWN,UNKNOWN,NONE_IDENTIFIED,0,,"Feature could not be confidently classified as deterministic calendar, historical, or current-state from the available static contract.","Document the production source, timestamp semantics, refresh behaviour, and availability at prediction time.",DOCUMENT_BEFORE_PRODUCTION_APPROVAL
available_spaces_roll_1h_available,other,REQUIRES_DOCUMENTATION,UNRESOLVED,UNKNOWN,UNKNOWN,NONE_IDENTIFIED,0,,"Feature could not be confidently classified as deterministic calendar, historical, or current-state from the available static contract.","Document the production source, timestamp semantics, refresh behaviour, and availability at prediction time.",DOCUMENT_BEFORE_PRODUCTION_APPROVAL
available_spaces_roll_mean_2h,historical_lag,SAFE_HISTORICAL_IF_GENERATED_CAUSALLY,HISTORICAL_INFORMATION,CONDITIONAL,LOW_IF_CAUSALLY_GENERATED,NONE_IDENTIFIED,0,,Feature appears historical/lagged. It is suitable for production only if its generation guarantees that no observation after T is incorporated.,"Document lag/window definition, cutoff timestamp, timezone, missing-history behaviour, and guarantee that the window ends at or before T.",ALLOW_AFTER_CAUSAL_GENERATION_VERIFICATION
available_spaces_roll_std_2h,historical_lag,SAFE_HISTORICAL_IF_GENERATED_CAUSALLY,HISTORICAL_INFORMATION,CONDITIONAL,LOW_IF_CAUSALLY_GENERATED,NONE_IDENTIFIED,0,,Feature appears historical/lagged. It is suitable for production only if its generation guarantees that no observation after T is incorporated.,"Document lag/window definition, cutoff timestamp, timezone, missing-history behaviour, and guarantee that the window ends at or before T.",ALLOW_AFTER_CAUSAL_GENERATION_VERIFICATION
available_spaces_roll_min_2h,historical_lag,SAFE_HISTORICAL_IF_GENERATED_CAUSALLY,HISTORICAL_INFORMATION,CONDITIONAL,LOW_IF_CAUSALLY_GENERATED,NONE_IDENTIFIED,0,,Feature appears historical/lagged. It is suitable for production only if its generation guarantees that no observation after T is incorporated.,"Document lag/window definition, cutoff timestamp, timezone, missing-history behaviour, and guarantee that the window ends at or before T.",ALLOW_AFTER_CAUSAL_GENERATION_VERIFICATION
available_spaces_roll_max_2h,historical_lag,SAFE_HISTORICAL_IF_GENERATED_CAUSALLY,HISTORICAL_INFORMATION,CONDITIONAL,LOW_IF_CAUSALLY_GENERATED,NONE_IDENTIFIED,0,,Feature appears historical/lagged. It is suitable for production only if its generation guarantees that no observation after T is incorporated.,"Document lag/window definition, cutoff timestamp, timezone, missing-history behaviour, and guarantee that the window ends at or before T.",ALLOW_AFTER_CAUSAL_GENERATION_VERIFICATION
available_spaces_roll_median_2h,historical_lag,SAFE_HISTORICAL_IF_GENERATED_CAUSALLY,HISTORICAL_INFORMATION,CONDITIONAL,LOW_IF_CAUSALLY_GENERATED,NONE_IDENTIFIED,0,,Feature appears historical/lagged. It is suitable for production only if its generation guarantees that no observation after T is incorporated.,"Document lag/window definition, cutoff timestamp, timezone, missing-history behaviour, and guarantee that the window ends at or before T.",ALLOW_AFTER_CAUSAL_GENERATION_VERIFICATION
available_spaces_roll_trend_2h,historical_lag,SAFE_HISTORICAL_IF_GENERATED_CAUSALLY,HISTORICAL_INFORMATION,CONDITIONAL,LOW_IF_CAUSALLY_GENERATED,NONE_IDENTIFIED,0,,Feature appears historical/lagged. It is suitable for production only if its generation guarantees that no observation after T is incorporated.,"Document lag/window definition, cutoff timestamp, timezone, missing-history behaviour, and guarantee that the window ends at or before T.",ALLOW_AFTER_CAUSAL_GENERATION_VERIFICATION
available_spaces_roll_count_2h,other,REQUIRES_DOCUMENTATION,UNRESOLVED,UNKNOWN,UNKNOWN,NONE_IDENTIFIED,0,,"Feature could not be confidently classified as deterministic calendar, historical, or current-state from the available static contract.","Document the production source, timestamp semantics, refresh behaviour, and availability at prediction time.",DOCUMENT_BEFORE_PRODUCTION_APPROVAL
available_spaces_roll_missing_2h,other,REQUIRES_DOCUMENTATION,UNRESOLVED,UNKNOWN,UNKNOWN,NONE_IDENTIFIED,0,,"Feature could not be confidently classified as deterministic calendar, historical, or current-state from the available static contract.","Document the production source, timestamp semantics, refresh behaviour, and availability at prediction time.",DOCUMENT_BEFORE_PRODUCTION_APPROVAL
available_spaces_roll_coverage_ratio_2h,other,REQUIRES_DOCUMENTATION,UNRESOLVED,UNKNOWN,UNKNOWN,NONE_IDENTIFIED,0,,"Feature could not be confidently classified as deterministic calendar, historical, or current-state from the available static contract.","Document the production source, timestamp semantics, refresh behaviour, and availability at prediction time.",DOCUMENT_BEFORE_PRODUCTION_APPROVAL
available_spaces_roll_2h_available,other,REQUIRES_DOCUMENTATION,UNRESOLVED,UNKNOWN,UNKNOWN,NONE_IDENTIFIED,0,,"Feature could not be confidently classified as deterministic calendar, historical, or current-state from the available static contract.","Document the production source, timestamp semantics, refresh behaviour, and availability at prediction time.",DOCUMENT_BEFORE_PRODUCTION_APPROVAL
available_spaces_roll_mean_3h,historical_lag,SAFE_HISTORICAL_IF_GENERATED_CAUSALLY,HISTORICAL_INFORMATION,CONDITIONAL,LOW_IF_CAUSALLY_GENERATED,NONE_IDENTIFIED,0,,Feature appears historical/lagged. It is suitable for production only if its generation guarantees that no observation after T is incorporated.,"Document lag/window definition, cutoff timestamp, timezone, missing-history behaviour, and guarantee that the window ends at or before T.",ALLOW_AFTER_CAUSAL_GENERATION_VERIFICATION
available_spaces_roll_std_3h,historical_lag,SAFE_HISTORICAL_IF_GENERATED_CAUSALLY,HISTORICAL_INFORMATION,CONDITIONAL,LOW_IF_CAUSALLY_GENERATED,NONE_IDENTIFIED,0,,Feature appears historical/lagged. It is suitable for production only if its generation guarantees that no observation after T is incorporated.,"Document lag/window definition, cutoff timestamp, timezone, missing-history behaviour, and guarantee that the window ends at or before T.",ALLOW_AFTER_CAUSAL_GENERATION_VERIFICATION
available_spaces_roll_min_3h,historical_lag,SAFE_HISTORICAL_IF_GENERATED_CAUSALLY,HISTORICAL_INFORMATION,CONDITIONAL,LOW_IF_CAUSALLY_GENERATED,NONE_IDENTIFIED,0,,Feature appears historical/lagged. It is suitable for production only if its generation guarantees that no observation after T is incorporated.,"Document lag/window definition, cutoff timestamp, timezone, missing-history behaviour, and guarantee that the window ends at or before T.",ALLOW_AFTER_CAUSAL_GENERATION_VERIFICATION
available_spaces_roll_max_3h,historical_lag,SAFE_HISTORICAL_IF_GENERATED_CAUSALLY,HISTORICAL_INFORMATION,CONDITIONAL,LOW_IF_CAUSALLY_GENERATED,NONE_IDENTIFIED,0,,Feature appears historical/lagged. It is suitable for production only if its generation guarantees that no observation after T is incorporated.,"Document lag/window definition, cutoff timestamp, timezone, missing-history behaviour, and guarantee that the window ends at or before T.",ALLOW_AFTER_CAUSAL_GENERATION_VERIFICATION
available_spaces_roll_median_3h,historical_lag,SAFE_HISTORICAL_IF_GENERATED_CAUSALLY,HISTORICAL_INFORMATION,CONDITIONAL,LOW_IF_CAUSALLY_GENERATED,NONE_IDENTIFIED,0,,Feature appears historical/lagged. It is suitable for production only if its generation guarantees that no observation after T is incorporated.,"Document lag/window definition, cutoff timestamp, timezone, missing-history behaviour, and guarantee that the window ends at or before T.",ALLOW_AFTER_CAUSAL_GENERATION_VERIFICATION
available_spaces_roll_trend_3h,historical_lag,SAFE_HISTORICAL_IF_GENERATED_CAUSALLY,HISTORICAL_INFORMATION,CONDITIONAL,LOW_IF_CAUSALLY_GENERATED,NONE_IDENTIFIED,0,,Feature appears historical/lagged. It is suitable for production only if its generation guarantees that no observation after T is incorporated.,"Document lag/window definition, cutoff timestamp, timezone, missing-history behaviour, and guarantee that the window ends at or before T.",ALLOW_AFTER_CAUSAL_GENERATION_VERIFICATION
available_spaces_roll_count_3h,other,REQUIRES_DOCUMENTATION,UNRESOLVED,UNKNOWN,UNKNOWN,NONE_IDENTIFIED,0,,"Feature could not be confidently classified as deterministic calendar, historical, or current-state from the available static contract.","Document the production source, timestamp semantics, refresh behaviour, and availability at prediction time.",DOCUMENT_BEFORE_PRODUCTION_APPROVAL
available_spaces_roll_missing_3h,other,REQUIRES_DOCUMENTATION,UNRESOLVED,UNKNOWN,UNKNOWN,NONE_IDENTIFIED,0,,"Feature could not be confidently classified as deterministic calendar, historical, or current-state from the available static contract.","Document the production source, timestamp semantics, refresh behaviour, and availability at prediction time.",DOCUMENT_BEFORE_PRODUCTION_APPROVAL
available_spaces_roll_coverage_ratio_3h,other,REQUIRES_DOCUMENTATION,UNRESOLVED,UNKNOWN,UNKNOWN,NONE_IDENTIFIED,0,,"Feature could not be confidently classified as deterministic calendar, historical, or current-state from the available static contract.","Document the production source, timestamp semantics, refresh behaviour, and availability at prediction time.",DOCUMENT_BEFORE_PRODUCTION_APPROVAL
available_spaces_roll_3h_available,other,REQUIRES_DOCUMENTATION,UNRESOLVED,UNKNOWN,UNKNOWN,NONE_IDENTIFIED,0,,"Feature could not be confidently classified as deterministic calendar, historical, or current-state from the available static contract.","Document the production source, timestamp semantics, refresh behaviour, and availability at prediction time.",DOCUMENT_BEFORE_PRODUCTION_APPROVAL
available_spaces_roll_mean_6h,historical_lag,SAFE_HISTORICAL_IF_GENERATED_CAUSALLY,HISTORICAL_INFORMATION,CONDITIONAL,LOW_IF_CAUSALLY_GENERATED,NONE_IDENTIFIED,0,,Feature appears historical/lagged. It is suitable for production only if its generation guarantees that no observation after T is incorporated.,"Document lag/window definition, cutoff timestamp, timezone, missing-history behaviour, and guarantee that the window ends at or before T.",ALLOW_AFTER_CAUSAL_GENERATION_VERIFICATION
available_spaces_roll_std_6h,historical_lag,SAFE_HISTORICAL_IF_GENERATED_CAUSALLY,HISTORICAL_INFORMATION,CONDITIONAL,LOW_IF_CAUSALLY_GENERATED,NONE_IDENTIFIED,0,,Feature appears historical/lagged. It is suitable for production only if its generation guarantees that no observation after T is incorporated.,"Document lag/window definition, cutoff timestamp, timezone, missing-history behaviour, and guarantee that the window ends at or before T.",ALLOW_AFTER_CAUSAL_GENERATION_VERIFICATION
available_spaces_roll_min_6h,historical_lag,SAFE_HISTORICAL_IF_GENERATED_CAUSALLY,HISTORICAL_INFORMATION,CONDITIONAL,LOW_IF_CAUSALLY_GENERATED,NONE_IDENTIFIED,0,,Feature appears historical/lagged. It is suitable for production only if its generation guarantees that no observation after T is incorporated.,"Document lag/window definition, cutoff timestamp, timezone, missing-history behaviour, and guarantee that the window ends at or before T.",ALLOW_AFTER_CAUSAL_GENERATION_VERIFICATION
available_spaces_roll_max_6h,historical_lag,SAFE_HISTORICAL_IF_GENERATED_CAUSALLY,HISTORICAL_INFORMATION,CONDITIONAL,LOW_IF_CAUSALLY_GENERATED,NONE_IDENTIFIED,0,,Feature appears historical/lagged. It is suitable for production only if its generation guarantees that no observation after T is incorporated.,"Document lag/window definition, cutoff timestamp, timezone, missing-history behaviour, and guarantee that the window ends at or before T.",ALLOW_AFTER_CAUSAL_GENERATION_VERIFICATION
available_spaces_roll_median_6h,historical_lag,SAFE_HISTORICAL_IF_GENERATED_CAUSALLY,HISTORICAL_INFORMATION,CONDITIONAL,LOW_IF_CAUSALLY_GENERATED,NONE_IDENTIFIED,0,,Feature appears historical/lagged. It is suitable for production only if its generation guarantees that no observation after T is incorporated.,"Document lag/window definition, cutoff timestamp, timezone, missing-history behaviour, and guarantee that the window ends at or before T.",ALLOW_AFTER_CAUSAL_GENERATION_VERIFICATION
available_spaces_roll_trend_6h,historical_lag,SAFE_HISTORICAL_IF_GENERATED_CAUSALLY,HISTORICAL_INFORMATION,CONDITIONAL,LOW_IF_CAUSALLY_GENERATED,NONE_IDENTIFIED,0,,Feature appears historical/lagged. It is suitable for production only if its generation guarantees that no observation after T is incorporated.,"Document lag/window definition, cutoff timestamp, timezone, missing-history behaviour, and guarantee that the window ends at or before T.",ALLOW_AFTER_CAUSAL_GENERATION_VERIFICATION
available_spaces_roll_count_6h,other,REQUIRES_DOCUMENTATION,UNRESOLVED,UNKNOWN,UNKNOWN,NONE_IDENTIFIED,0,,"Feature could not be confidently classified as deterministic calendar, historical, or current-state from the available static contract.","Document the production source, timestamp semantics, refresh behaviour, and availability at prediction time.",DOCUMENT_BEFORE_PRODUCTION_APPROVAL
available_spaces_roll_missing_6h,other,REQUIRES_DOCUMENTATION,UNRESOLVED,UNKNOWN,UNKNOWN,NONE_IDENTIFIED,0,,"Feature could not be confidently classified as deterministic calendar, historical, or current-state from the available static contract.","Document the production source, timestamp semantics, refresh behaviour, and availability at prediction time.",DOCUMENT_BEFORE_PRODUCTION_APPROVAL
available_spaces_roll_coverage_ratio_6h,other,REQUIRES_DOCUMENTATION,UNRESOLVED,UNKNOWN,UNKNOWN,NONE_IDENTIFIED,0,,"Feature could not be confidently classified as deterministic calendar, historical, or current-state from the available static contract.","Document the production source, timestamp semantics, refresh behaviour, and availability at prediction time.",DOCUMENT_BEFORE_PRODUCTION_APPROVAL
available_spaces_roll_6h_available,other,REQUIRES_DOCUMENTATION,UNRESOLVED,UNKNOWN,UNKNOWN,NONE_IDENTIFIED,0,,"Feature could not be confidently classified as deterministic calendar, historical, or current-state from the available static contract.","Document the production source, timestamp semantics, refresh behaviour, and availability at prediction time.",DOCUMENT_BEFORE_PRODUCTION_APPROVAL
available_spaces_roll_mean_12h,historical_lag,SAFE_HISTORICAL_IF_GENERATED_CAUSALLY,HISTORICAL_INFORMATION,CONDITIONAL,LOW_IF_CAUSALLY_GENERATED,NONE_IDENTIFIED,0,,Feature appears historical/lagged. It is suitable for production only if its generation guarantees that no observation after T is incorporated.,"Document lag/window definition, cutoff timestamp, timezone, missing-history behaviour, and guarantee that the window ends at or before T.",ALLOW_AFTER_CAUSAL_GENERATION_VERIFICATION
available_spaces_roll_std_12h,historical_lag,SAFE_HISTORICAL_IF_GENERATED_CAUSALLY,HISTORICAL_INFORMATION,CONDITIONAL,LOW_IF_CAUSALLY_GENERATED,NONE_IDENTIFIED,0,,Feature appears historical/lagged. It is suitable for production only if its generation guarantees that no observation after T is incorporated.,"Document lag/window definition, cutoff timestamp, timezone, missing-history behaviour, and guarantee that the window ends at or before T.",ALLOW_AFTER_CAUSAL_GENERATION_VERIFICATION
available_spaces_roll_min_12h,historical_lag,SAFE_HISTORICAL_IF_GENERATED_CAUSALLY,HISTORICAL_INFORMATION,CONDITIONAL,LOW_IF_CAUSALLY_GENERATED,NONE_IDENTIFIED,0,,Feature appears historical/lagged. It is suitable for production only if its generation guarantees that no observation after T is incorporated.,"Document lag/window definition, cutoff timestamp, timezone, missing-history behaviour, and guarantee that the window ends at or before T.",ALLOW_AFTER_CAUSAL_GENERATION_VERIFICATION
available_spaces_roll_max_12h,historical_lag,SAFE_HISTORICAL_IF_GENERATED_CAUSALLY,HISTORICAL_INFORMATION,CONDITIONAL,LOW_IF_CAUSALLY_GENERATED,NONE_IDENTIFIED,0,,Feature appears historical/lagged. It is suitable for production only if its generation guarantees that no observation after T is incorporated.,"Document lag/window definition, cutoff timestamp, timezone, missing-history behaviour, and guarantee that the window ends at or before T.",ALLOW_AFTER_CAUSAL_GENERATION_VERIFICATION
available_spaces_roll_median_12h,historical_lag,SAFE_HISTORICAL_IF_GENERATED_CAUSALLY,HISTORICAL_INFORMATION,CONDITIONAL,LOW_IF_CAUSALLY_GENERATED,NONE_IDENTIFIED,0,,Feature appears historical/lagged. It is suitable for production only if its generation guarantees that no observation after T is incorporated.,"Document lag/window definition, cutoff timestamp, timezone, missing-history behaviour, and guarantee that the window ends at or before T.",ALLOW_AFTER_CAUSAL_GENERATION_VERIFICATION
available_spaces_roll_trend_12h,historical_lag,SAFE_HISTORICAL_IF_GENERATED_CAUSALLY,HISTORICAL_INFORMATION,CONDITIONAL,LOW_IF_CAUSALLY_GENERATED,NONE_IDENTIFIED,0,,Feature appears historical/lagged. It is suitable for production only if its generation guarantees that no observation after T is incorporated.,"Document lag/window definition, cutoff timestamp, timezone, missing-history behaviour, and guarantee that the window ends at or before T.",ALLOW_AFTER_CAUSAL_GENERATION_VERIFICATION
available_spaces_roll_count_12h,other,REQUIRES_DOCUMENTATION,UNRESOLVED,UNKNOWN,UNKNOWN,NONE_IDENTIFIED,0,,"Feature could not be confidently classified as deterministic calendar, historical, or current-state from the available static contract.","Document the production source, timestamp semantics, refresh behaviour, and availability at prediction time.",DOCUMENT_BEFORE_PRODUCTION_APPROVAL
available_spaces_roll_missing_12h,other,REQUIRES_DOCUMENTATION,UNRESOLVED,UNKNOWN,UNKNOWN,NONE_IDENTIFIED,0,,"Feature could not be confidently classified as deterministic calendar, historical, or current-state from the available static contract.","Document the production source, timestamp semantics, refresh behaviour, and availability at prediction time.",DOCUMENT_BEFORE_PRODUCTION_APPROVAL
available_spaces_roll_coverage_ratio_12h,other,REQUIRES_DOCUMENTATION,UNRESOLVED,UNKNOWN,UNKNOWN,NONE_IDENTIFIED,0,,"Feature could not be confidently classified as deterministic calendar, historical, or current-state from the available static contract.","Document the production source, timestamp semantics, refresh behaviour, and availability at prediction time.",DOCUMENT_BEFORE_PRODUCTION_APPROVAL
available_spaces_roll_12h_available,other,REQUIRES_DOCUMENTATION,UNRESOLVED,UNKNOWN,UNKNOWN,NONE_IDENTIFIED,0,,"Feature could not be confidently classified as deterministic calendar, historical, or current-state from the available static contract.","Document the production source, timestamp semantics, refresh behaviour, and availability at prediction time.",DOCUMENT_BEFORE_PRODUCTION_APPROVAL
available_spaces_roll_mean_1d,historical_lag,SAFE_HISTORICAL_IF_GENERATED_CAUSALLY,HISTORICAL_INFORMATION,CONDITIONAL,LOW_IF_CAUSALLY_GENERATED,NONE_IDENTIFIED,0,,Feature appears historical/lagged. It is suitable for production only if its generation guarantees that no observation after T is incorporated.,"Document lag/window definition, cutoff timestamp, timezone, missing-history behaviour, and guarantee that the window ends at or before T.",ALLOW_AFTER_CAUSAL_GENERATION_VERIFICATION
available_spaces_roll_std_1d,historical_lag,SAFE_HISTORICAL_IF_GENERATED_CAUSALLY,HISTORICAL_INFORMATION,CONDITIONAL,LOW_IF_CAUSALLY_GENERATED,NONE_IDENTIFIED,0,,Feature appears historical/lagged. It is suitable for production only if its generation guarantees that no observation after T is incorporated.,"Document lag/window definition, cutoff timestamp, timezone, missing-history behaviour, and guarantee that the window ends at or before T.",ALLOW_AFTER_CAUSAL_GENERATION_VERIFICATION
available_spaces_roll_min_1d,historical_lag,SAFE_HISTORICAL_IF_GENERATED_CAUSALLY,HISTORICAL_INFORMATION,CONDITIONAL,LOW_IF_CAUSALLY_GENERATED,NONE_IDENTIFIED,0,,Feature appears historical/lagged. It is suitable for production only if its generation guarantees that no observation after T is incorporated.,"Document lag/window definition, cutoff timestamp, timezone, missing-history behaviour, and guarantee that the window ends at or before T.",ALLOW_AFTER_CAUSAL_GENERATION_VERIFICATION
available_spaces_roll_max_1d,historical_lag,SAFE_HISTORICAL_IF_GENERATED_CAUSALLY,HISTORICAL_INFORMATION,CONDITIONAL,LOW_IF_CAUSALLY_GENERATED,NONE_IDENTIFIED,0,,Feature appears historical/lagged. It is suitable for production only if its generation guarantees that no observation after T is incorporated.,"Document lag/window definition, cutoff timestamp, timezone, missing-history behaviour, and guarantee that the window ends at or before T.",ALLOW_AFTER_CAUSAL_GENERATION_VERIFICATION
available_spaces_roll_median_1d,historical_lag,SAFE_HISTORICAL_IF_GENERATED_CAUSALLY,HISTORICAL_INFORMATION,CONDITIONAL,LOW_IF_CAUSALLY_GENERATED,NONE_IDENTIFIED,0,,Feature appears historical/lagged. It is suitable for production only if its generation guarantees that no observation after T is incorporated.,"Document lag/window definition, cutoff timestamp, timezone, missing-history behaviour, and guarantee that the window ends at or before T.",ALLOW_AFTER_CAUSAL_GENERATION_VERIFICATION
available_spaces_roll_trend_1d,historical_lag,SAFE_HISTORICAL_IF_GENERATED_CAUSALLY,HISTORICAL_INFORMATION,CONDITIONAL,LOW_IF_CAUSALLY_GENERATED,NONE_IDENTIFIED,0,,Feature appears historical/lagged. It is suitable for production only if its generation guarantees that no observation after T is incorporated.,"Document lag/window definition, cutoff timestamp, timezone, missing-history behaviour, and guarantee that the window ends at or before T.",ALLOW_AFTER_CAUSAL_GENERATION_VERIFICATION
available_spaces_roll_count_1d,other,REQUIRES_DOCUMENTATION,UNRESOLVED,UNKNOWN,UNKNOWN,NONE_IDENTIFIED,0,,"Feature could not be confidently classified as deterministic calendar, historical, or current-state from the available static contract.","Document the production source, timestamp semantics, refresh behaviour, and availability at prediction time.",DOCUMENT_BEFORE_PRODUCTION_APPROVAL
available_spaces_roll_missing_1d,other,REQUIRES_DOCUMENTATION,UNRESOLVED,UNKNOWN,UNKNOWN,NONE_IDENTIFIED,0,,"Feature could not be confidently classified as deterministic calendar, historical, or current-state from the available static contract.","Document the production source, timestamp semantics, refresh behaviour, and availability at prediction time.",DOCUMENT_BEFORE_PRODUCTION_APPROVAL
available_spaces_roll_coverage_ratio_1d,other,REQUIRES_DOCUMENTATION,UNRESOLVED,UNKNOWN,UNKNOWN,NONE_IDENTIFIED,0,,"Feature could not be confidently classified as deterministic calendar, historical, or current-state from the available static contract.","Document the production source, timestamp semantics, refresh behaviour, and availability at prediction time.",DOCUMENT_BEFORE_PRODUCTION_APPROVAL
available_spaces_roll_1d_available,other,REQUIRES_DOCUMENTATION,UNRESOLVED,UNKNOWN,UNKNOWN,NONE_IDENTIFIED,0,,"Feature could not be confidently classified as deterministic calendar, historical, or current-state from the available static contract.","Document the production source, timestamp semantics, refresh behaviour, and availability at prediction time.",DOCUMENT_BEFORE_PRODUCTION_APPROVAL
