feature,family,present_in_training,present_in_validation,dtype_training,dtype_validation,null_count_training,null_count_validation,source_evidence_count,source_files,source_lines,source_operations,source_expressions,candidate_source_columns,has_shift,has_negative_shift,has_positive_shift,has_rolling,has_centered_rolling,has_expanding,has_diff,has_pct_change,has_forward_operation,has_future_named_signal,target_context_evidence,feature_context_evidence,temporal_direction,causal_assessment,production_verdict,notes
availability_pressure,current_state,True,True,float64,float64,0,0,14,"[""C:\\agano\\Oshwal\\docs\\Project\\smart-parking-system\\backend\\app\\ml\\features\\demand_features.py""]","[192, 755, 762, 767, 768, 775, 776, 1679, 1686, 1952, 2011, 2019, 2126, 2495]",[],"['add_availability_pressure: bool = True', 'if config.add_availability_pressure:', 'availability_pressure = (', 'availability_pressure', '""availability_pressure"",', 'availability_pressure,', '""availability_pressure""', '#         availability_pressure > 1', '== ""availability_pressure""', 'add_availability_pressure=True,']",[],False,False,False,False,False,False,False,False,False,False,False,False,UNKNOWN,SOURCE_REFERENCE_ONLY,REQUIRES_CAUSAL_REVIEW,"[""Source reference exists, but static analysis does not prove the timestamp cutoff.""]"
availability_rate,current_state,True,True,float64,float64,0,0,205,"[""C:\\agano\\Oshwal\\docs\\Project\\smart-parking-system\\backend\\app\\ml\\data\\dataset_audit.py"", ""C:\\agano\\Oshwal\\docs\\Project\\smart-parking-system\\backend\\app\\ml\\data\\dataset_builder.py"", ""C:\\agano\\Oshwal\\docs\\Project\\smart-parking-system\\backend\\app\\ml\\features\\demand_features.py"", ""C:\\agano\\Oshwal\\docs\\Project\\smart-parking-system\\backend\\app\\ml\\features\\feature_pipeline.py"", ""C:\\agano\\Oshwal\\docs\\Project\\smart-parking-system\\backend\\app\\ml\\features\\lag_features.py"", ""C:\\agano\\Oshwal\\docs\\Project\\smart-parking-system\\backend\\app\\ml\\features\\occupancy_features.py"", ""C:\\agano\\Oshwal\\docs\\Project\\smart-parking-system\\backend\\app\\ml\\features\\rolling_features.py""]","[54, 64, 99, 119, 126, 150, 163, 184, 186, 192, 238, 247, 250, 270, 271, 274, 275, 290, 291, 294, 295, 308, 331, 333, 337, 342, 348, 352, 354, 373, 384, 410, 438, 440, 451, 459, 596, 623, 627, 630, 635, 636, 638, 654, 655, 660, 680, 687, 688, 741, 752, 755, 758, 759, 762, 764, 767, 768, 775, 776, 779, 780, 783, 784, 788, 789, 792, 793, 798, 799, 800, 801, 805, 806, 812, 821, 825, 827, 831, 832, 843, 866, 867, 868, 892, 895, 896, 897, 899, 906, 911, 913, 920, 925, 926, 929, 938, 943, 947, 956, 1009, 1012, 1015, 1017, 1019, 1021, 1028, 1037, 1051, 1061, 1062, 1101, 1102, 1181, 1183, 1203, 1242, 1253, 1272, 1274, 1287, 1292, 1293, 1295, 1297, 1298, 1303, 1305, 1307, 1308, 1323, 1340, 1341, 1402, 1407, 1428, 1429, 1431, 1432, 1501, 1502, 1511, 1520, 1521, 1523, 1524, 1616, 1650, 1679, 1682, 1686, 1690, 1694, 1765, 1800, 1804, 1903, 1908, 1925, 1941, 1942, 1951, 1952, 1956, 1962, 1963, 1964, 1970, 1977, 1979, 1986, 1992, 1993, 1999, 2007, 2008, 2009, 2011, 2017, 2019, 2023, 2037, 2038, 2104, 2126, 2179, 2200, 2218, 2376, 2473, 2487, 2489, 2495]",[],"['# Target availability columns', 'availability_column: str', 'availability_ratio: float', 'availability_column,', 'availability_column', 'availability_column=(', 'availability_ratio=(', '""TARGET_AVAILABILITY_MISMATCH""', 'f""{availability_column} marks ""', '""availability_column"": (', '""TARGET_VALUE_WITHOUT_AVAILABILITY""', 'f""({target.availability_ratio:.2%})""', '# Availability', '- records target availability', 'availability_rate: float', '# Availability flags.', 'availability_column: str,', '# target availability columns remain authoritative.', 'availability_rate = (', 'availability_rate=(', 'availability_rate', '""availability_percentage"": (', 'availability_rate * 100.0', 'availability_columns = [', 'availability_matrix = (', 'availability_columns', 'availability_matrix.sum(', 'low_availability_threshold: float = 0.10', 'critical_availability_threshold: float = 0.05', 'add_availability_pressure: bool = True', '""low_availability_threshold"",', 'self.low_availability_threshold,', '""critical_availability_threshold"",', 'self.critical_availability_threshold,', 'self.low_availability_threshold', '< self.critical_availability_threshold', '""critical_availability_threshold ""', '""must be <= low_availability_threshold.""', 'low_availability_count: int', 'critical_availability_count: int', 'calculated_availability_rate = (', 'calculated_availability_rate', '# Availability pressure', 'if config.add_availability_pressure:', '""availability_rate"",', 'calculated_availability_rate,', 'availability_pressure = (', '- calculated_availability_rate', 'availability_pressure', '""availability_pressure"",', 'availability_pressure,', 'low_availability = (', '<= config.low_availability_threshold', 'critical_availability = (', '<= config.critical_availability_threshold', '""is_low_availability"",', 'low_availability.astype(', '""is_critical_availability"",', 'critical_availability.astype(', 'low_availability_count = int(', 'calculated_availability_rate.notna()', 'critical_availability_count = int(', '""low_availability"":', 'config.low_availability_threshold,', '""critical_availability"":', 'config.critical_availability_threshold,', 'low_availability_count=', 'low_availability_count,', 'critical_availability_count=', 'critical_availability_count,', '""availability_rate""', '""availability_pressure""', '""is_low_availability""', '""is_critical_availability""', 'bounds for availability-related ratios.', 'expected out-of-range availability values are permitted and', '#         availability_rate < 0', '#         availability_pressure > 1', '== ""availability_pressure""', 'low_availability_threshold=0.10,', 'critical_availability_threshold=0.05,', 'add_availability_pressure=True,', 'DEFAULT_TARGET_AVAILABILITY_COLUMNS = (', 'target_availability_columns: tuple[', 'DEFAULT_TARGET_AVAILABILITY_COLUMNS', 'self.target_availability_columns', '""target_availability_columns contains duplicates.""', 'target_availability_count: int', 'target_availability_columns = tuple(', 'config.target_availability_columns', '# These describe target availability/exclusion but are', 'target_availability_columns', 'if availability_columns:', 'availability_frame = (', 'availability_frame.sum(', '""target_availability_count"":', 'target_availability_count=', 'target_availability_columns=(', 'result.target_availability_columns', '+ config.target_availability_columns', 'add_availability_features: bool = True', 'lag_availability_feature_count: int', 'availability_columns: tuple[str, ...]', 'availability_columns: list[str] = []', 'availability_name = (', 'availability_series = pd.Series(', '# Availability requires:', 'availability_series.loc[', 'availability_series = (', 'availability_series', '.add_availability_features', 'availability_name', 'availability_columns.append(', '~availability_series', '# Calculate availability statistics.', 'total_availability_features = (', '== total_availability_features', '< total_availability_features', '~availability_matrix', 'lag_availability_feature_count=', 'len(availability_columns),', 'availability_columns=tuple(', 'availability', 'add_availability_features=True,', 'availability_inconsistency_count: int', 'availability_rate.copy()', 'availability_rate.clip(', '] = availability_rate', 'availability_inconsistency_mask = (', 'availability_inconsistency_count = int(', 'availability_inconsistency_mask.sum()', '& ~availability_inconsistency_mask', 'availability_inconsistency_count=(', 'availability_inconsistency_count', 'Additional availability indicators are generated so that', 'add_availability_flags: bool = True', 'rolling_availability_feature_count: int', 'if self._config.add_availability_flags:', 'rolling_availability_feature_count=len(', 'if config.add_availability_flags:']",[],False,False,False,False,False,False,False,False,False,False,True,True,UNKNOWN,SOURCE_REFERENCE_ONLY,REQUIRES_CAUSAL_REVIEW,"[""Source reference exists, but static analysis does not prove the timestamp cutoff.""]"
available_ratio,current_state,True,True,float64,float64,0,0,307,"[""C:\\agano\\Oshwal\\docs\\Project\\smart-parking-system\\backend\\app\\ml\\data\\dataset_audit.py"", ""C:\\agano\\Oshwal\\docs\\Project\\smart-parking-system\\backend\\app\\ml\\data\\dataset_builder.py"", ""C:\\agano\\Oshwal\\docs\\Project\\smart-parking-system\\backend\\app\\ml\\data\\loaders.py"", ""C:\\agano\\Oshwal\\docs\\Project\\smart-parking-system\\backend\\app\\ml\\data\\sources\\local\\csv.py"", ""C:\\agano\\Oshwal\\docs\\Project\\smart-parking-system\\backend\\app\\ml\\data\\temporal_normalizer.py"", ""C:\\agano\\Oshwal\\docs\\Project\\smart-parking-system\\backend\\app\\ml\\data\\transformers.py"", ""C:\\agano\\Oshwal\\docs\\Project\\smart-parking-system\\backend\\app\\ml\\features\\demand_features.py"", ""C:\\agano\\Oshwal\\docs\\Project\\smart-parking-system\\backend\\app\\ml\\features\\feature_pipeline.py"", ""C:\\agano\\Oshwal\\docs\\Project\\smart-parking-system\\backend\\app\\ml\\features\\lag_features.py"", ""C:\\agano\\Oshwal\\docs\\Project\\smart-parking-system\\backend\\app\\ml\\features\\occupancy_features.py"", ""C:\\agano\\Oshwal\\docs\\Project\\smart-parking-system\\backend\\app\\ml\\features\\rolling_features.py"", ""C:\\agano\\Oshwal\\docs\\Project\\smart-parking-system\\backend\\app\\ml\\ml_models\\baseline_model.py""]","[23, 46, 51, 57, 66, 87, 88, 90, 92, 96, 97, 109, 120, 122, 123, 126, 127, 128, 130, 131, 134, 135, 150, 153, 154, 157, 158, 159, 161, 162, 164, 165, 166, 167, 174, 178, 191, 192, 227, 229, 236, 237, 248, 249, 283, 320, 322, 324, 332, 363, 434, 436, 455, 457, 463, 465, 467, 469, 476, 478, 501, 503, 504, 514, 516, 546, 547, 551, 552, 553, 580, 590, 595, 625, 631, 637, 642, 662, 668, 669, 695, 696, 697, 707, 721, 764, 777, 782, 784, 785, 787, 791, 793, 794, 799, 803, 805, 808, 823, 824, 825, 826, 849, 868, 888, 889, 890, 891, 901, 905, 909, 910, 911, 913, 917, 919, 924, 926, 928, 936, 939, 941, 948, 949, 951, 957, 973, 990, 993, 996, 999, 1001, 1027, 1035, 1045, 1049, 1054, 1058, 1059, 1079, 1080, 1082, 1083, 1085, 1086, 1089, 1094, 1095, 1101, 1104, 1112, 1140, 1160, 1232, 1250, 1255, 1276, 1289, 1292, 1294, 1320, 1325, 1365, 1366, 1372, 1377, 1382, 1384, 1387, 1405, 1415, 1421, 1422, 1425, 1427, 1431, 1436, 1449, 1479, 1484, 1486, 1505, 1506, 1508, 1509, 1557, 1561, 1562, 1573, 1589, 1603, 1625, 1630, 1635, 1640, 1662, 1677, 1680, 1684, 1687, 1691, 1692, 1696, 1700, 1704, 1708, 1709, 1711, 1713, 1714, 1717, 1719, 1721, 1759, 1760, 1761, 1762, 1768, 1842, 1843, 1844, 1845, 1885, 1889, 1893, 1897, 1906, 1916, 1917, 1920, 1922, 1926, 1935, 1936, 1938, 1939, 1942, 1945, 1946, 1950, 1960, 1963, 1971, 1972, 1973, 1974, 1976, 1981, 1983, 1985, 1987, 1988, 1991, 1995, 1996, 1999, 2000, 2001, 2003, 2004, 2005, 2011, 2018, 2026, 2028, 2030, 2031, 2033, 2034, 2036, 2038, 2041, 2043, 2132, 2160, 2172, 2200, 2219, 2220, 2221, 2222, 2224, 2268, 2366, 2374, 2460, 2469, 2470, 2474, 2475, 2476, 2477]",[],"['- Why are targets unavailable?', 'AVAILABLE_SPACES_COLUMN = ""available_spaces""', 'TARGET_30M_AVAILABLE_COLUMN = (', '""target_30m_available""', 'TARGET_1H_AVAILABLE_COLUMN = (', '""target_1h_available""', 'TARGET_2H_AVAILABLE_COLUMN = (', '""target_2h_available""', 'TARGET_TOMORROW_MORNING_AVAILABLE_COLUMN = (', '""target_tomorrow_morning_available""', 'available_count: int', 'unavailable_count: int', 'TARGET_30M_AVAILABLE_COLUMN,', 'TARGET_1H_AVAILABLE_COLUMN,', 'TARGET_2H_AVAILABLE_COLUMN,', 'TARGET_TOMORROW_MORNING_AVAILABLE_COLUMN,', 'TARGET_30M_AVAILABLE_COLUMN', 'TARGET_1H_AVAILABLE_COLUMN', 'TARGET_2H_AVAILABLE_COLUMN', 'TARGET_TOMORROW_MORNING_AVAILABLE_COLUMN', 'available = (', 'available,', 'available_count = int(', 'available.sum()', 'unavailable_count = (', '- available_count', 'available_count / total', 'available_count=(', 'available_count', 'unavailable_count=(', 'unavailable_count', '""available"": (', 'inconsistent_available = int(', 'available', 'inconsistent_unavailable = int(', '~available', 'if inconsistent_available:', 'f""{inconsistent_available} rows ""', '""as available although the target ""', 'inconsistent_available', 'if inconsistent_unavailable:', 'f""{inconsistent_unavailable} ""', '""values marked as unavailable.""', 'inconsistent_unavailable', '""are available.""', 'f""{target.available_count:8,d} / ""', '""AVAILABLE_SPACES_COLUMN"",', '""TARGET_30M_AVAILABLE_COLUMN"",', '""TARGET_1H_AVAILABLE_COLUMN"",', '""TARGET_2H_AVAILABLE_COLUMN"",', '""TARGET_TOMORROW_MORNING_AVAILABLE_COLUMN"",', 'TOMORROW_MORNING_UNAVAILABLE = (', '""TOMORROW_MORNING_UNAVAILABLE""', 'available_targets: int', 'unavailable_targets: int', 'target_30m_available: int', 'target_1h_available: int', 'target_2h_available: int', 'target_tomorrow_morning_available: int', '# available.', '# Current observation unavailable.', '# Future observation unavailable.', 'target_available = (', 'target_available,', 'target_available', '# Mark unavailable tomorrow-morning targets.', 'unavailable = (', '& ~target_available', 'unavailable,', '.TOMORROW_MORNING_UNAVAILABLE', 'available_targets=(', 'unavailable_targets=(', 'available_target_count = (', 'available_target_count.eq(', 'available_target_count.gt(0)', '& available_target_count.lt(', 'available_target_count.eq(0).sum()', 'target_30m_available=int(', 'target_1h_available=int(', 'target_2h_available=int(', 'target_tomorrow_morning_available=int(', 'Registry of available source-family loaders.', 'def available_sources(', 'Return the names of available local datasets.', 'AVAILABLE_SPACES_COLUMN,', 'available_columns = [', 'available_columns', 'available_spaces', 'AVAILABLE_SPACES = ""available_spaces""', 'CanonicalColumn.AVAILABLE_SPACES.value,', '# Available spaces', 'CanonicalColumn.AVAILABLE_SPACES.value', 'DEFAULT_AVAILABLE_SPACES_COLUMN = (', '""available_spaces""', 'available_spaces_column: str = (', 'DEFAULT_AVAILABLE_SPACES_COLUMN', 'if not self.available_spaces_column:', '""available_spaces_column cannot be empty.""', 'negative_available_count: int', 'available_spaces = _numeric_series(', 'config.available_spaces_column,', 'negative_available = (', 'available_spaces < 0', '#   occupied + available = capacity', '& available_spaces.notna()', '+ available_spaces', '| negative_available', 'negative_available_count=', 'negative_available.sum()', '.available_spaces_column,', 'available_spaces_column=(', '""target_30m_available"",', '""target_1h_available"",', '""target_2h_available"",', '""target_tomorrow_morning_available"",', '""available_spaces"",', 'target_available_count = (', 'target_available_count', '""available_spaces"": [', '""target_30m_available"": [', '""target_1h_available"": [', '""target_2h_available"": [', '""target_tomorrow_morning_available"": [', '# when available.', 'unavailable_lag_values: int', 'fully_available_rows: int', 'partially_available_rows: int', 'f""_lag_{label}_available""', '# remains unavailable.', '] = available.astype(', 'available_per_row = (', 'fully_available_rows = int(', 'available_per_row', 'partially_available_rows = int(', '(available_per_row > 0)', 'unavailable_lag_values = int(', 'fully_available_rows = 0', 'partially_available_rows = 0', 'unavailable_lag_values = 0', 'unavailable_lag_values=', 'unavailable_lag_values,', 'fully_available_rows=', 'fully_available_rows,', 'partially_available_rows=', 'partially_available_rows,', '""_available""', 'available_ratio', 'DEFAULT_AVAILABLE_SPACES_COLUMN = ""available_spaces""', '""available_ratio"",', 'available_spaces_column:', 'Column containing currently available spaces.', 'self.available_spaces_column,', 'invalid_available_spaces_count: int', 'available_spaces = self._to_numeric(', 'self._config.available_spaces_column', 'invalid_available_spaces_count = int(', 'available_spaces.isna().sum()', '] = available_spaces', 'available_spaces,', 'available_ratio = (', 'available_ratio.copy()', 'available_ratio.clip(', '""available_ratio""', '] = available_ratio', '# Do not count cases where either side is unavailable.', '& (available_spaces >= 0)', 'invalid_available_spaces_count=(', 'invalid_available_spaces_count', 'self._config.available_spaces_column,', 'available = pd.to_numeric(', 'dataframe[""available_spaces""],', '+ available', '""occupied_spaces + available_spaces ""', '""DEFAULT_AVAILABLE_SPACES_COLUMN"",', 'understand how much actual historical data was available.', 'available_name = (', 'f""_roll_{label}_available""', 'available_name', 'Predicts using the most recent observed target/input value available', '""Seasonal-naive history is unavailable.""']","[""available_spaces""]",False,False,False,False,False,False,False,False,False,False,True,True,UNKNOWN,SOURCE_REFERENCE_ONLY,REQUIRES_CAUSAL_REVIEW,"[""Source reference exists, but static analysis does not prove the timestamp cutoff.""]"
available_spaces_lag_12h,historical,True,True,float64,float64,23244,4980,0,[],[],[],[],[],False,False,False,False,False,False,False,False,False,False,False,False,UNKNOWN,NO_SOURCE_EVIDENCE,REQUIRES_CAUSAL_REVIEW,"[""No sufficiently direct source-code lineage was identified.""]"
available_spaces_lag_1d,historical,True,True,float64,float64,1428,600,0,[],[],[],[],[],False,False,False,False,False,False,False,False,False,False,False,False,UNKNOWN,NO_SOURCE_EVIDENCE,REQUIRES_CAUSAL_REVIEW,"[""No sufficiently direct source-code lineage was identified.""]"
available_spaces_lag_1h,historical,True,True,float64,float64,2731,617,0,[],[],[],[],[],False,False,False,False,False,False,False,False,False,False,False,False,UNKNOWN,NO_SOURCE_EVIDENCE,REQUIRES_CAUSAL_REVIEW,"[""No sufficiently direct source-code lineage was identified.""]"
available_spaces_lag_2h,historical,True,True,float64,float64,5467,1207,0,[],[],[],[],[],False,False,False,False,False,False,False,False,False,False,False,False,UNKNOWN,NO_SOURCE_EVIDENCE,REQUIRES_CAUSAL_REVIEW,"[""No sufficiently direct source-code lineage was identified.""]"
available_spaces_lag_30m,historical,True,True,float64,float64,1438,324,0,[],[],[],[],[],False,False,False,False,False,False,False,False,False,False,False,False,UNKNOWN,NO_SOURCE_EVIDENCE,REQUIRES_CAUSAL_REVIEW,"[""No sufficiently direct source-code lineage was identified.""]"
available_spaces_lag_3h,historical,True,True,float64,float64,8241,1800,0,[],[],[],[],[],False,False,False,False,False,False,False,False,False,False,False,False,UNKNOWN,NO_SOURCE_EVIDENCE,REQUIRES_CAUSAL_REVIEW,"[""No sufficiently direct source-code lineage was identified.""]"
available_spaces_lag_6h,historical,True,True,float64,float64,16535,3577,0,[],[],[],[],[],False,False,False,False,False,False,False,False,False,False,False,False,UNKNOWN,NO_SOURCE_EVIDENCE,REQUIRES_CAUSAL_REVIEW,"[""No sufficiently direct source-code lineage was identified.""]"
available_spaces_roll_12h_available,other,True,True,bool,bool,0,0,0,[],[],[],[],[],False,False,False,False,False,False,False,False,False,False,False,False,UNKNOWN,NO_SOURCE_EVIDENCE,REQUIRES_CAUSAL_REVIEW,"[""No sufficiently direct source-code lineage was identified.""]"
available_spaces_roll_1d_available,other,True,True,bool,bool,0,0,0,[],[],[],[],[],False,False,False,False,False,False,False,False,False,False,False,False,UNKNOWN,NO_SOURCE_EVIDENCE,REQUIRES_CAUSAL_REVIEW,"[""No sufficiently direct source-code lineage was identified.""]"
available_spaces_roll_1h_available,other,True,True,bool,bool,0,0,0,[],[],[],[],[],False,False,False,False,False,False,False,False,False,False,False,False,UNKNOWN,NO_SOURCE_EVIDENCE,REQUIRES_CAUSAL_REVIEW,"[""No sufficiently direct source-code lineage was identified.""]"
available_spaces_roll_2h_available,other,True,True,bool,bool,0,0,0,[],[],[],[],[],False,False,False,False,False,False,False,False,False,False,False,False,UNKNOWN,NO_SOURCE_EVIDENCE,REQUIRES_CAUSAL_REVIEW,"[""No sufficiently direct source-code lineage was identified.""]"
available_spaces_roll_3h_available,other,True,True,bool,bool,0,0,0,[],[],[],[],[],False,False,False,False,False,False,False,False,False,False,False,False,UNKNOWN,NO_SOURCE_EVIDENCE,REQUIRES_CAUSAL_REVIEW,"[""No sufficiently direct source-code lineage was identified.""]"
available_spaces_roll_6h_available,other,True,True,bool,bool,0,0,0,[],[],[],[],[],False,False,False,False,False,False,False,False,False,False,False,False,UNKNOWN,NO_SOURCE_EVIDENCE,REQUIRES_CAUSAL_REVIEW,"[""No sufficiently direct source-code lineage was identified.""]"
available_spaces_roll_count_12h,other,True,True,int64,int64,0,0,0,[],[],[],[],[],False,False,False,False,False,False,False,False,False,False,False,False,UNKNOWN,NO_SOURCE_EVIDENCE,REQUIRES_CAUSAL_REVIEW,"[""No sufficiently direct source-code lineage was identified.""]"
available_spaces_roll_count_1d,other,True,True,int64,int64,0,0,0,[],[],[],[],[],False,False,False,False,False,False,False,False,False,False,False,False,UNKNOWN,NO_SOURCE_EVIDENCE,REQUIRES_CAUSAL_REVIEW,"[""No sufficiently direct source-code lineage was identified.""]"
available_spaces_roll_count_1h,other,True,True,int64,int64,0,0,0,[],[],[],[],[],False,False,False,False,False,False,False,False,False,False,False,False,UNKNOWN,NO_SOURCE_EVIDENCE,REQUIRES_CAUSAL_REVIEW,"[""No sufficiently direct source-code lineage was identified.""]"
available_spaces_roll_count_2h,other,True,True,int64,int64,0,0,0,[],[],[],[],[],False,False,False,False,False,False,False,False,False,False,False,False,UNKNOWN,NO_SOURCE_EVIDENCE,REQUIRES_CAUSAL_REVIEW,"[""No sufficiently direct source-code lineage was identified.""]"
available_spaces_roll_count_3h,other,True,True,int64,int64,0,0,0,[],[],[],[],[],False,False,False,False,False,False,False,False,False,False,False,False,UNKNOWN,NO_SOURCE_EVIDENCE,REQUIRES_CAUSAL_REVIEW,"[""No sufficiently direct source-code lineage was identified.""]"
available_spaces_roll_count_6h,other,True,True,int64,int64,0,0,0,[],[],[],[],[],False,False,False,False,False,False,False,False,False,False,False,False,UNKNOWN,NO_SOURCE_EVIDENCE,REQUIRES_CAUSAL_REVIEW,"[""No sufficiently direct source-code lineage was identified.""]"
available_spaces_roll_coverage_ratio_12h,other,True,True,float64,float64,0,0,0,[],[],[],[],[],False,False,False,False,False,False,False,False,False,False,False,False,UNKNOWN,NO_SOURCE_EVIDENCE,REQUIRES_CAUSAL_REVIEW,"[""No sufficiently direct source-code lineage was identified.""]"
available_spaces_roll_coverage_ratio_1d,other,True,True,float64,float64,0,0,0,[],[],[],[],[],False,False,False,False,False,False,False,False,False,False,False,False,UNKNOWN,NO_SOURCE_EVIDENCE,REQUIRES_CAUSAL_REVIEW,"[""No sufficiently direct source-code lineage was identified.""]"
available_spaces_roll_coverage_ratio_1h,other,True,True,float64,float64,0,0,0,[],[],[],[],[],False,False,False,False,False,False,False,False,False,False,False,False,UNKNOWN,NO_SOURCE_EVIDENCE,REQUIRES_CAUSAL_REVIEW,"[""No sufficiently direct source-code lineage was identified.""]"
available_spaces_roll_coverage_ratio_2h,other,True,True,float64,float64,0,0,0,[],[],[],[],[],False,False,False,False,False,False,False,False,False,False,False,False,UNKNOWN,NO_SOURCE_EVIDENCE,REQUIRES_CAUSAL_REVIEW,"[""No sufficiently direct source-code lineage was identified.""]"
available_spaces_roll_coverage_ratio_3h,other,True,True,float64,float64,0,0,0,[],[],[],[],[],False,False,False,False,False,False,False,False,False,False,False,False,UNKNOWN,NO_SOURCE_EVIDENCE,REQUIRES_CAUSAL_REVIEW,"[""No sufficiently direct source-code lineage was identified.""]"
available_spaces_roll_coverage_ratio_6h,other,True,True,float64,float64,0,0,0,[],[],[],[],[],False,False,False,False,False,False,False,False,False,False,False,False,UNKNOWN,NO_SOURCE_EVIDENCE,REQUIRES_CAUSAL_REVIEW,"[""No sufficiently direct source-code lineage was identified.""]"
available_spaces_roll_max_12h,historical,True,True,float64,float64,0,0,0,[],[],[],[],[],False,False,False,False,False,False,False,False,False,False,False,False,UNKNOWN,NO_SOURCE_EVIDENCE,REQUIRES_CAUSAL_REVIEW,"[""No sufficiently direct source-code lineage was identified.""]"
available_spaces_roll_max_1d,historical,True,True,float64,float64,0,0,0,[],[],[],[],[],False,False,False,False,False,False,False,False,False,False,False,False,UNKNOWN,NO_SOURCE_EVIDENCE,REQUIRES_CAUSAL_REVIEW,"[""No sufficiently direct source-code lineage was identified.""]"
available_spaces_roll_max_1h,historical,True,True,float64,float64,0,0,0,[],[],[],[],[],False,False,False,False,False,False,False,False,False,False,False,False,UNKNOWN,NO_SOURCE_EVIDENCE,REQUIRES_CAUSAL_REVIEW,"[""No sufficiently direct source-code lineage was identified.""]"
available_spaces_roll_max_2h,historical,True,True,float64,float64,0,0,0,[],[],[],[],[],False,False,False,False,False,False,False,False,False,False,False,False,UNKNOWN,NO_SOURCE_EVIDENCE,REQUIRES_CAUSAL_REVIEW,"[""No sufficiently direct source-code lineage was identified.""]"
available_spaces_roll_max_3h,historical,True,True,float64,float64,0,0,0,[],[],[],[],[],False,False,False,False,False,False,False,False,False,False,False,False,UNKNOWN,NO_SOURCE_EVIDENCE,REQUIRES_CAUSAL_REVIEW,"[""No sufficiently direct source-code lineage was identified.""]"
available_spaces_roll_max_6h,historical,True,True,float64,float64,0,0,0,[],[],[],[],[],False,False,False,False,False,False,False,False,False,False,False,False,UNKNOWN,NO_SOURCE_EVIDENCE,REQUIRES_CAUSAL_REVIEW,"[""No sufficiently direct source-code lineage was identified.""]"
available_spaces_roll_mean_12h,historical,True,True,float64,float64,0,0,0,[],[],[],[],[],False,False,False,False,False,False,False,False,False,False,False,False,UNKNOWN,NO_SOURCE_EVIDENCE,REQUIRES_CAUSAL_REVIEW,"[""No sufficiently direct source-code lineage was identified.""]"
available_spaces_roll_mean_1d,historical,True,True,float64,float64,0,0,0,[],[],[],[],[],False,False,False,False,False,False,False,False,False,False,False,False,UNKNOWN,NO_SOURCE_EVIDENCE,REQUIRES_CAUSAL_REVIEW,"[""No sufficiently direct source-code lineage was identified.""]"
available_spaces_roll_mean_1h,historical,True,True,float64,float64,0,0,0,[],[],[],[],[],False,False,False,False,False,False,False,False,False,False,False,False,UNKNOWN,NO_SOURCE_EVIDENCE,REQUIRES_CAUSAL_REVIEW,"[""No sufficiently direct source-code lineage was identified.""]"
available_spaces_roll_mean_2h,historical,True,True,float64,float64,0,0,0,[],[],[],[],[],False,False,False,False,False,False,False,False,False,False,False,False,UNKNOWN,NO_SOURCE_EVIDENCE,REQUIRES_CAUSAL_REVIEW,"[""No sufficiently direct source-code lineage was identified.""]"
available_spaces_roll_mean_3h,historical,True,True,float64,float64,0,0,0,[],[],[],[],[],False,False,False,False,False,False,False,False,False,False,False,False,UNKNOWN,NO_SOURCE_EVIDENCE,REQUIRES_CAUSAL_REVIEW,"[""No sufficiently direct source-code lineage was identified.""]"
available_spaces_roll_mean_6h,historical,True,True,float64,float64,0,0,0,[],[],[],[],[],False,False,False,False,False,False,False,False,False,False,False,False,UNKNOWN,NO_SOURCE_EVIDENCE,REQUIRES_CAUSAL_REVIEW,"[""No sufficiently direct source-code lineage was identified.""]"
available_spaces_roll_median_12h,historical,True,True,float64,float64,0,0,0,[],[],[],[],[],False,False,False,False,False,False,False,False,False,False,False,False,UNKNOWN,NO_SOURCE_EVIDENCE,REQUIRES_CAUSAL_REVIEW,"[""No sufficiently direct source-code lineage was identified.""]"
available_spaces_roll_median_1d,historical,True,True,float64,float64,0,0,0,[],[],[],[],[],False,False,False,False,False,False,False,False,False,False,False,False,UNKNOWN,NO_SOURCE_EVIDENCE,REQUIRES_CAUSAL_REVIEW,"[""No sufficiently direct source-code lineage was identified.""]"
available_spaces_roll_median_1h,historical,True,True,float64,float64,0,0,0,[],[],[],[],[],False,False,False,False,False,False,False,False,False,False,False,False,UNKNOWN,NO_SOURCE_EVIDENCE,REQUIRES_CAUSAL_REVIEW,"[""No sufficiently direct source-code lineage was identified.""]"
available_spaces_roll_median_2h,historical,True,True,float64,float64,0,0,0,[],[],[],[],[],False,False,False,False,False,False,False,False,False,False,False,False,UNKNOWN,NO_SOURCE_EVIDENCE,REQUIRES_CAUSAL_REVIEW,"[""No sufficiently direct source-code lineage was identified.""]"
available_spaces_roll_median_3h,historical,True,True,float64,float64,0,0,0,[],[],[],[],[],False,False,False,False,False,False,False,False,False,False,False,False,UNKNOWN,NO_SOURCE_EVIDENCE,REQUIRES_CAUSAL_REVIEW,"[""No sufficiently direct source-code lineage was identified.""]"
available_spaces_roll_median_6h,historical,True,True,float64,float64,0,0,0,[],[],[],[],[],False,False,False,False,False,False,False,False,False,False,False,False,UNKNOWN,NO_SOURCE_EVIDENCE,REQUIRES_CAUSAL_REVIEW,"[""No sufficiently direct source-code lineage was identified.""]"
available_spaces_roll_min_12h,historical,True,True,float64,float64,0,0,0,[],[],[],[],[],False,False,False,False,False,False,False,False,False,False,False,False,UNKNOWN,NO_SOURCE_EVIDENCE,REQUIRES_CAUSAL_REVIEW,"[""No sufficiently direct source-code lineage was identified.""]"
available_spaces_roll_min_1d,historical,True,True,float64,float64,0,0,0,[],[],[],[],[],False,False,False,False,False,False,False,False,False,False,False,False,UNKNOWN,NO_SOURCE_EVIDENCE,REQUIRES_CAUSAL_REVIEW,"[""No sufficiently direct source-code lineage was identified.""]"
available_spaces_roll_min_1h,historical,True,True,float64,float64,0,0,0,[],[],[],[],[],False,False,False,False,False,False,False,False,False,False,False,False,UNKNOWN,NO_SOURCE_EVIDENCE,REQUIRES_CAUSAL_REVIEW,"[""No sufficiently direct source-code lineage was identified.""]"
available_spaces_roll_min_2h,historical,True,True,float64,float64,0,0,0,[],[],[],[],[],False,False,False,False,False,False,False,False,False,False,False,False,UNKNOWN,NO_SOURCE_EVIDENCE,REQUIRES_CAUSAL_REVIEW,"[""No sufficiently direct source-code lineage was identified.""]"
available_spaces_roll_min_3h,historical,True,True,float64,float64,0,0,0,[],[],[],[],[],False,False,False,False,False,False,False,False,False,False,False,False,UNKNOWN,NO_SOURCE_EVIDENCE,REQUIRES_CAUSAL_REVIEW,"[""No sufficiently direct source-code lineage was identified.""]"
available_spaces_roll_min_6h,historical,True,True,float64,float64,0,0,0,[],[],[],[],[],False,False,False,False,False,False,False,False,False,False,False,False,UNKNOWN,NO_SOURCE_EVIDENCE,REQUIRES_CAUSAL_REVIEW,"[""No sufficiently direct source-code lineage was identified.""]"
available_spaces_roll_missing_12h,other,True,True,int64,int64,0,0,0,[],[],[],[],[],False,False,False,False,False,False,False,False,False,False,False,False,UNKNOWN,NO_SOURCE_EVIDENCE,REQUIRES_CAUSAL_REVIEW,"[""No sufficiently direct source-code lineage was identified.""]"
available_spaces_roll_missing_1d,other,True,True,int64,int64,0,0,0,[],[],[],[],[],False,False,False,False,False,False,False,False,False,False,False,False,UNKNOWN,NO_SOURCE_EVIDENCE,REQUIRES_CAUSAL_REVIEW,"[""No sufficiently direct source-code lineage was identified.""]"
available_spaces_roll_missing_1h,other,True,True,int64,int64,0,0,0,[],[],[],[],[],False,False,False,False,False,False,False,False,False,False,False,False,UNKNOWN,NO_SOURCE_EVIDENCE,REQUIRES_CAUSAL_REVIEW,"[""No sufficiently direct source-code lineage was identified.""]"
available_spaces_roll_missing_2h,other,True,True,int64,int64,0,0,0,[],[],[],[],[],False,False,False,False,False,False,False,False,False,False,False,False,UNKNOWN,NO_SOURCE_EVIDENCE,REQUIRES_CAUSAL_REVIEW,"[""No sufficiently direct source-code lineage was identified.""]"
available_spaces_roll_missing_3h,other,True,True,int64,int64,0,0,0,[],[],[],[],[],False,False,False,False,False,False,False,False,False,False,False,False,UNKNOWN,NO_SOURCE_EVIDENCE,REQUIRES_CAUSAL_REVIEW,"[""No sufficiently direct source-code lineage was identified.""]"
available_spaces_roll_missing_6h,other,True,True,int64,int64,0,0,0,[],[],[],[],[],False,False,False,False,False,False,False,False,False,False,False,False,UNKNOWN,NO_SOURCE_EVIDENCE,REQUIRES_CAUSAL_REVIEW,"[""No sufficiently direct source-code lineage was identified.""]"
available_spaces_roll_std_12h,historical,True,True,float64,float64,0,0,0,[],[],[],[],[],False,False,False,False,False,False,False,False,False,False,False,False,UNKNOWN,NO_SOURCE_EVIDENCE,REQUIRES_CAUSAL_REVIEW,"[""No sufficiently direct source-code lineage was identified.""]"
available_spaces_roll_std_1d,historical,True,True,float64,float64,0,0,0,[],[],[],[],[],False,False,False,False,False,False,False,False,False,False,False,False,UNKNOWN,NO_SOURCE_EVIDENCE,REQUIRES_CAUSAL_REVIEW,"[""No sufficiently direct source-code lineage was identified.""]"
available_spaces_roll_std_1h,historical,True,True,float64,float64,0,0,0,[],[],[],[],[],False,False,False,False,False,False,False,False,False,False,False,False,UNKNOWN,NO_SOURCE_EVIDENCE,REQUIRES_CAUSAL_REVIEW,"[""No sufficiently direct source-code lineage was identified.""]"
available_spaces_roll_std_2h,historical,True,True,float64,float64,0,0,0,[],[],[],[],[],False,False,False,False,False,False,False,False,False,False,False,False,UNKNOWN,NO_SOURCE_EVIDENCE,REQUIRES_CAUSAL_REVIEW,"[""No sufficiently direct source-code lineage was identified.""]"
available_spaces_roll_std_3h,historical,True,True,float64,float64,0,0,0,[],[],[],[],[],False,False,False,False,False,False,False,False,False,False,False,False,UNKNOWN,NO_SOURCE_EVIDENCE,REQUIRES_CAUSAL_REVIEW,"[""No sufficiently direct source-code lineage was identified.""]"
available_spaces_roll_std_6h,historical,True,True,float64,float64,0,0,0,[],[],[],[],[],False,False,False,False,False,False,False,False,False,False,False,False,UNKNOWN,NO_SOURCE_EVIDENCE,REQUIRES_CAUSAL_REVIEW,"[""No sufficiently direct source-code lineage was identified.""]"
available_spaces_roll_trend_12h,historical,True,True,float64,float64,0,0,0,[],[],[],[],[],False,False,False,False,False,False,False,False,False,False,False,False,UNKNOWN,NO_SOURCE_EVIDENCE,REQUIRES_CAUSAL_REVIEW,"[""No sufficiently direct source-code lineage was identified.""]"
available_spaces_roll_trend_1d,historical,True,True,float64,float64,0,0,0,[],[],[],[],[],False,False,False,False,False,False,False,False,False,False,False,False,UNKNOWN,NO_SOURCE_EVIDENCE,REQUIRES_CAUSAL_REVIEW,"[""No sufficiently direct source-code lineage was identified.""]"
available_spaces_roll_trend_1h,historical,True,True,float64,float64,0,0,0,[],[],[],[],[],False,False,False,False,False,False,False,False,False,False,False,False,UNKNOWN,NO_SOURCE_EVIDENCE,REQUIRES_CAUSAL_REVIEW,"[""No sufficiently direct source-code lineage was identified.""]"
available_spaces_roll_trend_2h,historical,True,True,float64,float64,0,0,0,[],[],[],[],[],False,False,False,False,False,False,False,False,False,False,False,False,UNKNOWN,NO_SOURCE_EVIDENCE,REQUIRES_CAUSAL_REVIEW,"[""No sufficiently direct source-code lineage was identified.""]"
available_spaces_roll_trend_3h,historical,True,True,float64,float64,0,0,0,[],[],[],[],[],False,False,False,False,False,False,False,False,False,False,False,False,UNKNOWN,NO_SOURCE_EVIDENCE,REQUIRES_CAUSAL_REVIEW,"[""No sufficiently direct source-code lineage was identified.""]"
available_spaces_roll_trend_6h,historical,True,True,float64,float64,0,0,0,[],[],[],[],[],False,False,False,False,False,False,False,False,False,False,False,False,UNKNOWN,NO_SOURCE_EVIDENCE,REQUIRES_CAUSAL_REVIEW,"[""No sufficiently direct source-code lineage was identified.""]"
calculated_demand_level,current_state,True,True,float64,float64,0,0,3,"[""C:\\agano\\Oshwal\\docs\\Project\\smart-parking-system\\backend\\app\\ml\\features\\demand_features.py""]","[694, 1662, 1947]",[],"['""calculated_demand_level"",', '""calculated_demand_level""']",[],False,False,False,False,False,False,False,False,False,False,False,False,UNKNOWN,SOURCE_REFERENCE_ONLY,REQUIRES_CAUSAL_REVIEW,"[""Source reference exists, but static analysis does not prove the timestamp cutoff.""]"
calendar_day_of_month,temporal_calendar,True,True,int64,int64,0,0,3,"[""C:\\agano\\Oshwal\\docs\\Project\\smart-parking-system\\backend\\app\\ml\\features\\calendar_features.py""]","[464, 1390, 1578]",[],"['""calendar_day_of_month"",', 'add(""calendar_day_of_month"")']",[],False,False,False,False,False,False,False,False,False,False,False,False,UNKNOWN,SOURCE_REFERENCE_ONLY,REQUIRES_CAUSAL_REVIEW,"[""Source reference exists, but static analysis does not prove the timestamp cutoff.""]"
calendar_day_of_week,temporal_calendar,True,True,int64,int64,0,0,7,"[""C:\\agano\\Oshwal\\docs\\Project\\smart-parking-system\\backend\\app\\ml\\features\\calendar_features.py""]","[492, 958, 970, 1396, 1451, 1453, 1580]",[],"['""calendar_day_of_week"",', '""calendar_day_of_week_sin"",', '""calendar_day_of_week_cos"",', 'add(""calendar_day_of_week"")', 'add(""calendar_day_of_week_sin"")', 'add(""calendar_day_of_week_cos"")']",[],False,False,False,False,False,False,False,False,False,False,False,False,UNKNOWN,SOURCE_REFERENCE_ONLY,REQUIRES_CAUSAL_REVIEW,"[""Source reference exists, but static analysis does not prove the timestamp cutoff.""]"
calendar_day_of_week_cos,temporal_calendar,True,True,float64,float64,0,0,2,"[""C:\\agano\\Oshwal\\docs\\Project\\smart-parking-system\\backend\\app\\ml\\features\\calendar_features.py""]","[970, 1453]",[],"['""calendar_day_of_week_cos"",', 'add(""calendar_day_of_week_cos"")']",[],False,False,False,False,False,False,False,False,False,False,False,False,UNKNOWN,SOURCE_REFERENCE_ONLY,REQUIRES_CAUSAL_REVIEW,"[""Source reference exists, but static analysis does not prove the timestamp cutoff.""]"
calendar_day_of_week_sin,temporal_calendar,True,True,float64,float64,0,0,2,"[""C:\\agano\\Oshwal\\docs\\Project\\smart-parking-system\\backend\\app\\ml\\features\\calendar_features.py""]","[958, 1451]",[],"['""calendar_day_of_week_sin"",', 'add(""calendar_day_of_week_sin"")']",[],False,False,False,False,False,False,False,False,False,False,False,False,UNKNOWN,SOURCE_REFERENCE_ONLY,REQUIRES_CAUSAL_REVIEW,"[""Source reference exists, but static analysis does not prove the timestamp cutoff.""]"
calendar_day_of_year,temporal_calendar,True,True,int64,int64,0,0,7,"[""C:\\agano\\Oshwal\\docs\\Project\\smart-parking-system\\backend\\app\\ml\\features\\calendar_features.py""]","[478, 994, 1006, 1393, 1455, 1457, 1579]",[],"['""calendar_day_of_year"",', '""calendar_day_of_year_sin"",', '""calendar_day_of_year_cos"",', 'add(""calendar_day_of_year"")', 'add(""calendar_day_of_year_sin"")', 'add(""calendar_day_of_year_cos"")']",[],False,False,False,False,False,False,False,False,False,False,False,False,UNKNOWN,SOURCE_REFERENCE_ONLY,REQUIRES_CAUSAL_REVIEW,"[""Source reference exists, but static analysis does not prove the timestamp cutoff.""]"
calendar_day_of_year_cos,temporal_calendar,True,True,float64,float64,0,0,2,"[""C:\\agano\\Oshwal\\docs\\Project\\smart-parking-system\\backend\\app\\ml\\features\\calendar_features.py""]","[1006, 1457]",[],"['""calendar_day_of_year_cos"",', 'add(""calendar_day_of_year_cos"")']",[],False,False,False,False,False,False,False,False,False,False,False,False,UNKNOWN,SOURCE_REFERENCE_ONLY,REQUIRES_CAUSAL_REVIEW,"[""Source reference exists, but static analysis does not prove the timestamp cutoff.""]"
calendar_day_of_year_sin,temporal_calendar,True,True,float64,float64,0,0,2,"[""C:\\agano\\Oshwal\\docs\\Project\\smart-parking-system\\backend\\app\\ml\\features\\calendar_features.py""]","[994, 1455]",[],"['""calendar_day_of_year_sin"",', 'add(""calendar_day_of_year_sin"")']",[],False,False,False,False,False,False,False,False,False,False,False,False,UNKNOWN,SOURCE_REFERENCE_ONLY,REQUIRES_CAUSAL_REVIEW,"[""Source reference exists, but static analysis does not prove the timestamp cutoff.""]"
calendar_month,temporal_calendar,True,True,int64,int64,0,0,7,"[""C:\\agano\\Oshwal\\docs\\Project\\smart-parking-system\\backend\\app\\ml\\features\\calendar_features.py""]","[420, 925, 937, 1381, 1447, 1449, 1575]",[],"['""calendar_month"",', '""calendar_month_sin"",', '""calendar_month_cos"",', 'add(""calendar_month"")', 'add(""calendar_month_sin"")', 'add(""calendar_month_cos"")']",[],False,False,False,False,False,False,False,False,False,False,False,False,UNKNOWN,SOURCE_REFERENCE_ONLY,REQUIRES_CAUSAL_REVIEW,"[""Source reference exists, but static analysis does not prove the timestamp cutoff.""]"
calendar_month_cos,temporal_calendar,True,True,float64,float64,0,0,2,"[""C:\\agano\\Oshwal\\docs\\Project\\smart-parking-system\\backend\\app\\ml\\features\\calendar_features.py""]","[937, 1449]",[],"['""calendar_month_cos"",', 'add(""calendar_month_cos"")']",[],False,False,False,False,False,False,False,False,False,False,False,False,UNKNOWN,SOURCE_REFERENCE_ONLY,REQUIRES_CAUSAL_REVIEW,"[""Source reference exists, but static analysis does not prove the timestamp cutoff.""]"
calendar_month_sin,temporal_calendar,True,True,float64,float64,0,0,2,"[""C:\\agano\\Oshwal\\docs\\Project\\smart-parking-system\\backend\\app\\ml\\features\\calendar_features.py""]","[925, 1447]",[],"['""calendar_month_sin"",', 'add(""calendar_month_sin"")']",[],False,False,False,False,False,False,False,False,False,False,False,False,UNKNOWN,SOURCE_REFERENCE_ONLY,REQUIRES_CAUSAL_REVIEW,"[""Source reference exists, but static analysis does not prove the timestamp cutoff.""]"
calendar_quarter,other,True,True,int64,int64,0,0,7,"[""C:\\agano\\Oshwal\\docs\\Project\\smart-parking-system\\backend\\app\\ml\\features\\calendar_features.py""]","[434, 1027, 1039, 1384, 1459, 1461, 1576]",[],"['""calendar_quarter"",', '""calendar_quarter_sin"",', '""calendar_quarter_cos"",', 'add(""calendar_quarter"")', 'add(""calendar_quarter_sin"")', 'add(""calendar_quarter_cos"")']",[],False,False,False,False,False,False,False,False,False,False,False,False,UNKNOWN,SOURCE_REFERENCE_ONLY,REQUIRES_CAUSAL_REVIEW,"[""Source reference exists, but static analysis does not prove the timestamp cutoff.""]"
calendar_quarter_cos,other,True,True,float64,float64,0,0,2,"[""C:\\agano\\Oshwal\\docs\\Project\\smart-parking-system\\backend\\app\\ml\\features\\calendar_features.py""]","[1039, 1461]",[],"['""calendar_quarter_cos"",', 'add(""calendar_quarter_cos"")']",[],False,False,False,False,False,False,False,False,False,False,False,False,UNKNOWN,SOURCE_REFERENCE_ONLY,REQUIRES_CAUSAL_REVIEW,"[""Source reference exists, but static analysis does not prove the timestamp cutoff.""]"
calendar_quarter_sin,other,True,True,float64,float64,0,0,2,"[""C:\\agano\\Oshwal\\docs\\Project\\smart-parking-system\\backend\\app\\ml\\features\\calendar_features.py""]","[1027, 1459]",[],"['""calendar_quarter_sin"",', 'add(""calendar_quarter_sin"")']",[],False,False,False,False,False,False,False,False,False,False,False,False,UNKNOWN,SOURCE_REFERENCE_ONLY,REQUIRES_CAUSAL_REVIEW,"[""Source reference exists, but static analysis does not prove the timestamp cutoff.""]"
calendar_week_of_month,temporal_calendar,True,True,int64,int64,0,0,3,"[""C:\\agano\\Oshwal\\docs\\Project\\smart-parking-system\\backend\\app\\ml\\features\\calendar_features.py""]","[525, 1399, 1581]",[],"['""calendar_week_of_month"",', 'add(""calendar_week_of_month"")']",[],False,False,False,False,False,False,False,False,False,False,False,False,UNKNOWN,SOURCE_REFERENCE_ONLY,REQUIRES_CAUSAL_REVIEW,"[""Source reference exists, but static analysis does not prove the timestamp cutoff.""]"
calendar_week_of_quarter,temporal_calendar,True,True,int64,int64,0,0,3,"[""C:\\agano\\Oshwal\\docs\\Project\\smart-parking-system\\backend\\app\\ml\\features\\calendar_features.py""]","[581, 1402, 1582]",[],"['""calendar_week_of_quarter"",', 'add(""calendar_week_of_quarter"")']",[],False,False,False,False,False,False,False,False,False,False,False,False,UNKNOWN,SOURCE_REFERENCE_ONLY,REQUIRES_CAUSAL_REVIEW,"[""Source reference exists, but static analysis does not prove the timestamp cutoff.""]"
calendar_week_of_year,temporal_calendar,True,True,int64,int64,0,0,3,"[""C:\\agano\\Oshwal\\docs\\Project\\smart-parking-system\\backend\\app\\ml\\features\\calendar_features.py""]","[448, 1387, 1577]",[],"['""calendar_week_of_year"",', 'add(""calendar_week_of_year"")']",[],False,False,False,False,False,False,False,False,False,False,False,False,UNKNOWN,SOURCE_REFERENCE_ONLY,REQUIRES_CAUSAL_REVIEW,"[""Source reference exists, but static analysis does not prove the timestamp cutoff.""]"
calendar_year,other,True,True,int64,int64,0,0,3,"[""C:\\agano\\Oshwal\\docs\\Project\\smart-parking-system\\backend\\app\\ml\\features\\calendar_features.py""]","[406, 1378, 1574]",[],"['""calendar_year"",', 'add(""calendar_year"")']",[],False,False,False,False,False,False,False,False,False,False,False,False,UNKNOWN,SOURCE_REFERENCE_ONLY,REQUIRES_CAUSAL_REVIEW,"[""Source reference exists, but static analysis does not prove the timestamp cutoff.""]"
capacity_utilization,current_state,True,True,float64,float64,0,0,15,"[""C:\\agano\\Oshwal\\docs\\Project\\smart-parking-system\\backend\\app\\ml\\features\\demand_features.py"", ""C:\\agano\\Oshwal\\docs\\Project\\smart-parking-system\\backend\\app\\ml\\features\\feature_pipeline.py"", ""C:\\agano\\Oshwal\\docs\\Project\\smart-parking-system\\backend\\app\\ml\\features\\occupancy_features.py""]","[63, 125, 619, 647, 648, 683, 684, 742, 818, 865, 1252, 1291, 1322, 1700, 1953]",[],"['""capacity_utilization"",', '""capacity_utilization""', 'capacity_utilization', 'capacity_utilization = (', 'capacity_utilization.clip(', '] = capacity_utilization']",[],False,False,False,False,False,False,False,False,False,False,False,False,UNKNOWN,SOURCE_REFERENCE_ONLY,REQUIRES_CAUSAL_REVIEW,"[""Source reference exists, but static analysis does not prove the timestamp cutoff.""]"
day_of_month,temporal_calendar,True,True,int64,int64,0,0,11,"[""C:\\agano\\Oshwal\\docs\\Project\\smart-parking-system\\backend\\app\\ml\\features\\calendar_features.py"", ""C:\\agano\\Oshwal\\docs\\Project\\smart-parking-system\\backend\\app\\ml\\features\\temporal_features.py""]","[25, 58, 119, 127, 460, 464, 723, 1389, 1390, 1578, 1792]",[],"['day_of_month', 'add_day_of_month: bool = True', 'if self._config.add_day_of_month:', '""calendar_day_of_month"",', 'if config.add_day_of_month:', 'add(""calendar_day_of_month"")', 'add_day_of_month=True,', '""day_of_month"",', 'dataframe[""day_of_month""] = (']",[],False,False,False,False,False,False,False,False,False,False,False,False,UNKNOWN,SOURCE_REFERENCE_ONLY,REQUIRES_CAUSAL_REVIEW,"[""Source reference exists, but static analysis does not prove the timestamp cutoff.""]"
day_of_week,temporal_calendar,True,True,int64,int64,0,0,47,"[""C:\\agano\\Oshwal\\docs\\Project\\smart-parking-system\\backend\\app\\ml\\features\\calendar_features.py"", ""C:\\agano\\Oshwal\\docs\\Project\\smart-parking-system\\backend\\app\\ml\\features\\temporal_features.py""]","[27, 61, 86, 87, 123, 130, 154, 155, 488, 492, 597, 602, 606, 680, 740, 845, 852, 858, 864, 870, 876, 882, 888, 894, 900, 951, 956, 958, 962, 963, 968, 970, 974, 1139, 1142, 1143, 1219, 1226, 1237, 1238, 1395, 1396, 1451, 1453, 1580, 1796]",[],"['day_of_week', 'add_day_of_week: bool = True', 'if self._config.add_day_of_week:', '""calendar_day_of_week"",', 'day_of_week = (', 'day_of_week < 5', 'day_of_week >= 5', '""calendar_day_of_week_sin"",', 'day_of_week,', '""calendar_day_of_week_cos"",', 'if config.add_day_of_week:', 'add(""calendar_day_of_week"")', 'add(""calendar_day_of_week_sin"")', 'add(""calendar_day_of_week_cos"")', 'add_day_of_week=True,', 'day_of_week_sin', 'day_of_week_cos', '""day_of_week"",', '""day_of_week_sin"",', '""day_of_week_cos"",', 'dataframe[""day_of_week""] = (', 'day_of_week == 0', 'day_of_week == 1', 'day_of_week == 2', 'day_of_week == 3', 'day_of_week == 4', 'day_of_week == 5', 'day_of_week == 6', '* day_of_week', '""day_of_week_sin""', '""day_of_week_cos""', '""day_of_week""', '""day_of_week contains values outside ""']",[],False,False,False,False,False,False,False,False,False,False,False,False,UNKNOWN,SOURCE_REFERENCE_ONLY,REQUIRES_CAUSAL_REVIEW,"[""Source reference exists, but static analysis does not prove the timestamp cutoff.""]"
day_of_week_cos,temporal_calendar,True,True,float64,float64,0,0,7,"[""C:\\agano\\Oshwal\\docs\\Project\\smart-parking-system\\backend\\app\\ml\\features\\calendar_features.py"", ""C:\\agano\\Oshwal\\docs\\Project\\smart-parking-system\\backend\\app\\ml\\features\\temporal_features.py""]","[87, 155, 970, 974, 1143, 1238, 1453]",[],"['""calendar_day_of_week_cos"",', 'add(""calendar_day_of_week_cos"")', 'day_of_week_cos', '""day_of_week_cos"",', '""day_of_week_cos""']",[],False,False,False,False,False,False,False,False,False,False,False,False,UNKNOWN,SOURCE_REFERENCE_ONLY,REQUIRES_CAUSAL_REVIEW,"[""Source reference exists, but static analysis does not prove the timestamp cutoff.""]"
day_of_week_sin,temporal_calendar,True,True,float64,float64,0,0,7,"[""C:\\agano\\Oshwal\\docs\\Project\\smart-parking-system\\backend\\app\\ml\\features\\calendar_features.py"", ""C:\\agano\\Oshwal\\docs\\Project\\smart-parking-system\\backend\\app\\ml\\features\\temporal_features.py""]","[86, 154, 958, 968, 1142, 1237, 1451]",[],"['""calendar_day_of_week_sin"",', 'add(""calendar_day_of_week_sin"")', 'day_of_week_sin', '""day_of_week_sin"",', '""day_of_week_sin""']",[],False,False,False,False,False,False,False,False,False,False,False,False,UNKNOWN,SOURCE_REFERENCE_ONLY,REQUIRES_CAUSAL_REVIEW,"[""Source reference exists, but static analysis does not prove the timestamp cutoff.""]"
day_of_year,temporal_calendar,True,True,int64,int64,0,0,29,"[""C:\\agano\\Oshwal\\docs\\Project\\smart-parking-system\\backend\\app\\ml\\features\\calendar_features.py"", ""C:\\agano\\Oshwal\\docs\\Project\\smart-parking-system\\backend\\app\\ml\\features\\temporal_features.py""]","[26, 59, 88, 89, 121, 128, 156, 157, 474, 478, 729, 986, 987, 994, 996, 998, 1000, 1006, 1007, 1009, 1010, 1013, 1015, 1392, 1393, 1455, 1457, 1579, 1794]",[],"['day_of_year', 'add_day_of_year: bool = True', 'if self._config.add_day_of_year:', '""calendar_day_of_year"",', 'day_of_year = (', '""calendar_day_of_year_sin"",', 'day_of_year - 1,', '""calendar_day_of_year_cos"",', 'if config.add_day_of_year:', 'add(""calendar_day_of_year"")', 'add(""calendar_day_of_year_sin"")', 'add(""calendar_day_of_year_cos"")', 'add_day_of_year=True,', 'day_of_year_sin', 'day_of_year_cos', '""day_of_year"",', '""day_of_year_sin"",', '""day_of_year_cos"",', 'dataframe[""day_of_year""] = (', 'day_of_year_angle = (', '""day_of_year_sin""', 'day_of_year_angle', '""day_of_year_cos""']",[],False,False,False,False,False,False,False,False,False,False,False,False,UNKNOWN,SOURCE_REFERENCE_ONLY,REQUIRES_CAUSAL_REVIEW,"[""Source reference exists, but static analysis does not prove the timestamp cutoff.""]"
day_of_year_cos,temporal_calendar,True,True,float64,float64,0,0,5,"[""C:\\agano\\Oshwal\\docs\\Project\\smart-parking-system\\backend\\app\\ml\\features\\calendar_features.py"", ""C:\\agano\\Oshwal\\docs\\Project\\smart-parking-system\\backend\\app\\ml\\features\\temporal_features.py""]","[89, 157, 1006, 1013, 1457]",[],"['""calendar_day_of_year_cos"",', 'add(""calendar_day_of_year_cos"")', 'day_of_year_cos', '""day_of_year_cos"",', '""day_of_year_cos""']",[],False,False,False,False,False,False,False,False,False,False,False,False,UNKNOWN,SOURCE_REFERENCE_ONLY,REQUIRES_CAUSAL_REVIEW,"[""Source reference exists, but static analysis does not prove the timestamp cutoff.""]"
day_of_year_sin,temporal_calendar,True,True,float64,float64,0,0,5,"[""C:\\agano\\Oshwal\\docs\\Project\\smart-parking-system\\backend\\app\\ml\\features\\calendar_features.py"", ""C:\\agano\\Oshwal\\docs\\Project\\smart-parking-system\\backend\\app\\ml\\features\\temporal_features.py""]","[88, 156, 994, 1007, 1455]",[],"['""calendar_day_of_year_sin"",', 'add(""calendar_day_of_year_sin"")', 'day_of_year_sin', '""day_of_year_sin"",', '""day_of_year_sin""']",[],False,False,False,False,False,False,False,False,False,False,False,False,UNKNOWN,SOURCE_REFERENCE_ONLY,REQUIRES_CAUSAL_REVIEW,"[""Source reference exists, but static analysis does not prove the timestamp cutoff.""]"
days_to_month_end,temporal_calendar,True,True,int64,int64,0,0,5,"[""C:\\agano\\Oshwal\\docs\\Project\\smart-parking-system\\backend\\app\\ml\\features\\calendar_features.py""]","[739, 746, 750, 1427, 1583]",[],"['days_to_month_end = (', '""days_to_month_end"",', 'days_to_month_end', 'add(""days_to_month_end"")']",[],False,False,False,False,False,False,False,False,False,False,False,False,UNKNOWN,SOURCE_REFERENCE_ONLY,REQUIRES_CAUSAL_REVIEW,"[""Source reference exists, but static analysis does not prove the timestamp cutoff.""]"
demand_class,current_state,True,True,str,str,0,0,31,"[""C:\\agano\\Oshwal\\docs\\Project\\smart-parking-system\\backend\\app\\ml\\features\\demand_features.py"", ""C:\\agano\\Oshwal\\docs\\Project\\smart-parking-system\\backend\\app\\ml\\ml_models\\xgboost_model.py""]","[59, 196, 200, 350, 870, 872, 878, 886, 898, 910, 922, 934, 939, 940, 957, 961, 965, 969, 973, 977, 983, 1341, 1517, 1518, 1719, 1722, 1726, 1954, 2269, 2336, 2499]",[],"['add_demand_classification: bool = True', 'missing_demand_classification_count: int', 'if config.add_demand_classification:', 'demand_class = pd.Series(', 'demand_class.loc[', '""demand_class"",', 'demand_class,', 'demand_class.eq(""LOW"")', 'demand_class.eq(""MODERATE"")', 'demand_class.eq(""HIGH"")', 'demand_class.eq(""VERY_HIGH"")', 'demand_class.eq(""CRITICAL"")', 'demand_class.eq(', '""demand_class_code"",', 'missing_demand_classification_count = int(', 'missing_demand_classification_count=', 'missing_demand_classification_count,', '""demand_class""', '""demand_class_code""', '""have demand_class=\'CAPACITY_EXCEEDED\'. ""', 'add_demand_classification=True,', '- demand_class']",[],False,False,False,False,False,False,False,False,False,False,False,False,UNKNOWN,SOURCE_REFERENCE_ONLY,REQUIRES_CAUSAL_REVIEW,"[""Source reference exists, but static analysis does not prove the timestamp cutoff.""]"
demand_class_code,current_state,True,True,int64,int64,0,0,3,"[""C:\\agano\\Oshwal\\docs\\Project\\smart-parking-system\\backend\\app\\ml\\features\\demand_features.py""]","[983, 1726, 1954]",[],"['""demand_class_code"",', '""demand_class_code""']",[],False,False,False,False,False,False,False,False,False,False,False,False,UNKNOWN,SOURCE_REFERENCE_ONLY,REQUIRES_CAUSAL_REVIEW,"[""Source reference exists, but static analysis does not prove the timestamp cutoff.""]"
demand_excess_pressure,other,True,True,float64,float64,0,0,3,"[""C:\\agano\\Oshwal\\docs\\Project\\smart-parking-system\\backend\\app\\ml\\features\\demand_features.py""]","[727, 1672, 1949]",[],"['""demand_excess_pressure"",', '""demand_excess_pressure""']",[],False,False,False,False,False,False,False,False,False,False,False,False,UNKNOWN,SOURCE_REFERENCE_ONLY,REQUIRES_CAUSAL_REVIEW,"[""Source reference exists, but static analysis does not prove the timestamp cutoff.""]"
demand_level,current_state,True,True,float64,float64,0,0,18,"[""C:\\agano\\Oshwal\\docs\\Project\\smart-parking-system\\backend\\app\\ml\\features\\demand_features.py""]","[188, 679, 687, 694, 948, 956, 960, 964, 968, 972, 976, 984, 1655, 1658, 1662, 1946, 1947, 2491]",[],"['add_demand_level: bool = True', 'if config.add_demand_level:', '""demand_level"",', '""calculated_demand_level"",', 'demand_level_code = (', 'demand_level_code.loc[', 'demand_level_code,', '""demand_level""', '""calculated_demand_level""', 'add_demand_level=True,']",[],False,False,False,False,False,False,False,False,False,False,False,False,UNKNOWN,SOURCE_REFERENCE_ONLY,REQUIRES_CAUSAL_REVIEW,"[""Source reference exists, but static analysis does not prove the timestamp cutoff.""]"
demand_pressure,current_state,True,True,float64,float64,0,0,7,"[""C:\\agano\\Oshwal\\docs\\Project\\smart-parking-system\\backend\\app\\ml\\features\\demand_features.py""]","[190, 702, 711, 1665, 1668, 1948, 2493]",[],"['add_demand_pressure: bool = True', 'if config.add_demand_pressure:', '""demand_pressure"",', '""demand_pressure""', 'add_demand_pressure=True,']",[],False,False,False,False,False,False,False,False,False,False,False,False,UNKNOWN,SOURCE_REFERENCE_ONLY,REQUIRES_CAUSAL_REVIEW,"[""Source reference exists, but static analysis does not prove the timestamp cutoff.""]"
half_hour_slot,temporal_calendar,True,True,int64,int64,0,0,6,"[""C:\\agano\\Oshwal\\docs\\Project\\smart-parking-system\\backend\\app\\ml\\features\\temporal_features.py""]","[67, 135, 781, 1138, 1280, 1295]",[],"['half_hour_slot', '""half_hour_slot"",', '""half_hour_slot""', '""half_hour_slot does not match ""']",[],False,False,False,False,False,False,False,False,False,False,False,False,UNKNOWN,SOURCE_REFERENCE_ONLY,REQUIRES_CAUSAL_REVIEW,"[""Source reference exists, but static analysis does not prove the timestamp cutoff.""]"
has_capacity_violation,other,True,True,bool,bool,0,0,2,"[""C:\\agano\\Oshwal\\docs\\Project\\smart-parking-system\\backend\\app\\ml\\features\\demand_features.py""]","[1147, 1774]",[],"['""has_capacity_violation"",', '""has_capacity_violation""']",[],False,False,False,False,False,False,False,False,False,False,False,False,UNKNOWN,SOURCE_REFERENCE_ONLY,REQUIRES_CAUSAL_REVIEW,"[""Source reference exists, but static analysis does not prove the timestamp cutoff.""]"
has_consistency_issue,other,True,True,bool,bool,0,0,2,"[""C:\\agano\\Oshwal\\docs\\Project\\smart-parking-system\\backend\\app\\ml\\features\\demand_features.py""]","[1154, 1778]",[],"['""has_consistency_issue"",', '""has_consistency_issue""']",[],False,False,False,False,False,False,False,False,False,False,False,False,UNKNOWN,SOURCE_REFERENCE_ONLY,REQUIRES_CAUSAL_REVIEW,"[""Source reference exists, but static analysis does not prove the timestamp cutoff.""]"
has_negative_values,other,True,True,bool,bool,0,0,2,"[""C:\\agano\\Oshwal\\docs\\Project\\smart-parking-system\\backend\\app\\ml\\features\\demand_features.py""]","[1136, 1770]",[],"['""has_negative_values"",', '""has_negative_values""']",[],False,False,False,False,False,False,False,False,False,False,False,False,UNKNOWN,SOURCE_REFERENCE_ONLY,REQUIRES_CAUSAL_REVIEW,"[""Source reference exists, but static analysis does not prove the timestamp cutoff.""]"
has_valid_capacity,other,True,True,bool,bool,0,0,2,"[""C:\\agano\\Oshwal\\docs\\Project\\smart-parking-system\\backend\\app\\ml\\features\\demand_features.py""]","[1119, 1762]",[],"['""has_valid_capacity"",', '""has_valid_capacity""']",[],False,False,False,False,False,False,False,False,False,False,False,False,UNKNOWN,SOURCE_REFERENCE_ONLY,REQUIRES_CAUSAL_REVIEW,"[""Source reference exists, but static analysis does not prove the timestamp cutoff.""]"
has_valid_occupancy,other,True,True,bool,bool,0,0,2,"[""C:\\agano\\Oshwal\\docs\\Project\\smart-parking-system\\backend\\app\\ml\\features\\demand_features.py""]","[1126, 1766]",[],"['""has_valid_occupancy"",', '""has_valid_occupancy""']",[],False,False,False,False,False,False,False,False,False,False,False,False,UNKNOWN,SOURCE_REFERENCE_ONLY,REQUIRES_CAUSAL_REVIEW,"[""Source reference exists, but static analysis does not prove the timestamp cutoff.""]"
hour,temporal_calendar,True,True,int64,int64,0,0,123,"[""C:\\agano\\Oshwal\\docs\\Project\\smart-parking-system\\backend\\app\\ml\\data\\dataset_audit.py"", ""C:\\agano\\Oshwal\\docs\\Project\\smart-parking-system\\backend\\app\\ml\\data\\dataset_builder.py"", ""C:\\agano\\Oshwal\\docs\\Project\\smart-parking-system\\backend\\app\\ml\\data\\temporal.py"", ""C:\\agano\\Oshwal\\docs\\Project\\smart-parking-system\\backend\\app\\ml\\data\\temporal_normalizer.py"", ""C:\\agano\\Oshwal\\docs\\Project\\smart-parking-system\\backend\\app\\ml\\features\\calendar_features.py"", ""C:\\agano\\Oshwal\\docs\\Project\\smart-parking-system\\backend\\app\\ml\\features\\rolling_features.py"", ""C:\\agano\\Oshwal\\docs\\Project\\smart-parking-system\\backend\\app\\ml\\features\\temporal_features.py"", ""C:\\agano\\Oshwal\\docs\\Project\\smart-parking-system\\backend\\app\\ml\\ml_models\\baseline_model.py""]","[28, 48, 49, 50, 56, 57, 58, 59, 60, 61, 65, 67, 84, 85, 97, 121, 127, 133, 135, 152, 153, 161, 188, 190, 250, 283, 284, 285, 299, 303, 323, 364, 366, 370, 372, 389, 394, 485, 490, 491, 493, 523, 536, 537, 563, 564, 566, 575, 645, 648, 651, 670, 705, 706, 757, 758, 762, 763, 769, 771, 772, 781, 784, 797, 803, 838, 916, 922, 930, 938, 940, 944, 946, 1095, 1096, 1136, 1138, 1140, 1141, 1183, 1187, 1194, 1235, 1236, 1272, 1280, 1295, 1334, 1340, 1514, 1522, 1529, 1572, 1575, 1578, 1585, 1588, 1591, 1594, 1597, 1611, 1612, 1635, 1888, 1892, 2084, 2088, 2100, 2102, 2111, 2112, 2117, 2118, 2142, 2144, 2174, 2175, 2180, 2181, 2264, 2267, 2499]",[],"['- How does coverage vary by hour?', '# Hourly coverage', 'class HourlyCoverage:', '""""""Coverage statistics by hour of day.""""""', 'hour: int', 'hourly_coverage: tuple[', 'HourlyCoverage,', 'hourly_coverage = (', 'self._audit_hourly_coverage(', 'hourly_coverage=tuple(', 'hourly_coverage', 'def _audit_hourly_coverage(', ') -> list[HourlyCoverage]:', '""_hour""', '].dt.hour', 'HourlyCoverage', 'for hour in range(24):', 'working[""_hour""] == hour', 'HourlyCoverage(', 'hour=hour,', '""HourlyCoverage"",', '- creates 1-hour targets', '- creates 2-hour targets', 'HOUR_1 = ""1h""', 'HOURS_2 = ""2h""', '+1 hour', '+2 hours', 'tomorrow_morning_start_hour: int = 8', 'tomorrow_morning_end_hour: int = 10', 'if not 0 <= self.tomorrow_morning_start_hour <= 23:', '""Tomorrow morning start hour must ""', 'if not 0 <= self.tomorrow_morning_end_hour <= 23:', '""Tomorrow morning end hour must ""', 'self.tomorrow_morning_start_hour * 60', 'self.tomorrow_morning_end_hour * 60', '.tomorrow_morning_start_hour,', '.tomorrow_morning_end_hour,', '.tomorrow_morning_start_hour', '.tomorrow_morning_end_hour', 'timestamp.dt.hour * 60', 'TargetHorizon.HOUR_1.value,', 'TargetHorizon.HOURS_2.value,', 'hour: int,', 'return f""{hour:02d}:{minute:02d}""', 'tomorrow_morning_start_hour: int = 8,', 'tomorrow_morning_end_hour: int = 10,', 'tomorrow_morning_start_hour=(', 'tomorrow_morning_start_hour', 'tomorrow_morning_end_hour=(', 'tomorrow_morning_end_hour', 'coverage_hours: float', 'coverage_hours = (', 'coverage_hours=coverage_hours,', 'coverage_hours: float,', '""coverage_hours"": (', 'facility.coverage_hours', '24-hour observations for every facility.', 'timestamps.dt.hour * 60', 'hour = minutes // 60', 'hour', '1 hour', '2 hours', '3 hours', '6 hours', '12 hours', '24 hours', 'For example, at 10:00 with a 1-hour window:', 'may contribute to the 1-hour rolling feature.', '# 6-hour window', 'half_hour_slot', 'hour_sin', 'hour_cos', '""hour"",', '""half_hour_slot"",', '""hour_sin"",', '""hour_cos"",', '""into 24 hours.""', 'unique_hours: int', 'unique_hours = int(', 'timestamp.dt.hour.nunique()', 'unique_hours=unique_hours,', 'hour = timestamp.dt.hour', 'dataframe[""hour""] = (', 'hour.astype(""int8"")', '# Half-hour slot.', '""half_hour_slot""', 'hour * 60', '# Hour of day', 'hour_angle = (', '""hour_sin""', 'hour_angle', '""hour_cos""', '# Hour', '""hour""', '""hour contains values outside ""', '""half_hour_slot does not match ""', 'previous same half-hour slot', 'previous same half-hour slot one week earlier']",[],False,False,False,False,False,False,False,False,False,False,True,True,UNKNOWN,SOURCE_REFERENCE_ONLY,REQUIRES_CAUSAL_REVIEW,"[""Source reference exists, but static analysis does not prove the timestamp cutoff.""]"
hour_cos,temporal_calendar,True,True,float64,float64,0,0,5,"[""C:\\agano\\Oshwal\\docs\\Project\\smart-parking-system\\backend\\app\\ml\\features\\temporal_features.py""]","[85, 153, 944, 1141, 1236]",[],"['hour_cos', '""hour_cos"",', '""hour_cos""']",[],False,False,False,False,False,False,False,False,False,False,False,False,UNKNOWN,SOURCE_REFERENCE_ONLY,REQUIRES_CAUSAL_REVIEW,"[""Source reference exists, but static analysis does not prove the timestamp cutoff.""]"
hour_sin,temporal_calendar,True,True,float64,float64,0,0,5,"[""C:\\agano\\Oshwal\\docs\\Project\\smart-parking-system\\backend\\app\\ml\\features\\temporal_features.py""]","[84, 152, 938, 1140, 1235]",[],"['hour_sin', '""hour_sin"",', '""hour_sin""']",[],False,False,False,False,False,False,False,False,False,False,False,False,UNKNOWN,SOURCE_REFERENCE_ONLY,REQUIRES_CAUSAL_REVIEW,"[""Source reference exists, but static analysis does not prove the timestamp cutoff.""]"
is_capacity_exceeded,current_state,True,True,bool,bool,0,0,3,"[""C:\\agano\\Oshwal\\docs\\Project\\smart-parking-system\\backend\\app\\ml\\features\\demand_features.py""]","[860, 1716, 1903]",[],"['""is_capacity_exceeded"",', '""is_capacity_exceeded""']",[],False,False,False,False,False,False,False,False,False,False,False,False,UNKNOWN,SOURCE_REFERENCE_ONLY,REQUIRES_CAUSAL_REVIEW,"[""Source reference exists, but static analysis does not prove the timestamp cutoff.""]"
is_critical_availability,current_state,True,True,bool,bool,0,0,2,"[""C:\\agano\\Oshwal\\docs\\Project\\smart-parking-system\\backend\\app\\ml\\features\\demand_features.py""]","[805, 1694]",[],"['""is_critical_availability"",', '""is_critical_availability""']",[],False,False,False,False,False,False,False,False,False,False,False,False,UNKNOWN,SOURCE_REFERENCE_ONLY,REQUIRES_CAUSAL_REVIEW,"[""Source reference exists, but static analysis does not prove the timestamp cutoff.""]"
is_critical_demand,other,True,True,bool,bool,0,0,2,"[""C:\\agano\\Oshwal\\docs\\Project\\smart-parking-system\\backend\\app\\ml\\features\\demand_features.py""]","[1067, 1748]",[],"['""is_critical_demand"",', '""is_critical_demand""']",[],False,False,False,False,False,False,False,False,False,False,False,False,UNKNOWN,SOURCE_REFERENCE_ONLY,REQUIRES_CAUSAL_REVIEW,"[""Source reference exists, but static analysis does not prove the timestamp cutoff.""]"
is_empty,other,True,True,bool,bool,0,0,3,"[""C:\\agano\\Oshwal\\docs\\Project\\smart-parking-system\\backend\\app\\ml\\features\\occupancy_features.py""]","[72, 133, 713]",[],"['is_empty', '""is_empty"",', '""is_empty""']",[],False,False,False,False,False,False,False,False,False,False,False,False,UNKNOWN,SOURCE_REFERENCE_ONLY,REQUIRES_CAUSAL_REVIEW,"[""Source reference exists, but static analysis does not prove the timestamp cutoff.""]"
is_friday,temporal_calendar,True,True,bool,bool,0,0,6,"[""C:\\agano\\Oshwal\\docs\\Project\\smart-parking-system\\backend\\app\\ml\\features\\calendar_features.py"", ""C:\\agano\\Oshwal\\docs\\Project\\smart-parking-system\\backend\\app\\ml\\features\\feature_pipeline.py"", ""C:\\agano\\Oshwal\\docs\\Project\\smart-parking-system\\backend\\app\\ml\\features\\temporal_features.py""]","[78, 147, 657, 671, 886, 1415]",[],"['""is_friday"",', 'is_friday', '""is_friday""']",[],False,False,False,False,False,False,False,False,False,False,False,False,UNKNOWN,SOURCE_REFERENCE_ONLY,REQUIRES_CAUSAL_REVIEW,"[""Source reference exists, but static analysis does not prove the timestamp cutoff.""]"
is_full,current_state,True,True,bool,bool,0,0,2,"[""C:\\agano\\Oshwal\\docs\\Project\\smart-parking-system\\backend\\app\\ml\\features\\demand_features.py""]","[846, 1708]",[],"['""is_full"",', '""is_full""']",[],False,False,False,False,False,False,False,False,False,False,False,False,UNKNOWN,SOURCE_REFERENCE_ONLY,REQUIRES_CAUSAL_REVIEW,"[""Source reference exists, but static analysis does not prove the timestamp cutoff.""]"
is_high_demand,other,True,True,bool,bool,0,0,2,"[""C:\\agano\\Oshwal\\docs\\Project\\smart-parking-system\\backend\\app\\ml\\features\\demand_features.py""]","[1059, 1740]",[],"['""is_high_demand"",', '""is_high_demand""']",[],False,False,False,False,False,False,False,False,False,False,False,False,UNKNOWN,SOURCE_REFERENCE_ONLY,REQUIRES_CAUSAL_REVIEW,"[""Source reference exists, but static analysis does not prove the timestamp cutoff.""]"
is_high_occupancy,other,True,True,bool,bool,0,0,3,"[""C:\\agano\\Oshwal\\docs\\Project\\smart-parking-system\\backend\\app\\ml\\features\\occupancy_features.py""]","[75, 136, 743]",[],"['is_high_occupancy', '""is_high_occupancy"",', '""is_high_occupancy""']",[],False,False,False,False,False,False,False,False,False,False,False,False,UNKNOWN,SOURCE_REFERENCE_ONLY,REQUIRES_CAUSAL_REVIEW,"[""Source reference exists, but static analysis does not prove the timestamp cutoff.""]"
is_low_availability,current_state,True,True,bool,bool,0,0,2,"[""C:\\agano\\Oshwal\\docs\\Project\\smart-parking-system\\backend\\app\\ml\\features\\demand_features.py""]","[798, 1690]",[],"['""is_low_availability"",', '""is_low_availability""']",[],False,False,False,False,False,False,False,False,False,False,False,False,UNKNOWN,SOURCE_REFERENCE_ONLY,REQUIRES_CAUSAL_REVIEW,"[""Source reference exists, but static analysis does not prove the timestamp cutoff.""]"
is_low_demand,other,True,True,bool,bool,0,0,2,"[""C:\\agano\\Oshwal\\docs\\Project\\smart-parking-system\\backend\\app\\ml\\features\\demand_features.py""]","[1051, 1732]",[],"['""is_low_demand"",', '""is_low_demand""']",[],False,False,False,False,False,False,False,False,False,False,False,False,UNKNOWN,SOURCE_REFERENCE_ONLY,REQUIRES_CAUSAL_REVIEW,"[""Source reference exists, but static analysis does not prove the timestamp cutoff.""]"
is_low_occupancy,other,True,True,bool,bool,0,0,3,"[""C:\\agano\\Oshwal\\docs\\Project\\smart-parking-system\\backend\\app\\ml\\features\\occupancy_features.py""]","[73, 134, 720]",[],"['is_low_occupancy', '""is_low_occupancy"",', '""is_low_occupancy""']",[],False,False,False,False,False,False,False,False,False,False,False,False,UNKNOWN,SOURCE_REFERENCE_ONLY,REQUIRES_CAUSAL_REVIEW,"[""Source reference exists, but static analysis does not prove the timestamp cutoff.""]"
is_moderate_demand,other,True,True,bool,bool,0,0,2,"[""C:\\agano\\Oshwal\\docs\\Project\\smart-parking-system\\backend\\app\\ml\\features\\demand_features.py""]","[1055, 1736]",[],"['""is_moderate_demand"",', '""is_moderate_demand""']",[],False,False,False,False,False,False,False,False,False,False,False,False,UNKNOWN,SOURCE_REFERENCE_ONLY,REQUIRES_CAUSAL_REVIEW,"[""Source reference exists, but static analysis does not prove the timestamp cutoff.""]"
is_moderate_occupancy,other,True,True,bool,bool,0,0,3,"[""C:\\agano\\Oshwal\\docs\\Project\\smart-parking-system\\backend\\app\\ml\\features\\occupancy_features.py""]","[74, 135, 728]",[],"['is_moderate_occupancy', '""is_moderate_occupancy"",', '""is_moderate_occupancy""']",[],False,False,False,False,False,False,False,False,False,False,False,False,UNKNOWN,SOURCE_REFERENCE_ONLY,REQUIRES_CAUSAL_REVIEW,"[""Source reference exists, but static analysis does not prove the timestamp cutoff.""]"
is_monday,temporal_calendar,True,True,bool,bool,0,0,6,"[""C:\\agano\\Oshwal\\docs\\Project\\smart-parking-system\\backend\\app\\ml\\features\\calendar_features.py"", ""C:\\agano\\Oshwal\\docs\\Project\\smart-parking-system\\backend\\app\\ml\\features\\feature_pipeline.py"", ""C:\\agano\\Oshwal\\docs\\Project\\smart-parking-system\\backend\\app\\ml\\features\\temporal_features.py""]","[74, 143, 641, 667, 862, 1411]",[],"['""is_monday"",', 'is_monday', '""is_monday""']",[],False,False,False,False,False,False,False,False,False,False,False,False,UNKNOWN,SOURCE_REFERENCE_ONLY,REQUIRES_CAUSAL_REVIEW,"[""Source reference exists, but static analysis does not prove the timestamp cutoff.""]"
is_month_end,temporal_calendar,True,True,bool,bool,0,0,3,"[""C:\\agano\\Oshwal\\docs\\Project\\smart-parking-system\\backend\\app\\ml\\features\\calendar_features.py""]","[701, 711, 1425]",[],"['timestamp.dt.is_month_end', '""is_month_end"",', 'add(""is_month_end"")']",[],False,False,False,False,False,False,False,False,False,False,False,False,UNKNOWN,SOURCE_REFERENCE_ONLY,REQUIRES_CAUSAL_REVIEW,"[""Source reference exists, but static analysis does not prove the timestamp cutoff.""]"
is_month_start,temporal_calendar,True,True,bool,bool,0,0,3,"[""C:\\agano\\Oshwal\\docs\\Project\\smart-parking-system\\backend\\app\\ml\\features\\calendar_features.py""]","[697, 706, 1423]",[],"['timestamp.dt.is_month_start', '""is_month_start"",', 'add(""is_month_start"")']",[],False,False,False,False,False,False,False,False,False,False,False,False,UNKNOWN,SOURCE_REFERENCE_ONLY,REQUIRES_CAUSAL_REVIEW,"[""Source reference exists, but static analysis does not prove the timestamp cutoff.""]"
is_near_full,other,True,True,bool,bool,0,0,6,"[""C:\\agano\\Oshwal\\docs\\Project\\smart-parking-system\\backend\\app\\ml\\features\\demand_features.py"", ""C:\\agano\\Oshwal\\docs\\Project\\smart-parking-system\\backend\\app\\ml\\features\\feature_pipeline.py"", ""C:\\agano\\Oshwal\\docs\\Project\\smart-parking-system\\backend\\app\\ml\\features\\occupancy_features.py""]","[76, 137, 743, 751, 839, 1704]",[],"['""is_near_full"",', '""is_near_full""', 'is_near_full']",[],False,False,False,False,False,False,False,False,False,False,False,False,UNKNOWN,SOURCE_REFERENCE_ONLY,REQUIRES_CAUSAL_REVIEW,"[""Source reference exists, but static analysis does not prove the timestamp cutoff.""]"
is_quarter_end,other,True,True,bool,bool,0,0,6,"[""C:\\agano\\Oshwal\\docs\\Project\\smart-parking-system\\backend\\app\\ml\\features\\calendar_features.py""]","[775, 832, 858, 862, 1433, 1437]",[],"['is_quarter_end_month = (', '""is_quarter_end"",', '""is_quarter_end_month"",', 'is_quarter_end_month', 'add(""is_quarter_end"")', 'add(""is_quarter_end_month"")']",[],False,False,False,False,False,False,False,False,False,False,False,False,UNKNOWN,SOURCE_REFERENCE_ONLY,REQUIRES_CAUSAL_REVIEW,"[""Source reference exists, but static analysis does not prove the timestamp cutoff.""]"
is_quarter_end_month,temporal_calendar,True,True,bool,bool,0,0,4,"[""C:\\agano\\Oshwal\\docs\\Project\\smart-parking-system\\backend\\app\\ml\\features\\calendar_features.py""]","[775, 858, 862, 1437]",[],"['is_quarter_end_month = (', '""is_quarter_end_month"",', 'is_quarter_end_month', 'add(""is_quarter_end_month"")']",[],False,False,False,False,False,False,False,False,False,False,False,False,UNKNOWN,SOURCE_REFERENCE_ONLY,REQUIRES_CAUSAL_REVIEW,"[""Source reference exists, but static analysis does not prove the timestamp cutoff.""]"
is_quarter_start,other,True,True,bool,bool,0,0,6,"[""C:\\agano\\Oshwal\\docs\\Project\\smart-parking-system\\backend\\app\\ml\\features\\calendar_features.py""]","[764, 818, 846, 850, 1431, 1435]",[],"['is_quarter_start_month = (', '""is_quarter_start"",', '""is_quarter_start_month"",', 'is_quarter_start_month', 'add(""is_quarter_start"")', 'add(""is_quarter_start_month"")']",[],False,False,False,False,False,False,False,False,False,False,False,False,UNKNOWN,SOURCE_REFERENCE_ONLY,REQUIRES_CAUSAL_REVIEW,"[""Source reference exists, but static analysis does not prove the timestamp cutoff.""]"
is_quarter_start_month,temporal_calendar,True,True,bool,bool,0,0,4,"[""C:\\agano\\Oshwal\\docs\\Project\\smart-parking-system\\backend\\app\\ml\\features\\calendar_features.py""]","[764, 846, 850, 1435]",[],"['is_quarter_start_month = (', '""is_quarter_start_month"",', 'is_quarter_start_month', 'add(""is_quarter_start_month"")']",[],False,False,False,False,False,False,False,False,False,False,False,False,UNKNOWN,SOURCE_REFERENCE_ONLY,REQUIRES_CAUSAL_REVIEW,"[""Source reference exists, but static analysis does not prove the timestamp cutoff.""]"
is_saturday,temporal_calendar,True,True,bool,bool,0,0,6,"[""C:\\agano\\Oshwal\\docs\\Project\\smart-parking-system\\backend\\app\\ml\\features\\calendar_features.py"", ""C:\\agano\\Oshwal\\docs\\Project\\smart-parking-system\\backend\\app\\ml\\features\\feature_pipeline.py"", ""C:\\agano\\Oshwal\\docs\\Project\\smart-parking-system\\backend\\app\\ml\\features\\temporal_features.py""]","[79, 148, 661, 672, 892, 1416]",[],"['""is_saturday"",', 'is_saturday', '""is_saturday""']",[],False,False,False,False,False,False,False,False,False,False,False,False,UNKNOWN,SOURCE_REFERENCE_ONLY,REQUIRES_CAUSAL_REVIEW,"[""Source reference exists, but static analysis does not prove the timestamp cutoff.""]"
is_sunday,temporal_calendar,True,True,bool,bool,0,0,6,"[""C:\\agano\\Oshwal\\docs\\Project\\smart-parking-system\\backend\\app\\ml\\features\\calendar_features.py"", ""C:\\agano\\Oshwal\\docs\\Project\\smart-parking-system\\backend\\app\\ml\\features\\feature_pipeline.py"", ""C:\\agano\\Oshwal\\docs\\Project\\smart-parking-system\\backend\\app\\ml\\features\\temporal_features.py""]","[80, 149, 665, 673, 898, 1417]",[],"['""is_sunday"",', 'is_sunday', '""is_sunday""']",[],False,False,False,False,False,False,False,False,False,False,False,False,UNKNOWN,SOURCE_REFERENCE_ONLY,REQUIRES_CAUSAL_REVIEW,"[""Source reference exists, but static analysis does not prove the timestamp cutoff.""]"
is_thursday,temporal_calendar,True,True,bool,bool,0,0,6,"[""C:\\agano\\Oshwal\\docs\\Project\\smart-parking-system\\backend\\app\\ml\\features\\calendar_features.py"", ""C:\\agano\\Oshwal\\docs\\Project\\smart-parking-system\\backend\\app\\ml\\features\\feature_pipeline.py"", ""C:\\agano\\Oshwal\\docs\\Project\\smart-parking-system\\backend\\app\\ml\\features\\temporal_features.py""]","[77, 146, 653, 670, 880, 1414]",[],"['""is_thursday"",', 'is_thursday', '""is_thursday""']",[],False,False,False,False,False,False,False,False,False,False,False,False,UNKNOWN,SOURCE_REFERENCE_ONLY,REQUIRES_CAUSAL_REVIEW,"[""Source reference exists, but static analysis does not prove the timestamp cutoff.""]"
is_tuesday,temporal_calendar,True,True,bool,bool,0,0,6,"[""C:\\agano\\Oshwal\\docs\\Project\\smart-parking-system\\backend\\app\\ml\\features\\calendar_features.py"", ""C:\\agano\\Oshwal\\docs\\Project\\smart-parking-system\\backend\\app\\ml\\features\\feature_pipeline.py"", ""C:\\agano\\Oshwal\\docs\\Project\\smart-parking-system\\backend\\app\\ml\\features\\temporal_features.py""]","[75, 144, 645, 668, 868, 1412]",[],"['""is_tuesday"",', 'is_tuesday', '""is_tuesday""']",[],False,False,False,False,False,False,False,False,False,False,False,False,UNKNOWN,SOURCE_REFERENCE_ONLY,REQUIRES_CAUSAL_REVIEW,"[""Source reference exists, but static analysis does not prove the timestamp cutoff.""]"
is_very_high_demand,other,True,True,bool,bool,0,0,2,"[""C:\\agano\\Oshwal\\docs\\Project\\smart-parking-system\\backend\\app\\ml\\features\\demand_features.py""]","[1063, 1744]",[],"['""is_very_high_demand"",', '""is_very_high_demand""']",[],False,False,False,False,False,False,False,False,False,False,False,False,UNKNOWN,SOURCE_REFERENCE_ONLY,REQUIRES_CAUSAL_REVIEW,"[""Source reference exists, but static analysis does not prove the timestamp cutoff.""]"
is_wednesday,temporal_calendar,True,True,bool,bool,0,0,6,"[""C:\\agano\\Oshwal\\docs\\Project\\smart-parking-system\\backend\\app\\ml\\features\\calendar_features.py"", ""C:\\agano\\Oshwal\\docs\\Project\\smart-parking-system\\backend\\app\\ml\\features\\feature_pipeline.py"", ""C:\\agano\\Oshwal\\docs\\Project\\smart-parking-system\\backend\\app\\ml\\features\\temporal_features.py""]","[76, 145, 649, 669, 874, 1413]",[],"['""is_wednesday"",', 'is_wednesday', '""is_wednesday""']",[],False,False,False,False,False,False,False,False,False,False,False,False,UNKNOWN,SOURCE_REFERENCE_ONLY,REQUIRES_CAUSAL_REVIEW,"[""Source reference exists, but static analysis does not prove the timestamp cutoff.""]"
is_weekday,temporal_calendar,True,True,bool,bool,0,0,10,"[""C:\\agano\\Oshwal\\docs\\Project\\smart-parking-system\\backend\\app\\ml\\features\\calendar_features.py"", ""C:\\agano\\Oshwal\\docs\\Project\\smart-parking-system\\backend\\app\\ml\\features\\feature_pipeline.py"", ""C:\\agano\\Oshwal\\docs\\Project\\smart-parking-system\\backend\\app\\ml\\features\\temporal_features.py""]","[72, 141, 601, 604, 611, 621, 665, 850, 1406, 1669]",[],"['is_weekday = (', '""is_weekday"",', '] = is_weekday.astype(', 'add(""is_weekday"")', '""is_weekday""', '# calendar indicators such as `is_weekday` must not be', 'is_weekday']",[],False,False,False,False,False,False,False,False,False,False,False,False,UNKNOWN,SOURCE_REFERENCE_ONLY,REQUIRES_CAUSAL_REVIEW,"[""Source reference exists, but static analysis does not prove the timestamp cutoff.""]"
is_weekend,temporal_calendar,True,True,bool,bool,0,0,9,"[""C:\\agano\\Oshwal\\docs\\Project\\smart-parking-system\\backend\\app\\ml\\features\\calendar_features.py"", ""C:\\agano\\Oshwal\\docs\\Project\\smart-parking-system\\backend\\app\\ml\\features\\feature_pipeline.py"", ""C:\\agano\\Oshwal\\docs\\Project\\smart-parking-system\\backend\\app\\ml\\features\\temporal_features.py""]","[73, 142, 605, 616, 627, 666, 856, 1408, 1672]",[],"['is_weekend = (', '""is_weekend"",', '] = is_weekend.astype(', 'add(""is_weekend"")', '""is_weekend""', 'is_weekend']",[],False,False,False,False,False,False,False,False,False,False,False,False,UNKNOWN,SOURCE_REFERENCE_ONLY,REQUIRES_CAUSAL_REVIEW,"[""Source reference exists, but static analysis does not prove the timestamp cutoff.""]"
is_year_end,other,True,True,bool,bool,0,0,5,"[""C:\\agano\\Oshwal\\docs\\Project\\smart-parking-system\\backend\\app\\ml\\features\\calendar_features.py""]","[878, 879, 897, 901, 1443]",[],"['is_year_end = (', 'timestamp.dt.is_year_end', '""is_year_end"",', 'is_year_end.astype(', 'add(""is_year_end"")']",[],False,False,False,False,False,False,False,False,False,False,False,False,UNKNOWN,SOURCE_REFERENCE_ONLY,REQUIRES_CAUSAL_REVIEW,"[""Source reference exists, but static analysis does not prove the timestamp cutoff.""]"
is_year_start,other,True,True,bool,bool,0,0,5,"[""C:\\agano\\Oshwal\\docs\\Project\\smart-parking-system\\backend\\app\\ml\\features\\calendar_features.py""]","[874, 875, 884, 888, 1441]",[],"['is_year_start = (', 'timestamp.dt.is_year_start', '""is_year_start"",', 'is_year_start.astype(', 'add(""is_year_start"")']",[],False,False,False,False,False,False,False,False,False,False,False,False,UNKNOWN,SOURCE_REFERENCE_ONLY,REQUIRES_CAUSAL_REVIEW,"[""Source reference exists, but static analysis does not prove the timestamp cutoff.""]"
is_zero_capacity,current_state,True,True,bool,bool,0,0,2,"[""C:\\agano\\Oshwal\\docs\\Project\\smart-parking-system\\backend\\app\\ml\\features\\demand_features.py""]","[853, 1712]",[],"['""is_zero_capacity"",', '""is_zero_capacity""']",[],False,False,False,False,False,False,False,False,False,False,False,False,UNKNOWN,SOURCE_REFERENCE_ONLY,REQUIRES_CAUSAL_REVIEW,"[""Source reference exists, but static analysis does not prove the timestamp cutoff.""]"
minute,temporal_calendar,True,True,int64,int64,0,0,441,"[""C:\\agano\\Oshwal\\docs\\Project\\smart-parking-system\\backend\\app\\ml\\data\\dataset_audit.py"", ""C:\\agano\\Oshwal\\docs\\Project\\smart-parking-system\\backend\\app\\ml\\data\\dataset_builder.py"", ""C:\\agano\\Oshwal\\docs\\Project\\smart-parking-system\\backend\\app\\ml\\data\\temporal.py"", ""C:\\agano\\Oshwal\\docs\\Project\\smart-parking-system\\backend\\app\\ml\\data\\temporal_normalizer.py"", ""C:\\agano\\Oshwal\\docs\\Project\\smart-parking-system\\backend\\app\\ml\\features\\calendar_features.py"", ""C:\\agano\\Oshwal\\docs\\Project\\smart-parking-system\\backend\\app\\ml\\features\\lag_features.py"", ""C:\\agano\\Oshwal\\docs\\Project\\smart-parking-system\\backend\\app\\ml\\features\\rolling_features.py"", ""C:\\agano\\Oshwal\\docs\\Project\\smart-parking-system\\backend\\app\\ml\\features\\temporal_features.py""]","[7, 29, 30, 38, 41, 48, 54, 58, 63, 66, 95, 96, 99, 101, 102, 103, 105, 107, 111, 112, 113, 114, 115, 117, 119, 121, 122, 123, 124, 125, 127, 134, 137, 138, 163, 165, 167, 169, 171, 175, 177, 179, 180, 181, 183, 185, 186, 187, 189, 191, 192, 196, 198, 202, 203, 217, 219, 220, 223, 230, 231, 234, 235, 237, 238, 240, 241, 244, 247, 249, 251, 253, 255, 256, 257, 258, 259, 262, 264, 266, 268, 270, 271, 272, 274, 276, 278, 279, 280, 281, 282, 284, 288, 290, 291, 293, 295, 299, 300, 301, 303, 304, 305, 307, 308, 309, 312, 313, 317, 318, 321, 322, 325, 327, 330, 337, 343, 344, 347, 350, 362, 364, 370, 372, 373, 376, 378, 382, 384, 388, 390, 393, 395, 398, 425, 427, 429, 431, 536, 562, 577, 579, 609, 614, 628, 632, 633, 636, 637, 639, 640, 644, 645, 647, 651, 652, 653, 655, 657, 663, 671, 676, 681, 686, 691, 699, 704, 710, 716, 722, 725, 728, 731, 734, 738, 741, 746, 749, 760, 766, 767, 770, 771, 785, 787, 796, 798, 802, 804, 812, 817, 821, 827, 830, 839, 844, 849, 854, 859, 863, 867, 868, 871, 872, 878, 884, 890, 892, 893, 894, 895, 896, 897, 901, 904, 908, 911, 912, 916, 919, 921, 923, 933, 936, 945, 954, 991, 992, 994, 995, 1009, 1013, 1021, 1022, 1023, 1026, 1028, 1029, 1034, 1035, 1045, 1046, 1048, 1059, 1081, 1082, 1092, 1098, 1099, 1100, 1101, 1102, 1104, 1105, 1107, 1108, 1110, 1111, 1116, 1118, 1120, 1122, 1124, 1126, 1128, 1130, 1132, 1134, 1136, 1137, 1138, 1140, 1142, 1144, 1146, 1160, 1198, 1199, 1201, 1203, 1210, 1211, 1238, 1241, 1244, 1246, 1249, 1254, 1259, 1264, 1268, 1272, 1273, 1275, 1277, 1286, 1292, 1295, 1296, 1299, 1300, 1317, 1318, 1325, 1334, 1335, 1336, 1337, 1339, 1341, 1351, 1352, 1354, 1355, 1357, 1358, 1360, 1361, 1363, 1371, 1372, 1378, 1383, 1425, 1436, 1458, 1483, 1485, 1492, 1494, 1497, 1499, 1506, 1508, 1512, 1517, 1520, 1525, 1528, 1530, 1534, 1536, 1634, 1636, 1638, 1641, 1643, 1647, 1648, 1649, 1671, 1703, 1705, 1706, 1710, 1864, 1884, 1912, 1914, 2085, 2088, 2099, 2101, 2103, 2110, 2114, 2115, 2120, 2121, 2143, 2145, 2177, 2178, 2183, 2184, 2229, 2252, 2253, 2256, 2259, 2264, 2265, 2267, 2278, 2279, 2280, 2281, 2291, 2292, 2294, 2295, 2297, 2298, 2300, 2301, 2378]",[],"['interval_minutes: int = 30', 'if self.interval_minutes <= 0:', '""interval_minutes must be greater than zero.""', '""interval_minutes"": (', 'self._config.interval_minutes', '- creates 30-minute targets', 'MINUTES_30 = ""30m""', 'SmartPark AI uses a 30-minute modelling interval.', '+30 minutes', 'horizons_minutes: tuple[int, ...] = (', 'tomorrow_morning_start_minute: int = 0', 'tomorrow_morning_end_minute: int = 0', 'if not self.horizons_minutes:', 'for horizon in self.horizons_minutes', 'self.horizons_minutes', 'if not 0 <= self.tomorrow_morning_start_minute <= 59:', '""Tomorrow morning start minute must ""', 'if not 0 <= self.tomorrow_morning_end_minute <= 59:', '""Tomorrow morning end minute must ""', 'start_minutes = (', '+ self.tomorrow_morning_start_minute', 'end_minutes = (', '+ self.tomorrow_morning_end_minute', 'if end_minutes <= start_minutes:', '""horizons_minutes"": (', 'self._config.horizons_minutes', '.tomorrow_morning_start_minute,', '.tomorrow_morning_end_minute,', 'minutes=30,', 'minutes=60,', 'minutes=120,', 'minutes: int,', 'if minutes % interval != 0:', 'f""Horizon {minutes} minutes is not ""', 'f""compatible with the {interval}-minute ""', 'minutes // interval', '.tomorrow_morning_start_minute', '.tomorrow_morning_end_minute', 'time_minutes = (', '+ timestamp.dt.minute', 'time_minutes >= start_minutes', 'time_minutes < end_minutes', 'minutes=start_minutes', 'TargetHorizon.MINUTES_30.value,', 'minute: int,', 'return f""{hour:02d}:{minute:02d}""', 'interval_minutes: int = 30,', 'tomorrow_morning_start_minute: int = 0,', 'tomorrow_morning_end_minute: int = 0,', 'interval_minutes=interval_minutes,', 'tomorrow_morning_start_minute=(', 'tomorrow_morning_start_minute', 'tomorrow_morning_end_minute=(', 'tomorrow_morning_end_minute', '7. Is a 30-minute modelling grid appropriate?', 'mean_interval_minutes: float | None', 'median_interval_minutes: float | None', 'min_interval_minutes: float | None', 'max_interval_minutes: float | None', 'std_interval_minutes: float | None', 'intervals_0_to_15_minutes: int', 'intervals_15_to_30_minutes: int', 'intervals_30_to_45_minutes: int', 'intervals_45_to_60_minutes: int', 'intervals_over_60_minutes: int', 'intervals_over_120_minutes: int', 'exact_30_minute_intervals: int', 'approximately_30_minute_intervals: int', 'target_interval_minutes: int = 30', 'approximate_interval_tolerance_minutes: int = 10', 'large_gap_threshold_minutes: int = 60', 'very_large_gap_threshold_minutes: int = 120', 'if self.target_interval_minutes <= 0:', '""target_interval_minutes must be greater than zero.""', 'self.approximate_interval_tolerance_minutes', '""approximate_interval_tolerance_minutes ""', 'if self.large_gap_threshold_minutes <= 0:', '""large_gap_threshold_minutes must be greater ""', 'if self.very_large_gap_threshold_minutes <= 0:', '""very_large_gap_threshold_minutes must be ""', '""target_interval_minutes"": (', '.target_interval_minutes', '""approximate_tolerance_minutes"": (', '.approximate_interval_tolerance_minutes', '""interval_minutes"",', '""interval_minutes"": intervals.to_numpy(),', 'mean_interval_minutes=(', 'median_interval_minutes=(', 'min_interval_minutes=(', 'max_interval_minutes=(', 'std_interval_minutes=(', 'intervals_0_to_15_minutes=int(', 'intervals_15_to_30_minutes=int(', 'intervals_30_to_45_minutes=int(', 'intervals_45_to_60_minutes=int(', 'intervals_over_60_minutes=int(', '.large_gap_threshold_minutes', 'intervals_over_120_minutes=int(', '.very_large_gap_threshold_minutes', 'exact_30_minute_intervals=int(', 'approximately_30_minute_intervals=int(', '""interval_minutes""', '""mean_interval_minutes"": (', 'facility.mean_interval_minutes', '""median_interval_minutes"": (', 'facility.median_interval_minutes', '""min_interval_minutes"": (', 'facility.min_interval_minutes', '""max_interval_minutes"": (', 'facility.max_interval_minutes', '""std_interval_minutes"": (', 'facility.std_interval_minutes', '""intervals_0_to_15_minutes"": (', '.intervals_0_to_15_minutes', '""intervals_15_to_30_minutes"": (', '.intervals_15_to_30_minutes', '""intervals_30_to_45_minutes"": (', '.intervals_30_to_45_minutes', '""intervals_45_to_60_minutes"": (', '.intervals_45_to_60_minutes', '""intervals_over_60_minutes"": (', '.intervals_over_60_minutes', '""intervals_over_120_minutes"": (', '.intervals_over_120_minutes', '""exact_30_minute_intervals"": (', '.exact_30_minute_intervals', '""approximately_30_minute_intervals"": (', '.approximately_30_minute_intervals', 'overall.median_interval_minutes', 'f""{self._config.target_interval_minutes}-minute ""', 'overall.intervals_over_60_minutes', '""than 60 minutes.""', 'overall.intervals_over_120_minutes', '""than 120 minutes. These may require special ""', 'overall.approximately_30_minute_intervals', 'f""±{self._config.approximate_interval_tolerance_minutes} ""', '""minutes of the target 30-minute interval.""', 'target_interval_minutes: int = 30,', 'approximate_interval_tolerance_minutes: int = 10,', 'large_gap_threshold_minutes: int = 60,', 'very_large_gap_threshold_minutes: int = 120,', 'target_interval_minutes=(', 'target_interval_minutes', 'approximate_interval_tolerance_minutes=(', 'approximate_interval_tolerance_minutes', 'large_gap_threshold_minutes=(', 'large_gap_threshold_minutes', 'very_large_gap_threshold_minutes=(', 'very_large_gap_threshold_minutes', 'SmartPark AI defaults to 30 minutes.', 'TIME_DISTANCE_MINUTES_COLUMN = (', '""source_time_distance_minutes""', '30 minutes', '15 minutes', '> 60 minutes', '> 120 minutes', 'alignment_tolerance_minutes: int = 15', 'long_gap_threshold_minutes: int = 60', 'very_long_gap_threshold_minutes: int = 120', 'operational_gap_minimum_minutes: int = 120', 'if self.alignment_tolerance_minutes < 0:', '""alignment_tolerance_minutes cannot be negative.""', 'self.alignment_tolerance_minutes', '> self.target_interval_minutes / 2', '""alignment_tolerance_minutes cannot exceed ""', '""half of target_interval_minutes.""', 'self.long_gap_threshold_minutes', '<= self.target_interval_minutes', '""long_gap_threshold_minutes must be greater ""', '""than target_interval_minutes.""', 'self.very_long_gap_threshold_minutes', '<= self.long_gap_threshold_minutes', '""very_long_gap_threshold_minutes must be greater ""', '""than long_gap_threshold_minutes.""', 'self.operational_gap_minimum_minutes', '< self.target_interval_minutes', '""operational_gap_minimum_minutes must be at ""', 'earliest_reporting_minute: int', 'latest_reporting_minute: int', 'The default grid is 30 minutes.', '""alignment_tolerance_minutes"": (', '.alignment_tolerance_minutes', 'TIME_DISTANCE_MINUTES_COLUMN', '.alignment_tolerance_minutes,', 'TIME_DISTANCE_MINUTES_COLUMN,', 'f""{self._config.target_interval_minutes}min""', 'earliest_reporting_minute=0,', 'latest_reporting_minute=(', 'minutes_since_midnight = (', '+ timestamps.dt.minute', 'minutes_since_midnight.quantile(', 'earliest_reporting_minute=lower,', 'latest_reporting_minute=upper,', 'self._minutes_to_hhmm(', 'delta_minutes = (', '& delta_minutes.eq(', 'delta_minutes', '.long_gap_threshold_minutes', '.very_long_gap_threshold_minutes', 'minutes_since_midnight', '.earliest_reporting_minute', '.latest_reporting_minute', 'def _minutes_to_hhmm(', 'minutes = max(', 'minutes,', 'hour = minutes // 60', 'minute = minutes % 60', 'alignment_tolerance_minutes: int = 15,', 'long_gap_threshold_minutes: int = 60,', 'very_long_gap_threshold_minutes: int = 120,', 'alignment_tolerance_minutes=(', 'alignment_tolerance_minutes', 'long_gap_threshold_minutes=(', 'long_gap_threshold_minutes', 'very_long_gap_threshold_minutes=(', 'very_long_gap_threshold_minutes', '""TIME_DISTANCE_MINUTES_COLUMN"",', 'minute', 'The SmartPark temporal normalization layer produces a regular 30-minute', 'DEFAULT_LAG_MINUTES: tuple[int, ...] = (', 'DEFAULT_INTERVAL_MINUTES = 30', 'lag_minutes: int,', 'Convert minutes into a compact lag label.', 'if lag_minutes <= 0:', '""lag_minutes must be greater than zero.""', 'if lag_minutes % 1440 == 0:', 'f""{lag_minutes // 1440}d""', 'if lag_minutes % 60 == 0:', 'f""{lag_minutes // 60}h""', 'return f""{lag_minutes}m""', 'interval_minutes: int,', 'Convert a lag in minutes into an exact normalized-slot offset.', '120 minutes / 30 minutes = 4 slots.', 'lag_minutes', '% interval_minutes', 'f""Lag {lag_minutes} minutes cannot be ""', 'f""{interval_minutes}-minute interval.""', '// interval_minutes', 'lag_minutes: tuple[int, ...] = (', 'DEFAULT_LAG_MINUTES', 'interval_minutes: int = (', 'DEFAULT_INTERVAL_MINUTES', 'self.lag_minutes', '""lag_minutes"",', 'for lag_minutes in normalized_lags:', 'lag_minutes,', 'self.interval_minutes,', 'With a 30-minute normalized interval:', '# normally contain one 30-minute slot per row/facility.', '.interval_minutes', 'for lag_minutes in (', 'self._config.lag_minutes', '.interval_minutes,', '""lag_minutes"":', 'self._config.lag_minutes,', '""interval_minutes"":', 'self._config.interval_minutes,', 'The 90-minute jump is counted as irregular.', 'minutes=self._config', 'config.lag_minutes', 'lag_minutes=(', 'interval_minutes=30,', '""normalized_interval_minutes"":', 'For the 30-minute Birmingham normalized dataset:', 'The windows are expressed in minutes rather than row counts so', 'DEFAULT_ROLLING_WINDOWS_MINUTES: tuple[int, ...] = (', 'Convert a number of minutes into a readable window label.', 'if minutes % 1440 == 0:', 'return f""{minutes // 1440}d""', 'if minutes % 60 == 0:', 'return f""{minutes // 60}h""', 'return f""{minutes}m""', 'windows_minutes: tuple[int, ...] = (', 'DEFAULT_ROLLING_WINDOWS_MINUTES', 'self.windows_minutes', '""windows_minutes"",', 'for window_minutes in (', 'self._config.windows_minutes', 'window_minutes', 'window_minutes=window_minutes,', '""windows_minutes"": (', 'window_minutes: int,', 'With 30-minute intervals:', '/ self._config.interval_minutes', 'window_minutes:', 'Size of the rolling time window in minutes.', 'minutes=window_minutes', '# 30-minute interval', 'config.windows_minutes', '""DEFAULT_ROLLING_WINDOWS_MINUTES"",', 'minutes_since_week_start', '""minute"",', '""minutes_since_midnight"",', '""minutes_since_week_start"",', 'interval_minutes:', 'SmartPark currently uses a 30-minute interval.', '% self.interval_minutes', '""interval_minutes must divide evenly ""', 'minute = timestamp.dt.minute', 'dataframe[""minute""] = (', 'minute.astype(""int8"")', '+ minute', '// self._config.interval_minutes', '""minutes_since_midnight""', '# Minutes since Monday 00:00.', '""minutes_since_week_start""', '+ minutes_since_midnight', '* minutes_since_midnight', '# Minute', '""minute""', '""minute contains values outside ""', 'if interval_minutes > 0:']",[],False,False,False,False,False,False,False,False,False,False,True,True,UNKNOWN,SOURCE_REFERENCE_ONLY,REQUIRES_CAUSAL_REVIEW,"[""Source reference exists, but static analysis does not prove the timestamp cutoff.""]"
minutes_since_midnight,temporal_calendar,True,True,int64,int64,0,0,15,"[""C:\\agano\\Oshwal\\docs\\Project\\smart-parking-system\\backend\\app\\ml\\data\\temporal_normalizer.py"", ""C:\\agano\\Oshwal\\docs\\Project\\smart-parking-system\\backend\\app\\ml\\features\\temporal_features.py""]","[95, 137, 796, 802, 804, 812, 830, 921, 933, 1339, 1355, 1363, 1634, 1641, 1647]",[],"['minutes_since_midnight = (', 'minutes_since_midnight.quantile(', 'minutes_since_midnight', '""minutes_since_midnight"",', '""minutes_since_midnight""', '+ minutes_since_midnight', '* minutes_since_midnight']",[],False,False,False,False,False,False,False,False,False,False,False,False,UNKNOWN,SOURCE_REFERENCE_ONLY,REQUIRES_CAUSAL_REVIEW,"[""Source reference exists, but static analysis does not prove the timestamp cutoff.""]"
minutes_since_week_start,temporal_calendar,True,True,int64,int64,0,0,3,"[""C:\\agano\\Oshwal\\docs\\Project\\smart-parking-system\\backend\\app\\ml\\features\\temporal_features.py""]","[96, 138, 827]",[],"['minutes_since_week_start', '""minutes_since_week_start"",', '""minutes_since_week_start""']",[],False,False,False,False,False,False,False,False,False,False,False,False,UNKNOWN,SOURCE_REFERENCE_ONLY,REQUIRES_CAUSAL_REVIEW,"[""Source reference exists, but static analysis does not prove the timestamp cutoff.""]"
month,temporal_calendar,True,True,int64,int64,0,0,102,"[""C:\\agano\\Oshwal\\docs\\Project\\smart-parking-system\\backend\\app\\ml\\features\\calendar_features.py"", ""C:\\agano\\Oshwal\\docs\\Project\\smart-parking-system\\backend\\app\\ml\\features\\temporal_features.py""]","[22, 25, 31, 56, 58, 90, 91, 113, 119, 125, 127, 131, 158, 159, 185, 416, 420, 424, 460, 464, 504, 507, 509, 515, 525, 529, 541, 557, 558, 691, 694, 696, 697, 700, 701, 706, 711, 712, 716, 722, 723, 733, 734, 736, 739, 740, 746, 750, 762, 764, 765, 775, 776, 792, 846, 850, 858, 862, 915, 918, 919, 925, 929, 937, 941, 1019, 1024, 1025, 1028, 1032, 1038, 1040, 1044, 1046, 1092, 1118, 1219, 1220, 1380, 1381, 1389, 1390, 1398, 1399, 1421, 1423, 1425, 1427, 1435, 1437, 1447, 1449, 1575, 1578, 1581, 1583, 1786, 1792, 1798, 1804]",[],"['month', 'day_of_month', 'month boundaries', 'add_month: bool = True', 'add_day_of_month: bool = True', 'add_week_of_month: bool = True', 'add_month_boundaries: bool = True', 'unique_months: int', 'if self._config.add_month:', '""calendar_month"",', 'timestamp.dt.month', 'if self._config.add_day_of_month:', '""calendar_day_of_month"",', '# Week of month', 'if self._config.add_week_of_month:', '# Week number within the month.', 'week_of_month = (', '""calendar_week_of_month"",', 'week_of_month', 'quarter_start_month = (', '""month"":', 'quarter_start_month,', '# Month boundaries', 'if self._config.add_month_boundaries:', 'month_start = (', 'timestamp.dt.is_month_start', 'month_end = (', 'timestamp.dt.is_month_end', '""is_month_start"",', '""is_month_end"",', '] = month_start.astype(', '] = month_end.astype(', '# Days remaining in month.', 'month_end_date = (', '+ pd.offsets.MonthEnd(0)', 'days_to_month_end = (', 'month_end_date', '""days_to_month_end"",', 'days_to_month_end', 'month = timestamp.dt.month', 'is_quarter_start_month = (', 'month.isin(', 'is_quarter_end_month = (', '""is_quarter_start_month"",', 'is_quarter_start_month', '""is_quarter_end_month"",', 'is_quarter_end_month', '# Month', 'month = (', '""calendar_month_sin"",', 'month - 1,', '""calendar_month_cos"",', 'unique_months = 0', 'unique_months = int(', 'unique_months=', 'unique_months,', 'if config.add_month:', 'add(""calendar_month"")', 'if config.add_day_of_month:', 'add(""calendar_day_of_month"")', 'if config.add_week_of_month:', 'add(""calendar_week_of_month"")', 'if config.add_month_boundaries:', 'add(""is_month_start"")', 'add(""is_month_end"")', 'add(""days_to_month_end"")', 'add(""is_quarter_start_month"")', 'add(""is_quarter_end_month"")', 'add(""calendar_month_sin"")', 'add(""calendar_month_cos"")', 'add_month=True,', 'add_day_of_month=True,', 'add_week_of_month=True,', 'add_month_boundaries=True,', 'month_sin', 'month_cos', '""month"",', '""day_of_month"",', '""month_sin"",', '""month_cos"",', 'dataframe[""month""] = (', 'timestamp.dt.month.astype(', 'dataframe[""day_of_month""] = (', 'month_angle = (', 'month - 1', '""month_sin""', 'month_angle', '""month_cos""']","[""day_of_month""]",False,False,False,False,False,False,False,False,False,False,False,False,UNKNOWN,SOURCE_REFERENCE_ONLY,REQUIRES_CAUSAL_REVIEW,"[""Source reference exists, but static analysis does not prove the timestamp cutoff.""]"
month_cos,temporal_calendar,True,True,float64,float64,0,0,5,"[""C:\\agano\\Oshwal\\docs\\Project\\smart-parking-system\\backend\\app\\ml\\features\\calendar_features.py"", ""C:\\agano\\Oshwal\\docs\\Project\\smart-parking-system\\backend\\app\\ml\\features\\temporal_features.py""]","[91, 159, 937, 1044, 1449]",[],"['""calendar_month_cos"",', 'add(""calendar_month_cos"")', 'month_cos', '""month_cos"",', '""month_cos""']",[],False,False,False,False,False,False,False,False,False,False,False,False,UNKNOWN,SOURCE_REFERENCE_ONLY,REQUIRES_CAUSAL_REVIEW,"[""Source reference exists, but static analysis does not prove the timestamp cutoff.""]"
month_sin,temporal_calendar,True,True,float64,float64,0,0,5,"[""C:\\agano\\Oshwal\\docs\\Project\\smart-parking-system\\backend\\app\\ml\\features\\calendar_features.py"", ""C:\\agano\\Oshwal\\docs\\Project\\smart-parking-system\\backend\\app\\ml\\features\\temporal_features.py""]","[90, 158, 925, 1038, 1447]",[],"['""calendar_month_sin"",', 'add(""calendar_month_sin"")', 'month_sin', '""month_sin"",', '""month_sin""']",[],False,False,False,False,False,False,False,False,False,False,False,False,UNKNOWN,SOURCE_REFERENCE_ONLY,REQUIRES_CAUSAL_REVIEW,"[""Source reference exists, but static analysis does not prove the timestamp cutoff.""]"
occupancy_capacity_difference,current_state,True,True,int64,int64,0,0,6,"[""C:\\agano\\Oshwal\\docs\\Project\\smart-parking-system\\backend\\app\\ml\\features\\occupancy_features.py""]","[80, 140, 762, 769, 822, 824]",[],"['occupancy_capacity_difference', '""occupancy_capacity_difference"",', 'occupancy_capacity_difference = (', '""occupancy_capacity_difference""']",[],False,False,False,False,False,False,False,False,False,False,False,False,UNKNOWN,SOURCE_REFERENCE_ONLY,REQUIRES_CAUSAL_REVIEW,"[""Source reference exists, but static analysis does not prove the timestamp cutoff.""]"
occupancy_level,current_state,True,True,str,str,0,0,6,"[""C:\\agano\\Oshwal\\docs\\Project\\smart-parking-system\\backend\\app\\ml\\features\\occupancy_features.py"", ""C:\\agano\\Oshwal\\docs\\Project\\smart-parking-system\\backend\\app\\ml\\ml_models\\xgboost_model.py""]","[58, 71, 132, 199, 707, 1257]",[],"['occupancy_level', '""occupancy_level"",', '""occupancy_level""', '- occupancy_level']",[],False,False,False,False,False,False,False,False,False,False,False,False,UNKNOWN,SOURCE_REFERENCE_ONLY,REQUIRES_CAUSAL_REVIEW,"[""Source reference exists, but static analysis does not prove the timestamp cutoff.""]"
occupancy_rate_consistent,other,True,True,bool,bool,0,0,4,"[""C:\\agano\\Oshwal\\docs\\Project\\smart-parking-system\\backend\\app\\ml\\features\\demand_features.py""]","[1087, 1100, 1101, 1754]",[],"['occupancy_consistent = (', '""occupancy_rate_consistent"",', 'occupancy_consistent.astype(', '""occupancy_rate_consistent""']",[],False,False,False,False,False,False,False,False,False,False,False,False,UNKNOWN,SOURCE_REFERENCE_ONLY,REQUIRES_CAUSAL_REVIEW,"[""Source reference exists, but static analysis does not prove the timestamp cutoff.""]"
occupancy_rate_lag_12h,historical,True,True,float64,float64,23244,4980,0,[],[],[],[],[],False,False,False,False,False,False,False,False,False,False,False,False,UNKNOWN,NO_SOURCE_EVIDENCE,REQUIRES_CAUSAL_REVIEW,"[""No sufficiently direct source-code lineage was identified.""]"
occupancy_rate_lag_1d,historical,True,True,float64,float64,1428,600,0,[],[],[],[],[],False,False,False,False,False,False,False,False,False,False,False,False,UNKNOWN,NO_SOURCE_EVIDENCE,REQUIRES_CAUSAL_REVIEW,"[""No sufficiently direct source-code lineage was identified.""]"
occupancy_rate_lag_1h,historical,True,True,float64,float64,2731,617,4,"[""C:\\agano\\Oshwal\\docs\\Project\\smart-parking-system\\backend\\app\\ml\\data\\dataset_audit.py"", ""C:\\agano\\Oshwal\\docs\\Project\\smart-parking-system\\backend\\app\\ml\\data\\dataset_builder.py"", ""C:\\agano\\Oshwal\\docs\\Project\\smart-parking-system\\backend\\app\\ml\\features\\feature_pipeline.py""]","[109, 129, 157, 1975]",[],"['TARGET_1H_COLUMN = ""target_occupancy_rate_1h""', '""target_occupancy_rate_1h""', '""target_occupancy_rate_1h"",', '""target_occupancy_rate_1h"": [']",[],False,False,False,False,False,False,False,False,False,False,True,False,UNKNOWN,TARGET_CONTEXT_ONLY,REQUIRES_CAUSAL_REVIEW,"[""Future-oriented source logic appears associated with target construction rather than direct feature construction.""]"
occupancy_rate_lag_2h,historical,True,True,float64,float64,5467,1207,4,"[""C:\\agano\\Oshwal\\docs\\Project\\smart-parking-system\\backend\\app\\ml\\data\\dataset_audit.py"", ""C:\\agano\\Oshwal\\docs\\Project\\smart-parking-system\\backend\\app\\ml\\data\\dataset_builder.py"", ""C:\\agano\\Oshwal\\docs\\Project\\smart-parking-system\\backend\\app\\ml\\features\\feature_pipeline.py""]","[111, 133, 158, 1979]",[],"['TARGET_2H_COLUMN = ""target_occupancy_rate_2h""', '""target_occupancy_rate_2h""', '""target_occupancy_rate_2h"",', '""target_occupancy_rate_2h"": [']",[],False,False,False,False,False,False,False,False,False,False,True,False,UNKNOWN,TARGET_CONTEXT_ONLY,REQUIRES_CAUSAL_REVIEW,"[""Future-oriented source logic appears associated with target construction rather than direct feature construction.""]"
occupancy_rate_lag_30m,historical,True,True,float64,float64,1438,324,5,"[""C:\\agano\\Oshwal\\docs\\Project\\smart-parking-system\\backend\\app\\ml\\data\\dataset_audit.py"", ""C:\\agano\\Oshwal\\docs\\Project\\smart-parking-system\\backend\\app\\ml\\data\\dataset_builder.py"", ""C:\\agano\\Oshwal\\docs\\Project\\smart-parking-system\\backend\\app\\ml\\features\\feature_pipeline.py"", ""C:\\agano\\Oshwal\\docs\\Project\\smart-parking-system\\backend\\app\\ml\\ml_models\\xgboost_model.py""]","[107, 125, 156, 392, 1971]",[],"['TARGET_30M_COLUMN = ""target_occupancy_rate_30m""', '""target_occupancy_rate_30m""', '""target_occupancy_rate_30m"",', '""target_occupancy_rate_30m"": [', 'target_column=""target_occupancy_rate_30m""']",[],False,False,False,False,False,False,False,False,False,False,True,False,UNKNOWN,TARGET_CONTEXT_ONLY,REQUIRES_CAUSAL_REVIEW,"[""Future-oriented source logic appears associated with target construction rather than direct feature construction.""]"
occupancy_rate_lag_3h,historical,True,True,float64,float64,8241,1800,0,[],[],[],[],[],False,False,False,False,False,False,False,False,False,False,False,False,UNKNOWN,NO_SOURCE_EVIDENCE,REQUIRES_CAUSAL_REVIEW,"[""No sufficiently direct source-code lineage was identified.""]"
occupancy_rate_lag_6h,historical,True,True,float64,float64,16535,3577,0,[],[],[],[],[],False,False,False,False,False,False,False,False,False,False,False,False,UNKNOWN,NO_SOURCE_EVIDENCE,REQUIRES_CAUSAL_REVIEW,"[""No sufficiently direct source-code lineage was identified.""]"
occupancy_rate_roll_12h_available,other,True,True,bool,bool,0,0,0,[],[],[],[],[],False,False,False,False,False,False,False,False,False,False,False,False,UNKNOWN,NO_SOURCE_EVIDENCE,REQUIRES_CAUSAL_REVIEW,"[""No sufficiently direct source-code lineage was identified.""]"
occupancy_rate_roll_1d_available,other,True,True,bool,bool,0,0,0,[],[],[],[],[],False,False,False,False,False,False,False,False,False,False,False,False,UNKNOWN,NO_SOURCE_EVIDENCE,REQUIRES_CAUSAL_REVIEW,"[""No sufficiently direct source-code lineage was identified.""]"
occupancy_rate_roll_1h_available,other,True,True,bool,bool,0,0,0,[],[],[],[],[],False,False,False,False,False,False,False,False,False,False,False,False,UNKNOWN,NO_SOURCE_EVIDENCE,REQUIRES_CAUSAL_REVIEW,"[""No sufficiently direct source-code lineage was identified.""]"
occupancy_rate_roll_2h_available,other,True,True,bool,bool,0,0,0,[],[],[],[],[],False,False,False,False,False,False,False,False,False,False,False,False,UNKNOWN,NO_SOURCE_EVIDENCE,REQUIRES_CAUSAL_REVIEW,"[""No sufficiently direct source-code lineage was identified.""]"
occupancy_rate_roll_3h_available,other,True,True,bool,bool,0,0,0,[],[],[],[],[],False,False,False,False,False,False,False,False,False,False,False,False,UNKNOWN,NO_SOURCE_EVIDENCE,REQUIRES_CAUSAL_REVIEW,"[""No sufficiently direct source-code lineage was identified.""]"
occupancy_rate_roll_6h_available,other,True,True,bool,bool,0,0,0,[],[],[],[],[],False,False,False,False,False,False,False,False,False,False,False,False,UNKNOWN,NO_SOURCE_EVIDENCE,REQUIRES_CAUSAL_REVIEW,"[""No sufficiently direct source-code lineage was identified.""]"
occupancy_rate_roll_count_12h,other,True,True,int64,int64,0,0,0,[],[],[],[],[],False,False,False,False,False,False,False,False,False,False,False,False,UNKNOWN,NO_SOURCE_EVIDENCE,REQUIRES_CAUSAL_REVIEW,"[""No sufficiently direct source-code lineage was identified.""]"
occupancy_rate_roll_count_1d,other,True,True,int64,int64,0,0,0,[],[],[],[],[],False,False,False,False,False,False,False,False,False,False,False,False,UNKNOWN,NO_SOURCE_EVIDENCE,REQUIRES_CAUSAL_REVIEW,"[""No sufficiently direct source-code lineage was identified.""]"
occupancy_rate_roll_count_1h,other,True,True,int64,int64,0,0,1,"[""C:\\agano\\Oshwal\\docs\\Project\\smart-parking-system\\backend\\app\\ml\\features\\rolling_features.py""]",[89],[],['occupancy_rate_roll_count_1h'],[],False,False,False,False,False,False,False,False,False,False,False,False,UNKNOWN,SOURCE_REFERENCE_ONLY,REQUIRES_CAUSAL_REVIEW,"[""Source reference exists, but static analysis does not prove the timestamp cutoff.""]"
occupancy_rate_roll_count_2h,other,True,True,int64,int64,0,0,0,[],[],[],[],[],False,False,False,False,False,False,False,False,False,False,False,False,UNKNOWN,NO_SOURCE_EVIDENCE,REQUIRES_CAUSAL_REVIEW,"[""No sufficiently direct source-code lineage was identified.""]"
occupancy_rate_roll_count_3h,other,True,True,int64,int64,0,0,0,[],[],[],[],[],False,False,False,False,False,False,False,False,False,False,False,False,UNKNOWN,NO_SOURCE_EVIDENCE,REQUIRES_CAUSAL_REVIEW,"[""No sufficiently direct source-code lineage was identified.""]"
occupancy_rate_roll_count_6h,other,True,True,int64,int64,0,0,0,[],[],[],[],[],False,False,False,False,False,False,False,False,False,False,False,False,UNKNOWN,NO_SOURCE_EVIDENCE,REQUIRES_CAUSAL_REVIEW,"[""No sufficiently direct source-code lineage was identified.""]"
occupancy_rate_roll_coverage_ratio_12h,other,True,True,float64,float64,0,0,0,[],[],[],[],[],False,False,False,False,False,False,False,False,False,False,False,False,UNKNOWN,NO_SOURCE_EVIDENCE,REQUIRES_CAUSAL_REVIEW,"[""No sufficiently direct source-code lineage was identified.""]"
occupancy_rate_roll_coverage_ratio_1d,other,True,True,float64,float64,0,0,0,[],[],[],[],[],False,False,False,False,False,False,False,False,False,False,False,False,UNKNOWN,NO_SOURCE_EVIDENCE,REQUIRES_CAUSAL_REVIEW,"[""No sufficiently direct source-code lineage was identified.""]"
occupancy_rate_roll_coverage_ratio_1h,other,True,True,float64,float64,0,0,0,[],[],[],[],[],False,False,False,False,False,False,False,False,False,False,False,False,UNKNOWN,NO_SOURCE_EVIDENCE,REQUIRES_CAUSAL_REVIEW,"[""No sufficiently direct source-code lineage was identified.""]"
occupancy_rate_roll_coverage_ratio_2h,other,True,True,float64,float64,0,0,0,[],[],[],[],[],False,False,False,False,False,False,False,False,False,False,False,False,UNKNOWN,NO_SOURCE_EVIDENCE,REQUIRES_CAUSAL_REVIEW,"[""No sufficiently direct source-code lineage was identified.""]"
occupancy_rate_roll_coverage_ratio_3h,other,True,True,float64,float64,0,0,0,[],[],[],[],[],False,False,False,False,False,False,False,False,False,False,False,False,UNKNOWN,NO_SOURCE_EVIDENCE,REQUIRES_CAUSAL_REVIEW,"[""No sufficiently direct source-code lineage was identified.""]"
occupancy_rate_roll_coverage_ratio_6h,other,True,True,float64,float64,0,0,0,[],[],[],[],[],False,False,False,False,False,False,False,False,False,False,False,False,UNKNOWN,NO_SOURCE_EVIDENCE,REQUIRES_CAUSAL_REVIEW,"[""No sufficiently direct source-code lineage was identified.""]"
occupancy_rate_roll_max_12h,historical,True,True,float64,float64,0,0,0,[],[],[],[],[],False,False,False,False,False,False,False,False,False,False,False,False,UNKNOWN,NO_SOURCE_EVIDENCE,REQUIRES_CAUSAL_REVIEW,"[""No sufficiently direct source-code lineage was identified.""]"
occupancy_rate_roll_max_1d,historical,True,True,float64,float64,0,0,0,[],[],[],[],[],False,False,False,False,False,False,False,False,False,False,False,False,UNKNOWN,NO_SOURCE_EVIDENCE,REQUIRES_CAUSAL_REVIEW,"[""No sufficiently direct source-code lineage was identified.""]"
occupancy_rate_roll_max_1h,historical,True,True,float64,float64,0,0,1,"[""C:\\agano\\Oshwal\\docs\\Project\\smart-parking-system\\backend\\app\\ml\\features\\rolling_features.py""]",[85],[],['occupancy_rate_roll_max_1h'],[],False,False,False,False,False,False,False,False,False,False,False,False,UNKNOWN,SOURCE_REFERENCE_ONLY,REQUIRES_CAUSAL_REVIEW,"[""Source reference exists, but static analysis does not prove the timestamp cutoff.""]"
occupancy_rate_roll_max_2h,historical,True,True,float64,float64,0,0,0,[],[],[],[],[],False,False,False,False,False,False,False,False,False,False,False,False,UNKNOWN,NO_SOURCE_EVIDENCE,REQUIRES_CAUSAL_REVIEW,"[""No sufficiently direct source-code lineage was identified.""]"
occupancy_rate_roll_max_3h,historical,True,True,float64,float64,0,0,0,[],[],[],[],[],False,False,False,False,False,False,False,False,False,False,False,False,UNKNOWN,NO_SOURCE_EVIDENCE,REQUIRES_CAUSAL_REVIEW,"[""No sufficiently direct source-code lineage was identified.""]"
occupancy_rate_roll_max_6h,historical,True,True,float64,float64,0,0,0,[],[],[],[],[],False,False,False,False,False,False,False,False,False,False,False,False,UNKNOWN,NO_SOURCE_EVIDENCE,REQUIRES_CAUSAL_REVIEW,"[""No sufficiently direct source-code lineage was identified.""]"
occupancy_rate_roll_mean_12h,historical,True,True,float64,float64,0,0,1,"[""C:\\agano\\Oshwal\\docs\\Project\\smart-parking-system\\backend\\app\\ml\\features\\rolling_features.py""]",[77],[],['occupancy_rate_roll_mean_12h'],[],False,False,False,False,False,False,False,False,False,False,False,False,UNKNOWN,SOURCE_REFERENCE_ONLY,REQUIRES_CAUSAL_REVIEW,"[""Source reference exists, but static analysis does not prove the timestamp cutoff.""]"
occupancy_rate_roll_mean_1d,historical,True,True,float64,float64,0,0,0,[],[],[],[],[],False,False,False,False,False,False,False,False,False,False,False,False,UNKNOWN,NO_SOURCE_EVIDENCE,REQUIRES_CAUSAL_REVIEW,"[""No sufficiently direct source-code lineage was identified.""]"
occupancy_rate_roll_mean_1h,historical,True,True,float64,float64,0,0,1,"[""C:\\agano\\Oshwal\\docs\\Project\\smart-parking-system\\backend\\app\\ml\\features\\rolling_features.py""]",[73],[],['occupancy_rate_roll_mean_1h'],[],False,False,False,False,False,False,False,False,False,False,False,False,UNKNOWN,SOURCE_REFERENCE_ONLY,REQUIRES_CAUSAL_REVIEW,"[""Source reference exists, but static analysis does not prove the timestamp cutoff.""]"
occupancy_rate_roll_mean_2h,historical,True,True,float64,float64,0,0,1,"[""C:\\agano\\Oshwal\\docs\\Project\\smart-parking-system\\backend\\app\\ml\\features\\rolling_features.py""]",[74],[],['occupancy_rate_roll_mean_2h'],[],False,False,False,False,False,False,False,False,False,False,False,False,UNKNOWN,SOURCE_REFERENCE_ONLY,REQUIRES_CAUSAL_REVIEW,"[""Source reference exists, but static analysis does not prove the timestamp cutoff.""]"
occupancy_rate_roll_mean_3h,historical,True,True,float64,float64,0,0,1,"[""C:\\agano\\Oshwal\\docs\\Project\\smart-parking-system\\backend\\app\\ml\\features\\rolling_features.py""]",[75],[],['occupancy_rate_roll_mean_3h'],[],False,False,False,False,False,False,False,False,False,False,False,False,UNKNOWN,SOURCE_REFERENCE_ONLY,REQUIRES_CAUSAL_REVIEW,"[""Source reference exists, but static analysis does not prove the timestamp cutoff.""]"
occupancy_rate_roll_mean_6h,historical,True,True,float64,float64,0,0,1,"[""C:\\agano\\Oshwal\\docs\\Project\\smart-parking-system\\backend\\app\\ml\\features\\rolling_features.py""]",[76],[],['occupancy_rate_roll_mean_6h'],[],False,False,False,False,False,False,False,False,False,False,False,False,UNKNOWN,SOURCE_REFERENCE_ONLY,REQUIRES_CAUSAL_REVIEW,"[""Source reference exists, but static analysis does not prove the timestamp cutoff.""]"
occupancy_rate_roll_median_12h,historical,True,True,float64,float64,0,0,0,[],[],[],[],[],False,False,False,False,False,False,False,False,False,False,False,False,UNKNOWN,NO_SOURCE_EVIDENCE,REQUIRES_CAUSAL_REVIEW,"[""No sufficiently direct source-code lineage was identified.""]"
occupancy_rate_roll_median_1d,historical,True,True,float64,float64,0,0,0,[],[],[],[],[],False,False,False,False,False,False,False,False,False,False,False,False,UNKNOWN,NO_SOURCE_EVIDENCE,REQUIRES_CAUSAL_REVIEW,"[""No sufficiently direct source-code lineage was identified.""]"
occupancy_rate_roll_median_1h,historical,True,True,float64,float64,0,0,1,"[""C:\\agano\\Oshwal\\docs\\Project\\smart-parking-system\\backend\\app\\ml\\features\\rolling_features.py""]",[87],[],['occupancy_rate_roll_median_1h'],[],False,False,False,False,False,False,False,False,False,False,False,False,UNKNOWN,SOURCE_REFERENCE_ONLY,REQUIRES_CAUSAL_REVIEW,"[""Source reference exists, but static analysis does not prove the timestamp cutoff.""]"
occupancy_rate_roll_median_2h,historical,True,True,float64,float64,0,0,0,[],[],[],[],[],False,False,False,False,False,False,False,False,False,False,False,False,UNKNOWN,NO_SOURCE_EVIDENCE,REQUIRES_CAUSAL_REVIEW,"[""No sufficiently direct source-code lineage was identified.""]"
occupancy_rate_roll_median_3h,historical,True,True,float64,float64,0,0,0,[],[],[],[],[],False,False,False,False,False,False,False,False,False,False,False,False,UNKNOWN,NO_SOURCE_EVIDENCE,REQUIRES_CAUSAL_REVIEW,"[""No sufficiently direct source-code lineage was identified.""]"
occupancy_rate_roll_median_6h,historical,True,True,float64,float64,0,0,0,[],[],[],[],[],False,False,False,False,False,False,False,False,False,False,False,False,UNKNOWN,NO_SOURCE_EVIDENCE,REQUIRES_CAUSAL_REVIEW,"[""No sufficiently direct source-code lineage was identified.""]"
occupancy_rate_roll_min_12h,historical,True,True,float64,float64,0,0,0,[],[],[],[],[],False,False,False,False,False,False,False,False,False,False,False,False,UNKNOWN,NO_SOURCE_EVIDENCE,REQUIRES_CAUSAL_REVIEW,"[""No sufficiently direct source-code lineage was identified.""]"
occupancy_rate_roll_min_1d,historical,True,True,float64,float64,0,0,0,[],[],[],[],[],False,False,False,False,False,False,False,False,False,False,False,False,UNKNOWN,NO_SOURCE_EVIDENCE,REQUIRES_CAUSAL_REVIEW,"[""No sufficiently direct source-code lineage was identified.""]"
occupancy_rate_roll_min_1h,historical,True,True,float64,float64,0,0,1,"[""C:\\agano\\Oshwal\\docs\\Project\\smart-parking-system\\backend\\app\\ml\\features\\rolling_features.py""]",[84],[],['occupancy_rate_roll_min_1h'],[],False,False,False,False,False,False,False,False,False,False,False,False,UNKNOWN,SOURCE_REFERENCE_ONLY,REQUIRES_CAUSAL_REVIEW,"[""Source reference exists, but static analysis does not prove the timestamp cutoff.""]"
occupancy_rate_roll_min_2h,historical,True,True,float64,float64,0,0,0,[],[],[],[],[],False,False,False,False,False,False,False,False,False,False,False,False,UNKNOWN,NO_SOURCE_EVIDENCE,REQUIRES_CAUSAL_REVIEW,"[""No sufficiently direct source-code lineage was identified.""]"
occupancy_rate_roll_min_3h,historical,True,True,float64,float64,0,0,0,[],[],[],[],[],False,False,False,False,False,False,False,False,False,False,False,False,UNKNOWN,NO_SOURCE_EVIDENCE,REQUIRES_CAUSAL_REVIEW,"[""No sufficiently direct source-code lineage was identified.""]"
occupancy_rate_roll_min_6h,historical,True,True,float64,float64,0,0,0,[],[],[],[],[],False,False,False,False,False,False,False,False,False,False,False,False,UNKNOWN,NO_SOURCE_EVIDENCE,REQUIRES_CAUSAL_REVIEW,"[""No sufficiently direct source-code lineage was identified.""]"
occupancy_rate_roll_missing_12h,other,True,True,int64,int64,0,0,0,[],[],[],[],[],False,False,False,False,False,False,False,False,False,False,False,False,UNKNOWN,NO_SOURCE_EVIDENCE,REQUIRES_CAUSAL_REVIEW,"[""No sufficiently direct source-code lineage was identified.""]"
occupancy_rate_roll_missing_1d,other,True,True,int64,int64,0,0,0,[],[],[],[],[],False,False,False,False,False,False,False,False,False,False,False,False,UNKNOWN,NO_SOURCE_EVIDENCE,REQUIRES_CAUSAL_REVIEW,"[""No sufficiently direct source-code lineage was identified.""]"
occupancy_rate_roll_missing_1h,other,True,True,int64,int64,0,0,1,"[""C:\\agano\\Oshwal\\docs\\Project\\smart-parking-system\\backend\\app\\ml\\features\\rolling_features.py""]",[90],[],['occupancy_rate_roll_missing_1h'],[],False,False,False,False,False,False,False,False,False,False,False,False,UNKNOWN,SOURCE_REFERENCE_ONLY,REQUIRES_CAUSAL_REVIEW,"[""Source reference exists, but static analysis does not prove the timestamp cutoff.""]"
occupancy_rate_roll_missing_2h,other,True,True,int64,int64,0,0,0,[],[],[],[],[],False,False,False,False,False,False,False,False,False,False,False,False,UNKNOWN,NO_SOURCE_EVIDENCE,REQUIRES_CAUSAL_REVIEW,"[""No sufficiently direct source-code lineage was identified.""]"
occupancy_rate_roll_missing_3h,other,True,True,int64,int64,0,0,0,[],[],[],[],[],False,False,False,False,False,False,False,False,False,False,False,False,UNKNOWN,NO_SOURCE_EVIDENCE,REQUIRES_CAUSAL_REVIEW,"[""No sufficiently direct source-code lineage was identified.""]"
occupancy_rate_roll_missing_6h,other,True,True,int64,int64,0,0,0,[],[],[],[],[],False,False,False,False,False,False,False,False,False,False,False,False,UNKNOWN,NO_SOURCE_EVIDENCE,REQUIRES_CAUSAL_REVIEW,"[""No sufficiently direct source-code lineage was identified.""]"
occupancy_rate_roll_std_12h,historical,True,True,float64,float64,0,0,0,[],[],[],[],[],False,False,False,False,False,False,False,False,False,False,False,False,UNKNOWN,NO_SOURCE_EVIDENCE,REQUIRES_CAUSAL_REVIEW,"[""No sufficiently direct source-code lineage was identified.""]"
occupancy_rate_roll_std_1d,historical,True,True,float64,float64,0,0,0,[],[],[],[],[],False,False,False,False,False,False,False,False,False,False,False,False,UNKNOWN,NO_SOURCE_EVIDENCE,REQUIRES_CAUSAL_REVIEW,"[""No sufficiently direct source-code lineage was identified.""]"
occupancy_rate_roll_std_1h,historical,True,True,float64,float64,0,0,1,"[""C:\\agano\\Oshwal\\docs\\Project\\smart-parking-system\\backend\\app\\ml\\features\\rolling_features.py""]",[80],[],['occupancy_rate_roll_std_1h'],[],False,False,False,False,False,False,False,False,False,False,False,False,UNKNOWN,SOURCE_REFERENCE_ONLY,REQUIRES_CAUSAL_REVIEW,"[""Source reference exists, but static analysis does not prove the timestamp cutoff.""]"
occupancy_rate_roll_std_2h,historical,True,True,float64,float64,0,0,1,"[""C:\\agano\\Oshwal\\docs\\Project\\smart-parking-system\\backend\\app\\ml\\features\\rolling_features.py""]",[81],[],['occupancy_rate_roll_std_2h'],[],False,False,False,False,False,False,False,False,False,False,False,False,UNKNOWN,SOURCE_REFERENCE_ONLY,REQUIRES_CAUSAL_REVIEW,"[""Source reference exists, but static analysis does not prove the timestamp cutoff.""]"
occupancy_rate_roll_std_3h,historical,True,True,float64,float64,0,0,0,[],[],[],[],[],False,False,False,False,False,False,False,False,False,False,False,False,UNKNOWN,NO_SOURCE_EVIDENCE,REQUIRES_CAUSAL_REVIEW,"[""No sufficiently direct source-code lineage was identified.""]"
occupancy_rate_roll_std_6h,historical,True,True,float64,float64,0,0,0,[],[],[],[],[],False,False,False,False,False,False,False,False,False,False,False,False,UNKNOWN,NO_SOURCE_EVIDENCE,REQUIRES_CAUSAL_REVIEW,"[""No sufficiently direct source-code lineage was identified.""]"
occupancy_rate_roll_trend_12h,historical,True,True,float64,float64,0,0,0,[],[],[],[],[],False,False,False,False,False,False,False,False,False,False,False,False,UNKNOWN,NO_SOURCE_EVIDENCE,REQUIRES_CAUSAL_REVIEW,"[""No sufficiently direct source-code lineage was identified.""]"
occupancy_rate_roll_trend_1d,historical,True,True,float64,float64,0,0,0,[],[],[],[],[],False,False,False,False,False,False,False,False,False,False,False,False,UNKNOWN,NO_SOURCE_EVIDENCE,REQUIRES_CAUSAL_REVIEW,"[""No sufficiently direct source-code lineage was identified.""]"
occupancy_rate_roll_trend_1h,historical,True,True,float64,float64,0,0,1,"[""C:\\agano\\Oshwal\\docs\\Project\\smart-parking-system\\backend\\app\\ml\\features\\rolling_features.py""]",[92],[],['occupancy_rate_roll_trend_1h'],[],False,False,False,False,False,False,False,False,False,False,False,False,UNKNOWN,SOURCE_REFERENCE_ONLY,REQUIRES_CAUSAL_REVIEW,"[""Source reference exists, but static analysis does not prove the timestamp cutoff.""]"
occupancy_rate_roll_trend_2h,historical,True,True,float64,float64,0,0,0,[],[],[],[],[],False,False,False,False,False,False,False,False,False,False,False,False,UNKNOWN,NO_SOURCE_EVIDENCE,REQUIRES_CAUSAL_REVIEW,"[""No sufficiently direct source-code lineage was identified.""]"
occupancy_rate_roll_trend_3h,historical,True,True,float64,float64,0,0,0,[],[],[],[],[],False,False,False,False,False,False,False,False,False,False,False,False,UNKNOWN,NO_SOURCE_EVIDENCE,REQUIRES_CAUSAL_REVIEW,"[""No sufficiently direct source-code lineage was identified.""]"
occupancy_rate_roll_trend_6h,historical,True,True,float64,float64,0,0,0,[],[],[],[],[],False,False,False,False,False,False,False,False,False,False,False,False,UNKNOWN,NO_SOURCE_EVIDENCE,REQUIRES_CAUSAL_REVIEW,"[""No sufficiently direct source-code lineage was identified.""]"
occupancy_state_valid,other,True,True,bool,bool,0,0,3,"[""C:\\agano\\Oshwal\\docs\\Project\\smart-parking-system\\backend\\app\\ml\\features\\occupancy_features.py""]","[82, 142, 834]",[],"['occupancy_state_valid', '""occupancy_state_valid"",', '""occupancy_state_valid""']",[],False,False,False,False,False,False,False,False,False,False,False,False,UNKNOWN,SOURCE_REFERENCE_ONLY,REQUIRES_CAUSAL_REVIEW,"[""Source reference exists, but static analysis does not prove the timestamp cutoff.""]"
occupancy_within_capacity,current_state,True,True,bool,bool,0,0,3,"[""C:\\agano\\Oshwal\\docs\\Project\\smart-parking-system\\backend\\app\\ml\\features\\occupancy_features.py""]","[81, 141, 828]",[],"['occupancy_within_capacity', '""occupancy_within_capacity"",', '""occupancy_within_capacity""']",[],False,False,False,False,False,False,False,False,False,False,False,False,UNKNOWN,SOURCE_REFERENCE_ONLY,REQUIRES_CAUSAL_REVIEW,"[""Source reference exists, but static analysis does not prove the timestamp cutoff.""]"
occupied_ratio,current_state,True,True,float64,float64,0,0,121,"[""C:\\agano\\Oshwal\\docs\\Project\\smart-parking-system\\backend\\app\\ml\\data\\dataset_audit.py"", ""C:\\agano\\Oshwal\\docs\\Project\\smart-parking-system\\backend\\app\\ml\\data\\dataset_builder.py"", ""C:\\agano\\Oshwal\\docs\\Project\\smart-parking-system\\backend\\app\\ml\\data\\temporal.py"", ""C:\\agano\\Oshwal\\docs\\Project\\smart-parking-system\\backend\\app\\ml\\data\\temporal_normalizer.py"", ""C:\\agano\\Oshwal\\docs\\Project\\smart-parking-system\\backend\\app\\ml\\data\\transformers.py"", ""C:\\agano\\Oshwal\\docs\\Project\\smart-parking-system\\backend\\app\\ml\\data\\validators.py"", ""C:\\agano\\Oshwal\\docs\\Project\\smart-parking-system\\backend\\app\\ml\\features\\demand_features.py"", ""C:\\agano\\Oshwal\\docs\\Project\\smart-parking-system\\backend\\app\\ml\\features\\feature_pipeline.py"", ""C:\\agano\\Oshwal\\docs\\Project\\smart-parking-system\\backend\\app\\ml\\features\\lag_features.py"", ""C:\\agano\\Oshwal\\docs\\Project\\smart-parking-system\\backend\\app\\ml\\features\\occupancy_features.py"", ""C:\\agano\\Oshwal\\docs\\Project\\smart-parking-system\\backend\\app\\ml\\features\\rolling_features.py""]","[50, 56, 65, 83, 84, 86, 88, 91, 94, 96, 108, 119, 127, 154, 155, 164, 173, 177, 188, 189, 198, 207, 222, 224, 244, 245, 282, 330, 361, 392, 470, 472, 499, 500, 509, 511, 520, 528, 542, 543, 548, 549, 561, 568, 570, 580, 589, 594, 615, 630, 632, 661, 662, 691, 692, 696, 706, 763, 804, 807, 867, 877, 906, 907, 908, 951, 1000, 1064, 1086, 1093, 1109, 1111, 1122, 1134, 1139, 1150, 1159, 1231, 1249, 1254, 1288, 1293, 1324, 1349, 1360, 1361, 1362, 1371, 1384, 1393, 1394, 1397, 1400, 1404, 1410, 1448, 1479, 1481, 1587, 1602, 1634, 1959, 2004, 2131, 2151, 2157, 2158, 2166, 2171, 2174, 2176, 2189, 2192, 2199, 2211, 2223, 2365, 2459, 2465, 2466]",[],"['OCCUPIED_SPACES_COLUMN = ""occupied_spaces""', '""OCCUPIED_SPACES_COLUMN"",', 'OCCUPANCY_COLUMN = ""occupied_spaces""', 'OCCUPIED_SPACES_COLUMN,', 'OCCUPIED_SPACES_COLUMN', 'occupied_spaces', 'OCCUPIED_SPACES = ""occupied_spaces""', 'CanonicalColumn.OCCUPIED_SPACES.value,', 'CanonicalColumn.OCCUPIED_SPACES.value', 'occupied_spaces / total_spaces', 'occupied / capacity', 'Occupied spaces.', 'DEFAULT_OCCUPIED_SPACES_COLUMN = (', '""occupied_spaces""', 'occupied_spaces_column: str = (', 'DEFAULT_OCCUPIED_SPACES_COLUMN', 'if not self.occupied_spaces_column:', '""occupied_spaces_column cannot be empty.""', 'negative_occupied_count: int', 'occupied_spaces = _numeric_series(', 'config.occupied_spaces_column,', 'negative_occupied = (', 'occupied_spaces < 0', '& occupied_spaces.notna()', '#   occupied + available = capacity', '# independently calculated occupied/capacity ratio.', '| negative_occupied', 'negative_occupied_count=', 'negative_occupied.sum()', '.occupied_spaces_column,', '#     permitted, because occupied_spaces > total_spaces', '#     occupied_spaces > total_spaces', 'occupied_column = (', 'config.occupied_spaces_column', 'occupied_column', 'occupied_values = pd.to_numeric(', 'occupied_values.notna()', 'occupied_values', 'f""does not agree with occupied/capacity ""', 'occupied_spaces_column=(', '""occupied_spaces"",', '""occupied_spaces"": [', 'occupied_ratio', 'DEFAULT_OCCUPIED_SPACES_COLUMN = ""occupied_spaces""', '""occupied_ratio"",', 'occupied_spaces_column:', 'Column containing currently occupied spaces.', 'Whether to calculate occupancy rate from occupied/capacity', 'occupancy_rate and occupied_spaces / total_spaces.', 'self.occupied_spaces_column,', 'invalid_occupied_spaces_count: int', 'occupied_spaces = self._to_numeric(', 'self._config.occupied_spaces_column', 'invalid_occupied_spaces_count = int(', 'occupied_spaces.isna().sum()', '] = occupied_spaces', 'occupied_spaces,', 'occupied_ratio = (', 'occupied_ratio.clip(', '""occupied_ratio""', '] = occupied_ratio', '& (occupied_spaces >= 0)', 'invalid_occupied_spaces_count=(', 'invalid_occupied_spaces_count', 'self._config.occupied_spaces_column,', 'occupied = pd.to_numeric(', 'dataframe[""occupied_spaces""],', 'occupied', '""occupied_spaces + available_spaces ""', 'occupied < 0', 'if negative_occupied.any():', '""occupied_spaces contains negative values.""', 'occupied > total', '""occupied_spaces exceeds total_spaces ""', '""DEFAULT_OCCUPIED_SPACES_COLUMN"",']","[""occupied_spaces""]",False,False,False,False,False,False,False,False,False,False,False,False,UNKNOWN,SOURCE_REFERENCE_ONLY,REQUIRES_CAUSAL_REVIEW,"[""Source reference exists, but static analysis does not prove the timestamp cutoff.""]"
occupied_spaces_lag_12h,historical,True,True,float64,float64,23244,4980,0,[],[],[],[],[],False,False,False,False,False,False,False,False,False,False,False,False,UNKNOWN,NO_SOURCE_EVIDENCE,REQUIRES_CAUSAL_REVIEW,"[""No sufficiently direct source-code lineage was identified.""]"
occupied_spaces_lag_1d,historical,True,True,float64,float64,1428,600,0,[],[],[],[],[],False,False,False,False,False,False,False,False,False,False,False,False,UNKNOWN,NO_SOURCE_EVIDENCE,REQUIRES_CAUSAL_REVIEW,"[""No sufficiently direct source-code lineage was identified.""]"
occupied_spaces_lag_1h,historical,True,True,float64,float64,2731,617,0,[],[],[],[],[],False,False,False,False,False,False,False,False,False,False,False,False,UNKNOWN,NO_SOURCE_EVIDENCE,REQUIRES_CAUSAL_REVIEW,"[""No sufficiently direct source-code lineage was identified.""]"
occupied_spaces_lag_2h,historical,True,True,float64,float64,5467,1207,0,[],[],[],[],[],False,False,False,False,False,False,False,False,False,False,False,False,UNKNOWN,NO_SOURCE_EVIDENCE,REQUIRES_CAUSAL_REVIEW,"[""No sufficiently direct source-code lineage was identified.""]"
occupied_spaces_lag_30m,historical,True,True,float64,float64,1438,324,0,[],[],[],[],[],False,False,False,False,False,False,False,False,False,False,False,False,UNKNOWN,NO_SOURCE_EVIDENCE,REQUIRES_CAUSAL_REVIEW,"[""No sufficiently direct source-code lineage was identified.""]"
occupied_spaces_lag_3h,historical,True,True,float64,float64,8241,1800,0,[],[],[],[],[],False,False,False,False,False,False,False,False,False,False,False,False,UNKNOWN,NO_SOURCE_EVIDENCE,REQUIRES_CAUSAL_REVIEW,"[""No sufficiently direct source-code lineage was identified.""]"
occupied_spaces_lag_6h,historical,True,True,float64,float64,16535,3577,0,[],[],[],[],[],False,False,False,False,False,False,False,False,False,False,False,False,UNKNOWN,NO_SOURCE_EVIDENCE,REQUIRES_CAUSAL_REVIEW,"[""No sufficiently direct source-code lineage was identified.""]"
occupied_spaces_roll_12h_available,other,True,True,bool,bool,0,0,0,[],[],[],[],[],False,False,False,False,False,False,False,False,False,False,False,False,UNKNOWN,NO_SOURCE_EVIDENCE,REQUIRES_CAUSAL_REVIEW,"[""No sufficiently direct source-code lineage was identified.""]"
occupied_spaces_roll_1d_available,other,True,True,bool,bool,0,0,0,[],[],[],[],[],False,False,False,False,False,False,False,False,False,False,False,False,UNKNOWN,NO_SOURCE_EVIDENCE,REQUIRES_CAUSAL_REVIEW,"[""No sufficiently direct source-code lineage was identified.""]"
occupied_spaces_roll_1h_available,other,True,True,bool,bool,0,0,0,[],[],[],[],[],False,False,False,False,False,False,False,False,False,False,False,False,UNKNOWN,NO_SOURCE_EVIDENCE,REQUIRES_CAUSAL_REVIEW,"[""No sufficiently direct source-code lineage was identified.""]"
occupied_spaces_roll_2h_available,other,True,True,bool,bool,0,0,0,[],[],[],[],[],False,False,False,False,False,False,False,False,False,False,False,False,UNKNOWN,NO_SOURCE_EVIDENCE,REQUIRES_CAUSAL_REVIEW,"[""No sufficiently direct source-code lineage was identified.""]"
occupied_spaces_roll_3h_available,other,True,True,bool,bool,0,0,0,[],[],[],[],[],False,False,False,False,False,False,False,False,False,False,False,False,UNKNOWN,NO_SOURCE_EVIDENCE,REQUIRES_CAUSAL_REVIEW,"[""No sufficiently direct source-code lineage was identified.""]"
occupied_spaces_roll_6h_available,other,True,True,bool,bool,0,0,0,[],[],[],[],[],False,False,False,False,False,False,False,False,False,False,False,False,UNKNOWN,NO_SOURCE_EVIDENCE,REQUIRES_CAUSAL_REVIEW,"[""No sufficiently direct source-code lineage was identified.""]"
occupied_spaces_roll_count_12h,other,True,True,int64,int64,0,0,0,[],[],[],[],[],False,False,False,False,False,False,False,False,False,False,False,False,UNKNOWN,NO_SOURCE_EVIDENCE,REQUIRES_CAUSAL_REVIEW,"[""No sufficiently direct source-code lineage was identified.""]"
occupied_spaces_roll_count_1d,other,True,True,int64,int64,0,0,0,[],[],[],[],[],False,False,False,False,False,False,False,False,False,False,False,False,UNKNOWN,NO_SOURCE_EVIDENCE,REQUIRES_CAUSAL_REVIEW,"[""No sufficiently direct source-code lineage was identified.""]"
occupied_spaces_roll_count_1h,other,True,True,int64,int64,0,0,0,[],[],[],[],[],False,False,False,False,False,False,False,False,False,False,False,False,UNKNOWN,NO_SOURCE_EVIDENCE,REQUIRES_CAUSAL_REVIEW,"[""No sufficiently direct source-code lineage was identified.""]"
occupied_spaces_roll_count_2h,other,True,True,int64,int64,0,0,0,[],[],[],[],[],False,False,False,False,False,False,False,False,False,False,False,False,UNKNOWN,NO_SOURCE_EVIDENCE,REQUIRES_CAUSAL_REVIEW,"[""No sufficiently direct source-code lineage was identified.""]"
occupied_spaces_roll_count_3h,other,True,True,int64,int64,0,0,0,[],[],[],[],[],False,False,False,False,False,False,False,False,False,False,False,False,UNKNOWN,NO_SOURCE_EVIDENCE,REQUIRES_CAUSAL_REVIEW,"[""No sufficiently direct source-code lineage was identified.""]"
occupied_spaces_roll_count_6h,other,True,True,int64,int64,0,0,0,[],[],[],[],[],False,False,False,False,False,False,False,False,False,False,False,False,UNKNOWN,NO_SOURCE_EVIDENCE,REQUIRES_CAUSAL_REVIEW,"[""No sufficiently direct source-code lineage was identified.""]"
occupied_spaces_roll_coverage_ratio_12h,other,True,True,float64,float64,0,0,0,[],[],[],[],[],False,False,False,False,False,False,False,False,False,False,False,False,UNKNOWN,NO_SOURCE_EVIDENCE,REQUIRES_CAUSAL_REVIEW,"[""No sufficiently direct source-code lineage was identified.""]"
occupied_spaces_roll_coverage_ratio_1d,other,True,True,float64,float64,0,0,0,[],[],[],[],[],False,False,False,False,False,False,False,False,False,False,False,False,UNKNOWN,NO_SOURCE_EVIDENCE,REQUIRES_CAUSAL_REVIEW,"[""No sufficiently direct source-code lineage was identified.""]"
occupied_spaces_roll_coverage_ratio_1h,other,True,True,float64,float64,0,0,0,[],[],[],[],[],False,False,False,False,False,False,False,False,False,False,False,False,UNKNOWN,NO_SOURCE_EVIDENCE,REQUIRES_CAUSAL_REVIEW,"[""No sufficiently direct source-code lineage was identified.""]"
occupied_spaces_roll_coverage_ratio_2h,other,True,True,float64,float64,0,0,0,[],[],[],[],[],False,False,False,False,False,False,False,False,False,False,False,False,UNKNOWN,NO_SOURCE_EVIDENCE,REQUIRES_CAUSAL_REVIEW,"[""No sufficiently direct source-code lineage was identified.""]"
occupied_spaces_roll_coverage_ratio_3h,other,True,True,float64,float64,0,0,0,[],[],[],[],[],False,False,False,False,False,False,False,False,False,False,False,False,UNKNOWN,NO_SOURCE_EVIDENCE,REQUIRES_CAUSAL_REVIEW,"[""No sufficiently direct source-code lineage was identified.""]"
occupied_spaces_roll_coverage_ratio_6h,other,True,True,float64,float64,0,0,0,[],[],[],[],[],False,False,False,False,False,False,False,False,False,False,False,False,UNKNOWN,NO_SOURCE_EVIDENCE,REQUIRES_CAUSAL_REVIEW,"[""No sufficiently direct source-code lineage was identified.""]"
occupied_spaces_roll_max_12h,historical,True,True,float64,float64,0,0,0,[],[],[],[],[],False,False,False,False,False,False,False,False,False,False,False,False,UNKNOWN,NO_SOURCE_EVIDENCE,REQUIRES_CAUSAL_REVIEW,"[""No sufficiently direct source-code lineage was identified.""]"
occupied_spaces_roll_max_1d,historical,True,True,float64,float64,0,0,0,[],[],[],[],[],False,False,False,False,False,False,False,False,False,False,False,False,UNKNOWN,NO_SOURCE_EVIDENCE,REQUIRES_CAUSAL_REVIEW,"[""No sufficiently direct source-code lineage was identified.""]"
occupied_spaces_roll_max_1h,historical,True,True,float64,float64,0,0,0,[],[],[],[],[],False,False,False,False,False,False,False,False,False,False,False,False,UNKNOWN,NO_SOURCE_EVIDENCE,REQUIRES_CAUSAL_REVIEW,"[""No sufficiently direct source-code lineage was identified.""]"
occupied_spaces_roll_max_2h,historical,True,True,float64,float64,0,0,0,[],[],[],[],[],False,False,False,False,False,False,False,False,False,False,False,False,UNKNOWN,NO_SOURCE_EVIDENCE,REQUIRES_CAUSAL_REVIEW,"[""No sufficiently direct source-code lineage was identified.""]"
occupied_spaces_roll_max_3h,historical,True,True,float64,float64,0,0,0,[],[],[],[],[],False,False,False,False,False,False,False,False,False,False,False,False,UNKNOWN,NO_SOURCE_EVIDENCE,REQUIRES_CAUSAL_REVIEW,"[""No sufficiently direct source-code lineage was identified.""]"
occupied_spaces_roll_max_6h,historical,True,True,float64,float64,0,0,0,[],[],[],[],[],False,False,False,False,False,False,False,False,False,False,False,False,UNKNOWN,NO_SOURCE_EVIDENCE,REQUIRES_CAUSAL_REVIEW,"[""No sufficiently direct source-code lineage was identified.""]"
occupied_spaces_roll_mean_12h,historical,True,True,float64,float64,0,0,0,[],[],[],[],[],False,False,False,False,False,False,False,False,False,False,False,False,UNKNOWN,NO_SOURCE_EVIDENCE,REQUIRES_CAUSAL_REVIEW,"[""No sufficiently direct source-code lineage was identified.""]"
occupied_spaces_roll_mean_1d,historical,True,True,float64,float64,0,0,0,[],[],[],[],[],False,False,False,False,False,False,False,False,False,False,False,False,UNKNOWN,NO_SOURCE_EVIDENCE,REQUIRES_CAUSAL_REVIEW,"[""No sufficiently direct source-code lineage was identified.""]"
occupied_spaces_roll_mean_1h,historical,True,True,float64,float64,0,0,0,[],[],[],[],[],False,False,False,False,False,False,False,False,False,False,False,False,UNKNOWN,NO_SOURCE_EVIDENCE,REQUIRES_CAUSAL_REVIEW,"[""No sufficiently direct source-code lineage was identified.""]"
occupied_spaces_roll_mean_2h,historical,True,True,float64,float64,0,0,0,[],[],[],[],[],False,False,False,False,False,False,False,False,False,False,False,False,UNKNOWN,NO_SOURCE_EVIDENCE,REQUIRES_CAUSAL_REVIEW,"[""No sufficiently direct source-code lineage was identified.""]"
occupied_spaces_roll_mean_3h,historical,True,True,float64,float64,0,0,0,[],[],[],[],[],False,False,False,False,False,False,False,False,False,False,False,False,UNKNOWN,NO_SOURCE_EVIDENCE,REQUIRES_CAUSAL_REVIEW,"[""No sufficiently direct source-code lineage was identified.""]"
occupied_spaces_roll_mean_6h,historical,True,True,float64,float64,0,0,0,[],[],[],[],[],False,False,False,False,False,False,False,False,False,False,False,False,UNKNOWN,NO_SOURCE_EVIDENCE,REQUIRES_CAUSAL_REVIEW,"[""No sufficiently direct source-code lineage was identified.""]"
occupied_spaces_roll_median_12h,historical,True,True,float64,float64,0,0,0,[],[],[],[],[],False,False,False,False,False,False,False,False,False,False,False,False,UNKNOWN,NO_SOURCE_EVIDENCE,REQUIRES_CAUSAL_REVIEW,"[""No sufficiently direct source-code lineage was identified.""]"
occupied_spaces_roll_median_1d,historical,True,True,float64,float64,0,0,0,[],[],[],[],[],False,False,False,False,False,False,False,False,False,False,False,False,UNKNOWN,NO_SOURCE_EVIDENCE,REQUIRES_CAUSAL_REVIEW,"[""No sufficiently direct source-code lineage was identified.""]"
occupied_spaces_roll_median_1h,historical,True,True,float64,float64,0,0,0,[],[],[],[],[],False,False,False,False,False,False,False,False,False,False,False,False,UNKNOWN,NO_SOURCE_EVIDENCE,REQUIRES_CAUSAL_REVIEW,"[""No sufficiently direct source-code lineage was identified.""]"
occupied_spaces_roll_median_2h,historical,True,True,float64,float64,0,0,0,[],[],[],[],[],False,False,False,False,False,False,False,False,False,False,False,False,UNKNOWN,NO_SOURCE_EVIDENCE,REQUIRES_CAUSAL_REVIEW,"[""No sufficiently direct source-code lineage was identified.""]"
occupied_spaces_roll_median_3h,historical,True,True,float64,float64,0,0,0,[],[],[],[],[],False,False,False,False,False,False,False,False,False,False,False,False,UNKNOWN,NO_SOURCE_EVIDENCE,REQUIRES_CAUSAL_REVIEW,"[""No sufficiently direct source-code lineage was identified.""]"
occupied_spaces_roll_median_6h,historical,True,True,float64,float64,0,0,0,[],[],[],[],[],False,False,False,False,False,False,False,False,False,False,False,False,UNKNOWN,NO_SOURCE_EVIDENCE,REQUIRES_CAUSAL_REVIEW,"[""No sufficiently direct source-code lineage was identified.""]"
occupied_spaces_roll_min_12h,historical,True,True,float64,float64,0,0,0,[],[],[],[],[],False,False,False,False,False,False,False,False,False,False,False,False,UNKNOWN,NO_SOURCE_EVIDENCE,REQUIRES_CAUSAL_REVIEW,"[""No sufficiently direct source-code lineage was identified.""]"
occupied_spaces_roll_min_1d,historical,True,True,float64,float64,0,0,0,[],[],[],[],[],False,False,False,False,False,False,False,False,False,False,False,False,UNKNOWN,NO_SOURCE_EVIDENCE,REQUIRES_CAUSAL_REVIEW,"[""No sufficiently direct source-code lineage was identified.""]"
occupied_spaces_roll_min_1h,historical,True,True,float64,float64,0,0,0,[],[],[],[],[],False,False,False,False,False,False,False,False,False,False,False,False,UNKNOWN,NO_SOURCE_EVIDENCE,REQUIRES_CAUSAL_REVIEW,"[""No sufficiently direct source-code lineage was identified.""]"
occupied_spaces_roll_min_2h,historical,True,True,float64,float64,0,0,0,[],[],[],[],[],False,False,False,False,False,False,False,False,False,False,False,False,UNKNOWN,NO_SOURCE_EVIDENCE,REQUIRES_CAUSAL_REVIEW,"[""No sufficiently direct source-code lineage was identified.""]"
occupied_spaces_roll_min_3h,historical,True,True,float64,float64,0,0,0,[],[],[],[],[],False,False,False,False,False,False,False,False,False,False,False,False,UNKNOWN,NO_SOURCE_EVIDENCE,REQUIRES_CAUSAL_REVIEW,"[""No sufficiently direct source-code lineage was identified.""]"
occupied_spaces_roll_min_6h,historical,True,True,float64,float64,0,0,0,[],[],[],[],[],False,False,False,False,False,False,False,False,False,False,False,False,UNKNOWN,NO_SOURCE_EVIDENCE,REQUIRES_CAUSAL_REVIEW,"[""No sufficiently direct source-code lineage was identified.""]"
occupied_spaces_roll_missing_12h,other,True,True,int64,int64,0,0,0,[],[],[],[],[],False,False,False,False,False,False,False,False,False,False,False,False,UNKNOWN,NO_SOURCE_EVIDENCE,REQUIRES_CAUSAL_REVIEW,"[""No sufficiently direct source-code lineage was identified.""]"
occupied_spaces_roll_missing_1d,other,True,True,int64,int64,0,0,0,[],[],[],[],[],False,False,False,False,False,False,False,False,False,False,False,False,UNKNOWN,NO_SOURCE_EVIDENCE,REQUIRES_CAUSAL_REVIEW,"[""No sufficiently direct source-code lineage was identified.""]"
occupied_spaces_roll_missing_1h,other,True,True,int64,int64,0,0,0,[],[],[],[],[],False,False,False,False,False,False,False,False,False,False,False,False,UNKNOWN,NO_SOURCE_EVIDENCE,REQUIRES_CAUSAL_REVIEW,"[""No sufficiently direct source-code lineage was identified.""]"
occupied_spaces_roll_missing_2h,other,True,True,int64,int64,0,0,0,[],[],[],[],[],False,False,False,False,False,False,False,False,False,False,False,False,UNKNOWN,NO_SOURCE_EVIDENCE,REQUIRES_CAUSAL_REVIEW,"[""No sufficiently direct source-code lineage was identified.""]"
occupied_spaces_roll_missing_3h,other,True,True,int64,int64,0,0,0,[],[],[],[],[],False,False,False,False,False,False,False,False,False,False,False,False,UNKNOWN,NO_SOURCE_EVIDENCE,REQUIRES_CAUSAL_REVIEW,"[""No sufficiently direct source-code lineage was identified.""]"
occupied_spaces_roll_missing_6h,other,True,True,int64,int64,0,0,0,[],[],[],[],[],False,False,False,False,False,False,False,False,False,False,False,False,UNKNOWN,NO_SOURCE_EVIDENCE,REQUIRES_CAUSAL_REVIEW,"[""No sufficiently direct source-code lineage was identified.""]"
occupied_spaces_roll_std_12h,historical,True,True,float64,float64,0,0,0,[],[],[],[],[],False,False,False,False,False,False,False,False,False,False,False,False,UNKNOWN,NO_SOURCE_EVIDENCE,REQUIRES_CAUSAL_REVIEW,"[""No sufficiently direct source-code lineage was identified.""]"
occupied_spaces_roll_std_1d,historical,True,True,float64,float64,0,0,0,[],[],[],[],[],False,False,False,False,False,False,False,False,False,False,False,False,UNKNOWN,NO_SOURCE_EVIDENCE,REQUIRES_CAUSAL_REVIEW,"[""No sufficiently direct source-code lineage was identified.""]"
occupied_spaces_roll_std_1h,historical,True,True,float64,float64,0,0,0,[],[],[],[],[],False,False,False,False,False,False,False,False,False,False,False,False,UNKNOWN,NO_SOURCE_EVIDENCE,REQUIRES_CAUSAL_REVIEW,"[""No sufficiently direct source-code lineage was identified.""]"
occupied_spaces_roll_std_2h,historical,True,True,float64,float64,0,0,0,[],[],[],[],[],False,False,False,False,False,False,False,False,False,False,False,False,UNKNOWN,NO_SOURCE_EVIDENCE,REQUIRES_CAUSAL_REVIEW,"[""No sufficiently direct source-code lineage was identified.""]"
occupied_spaces_roll_std_3h,historical,True,True,float64,float64,0,0,0,[],[],[],[],[],False,False,False,False,False,False,False,False,False,False,False,False,UNKNOWN,NO_SOURCE_EVIDENCE,REQUIRES_CAUSAL_REVIEW,"[""No sufficiently direct source-code lineage was identified.""]"
occupied_spaces_roll_std_6h,historical,True,True,float64,float64,0,0,0,[],[],[],[],[],False,False,False,False,False,False,False,False,False,False,False,False,UNKNOWN,NO_SOURCE_EVIDENCE,REQUIRES_CAUSAL_REVIEW,"[""No sufficiently direct source-code lineage was identified.""]"
occupied_spaces_roll_trend_12h,historical,True,True,float64,float64,0,0,0,[],[],[],[],[],False,False,False,False,False,False,False,False,False,False,False,False,UNKNOWN,NO_SOURCE_EVIDENCE,REQUIRES_CAUSAL_REVIEW,"[""No sufficiently direct source-code lineage was identified.""]"
occupied_spaces_roll_trend_1d,historical,True,True,float64,float64,0,0,0,[],[],[],[],[],False,False,False,False,False,False,False,False,False,False,False,False,UNKNOWN,NO_SOURCE_EVIDENCE,REQUIRES_CAUSAL_REVIEW,"[""No sufficiently direct source-code lineage was identified.""]"
occupied_spaces_roll_trend_1h,historical,True,True,float64,float64,0,0,0,[],[],[],[],[],False,False,False,False,False,False,False,False,False,False,False,False,UNKNOWN,NO_SOURCE_EVIDENCE,REQUIRES_CAUSAL_REVIEW,"[""No sufficiently direct source-code lineage was identified.""]"
occupied_spaces_roll_trend_2h,historical,True,True,float64,float64,0,0,0,[],[],[],[],[],False,False,False,False,False,False,False,False,False,False,False,False,UNKNOWN,NO_SOURCE_EVIDENCE,REQUIRES_CAUSAL_REVIEW,"[""No sufficiently direct source-code lineage was identified.""]"
occupied_spaces_roll_trend_3h,historical,True,True,float64,float64,0,0,0,[],[],[],[],[],False,False,False,False,False,False,False,False,False,False,False,False,UNKNOWN,NO_SOURCE_EVIDENCE,REQUIRES_CAUSAL_REVIEW,"[""No sufficiently direct source-code lineage was identified.""]"
occupied_spaces_roll_trend_6h,historical,True,True,float64,float64,0,0,0,[],[],[],[],[],False,False,False,False,False,False,False,False,False,False,False,False,UNKNOWN,NO_SOURCE_EVIDENCE,REQUIRES_CAUSAL_REVIEW,"[""No sufficiently direct source-code lineage was identified.""]"
quarter,other,True,True,int64,int64,0,0,69,"[""C:\\agano\\Oshwal\\docs\\Project\\smart-parking-system\\backend\\app\\ml\\features\\calendar_features.py"", ""C:\\agano\\Oshwal\\docs\\Project\\smart-parking-system\\backend\\app\\ml\\features\\temporal_features.py""]","[23, 32, 57, 115, 126, 127, 133, 187, 430, 434, 438, 536, 539, 541, 544, 552, 558, 566, 569, 574, 575, 581, 585, 717, 718, 757, 760, 764, 775, 786, 795, 809, 810, 811, 818, 823, 832, 837, 846, 850, 858, 862, 1017, 1020, 1021, 1027, 1031, 1039, 1043, 1094, 1124, 1222, 1223, 1383, 1384, 1401, 1402, 1429, 1431, 1433, 1435, 1437, 1459, 1461, 1576, 1582, 1788, 1800, 1806]",[],"['quarter', 'quarter boundaries', 'add_quarter: bool = True', 'add_week_of_quarter: bool = True', 'add_quarter_boundaries: bool = True', 'unique_quarters: int', 'if self._config.add_quarter:', '""calendar_quarter"",', 'timestamp.dt.quarter', '# Week of quarter', 'if self._config.add_week_of_quarter:', 'quarter_start_month = (', 'quarter_start = pd.to_datetime(', 'quarter_start_month,', 'days_since_quarter_start = (', '- quarter_start', 'week_of_quarter = (', 'days_since_quarter_start', '""calendar_week_of_quarter"",', 'week_of_quarter', '# Quarter boundaries', 'if self._config.add_quarter_boundaries:', 'is_quarter_start_month = (', 'is_quarter_end_month = (', 'quarter_start_date = (', 'quarter_end_date = (', 'quarter_start_date', '+ pd.offsets.QuarterEnd(', '""is_quarter_start"",', '== quarter_start_date', '""is_quarter_end"",', '== quarter_end_date', '""is_quarter_start_month"",', 'is_quarter_start_month', '""is_quarter_end_month"",', 'is_quarter_end_month', '# Quarter', 'quarter = (', '""calendar_quarter_sin"",', 'quarter - 1,', '""calendar_quarter_cos"",', 'unique_quarters = 0', 'unique_quarters = int(', 'unique_quarters=', 'unique_quarters,', 'if config.add_quarter:', 'add(""calendar_quarter"")', 'if config.add_week_of_quarter:', 'add(""calendar_week_of_quarter"")', 'if config.add_quarter_boundaries:', 'add(""is_quarter_start"")', 'add(""is_quarter_end"")', 'add(""is_quarter_start_month"")', 'add(""is_quarter_end_month"")', 'add(""calendar_quarter_sin"")', 'add(""calendar_quarter_cos"")', 'add_quarter=True,', 'add_week_of_quarter=True,', 'add_quarter_boundaries=True,', '""quarter"",', 'dataframe[""quarter""] = (', 'timestamp.dt.quarter.astype(']",[],False,False,False,False,False,False,False,False,False,False,False,False,UNKNOWN,SOURCE_REFERENCE_ONLY,REQUIRES_CAUSAL_REVIEW,"[""Source reference exists, but static analysis does not prove the timestamp cutoff.""]"
remaining_capacity_ratio,current_state,True,True,float64,float64,0,0,6,"[""C:\\agano\\Oshwal\\docs\\Project\\smart-parking-system\\backend\\app\\ml\\features\\demand_features.py""]","[747, 1676, 1950, 2009, 2018, 2105]",[],"['""remaining_capacity_ratio"",', '""remaining_capacity_ratio""', '#         remaining_capacity_ratio < 0']",[],False,False,False,False,False,False,False,False,False,False,False,False,UNKNOWN,SOURCE_REFERENCE_ONLY,REQUIRES_CAUSAL_REVIEW,"[""Source reference exists, but static analysis does not prove the timestamp cutoff.""]"
space_count_consistent,other,True,True,bool,bool,0,0,2,"[""C:\\agano\\Oshwal\\docs\\Project\\smart-parking-system\\backend\\app\\ml\\features\\demand_features.py""]","[1107, 1758]",[],"['""space_count_consistent"",', '""space_count_consistent""']",[],False,False,False,False,False,False,False,False,False,False,False,False,UNKNOWN,SOURCE_REFERENCE_ONLY,REQUIRES_CAUSAL_REVIEW,"[""Source reference exists, but static analysis does not prove the timestamp cutoff.""]"
time_slot,temporal_calendar,True,True,int64,int64,0,0,8,"[""C:\\agano\\Oshwal\\docs\\Project\\smart-parking-system\\backend\\app\\ml\\features\\temporal_features.py""]","[68, 136, 222, 253, 290, 295, 809, 814]",[],"['time_slot', '""time_slot"",', 'time_slot_origin:', 'time_slot_origin: int = 0', '<= self.time_slot_origin', '""time_slot_origin must be between ""', '""time_slot""', '.time_slot_origin']",[],False,False,False,False,False,False,False,False,False,False,False,False,UNKNOWN,SOURCE_REFERENCE_ONLY,REQUIRES_CAUSAL_REVIEW,"[""Source reference exists, but static analysis does not prove the timestamp cutoff.""]"
vacancy_ratio,current_state,True,True,float64,float64,0,0,11,"[""C:\\agano\\Oshwal\\docs\\Project\\smart-parking-system\\backend\\app\\ml\\features\\occupancy_features.py""]","[67, 129, 641, 675, 676, 699, 700, 869, 1256, 1295, 1326]",[],"['vacancy_ratio', '""vacancy_ratio"",', 'vacancy_ratio = (', 'vacancy_ratio.clip(', '""vacancy_ratio""', '] = vacancy_ratio']",[],False,False,False,False,False,False,False,False,False,False,False,False,UNKNOWN,SOURCE_REFERENCE_ONLY,REQUIRES_CAUSAL_REVIEW,"[""Source reference exists, but static analysis does not prove the timestamp cutoff.""]"
week_of_year,temporal_calendar,True,True,int64,int64,0,0,12,"[""C:\\agano\\Oshwal\\docs\\Project\\smart-parking-system\\backend\\app\\ml\\features\\calendar_features.py"", ""C:\\agano\\Oshwal\\docs\\Project\\smart-parking-system\\backend\\app\\ml\\features\\temporal_features.py""]","[24, 60, 97, 117, 129, 444, 448, 735, 1386, 1387, 1577, 1790]",[],"['week_of_year', 'add_week_of_year: bool = True', 'if self._config.add_week_of_year:', '""calendar_week_of_year"",', 'if config.add_week_of_year:', 'add(""calendar_week_of_year"")', 'add_week_of_year=True,', '""week_of_year"",', 'dataframe[""week_of_year""] = (']",[],False,False,False,False,False,False,False,False,False,False,False,False,UNKNOWN,SOURCE_REFERENCE_ONLY,REQUIRES_CAUSAL_REVIEW,"[""Source reference exists, but static analysis does not prove the timestamp cutoff.""]"
year,other,True,True,int64,int64,0,0,85,"[""C:\\agano\\Oshwal\\docs\\Project\\smart-parking-system\\backend\\app\\ml\\features\\calendar_features.py"", ""C:\\agano\\Oshwal\\docs\\Project\\smart-parking-system\\backend\\app\\ml\\features\\temporal_features.py""]","[21, 24, 26, 55, 59, 60, 88, 89, 97, 98, 111, 117, 121, 124, 128, 129, 135, 156, 157, 402, 406, 410, 444, 448, 474, 478, 482, 554, 555, 705, 706, 729, 730, 735, 789, 790, 869, 872, 874, 875, 878, 879, 884, 888, 897, 901, 980, 981, 982, 984, 986, 987, 988, 990, 991, 994, 996, 998, 1000, 1003, 1006, 1007, 1009, 1010, 1013, 1015, 1377, 1378, 1386, 1387, 1392, 1393, 1439, 1441, 1443, 1455, 1457, 1574, 1577, 1579, 1784, 1790, 1794, 1808]",[],"['year', 'week_of_year', 'day_of_year', 'add_year: bool = True', 'add_week_of_year: bool = True', 'add_day_of_year: bool = True', 'add_year_boundaries: bool = True', 'if self._config.add_year:', '""calendar_year"",', 'timestamp.dt.year', 'if self._config.add_week_of_year:', '""calendar_week_of_year"",', 'if self._config.add_day_of_year:', '""calendar_day_of_year"",', 'timestamp.dt.dayofyear', '""year"":', 'timestamp.dt.year,', '# Year boundaries', 'if self._config.add_year_boundaries:', 'is_year_start = (', 'timestamp.dt.is_year_start', 'is_year_end = (', 'timestamp.dt.is_year_end', '""is_year_start"",', 'is_year_start.astype(', '""is_year_end"",', 'is_year_end.astype(', '# Day of year.', '# across the year boundary.', 'day_of_year = (', '""calendar_day_of_year_sin"",', 'day_of_year - 1,', '""calendar_day_of_year_cos"",', 'if config.add_year:', 'add(""calendar_year"")', 'if config.add_week_of_year:', 'add(""calendar_week_of_year"")', 'if config.add_day_of_year:', 'add(""calendar_day_of_year"")', 'if config.add_year_boundaries:', 'add(""is_year_start"")', 'add(""is_year_end"")', 'add(""calendar_day_of_year_sin"")', 'add(""calendar_day_of_year_cos"")', 'add_year=True,', 'add_week_of_year=True,', 'add_day_of_year=True,', 'add_year_boundaries=True,', 'day_of_year_sin', 'day_of_year_cos', 'iso_year', '""year"",', '""day_of_year"",', '""week_of_year"",', '""day_of_year_sin"",', '""day_of_year_cos"",', 'dataframe[""year""] = (', 'timestamp.dt.year.astype(', 'dataframe[""day_of_year""] = (', 'timestamp.dt.dayofyear.astype(', 'dataframe[""week_of_year""] = (', '# Day of year', '# We use 365/366 dynamically so leap years are', 'days_in_year = np.where(', 'timestamp.dt.is_leap_year,', 'day_of_year_angle = (', '/ days_in_year', '""day_of_year_sin""', 'day_of_year_angle', '""day_of_year_cos""']","[""day_of_year"", ""week_of_year""]",False,False,False,False,False,False,False,False,False,False,False,False,UNKNOWN,SOURCE_REFERENCE_ONLY,REQUIRES_CAUSAL_REVIEW,"[""Source reference exists, but static analysis does not prove the timestamp cutoff.""]"
